Epoch,Episodio,Paso,StateIdx,Accion,NextStateIdx,Reward,Done,Epsilon,LLM_Fallback
1,1,1,0,0,0,0.0,False,1.0,False
1,1,2,0,3,0,0.0,False,0.999981,False
1,1,3,0,2,1,0.0,False,0.999962,False
1,1,4,1,2,2,0.0,False,0.999943,False
1,1,5,2,3,2,0.0,False,0.999924,False
1,1,6,2,3,2,0.0,False,0.999905,False
1,1,7,2,1,6,0.0,False,0.999886,False
1,1,8,6,3,2,0.0,False,0.999867,False
1,1,9,2,1,6,0.0,False,0.999848,False
1,1,10,6,3,2,0.0,False,0.999829,False
1,1,11,2,3,2,0.0,False,0.99981,False
1,1,12,2,0,1,0.0,False,0.999791,False
1,1,13,1,0,0,0.0,False,0.999772,False
1,1,14,0,2,1,0.0,False,0.999753,False
1,1,15,1,3,1,0.0,False,0.999734,False
1,1,16,1,2,2,0.0,False,0.999715,False
1,1,17,2,2,3,0.0,False,0.999696,False
1,1,18,3,3,3,0.0,False,0.999677,False
1,1,19,3,3,3,0.0,False,0.999658,False
1,1,20,3,0,2,0.0,False,0.999639,False
1,1,21,2,0,1,0.0,False,0.99962,False
1,1,22,1,1,5,0.0,True,0.999601,False
1,2,1,0,3,0,0.0,False,0.999582,False
1,2,2,0,1,4,0.0,False,0.999563,False
1,2,3,4,0,4,0.0,False,0.999544,False
1,2,4,4,3,0,0.0,False,0.999525,False
1,2,5,0,2,1,0.0,False,0.999506,False
1,2,6,1,3,1,0.0,False,0.999487,False
1,2,7,1,1,5,0.0,True,0.999468,False
1,3,1,0,1,4,0.0,False,0.999449,False
1,3,2,4,1,8,0.0,True,0.99943,False
1,4,1,0,1,4,0.0,False,0.999411,False
1,4,2,4,1,8,0.0,False,0.999392,False
1,4,3,8,1,12,0.0,True,0.999373,False
1,5,1,0,1,4,0.0,False,0.999354,False
1,5,2,4,3,0,0.0,False,0.999335,False
1,5,3,0,3,0,0.0,False,0.999316,False
1,5,4,0,1,4,0.0,False,0.999297,False
1,5,5,4,0,4,0.0,False,0.999278,False
1,5,6,4,0,4,0.0,False,0.999259,False
1,5,7,4,1,8,0.0,False,0.99924,False
1,5,8,8,3,4,0.0,False,0.999221,False
1,5,9,4,3,0,0.0,False,0.999202,False
1,5,10,0,0,0,0.0,False,0.999183,False
1,5,11,0,2,1,0.0,False,0.999164,False
1,5,12,1,0,0,0.0,False,0.999145,False
1,5,13,0,3,0,0.0,False,0.999126,False
1,5,14,0,3,0,0.0,False,0.999107,False
1,5,15,0,2,1,0.0,False,0.999088,False
1,5,16,1,3,1,0.0,False,0.999069,False
1,5,17,1,0,0,0.0,False,0.99905,False
1,5,18,0,1,4,0.0,False,0.999031,False
1,5,19,4,0,4,0.0,False,0.999012,False
1,5,20,4,0,4,0.0,False,0.998993,False
1,5,21,4,1,8,0.0,False,0.998974,False
1,5,22,8,2,9,0.0,False,0.998955,False
1,5,23,9,3,5,0.0,False,0.998936,False
1,5,24,5,3,1,0.0,False,0.998917,False
1,5,25,1,2,2,0.0,False,0.998898,False
1,5,26,2,2,3,0.0,False,0.998879,False
1,5,27,3,1,7,0.0,False,0.99886,False
1,5,28,7,0,6,0.0,False,0.998841,False
1,5,29,6,2,7,0.0,False,0.998822,False
1,5,30,7,2,7,0.0,False,0.998803,False
1,5,31,7,2,7,0.0,False,0.998784,False
1,5,32,7,3,3,0.0,False,0.998765,False
1,5,33,3,2,3,0.0,False,0.998746,False
1,5,34,3,0,2,0.0,False,0.998727,False
1,5,35,2,3,2,0.0,False,0.998708,False
1,5,36,2,0,1,0.0,False,0.998689,False
1,5,37,1,0,0,0.0,False,0.99867,False
1,5,38,0,0,0,0.0,False,0.998651,False
1,5,39,0,3,0,0.0,False,0.998632,False
1,5,40,0,2,1,0.0,False,0.998613,False
1,5,41,1,1,5,0.0,False,0.998594,False
1,5,42,5,1,9,0.0,False,0.998575,False
1,5,43,9,1,13,0.0,False,0.998556,False
1,5,44,13,3,9,0.0,False,0.998537,False
1,5,45,9,1,13,0.0,False,0.998518,False
1,5,46,13,3,9,0.0,False,0.998499,False
1,5,47,9,3,5,0.0,False,0.99848,False
1,5,48,5,1,9,0.0,False,0.998461,False
1,5,49,9,0,8,0.0,False,0.998442,False
1,5,50,8,0,8,0.0,False,0.998423,False
1,6,1,0,0,0,0.0,False,0.998404,False
1,6,2,0,1,4,0.0,False,0.998385,False
1,6,3,4,0,4,0.0,False,0.998366,False
1,6,4,4,0,4,0.0,False,0.998347,False
1,6,5,4,3,0,0.0,False,0.998328,False
1,6,6,0,2,1,0.0,False,0.998309,False
1,6,7,1,3,1,0.0,False,0.99829,False
1,6,8,1,3,1,0.0,False,0.998271,False
1,6,9,1,0,0,0.0,False,0.998252,False
1,6,10,0,3,0,0.0,False,0.998233,False
1,6,11,0,1,4,0.0,False,0.998214,False
1,6,12,4,0,4,0.0,False,0.998195,False
1,6,13,4,0,4,0.0,False,0.998176,False
1,6,14,4,1,8,0.0,False,0.998157,False
1,6,15,8,1,12,0.0,False,0.998138,False
1,6,16,12,3,8,0.0,False,0.998119,False
1,6,17,8,2,9,0.0,True,0.9981,False
1,7,1,0,0,0,0.0,False,0.998081,False
1,7,2,0,3,0,0.0,False,0.998062,False
1,7,3,0,2,1,0.0,False,0.998043,False
1,7,4,1,2,2,0.0,False,0.998024,False
1,7,5,2,0,1,0.0,False,0.998005,False
1,7,6,1,3,1,0.0,False,0.997986,False
1,7,7,1,1,5,0.0,True,0.997967,False
1,8,1,0,2,1,0.0,False,0.997948,False
1,8,2,1,3,1,0.0,False,0.997929,False
1,8,3,1,3,1,0.0,False,0.99791,False
1,8,4,1,3,1,0.0,False,0.997891,False
1,8,5,1,3,1,0.0,False,0.997872,False
1,8,6,1,3,1,0.0,False,0.997853,False
1,8,7,1,2,2,0.0,False,0.997834,False
1,8,8,2,3,2,0.0,False,0.997815,False
1,8,9,2,3,2,0.0,False,0.997796,False
1,8,10,2,3,2,0.0,False,0.997777,False
1,8,11,2,1,6,0.0,False,0.997758,False
1,8,12,6,2,7,0.0,False,0.997739,False
1,8,13,7,0,6,0.0,False,0.99772,False
1,8,14,6,2,7,0.0,False,0.997701,False
1,8,15,7,2,7,0.0,False,0.997682,False
1,8,16,7,3,3,0.0,False,0.997663,False
1,8,17,3,0,2,0.0,False,0.997644,False
1,8,18,2,0,1,0.0,False,0.997625,False
1,8,19,1,3,1,0.0,False,0.997606,False
1,8,20,1,0,0,0.0,False,0.997587,False
1,8,21,0,2,1,0.0,False,0.997568,False
1,8,22,1,0,0,0.0,False,0.997549,False
1,8,23,0,3,0,0.0,False,0.99753,False
1,8,24,0,3,0,0.0,False,0.997511,False
1,8,25,0,3,0,0.0,False,0.997492,False
1,8,26,0,3,0,0.0,False,0.997473,False
1,8,27,0,3,0,0.0,False,0.997454,False
1,8,28,0,3,0,0.0,False,0.997435,False
1,8,29,0,2,1,0.0,False,0.997416,False
1,8,30,1,0,0,0.0,False,0.997397,False
1,8,31,0,0,0,0.0,False,0.997378,False
1,8,32,0,1,4,0.0,False,0.997359,False
1,8,33,4,1,8,0.0,False,0.99734,False
1,8,34,8,0,8,0.0,False,0.997321,False
1,8,35,8,0,8,0.0,False,0.997302,False
1,8,36,8,1,12,0.0,True,0.997283,False
1,9,1,0,3,0,0.0,False,0.997264,False
1,9,2,0,3,0,0.0,False,0.997245,False
1,9,3,0,0,0,0.0,False,0.997226,False
1,9,4,0,3,0,0.0,False,0.997207,False
1,9,5,0,2,1,0.0,False,0.997188,False
1,9,6,1,1,5,0.0,True,0.997169,False
1,10,1,0,1,4,0.0,False,0.99715,False
1,10,2,4,2,5,0.0,False,0.997131,False
1,10,3,5,2,6,0.0,False,0.997112,False
1,10,4,6,0,5,0.0,False,0.997093,False
1,10,5,5,3,1,0.0,False,0.997074,False
1,10,6,1,0,0,0.0,False,0.997055,False
1,10,7,0,0,0,0.0,False,0.997036,False
1,10,8,0,3,0,0.0,False,0.997017,False
1,10,9,0,0,0,0.0,False,0.996998,False
1,10,10,0,3,0,0.0,False,0.996979,False
1,10,11,0,0,0,0.0,False,0.99696,False
1,10,12,0,1,4,0.0,False,0.996941,False
1,10,13,4,0,4,0.0,False,0.996922,False
1,10,14,4,0,4,0.0,False,0.996903,False
1,10,15,4,0,4,0.0,False,0.996884,False
1,10,16,4,3,0,0.0,False,0.996865,False
1,10,17,0,2,1,0.0,False,0.996846,False
1,10,18,1,3,1,0.0,False,0.996827,False
1,10,19,1,3,1,0.0,False,0.996808,False
1,10,20,1,1,5,0.0,False,0.996789,False
1,10,21,5,2,6,0.0,False,0.99677,False
1,10,22,6,2,7,0.0,False,0.996751,False
1,10,23,7,3,3,0.0,False,0.996732,False
1,10,24,3,2,3,0.0,False,0.996713,False
1,10,25,3,1,7,0.0,False,0.996694,False
1,10,26,7,1,11,0.0,False,0.996675,False
1,10,27,11,0,10,0.0,False,0.996656,False
1,10,28,10,0,9,0.0,False,0.996637,False
1,10,29,9,3,5,0.0,False,0.996618,False
1,10,30,5,1,9,0.0,False,0.996599,False
1,10,31,9,2,10,0.0,False,0.99658,False
1,10,32,10,3,6,0.0,False,0.996561,False
1,10,33,6,1,10,0.0,False,0.996542,False
1,10,34,10,3,6,0.0,False,0.996523,False
1,10,35,6,0,5,0.0,False,0.996504,False
1,10,36,5,1,9,0.0,False,0.996485,False
1,10,37,9,3,5,0.0,False,0.996466,False
1,10,38,5,2,6,0.0,False,0.996447,False
1,10,39,6,1,10,0.0,False,0.996428,False
1,10,40,10,2,11,0.0,False,0.996409,False
1,10,41,11,0,10,0.0,False,0.99639,False
1,10,42,10,1,14,0.0,False,0.996371,False
1,10,43,14,1,14,0.0,False,0.996352,False
1,10,44,14,0,13,0.0,False,0.996333,False
1,10,45,13,1,13,0.0,False,0.996314,False
1,10,46,13,2,14,0.0,False,0.996295,False
1,10,47,14,0,13,0.0,False,0.996276,False
1,10,48,13,3,9,0.0,False,0.996257,False
1,10,49,9,0,8,0.0,False,0.996238,False
1,10,50,8,1,12,0.0,False,0.996219,False
1,11,1,0,3,0,0.0,False,0.9962,False
1,11,2,0,2,1,0.0,False,0.996181,False
1,11,3,1,3,1,0.0,False,0.996162,False
1,11,4,1,1,5,0.0,False,0.996143,False
1,11,5,5,1,9,0.0,False,0.996124,False
1,11,6,9,3,5,0.0,False,0.996105,False
1,11,7,5,3,1,0.0,False,0.996086,False
1,11,8,1,1,5,0.0,False,0.996067,False
1,11,9,5,0,4,0.0,False,0.996048,False
1,11,10,4,2,5,0.0,False,0.996029,False
1,11,11,5,0,4,0.0,False,0.99601,False
1,11,12,4,1,8,0.0,False,0.995991,False
1,11,13,8,1,12,0.0,True,0.995972,False
1,12,1,0,1,4,0.0,False,0.995953,False
1,12,2,4,3,0,0.0,False,0.995934,False
1,12,3,0,0,0,0.0,False,0.995915,False
1,12,4,0,2,1,0.0,False,0.995896,False
1,12,5,1,0,0,0.0,False,0.995877,False
1,12,6,0,2,1,0.0,False,0.995858,False
1,12,7,1,1,5,0.0,False,0.995839,False
1,12,8,5,0,4,0.0,False,0.99582,False
1,12,9,4,0,4,0.0,False,0.995801,False
1,12,10,4,0,4,0.0,False,0.995782,False
1,12,11,4,1,8,0.0,True,0.995763,False
1,13,1,0,3,0,0.0,False,0.995744,False
1,13,2,0,3,0,0.0,False,0.995725,False
1,13,3,0,3,0,0.0,False,0.995706,False
1,13,4,0,3,0,0.0,False,0.995687,False
1,13,5,0,1,4,0.0,True,0.995668,False
1,14,1,0,1,4,0.0,False,0.995649,False
1,14,2,4,0,4,0.0,False,0.99563,False
1,14,3,4,3,0,0.0,False,0.995611,False
1,14,4,0,1,4,0.0,False,0.995592,False
1,14,5,4,3,0,0.0,False,0.995573,False
1,14,6,0,0,0,0.0,False,0.995554,False
1,14,7,0,3,0,0.0,False,0.995535,False
1,14,8,0,2,1,0.0,True,0.995516,False
1,15,1,0,3,0,0.0,False,0.995497,False
1,15,2,0,2,1,0.0,False,0.995478,False
1,15,3,1,3,1,0.0,False,0.995459,False
1,15,4,1,3,1,0.0,False,0.99544,False
1,15,5,1,0,0,0.0,False,0.995421,False
1,15,6,0,0,0,0.0,False,0.995402,False
1,15,7,0,0,0,0.0,False,0.995383,False
1,15,8,0,1,4,0.0,False,0.995364,False
1,15,9,4,0,4,0.0,False,0.995345,False
1,15,10,4,2,5,0.0,False,0.995326,False
1,15,11,5,0,4,0.0,False,0.995307,False
1,15,12,4,2,5,0.0,False,0.995288,False
1,15,13,5,1,9,0.0,False,0.995269,False
1,15,14,9,1,13,0.0,True,0.99525,False
1,16,1,0,1,4,0.0,False,0.995231,False
1,16,2,4,0,4,0.0,False,0.995212,False
1,16,3,4,1,8,0.0,False,0.995193,False
1,16,4,8,0,8,0.0,False,0.995174,False
1,16,5,8,3,4,0.0,False,0.995155,False
1,16,6,4,0,4,0.0,False,0.995136,False
1,16,7,4,3,0,0.0,False,0.995117,False
1,16,8,0,0,0,0.0,False,0.995098,False
1,16,9,0,2,1,0.0,False,0.995079,False
1,16,10,1,3,1,0.0,False,0.9950600000000001,False
1,16,11,1,0,0,0.0,False,0.995041,False
1,16,12,0,3,0,0.0,False,0.995022,False
1,16,13,0,3,0,0.0,False,0.995003,False
1,16,14,0,0,0,0.0,False,0.994984,False
1,16,15,0,2,1,0.0,False,0.994965,False
1,16,16,1,0,0,0.0,False,0.994946,False
1,16,17,0,0,0,0.0,False,0.994927,False
1,16,18,0,3,0,0.0,False,0.994908,False
1,16,19,0,0,0,0.0,False,0.994889,False
1,16,20,0,0,0,0.0,False,0.99487,False
1,16,21,0,0,0,0.0,False,0.994851,False
1,16,22,0,3,0,0.0,False,0.994832,False
1,16,23,0,3,0,0.0,False,0.994813,False
1,16,24,0,3,0,0.0,False,0.994794,False
1,16,25,0,1,4,0.0,False,0.994775,False
1,16,26,4,0,4,0.0,False,0.994756,False
1,16,27,4,3,0,0.0,False,0.994737,False
1,16,28,0,2,1,0.0,False,0.994718,False
1,16,29,1,0,0,0.0,False,0.994699,False
1,16,30,0,0,0,0.0,False,0.99468,False
1,16,31,0,0,0,0.0,False,0.994661,False
1,16,32,0,2,1,0.0,False,0.994642,False
1,16,33,1,0,0,0.0,False,0.994623,False
1,16,34,0,2,1,0.0,False,0.994604,False
1,16,35,1,2,2,0.0,True,0.994585,False
1,17,1,0,2,1,0.0,True,0.994566,False
1,18,1,0,1,4,0.0,False,0.994547,False
1,18,2,4,0,4,0.0,False,0.994528,False
1,18,3,4,2,5,0.0,True,0.994509,False
1,19,1,0,3,0,0.0,False,0.99449,False
1,19,2,0,1,4,0.0,False,0.994471,False
1,19,3,4,1,8,0.0,False,0.994452,False
1,19,4,8,0,8,0.0,False,0.994433,False
1,19,5,8,3,4,0.0,False,0.994414,False
1,19,6,4,0,4,0.0,False,0.994395,False
1,19,7,4,0,4,0.0,False,0.994376,False
1,19,8,4,0,4,0.0,False,0.994357,False
1,19,9,4,3,0,0.0,False,0.994338,False
1,19,10,0,2,1,0.0,True,0.994319,False
1,20,1,0,3,0,0.0,False,0.9943,False
1,20,2,0,2,1,0.0,False,0.994281,False
1,20,3,1,2,2,0.0,False,0.994262,False
1,20,4,2,2,3,0.0,False,0.994243,False
1,20,5,3,1,7,0.0,False,0.994224,False
1,20,6,7,1,11,0.0,False,0.994205,False
1,20,7,11,3,7,0.0,False,0.994186,False
1,20,8,7,0,6,0.0,False,0.994167,False
1,20,9,6,2,7,0.0,False,0.994148,False
1,20,10,7,1,11,0.0,False,0.994129,False
1,20,11,11,3,7,0.0,False,0.99411,False
1,20,12,7,3,3,0.0,False,0.994091,False
1,20,13,3,0,2,0.0,False,0.994072,False
1,20,14,2,3,2,0.0,False,0.994053,False
1,20,15,2,0,1,0.0,False,0.994034,False
1,20,16,1,0,0,0.0,False,0.994015,False
1,20,17,0,0,0,0.0,False,0.993996,False
1,20,18,0,0,0,0.0,False,0.993977,False
1,20,19,0,2,1,0.0,False,0.993958,False
1,20,20,1,1,5,0.0,False,0.993939,False
1,20,21,5,0,4,0.0,False,0.99392,False
1,20,22,4,2,5,0.0,False,0.993901,False
1,20,23,5,0,4,0.0,False,0.993882,False
1,20,24,4,2,5,0.0,False,0.993863,False
1,20,25,5,0,4,0.0,False,0.993844,False
1,20,26,4,1,8,0.0,True,0.993825,False
1,21,1,0,3,0,0.0,False,0.993806,False
1,21,2,0,3,0,0.0,False,0.993787,False
1,21,3,0,3,0,0.0,False,0.993768,False
1,21,4,0,3,0,0.0,False,0.993749,False
1,21,5,0,1,4,0.0,False,0.99373,False
1,21,6,4,3,0,0.0,False,0.993711,False
1,21,7,0,0,0,0.0,False,0.993692,False
1,21,8,0,2,1,0.0,False,0.993673,False
1,21,9,1,0,0,0.0,False,0.993654,False
1,21,10,0,0,0,0.0,False,0.993635,False
1,21,11,0,3,0,0.0,False,0.993616,False
1,21,12,0,0,0,0.0,False,0.993597,False
1,21,13,0,0,0,0.0,False,0.993578,False
1,21,14,0,2,1,0.0,False,0.993559,False
1,21,15,1,2,2,0.0,False,0.99354,False
1,21,16,2,1,6,0.0,False,0.993521,False
1,21,17,6,1,10,0.0,False,0.993502,False
1,21,18,10,0,9,0.0,False,0.993483,False
1,21,19,9,0,8,0.0,True,0.993464,False
1,22,1,0,1,4,0.0,False,0.993445,False
1,22,2,4,0,4,0.0,False,0.993426,False
1,22,3,4,1,8,0.0,True,0.993407,False
1,23,1,0,1,4,0.0,False,0.993388,False
1,23,2,4,0,4,0.0,False,0.993369,False
1,23,3,4,1,8,0.0,False,0.99335,False
1,23,4,8,2,9,0.0,False,0.993331,False
1,23,5,9,3,5,0.0,False,0.993312,False
1,23,6,5,3,1,0.0,False,0.993293,False
1,23,7,1,2,2,0.0,False,0.993274,False
1,23,8,2,2,3,0.0,True,0.993255,False
1,24,1,0,0,0,0.0,False,0.993236,False
1,24,2,0,1,4,0.0,False,0.993217,False
1,24,3,4,0,4,0.0,False,0.993198,False
1,24,4,4,0,4,0.0,False,0.993179,False
1,24,5,4,2,5,0.0,False,0.99316,False
1,24,6,5,3,1,0.0,False,0.993141,False
1,24,7,1,0,0,0.0,False,0.993122,False
1,24,8,0,1,4,0.0,False,0.993103,False
1,24,9,4,3,0,0.0,False,0.993084,False
1,24,10,0,1,4,0.0,False,0.993065,False
1,24,11,4,1,8,0.0,True,0.993046,False
1,25,1,0,1,4,0.0,False,0.993027,False
1,25,2,4,1,8,0.0,False,0.993008,False
1,25,3,8,1,12,0.0,True,0.992989,False
1,26,1,0,0,0,0.0,False,0.99297,False
1,26,2,0,2,1,0.0,False,0.992951,False
1,26,3,1,2,2,0.0,False,0.992932,False
1,26,4,2,1,6,0.0,False,0.992913,False
1,26,5,6,2,7,0.0,False,0.992894,False
1,26,6,7,3,3,0.0,False,0.992875,False
1,26,7,3,1,7,0.0,False,0.992856,False
1,26,8,7,1,11,0.0,False,0.992837,False
1,26,9,11,2,11,0.0,False,0.992818,False
1,26,10,11,1,15,1.0,True,0.992799,False
1,27,1,0,1,4,0.0,False,0.99278,False
1,27,2,4,2,5,0.0,False,0.992761,False
1,27,3,5,2,6,0.0,False,0.992742,False
1,27,4,6,0,5,0.0,False,0.992723,False
1,27,5,5,3,1,0.0,True,0.992704,False
1,28,1,0,0,0,0.0,False,0.992685,False
1,28,2,0,3,0,0.0,False,0.992666,False
1,28,3,0,0,0,0.0,False,0.992647,False
1,28,4,0,0,0,0.0,False,0.992628,False
1,28,5,0,1,4,0.0,False,0.992609,False
1,28,6,4,3,0,0.0,False,0.99259,False
1,28,7,0,2,1,0.0,True,0.992571,False
1,29,1,0,2,1,0.0,False,0.992552,False
1,29,2,1,2,2,0.0,False,0.992533,False
1,29,3,2,3,2,0.0,False,0.992514,False
1,29,4,2,3,2,0.0,False,0.992495,False
1,29,5,2,2,3,0.0,False,0.992476,False
1,29,6,3,2,3,0.0,False,0.992457,False
1,29,7,3,1,7,0.0,False,0.992438,False
1,29,8,7,2,7,0.0,False,0.992419,False
1,29,9,7,0,6,0.0,False,0.9924,False
1,29,10,6,1,10,0.0,True,0.992381,False
1,30,1,0,0,0,0.0,False,0.992362,False
1,30,2,0,0,0,0.0,False,0.992343,False
1,30,3,0,1,4,0.0,True,0.992324,False
1,31,1,0,0,0,0.0,False,0.992305,False
1,31,2,0,0,0,0.0,False,0.992286,False
1,31,3,0,1,4,0.0,False,0.992267,False
1,31,4,4,0,4,0.0,False,0.992248,False
1,31,5,4,3,0,0.0,False,0.992229,False
1,31,6,0,2,1,0.0,False,0.99221,False
1,31,7,1,0,0,0.0,False,0.992191,False
1,31,8,0,0,0,0.0,False,0.992172,False
1,31,9,0,2,1,0.0,False,0.992153,False
1,31,10,1,2,2,0.0,False,0.992134,False
1,31,11,2,3,2,0.0,False,0.992115,False
1,31,12,2,1,6,0.0,False,0.992096,False
1,31,13,6,1,10,0.0,False,0.992077,False
1,31,14,10,0,9,0.0,False,0.992058,False
1,31,15,9,2,10,0.0,False,0.992039,False
1,31,16,10,2,11,0.0,False,0.99202,False
1,31,17,11,2,11,0.0,False,0.992001,False
1,31,18,11,2,11,0.0,False,0.991982,False
1,31,19,11,1,15,1.0,True,0.991963,False
1,32,1,0,2,1,0.0,False,0.991944,False
1,32,2,1,3,1,0.0,False,0.991925,False
1,32,3,1,0,0,0.0,False,0.991906,False
1,32,4,0,2,1,0.0,False,0.991887,False
1,32,5,1,2,2,0.0,False,0.991868,False
1,32,6,2,1,6,0.0,False,0.991849,False
1,32,7,6,0,5,0.0,False,0.99183,False
1,32,8,5,0,4,0.0,False,0.991811,False
1,32,9,4,2,5,0.0,False,0.991792,False
1,32,10,5,1,9,0.0,False,0.991773,False
1,32,11,9,2,10,0.0,False,0.991754,False
1,32,12,10,2,11,0.0,False,0.991735,False
1,32,13,11,0,10,0.0,False,0.991716,False
1,32,14,10,1,14,0.0,True,0.991697,False
1,33,1,0,1,4,0.0,False,0.991678,False
1,33,2,4,3,0,0.0,False,0.991659,False
1,33,3,0,3,0,0.0,False,0.99164,False
1,33,4,0,1,4,0.0,False,0.991621,False
1,33,5,4,0,4,0.0,False,0.991602,False
1,33,6,4,0,4,0.0,False,0.991583,False
1,33,7,4,2,5,0.0,False,0.991564,False
1,33,8,5,1,9,0.0,False,0.991545,False
1,33,9,9,1,13,0.0,False,0.991526,False
1,33,10,13,3,9,0.0,False,0.991507,False
1,33,11,9,2,10,0.0,False,0.991488,False
1,33,12,10,2,11,0.0,False,0.991469,False
1,33,13,11,3,7,0.0,False,0.99145,False
1,33,14,7,0,6,0.0,False,0.991431,False
1,33,15,6,3,2,0.0,False,0.991412,False
1,33,16,2,3,2,0.0,False,0.991393,False
1,33,17,2,1,6,0.0,False,0.991374,False
1,33,18,6,3,2,0.0,False,0.991355,False
1,33,19,2,1,6,0.0,False,0.991336,False
1,33,20,6,2,7,0.0,False,0.991317,False
1,33,21,7,1,11,0.0,False,0.991298,False
1,33,22,11,3,7,0.0,False,0.991279,False
1,33,23,7,1,11,0.0,False,0.99126,False
1,33,24,11,2,11,0.0,False,0.991241,False
1,33,25,11,3,7,0.0,False,0.991222,False
1,33,26,7,2,7,0.0,False,0.9912030000000001,False
1,33,27,7,1,11,0.0,False,0.991184,False
1,33,28,11,0,10,0.0,False,0.991165,False
1,33,29,10,2,11,0.0,False,0.991146,False
1,33,30,11,2,11,0.0,False,0.991127,False
1,33,31,11,1,15,1.0,True,0.991108,False
1,34,1,0,1,4,0.0,False,0.991089,False
1,34,2,4,1,8,0.0,False,0.99107,False
1,34,3,8,0,8,0.0,False,0.991051,False
1,34,4,8,3,4,0.0,False,0.991032,False
1,34,5,4,0,4,0.0,False,0.991013,False
1,34,6,4,0,4,0.0,False,0.990994,False
1,34,7,4,3,0,0.0,False,0.990975,False
1,34,8,0,2,1,0.0,False,0.990956,False
1,34,9,1,0,0,0.0,False,0.990937,False
1,34,10,0,3,0,0.0,False,0.990918,False
1,34,11,0,1,4,0.0,False,0.990899,False
1,34,12,4,2,5,0.0,False,0.99088,False
1,34,13,5,3,1,0.0,False,0.990861,False
1,34,14,1,0,0,0.0,False,0.990842,False
1,34,15,0,1,4,0.0,False,0.990823,False
1,34,16,4,0,4,0.0,False,0.990804,False
1,34,17,4,0,4,0.0,False,0.990785,False
1,34,18,4,3,0,0.0,False,0.990766,False
1,34,19,0,0,0,0.0,False,0.990747,False
1,34,20,0,2,1,0.0,False,0.990728,False
1,34,21,1,1,5,0.0,False,0.990709,False
1,34,22,5,0,4,0.0,False,0.99069,False
1,34,23,4,0,4,0.0,False,0.990671,False
1,34,24,4,3,0,0.0,False,0.990652,False
1,34,25,0,1,4,0.0,False,0.990633,False
1,34,26,4,0,4,0.0,False,0.990614,False
1,34,27,4,2,5,0.0,False,0.990595,False
1,34,28,5,0,4,0.0,False,0.990576,False
1,34,29,4,0,4,0.0,False,0.990557,False
1,34,30,4,1,8,0.0,False,0.990538,False
1,34,31,8,3,4,0.0,False,0.990519,False
1,34,32,4,2,5,0.0,False,0.9905,False
1,34,33,5,1,9,0.0,False,0.990481,False
1,34,34,9,2,10,0.0,False,0.990462,False
1,34,35,10,3,6,0.0,False,0.990443,False
1,34,36,6,2,7,0.0,False,0.990424,False
1,34,37,7,3,3,0.0,True,0.990405,False
1,35,1,0,2,1,0.0,False,0.990386,False
1,35,2,1,1,5,0.0,False,0.990367,False
1,35,3,5,0,4,0.0,True,0.990348,False
1,36,1,0,2,1,0.0,False,0.990329,False
1,36,2,1,3,1,0.0,False,0.99031,False
1,36,3,1,1,5,0.0,False,0.990291,False
1,36,4,5,1,9,0.0,False,0.990272,False
1,36,5,9,1,13,0.0,False,0.990253,False
1,36,6,13,2,14,0.0,False,0.990234,False
1,36,7,14,3,10,0.0,True,0.990215,False
1,37,1,0,2,1,0.0,False,0.990196,False
1,37,2,1,0,0,0.0,False,0.990177,False
1,37,3,0,3,0,0.0,False,0.990158,False
1,37,4,0,1,4,0.0,False,0.990139,False
1,37,5,4,2,5,0.0,False,0.99012,False
1,37,6,5,3,1,0.0,False,0.990101,False
1,37,7,1,2,2,0.0,False,0.990082,False
1,37,8,2,2,3,0.0,True,0.990063,False
1,38,1,0,3,0,0.0,False,0.990044,False
1,38,2,0,3,0,0.0,False,0.990025,False
1,38,3,0,1,4,0.0,True,0.990006,False
1,39,1,0,3,0,0.0,False,0.989987,False
1,39,2,0,3,0,0.0,False,0.989968,False
1,39,3,0,0,0,0.0,False,0.989949,False
1,39,4,0,3,0,0.0,False,0.98993,False
1,39,5,0,3,0,0.0,False,0.989911,False
1,39,6,0,3,0,0.0,False,0.989892,False
1,39,7,0,3,0,0.0,False,0.989873,False
1,39,8,0,2,1,0.0,False,0.989854,False
1,39,9,1,3,1,0.0,False,0.989835,False
1,39,10,1,0,0,0.0,False,0.989816,False
1,39,11,0,0,0,0.0,False,0.989797,False
1,39,12,0,0,0,0.0,False,0.989778,False
1,39,13,0,2,1,0.0,False,0.989759,False
1,39,14,1,0,0,0.0,False,0.98974,False
1,39,15,0,1,4,0.0,False,0.989721,False
1,39,16,4,2,5,0.0,False,0.989702,False
1,39,17,5,2,6,0.0,False,0.989683,False
1,39,18,6,2,7,0.0,True,0.989664,False
1,40,1,0,0,0,0.0,False,0.989645,False
1,40,2,0,0,0,0.0,False,0.989626,False
1,40,3,0,3,0,0.0,False,0.989607,False
1,40,4,0,1,4,0.0,False,0.989588,False
1,40,5,4,2,5,0.0,False,0.989569,False
1,40,6,5,1,9,0.0,False,0.98955,False
1,40,7,9,1,13,0.0,False,0.989531,False
1,40,8,13,2,14,0.0,True,0.989512,False
1,41,1,0,0,0,0.0,False,0.989493,False
1,41,2,0,2,1,0.0,True,0.989474,False
1,42,1,0,2,1,0.0,False,0.989455,False
1,42,2,1,0,0,0.0,False,0.989436,False
1,42,3,0,1,4,0.0,False,0.989417,False
1,42,4,4,0,4,0.0,False,0.989398,False
1,42,5,4,2,5,0.0,False,0.989379,False
1,42,6,5,1,9,0.0,False,0.98936,False
1,42,7,9,0,8,0.0,False,0.989341,False
1,42,8,8,0,8,0.0,False,0.989322,False
1,42,9,8,0,8,0.0,False,0.989303,False
1,42,10,8,1,12,0.0,False,0.989284,False
1,42,11,12,0,12,0.0,False,0.989265,False
1,42,12,12,2,13,0.0,False,0.989246,False
1,42,13,13,0,12,0.0,False,0.989227,False
1,42,14,12,2,13,0.0,False,0.989208,False
1,42,15,13,2,14,0.0,False,0.989189,False
1,42,16,14,1,14,0.0,False,0.98917,False
1,42,17,14,0,13,0.0,False,0.989151,False
1,42,18,13,3,9,0.0,False,0.989132,False
1,42,19,9,1,13,0.0,False,0.989113,False
1,42,20,13,2,14,0.0,False,0.989094,False
1,42,21,14,1,14,0.0,False,0.989075,False
1,42,22,14,0,13,0.0,False,0.989056,False
1,42,23,13,1,13,0.0,False,0.989037,False
1,42,24,13,3,9,0.0,False,0.989018,False
1,42,25,9,0,8,0.0,False,0.988999,False
1,42,26,8,2,9,0.0,False,0.98898,False
1,42,27,9,1,13,0.0,False,0.988961,False
1,42,28,13,1,13,0.0,False,0.988942,False
1,42,29,13,2,14,0.0,False,0.988923,False
1,42,30,14,3,10,0.0,False,0.988904,False
1,42,31,10,0,9,0.0,False,0.988885,False
1,42,32,9,0,8,0.0,False,0.988866,False
1,42,33,8,3,4,0.0,False,0.988847,False
1,42,34,4,2,5,0.0,False,0.988828,False
1,42,35,5,1,9,0.0,False,0.988809,False
1,42,36,9,0,8,0.0,False,0.98879,False
1,42,37,8,0,8,0.0,False,0.988771,False
1,42,38,8,3,4,0.0,False,0.988752,False
1,42,39,4,3,0,0.0,False,0.988733,False
1,42,40,0,0,0,0.0,False,0.988714,False
1,42,41,0,1,4,0.0,False,0.988695,False
1,42,42,4,3,0,0.0,False,0.988676,False
1,42,43,0,1,4,0.0,False,0.988657,False
1,42,44,4,2,5,0.0,False,0.988638,False
1,42,45,5,1,9,0.0,False,0.988619,False
1,42,46,9,2,10,0.0,False,0.9886,False
1,42,47,10,0,9,0.0,False,0.988581,False
1,42,48,9,0,8,0.0,False,0.988562,False
1,42,49,8,0,8,0.0,False,0.988543,False
1,42,50,8,1,12,0.0,False,0.988524,False
1,43,1,0,0,0,0.0,False,0.988505,False
1,43,2,0,1,4,0.0,False,0.988486,False
1,43,3,4,2,5,0.0,False,0.988467,False
1,43,4,5,3,1,0.0,False,0.988448,False
1,43,5,1,0,0,0.0,False,0.988429,False
1,43,6,0,1,4,0.0,False,0.98841,False
1,43,7,4,0,4,0.0,False,0.988391,False
1,43,8,4,3,0,0.0,False,0.988372,False
1,43,9,0,3,0,0.0,False,0.988353,False
1,43,10,0,1,4,0.0,False,0.988334,False
1,43,11,4,2,5,0.0,False,0.988315,False
1,43,12,5,3,1,0.0,False,0.988296,False
1,43,13,1,1,5,0.0,False,0.988277,False
1,43,14,5,1,9,0.0,False,0.988258,False
1,43,15,9,1,13,0.0,False,0.988239,False
1,43,16,13,2,14,0.0,True,0.98822,False
1,44,1,0,1,4,0.0,False,0.988201,False
1,44,2,4,3,0,0.0,False,0.988182,False
1,44,3,0,0,0,0.0,False,0.988163,False
1,44,4,0,2,1,0.0,False,0.988144,False
1,44,5,1,1,5,0.0,False,0.988125,False
1,44,6,5,0,4,0.0,False,0.988106,False
1,44,7,4,0,4,0.0,False,0.988087,False
1,44,8,4,0,4,0.0,False,0.988068,False
1,44,9,4,1,8,0.0,True,0.988049,False
1,45,1,0,2,1,0.0,True,0.98803,False
1,46,1,0,1,4,0.0,False,0.988011,False
1,46,2,4,0,4,0.0,False,0.987992,False
1,46,3,4,2,5,0.0,False,0.987973,False
1,46,4,5,3,1,0.0,False,0.987954,False
1,46,5,1,0,0,0.0,False,0.987935,False
1,46,6,0,0,0,0.0,False,0.987916,False
1,46,7,0,0,0,0.0,False,0.987897,False
1,46,8,0,1,4,0.0,False,0.987878,False
1,46,9,4,1,8,0.0,False,0.987859,False
1,46,10,8,2,9,0.0,False,0.98784,False
1,46,11,9,0,8,0.0,False,0.987821,False
1,46,12,8,1,12,0.0,False,0.987802,False
1,46,13,12,2,13,0.0,False,0.987783,False
1,46,14,13,3,9,0.0,False,0.987764,False
1,46,15,9,2,10,0.0,False,0.987745,False
1,46,16,10,2,11,0.0,False,0.987726,False
1,46,17,11,2,11,0.0,False,0.987707,False
1,46,18,11,1,15,1.0,True,0.987688,False
1,47,1,0,3,0,0.0,False,0.987669,False
1,47,2,0,3,0,0.0,False,0.98765,False
1,47,3,0,2,1,0.0,True,0.987631,False
1,48,1,0,2,1,0.0,False,0.987612,False
1,48,2,1,2,2,0.0,False,0.987593,False
1,48,3,2,1,6,0.0,False,0.987574,False
1,48,4,6,1,10,0.0,False,0.987555,False
1,48,5,10,0,9,0.0,False,0.987536,False
1,48,6,9,0,8,0.0,False,0.987517,False
1,48,7,8,2,9,0.0,False,0.987498,False
1,48,8,9,0,8,0.0,False,0.987479,False
1,48,9,8,2,9,0.0,False,0.98746,False
1,48,10,9,3,5,0.0,False,0.987441,False
1,48,11,5,1,9,0.0,False,0.987422,False
1,48,12,9,3,5,0.0,False,0.987403,False
1,48,13,5,3,1,0.0,False,0.987384,False
1,48,14,1,0,0,0.0,False,0.987365,False
1,48,15,0,1,4,0.0,False,0.987346,False
1,48,16,4,0,4,0.0,False,0.987327,False
1,48,17,4,1,8,0.0,False,0.987308,False
1,48,18,8,2,9,0.0,False,0.987289,False
1,48,19,9,0,8,0.0,False,0.98727,False
1,48,20,8,0,8,0.0,False,0.987251,False
1,48,21,8,1,12,0.0,True,0.987232,False
1,49,1,0,1,4,0.0,False,0.987213,False
1,49,2,4,2,5,0.0,False,0.987194,False
1,49,3,5,0,4,0.0,False,0.987175,False
1,49,4,4,2,5,0.0,False,0.987156,False
1,49,5,5,3,1,0.0,False,0.987137,False
1,49,6,1,2,2,0.0,False,0.987118,False
1,49,7,2,1,6,0.0,False,0.987099,False
1,49,8,6,1,10,0.0,False,0.98708,False
1,49,9,10,2,11,0.0,False,0.987061,False
1,49,10,11,3,7,0.0,False,0.987042,False
1,49,11,7,2,7,0.0,False,0.987023,False
1,49,12,7,1,11,0.0,False,0.987004,False
1,49,13,11,3,7,0.0,False,0.986985,False
1,49,14,7,1,11,0.0,False,0.986966,False
1,49,15,11,2,11,0.0,False,0.986947,False
1,49,16,11,2,11,0.0,False,0.986928,False
1,49,17,11,3,7,0.0,False,0.986909,False
1,49,18,7,1,11,0.0,False,0.98689,False
1,49,19,11,2,11,0.0,False,0.986871,False
1,49,20,11,2,11,0.0,False,0.986852,False
1,49,21,11,2,11,0.0,False,0.986833,False
1,49,22,11,0,10,0.0,False,0.986814,False
1,49,23,10,1,14,0.0,False,0.986795,False
1,49,24,14,1,14,0.0,False,0.986776,False
1,49,25,14,0,13,0.0,False,0.986757,False
1,49,26,13,1,13,0.0,False,0.986738,False
1,49,27,13,2,14,0.0,False,0.986719,False
1,49,28,14,1,14,0.0,False,0.9867,False
1,49,29,14,0,13,0.0,False,0.986681,False
1,49,30,13,3,9,0.0,False,0.986662,False
1,49,31,9,2,10,0.0,False,0.986643,False
1,49,32,10,0,9,0.0,False,0.986624,False
1,49,33,9,1,13,0.0,False,0.986605,False
1,49,34,13,1,13,0.0,False,0.986586,False
1,49,35,13,0,12,0.0,False,0.986567,False
1,49,36,12,3,8,0.0,False,0.986548,False
1,49,37,8,1,12,0.0,False,0.986529,False
1,49,38,12,2,13,0.0,False,0.98651,False
1,49,39,13,0,12,0.0,False,0.986491,False
1,49,40,12,0,12,0.0,False,0.986472,False
1,49,41,12,1,12,0.0,False,0.986453,False
1,49,42,12,1,12,0.0,False,0.986434,False
1,49,43,12,1,12,0.0,False,0.986415,False
1,49,44,12,3,8,0.0,False,0.986396,False
1,49,45,8,1,12,0.0,False,0.986377,False
1,49,46,12,2,13,0.0,False,0.986358,False
1,49,47,13,3,9,0.0,False,0.986339,False
1,49,48,9,2,10,0.0,False,0.98632,False
1,49,49,10,0,9,0.0,False,0.986301,False
1,49,50,9,3,5,0.0,False,0.986282,False
1,50,1,0,3,0,0.0,False,0.986263,False
1,50,2,0,3,0,0.0,False,0.986244,False
1,50,3,0,0,0,0.0,False,0.986225,False
1,50,4,0,0,0,0.0,False,0.986206,False
1,50,5,0,3,0,0.0,False,0.986187,False
1,50,6,0,3,0,0.0,False,0.986168,False
1,50,7,0,1,4,0.0,False,0.986149,False
1,50,8,4,0,4,0.0,False,0.98613,False
1,50,9,4,2,5,0.0,True,0.986111,False
1,51,1,0,1,4,0.0,False,0.986092,False
1,51,2,4,1,8,0.0,False,0.986073,False
1,51,3,8,1,12,0.0,True,0.986054,False
1,52,1,0,1,4,0.0,False,0.986035,False
1,52,2,4,0,4,0.0,False,0.986016,False
1,52,3,4,3,0,0.0,False,0.985997,False
1,52,4,0,0,0,0.0,False,0.985978,False
1,52,5,0,1,4,0.0,False,0.985959,False
1,52,6,4,1,8,0.0,False,0.98594,False
1,52,7,8,3,4,0.0,False,0.985921,False
1,52,8,4,2,5,0.0,False,0.9859020000000001,False
1,52,9,5,3,1,0.0,False,0.985883,False
1,52,10,1,0,0,0.0,False,0.985864,False
1,52,11,0,1,4,0.0,False,0.985845,False
1,52,12,4,2,5,0.0,False,0.985826,False
1,52,13,5,2,6,0.0,True,0.985807,False
1,53,1,0,0,0,0.0,False,0.985788,False
1,53,2,0,0,0,0.0,False,0.985769,False
1,53,3,0,1,4,0.0,False,0.98575,False
1,53,4,4,3,0,0.0,False,0.985731,False
1,53,5,0,2,1,0.0,False,0.985712,False
1,53,6,1,3,1,0.0,False,0.985693,False
1,53,7,1,1,5,0.0,False,0.985674,False
1,53,8,5,0,4,0.0,False,0.985655,False
1,53,9,4,1,8,0.0,False,0.985636,False
1,53,10,8,3,4,0.0,False,0.985617,False
1,53,11,4,3,0,0.0,False,0.985598,False
1,53,12,0,0,0,0.0,False,0.985579,False
1,53,13,0,0,0,0.0,False,0.98556,False
1,53,14,0,0,0,0.0,False,0.985541,False
1,53,15,0,2,1,0.0,False,0.985522,False
1,53,16,1,1,5,0.0,False,0.985503,False
1,53,17,5,0,4,0.0,False,0.985484,False
1,53,18,4,1,8,0.0,False,0.985465,False
1,53,19,8,3,4,0.0,False,0.985446,False
1,53,20,4,0,4,0.0,False,0.985427,False
1,53,21,4,3,0,0.0,False,0.985408,False
1,53,22,0,2,1,0.0,False,0.985389,False
1,53,23,1,0,0,0.0,False,0.98537,False
1,53,24,0,2,1,0.0,False,0.985351,False
1,53,25,1,3,1,0.0,False,0.985332,False
1,53,26,1,2,2,0.0,True,0.985313,False
1,54,1,0,0,0,0.0,False,0.985294,False
1,54,2,0,2,1,0.0,False,0.985275,False
1,54,3,1,3,1,0.0,False,0.985256,False
1,54,4,1,1,5,0.0,False,0.985237,False
1,54,5,5,1,9,0.0,True,0.985218,False
1,55,1,0,1,4,0.0,False,0.985199,False
1,55,2,4,3,0,0.0,False,0.9851800000000001,False
1,55,3,0,3,0,0.0,False,0.985161,False
1,55,4,0,2,1,0.0,False,0.985142,False
1,55,5,1,0,0,0.0,False,0.985123,False
1,55,6,0,1,4,0.0,False,0.985104,False
1,55,7,4,3,0,0.0,False,0.985085,False
1,55,8,0,3,0,0.0,False,0.985066,False
1,55,9,0,1,4,0.0,False,0.985047,False
1,55,10,4,0,4,0.0,False,0.985028,False
1,55,11,4,2,5,0.0,True,0.985009,False
1,56,1,0,2,1,0.0,False,0.98499,False
1,56,2,1,0,0,0.0,False,0.984971,False
1,56,3,0,3,0,0.0,False,0.984952,False
1,56,4,0,1,4,0.0,False,0.984933,False
1,56,5,4,3,0,0.0,False,0.984914,False
1,56,6,0,1,4,0.0,False,0.984895,False
1,56,7,4,1,8,0.0,True,0.984876,False
1,57,1,0,1,4,0.0,False,0.984857,False
1,57,2,4,1,8,0.0,True,0.984838,False
1,58,1,0,3,0,0.0,False,0.984819,False
1,58,2,0,3,0,0.0,False,0.9848,False
1,58,3,0,2,1,0.0,False,0.984781,False
1,58,4,1,3,1,0.0,False,0.984762,False
1,58,5,1,2,2,0.0,False,0.984743,False
1,58,6,2,2,3,0.0,False,0.984724,False
1,58,7,3,2,3,0.0,False,0.984705,False
1,58,8,3,2,3,0.0,False,0.984686,False
1,58,9,3,1,7,0.0,False,0.984667,False
1,58,10,7,3,3,0.0,False,0.984648,False
1,58,11,3,0,2,0.0,False,0.984629,False
1,58,12,2,2,3,0.0,False,0.98461,False
1,58,13,3,0,2,0.0,False,0.984591,False
1,58,14,2,3,2,0.0,False,0.984572,False
1,58,15,2,1,6,0.0,False,0.984553,False
1,58,16,6,2,7,0.0,False,0.984534,False
1,58,17,7,0,6,0.0,False,0.984515,False
1,58,18,6,3,2,0.0,False,0.984496,False
1,58,19,2,0,1,0.0,False,0.984477,False
1,58,20,1,0,0,0.0,False,0.984458,False
1,58,21,0,1,4,0.0,False,0.984439,False
1,58,22,4,0,4,0.0,False,0.98442,False
1,58,23,4,0,4,0.0,False,0.984401,False
1,58,24,4,1,8,0.0,True,0.984382,False
1,59,1,0,0,0,0.0,False,0.984363,False
1,59,2,0,0,0,0.0,False,0.984344,False
1,59,3,0,3,0,0.0,False,0.984325,False
1,59,4,0,3,0,0.0,False,0.984306,False
1,59,5,0,3,0,0.0,False,0.984287,False
1,59,6,0,0,0,0.0,False,0.984268,False
1,59,7,0,0,0,0.0,False,0.984249,False
1,59,8,0,2,1,0.0,False,0.98423,False
1,59,9,1,3,1,0.0,False,0.984211,False
1,59,10,1,0,0,0.0,False,0.984192,False
1,59,11,0,0,0,0.0,False,0.984173,False
1,59,12,0,1,4,0.0,False,0.984154,False
1,59,13,4,1,8,0.0,True,0.984135,False
1,60,1,0,1,4,0.0,False,0.984116,False
1,60,2,4,0,4,0.0,False,0.984097,False
1,60,3,4,3,0,0.0,False,0.984078,False
1,60,4,0,1,4,0.0,False,0.984059,False
1,60,5,4,3,0,0.0,False,0.98404,False
1,60,6,0,1,4,0.0,False,0.984021,False
1,60,7,4,1,8,0.0,False,0.984002,False
1,60,8,8,2,9,0.0,False,0.983983,False
1,60,9,9,0,8,0.0,False,0.983964,False
1,60,10,8,0,8,0.0,False,0.983945,False
1,60,11,8,3,4,0.0,False,0.983926,False
1,60,12,4,2,5,0.0,False,0.983907,False
1,60,13,5,3,1,0.0,False,0.983888,False
1,60,14,1,0,0,0.0,False,0.983869,False
1,60,15,0,1,4,0.0,False,0.98385,False
1,60,16,4,2,5,0.0,False,0.983831,False
1,60,17,5,3,1,0.0,False,0.983812,False
1,60,18,1,3,1,0.0,False,0.983793,False
1,60,19,1,0,0,0.0,False,0.983774,False
1,60,20,0,3,0,0.0,False,0.983755,False
1,60,21,0,3,0,0.0,False,0.9837359999999999,False
1,60,22,0,1,4,0.0,False,0.983717,False
1,60,23,4,1,8,0.0,False,0.983698,False
1,60,24,8,1,12,0.0,False,0.983679,False
1,60,25,12,0,12,0.0,False,0.98366,False
1,60,26,12,0,12,0.0,False,0.983641,False
1,60,27,12,1,12,0.0,False,0.983622,False
1,60,28,12,1,12,0.0,False,0.983603,False
1,60,29,12,1,12,0.0,False,0.983584,False
1,60,30,12,1,12,0.0,False,0.983565,False
1,60,31,12,1,12,0.0,False,0.983546,False
1,60,32,12,0,12,0.0,False,0.983527,False
1,60,33,12,0,12,0.0,False,0.983508,False
1,60,34,12,1,12,0.0,False,0.9834890000000001,False
1,60,35,12,0,12,0.0,False,0.98347,False
1,60,36,12,3,8,0.0,False,0.983451,False
1,60,37,8,3,4,0.0,False,0.983432,False
1,60,38,4,1,8,0.0,False,0.983413,False
1,60,39,8,3,4,0.0,False,0.983394,False
1,60,40,4,2,5,0.0,False,0.983375,False
1,60,41,5,2,6,0.0,False,0.983356,False
1,60,42,6,3,2,0.0,False,0.983337,False
1,60,43,2,1,6,0.0,False,0.983318,False
1,60,44,6,2,7,0.0,False,0.983299,False
1,60,45,7,3,3,0.0,False,0.98328,False
1,60,46,3,2,3,0.0,False,0.983261,False
1,60,47,3,3,3,0.0,False,0.983242,False
1,60,48,3,0,2,0.0,False,0.983223,False
1,60,49,2,2,3,0.0,False,0.983204,False
1,60,50,3,2,3,0.0,False,0.983185,False
1,61,1,0,0,0,0.0,False,0.983166,False
1,61,2,0,2,1,0.0,False,0.983147,False
1,61,3,1,3,1,0.0,False,0.983128,False
1,61,4,1,1,5,0.0,False,0.983109,False
1,61,5,5,2,6,0.0,False,0.98309,False
1,61,6,6,3,2,0.0,True,0.983071,False
1,62,1,0,2,1,0.0,False,0.983052,False
1,62,2,1,1,5,0.0,False,0.983033,False
1,62,3,5,0,4,0.0,True,0.983014,False
1,63,1,0,2,1,0.0,False,0.982995,False
1,63,2,1,2,2,0.0,False,0.982976,False
1,63,3,2,1,6,0.0,False,0.982957,False
1,63,4,6,1,10,0.0,False,0.982938,False
1,63,5,10,3,6,0.0,False,0.982919,False
1,63,6,6,3,2,0.0,False,0.9829,False
1,63,7,2,3,2,0.0,False,0.982881,False
1,63,8,2,1,6,0.0,False,0.982862,False
1,63,9,6,3,2,0.0,False,0.982843,False
1,63,10,2,1,6,0.0,False,0.982824,False
1,63,11,6,3,2,0.0,False,0.982805,False
1,63,12,2,2,3,0.0,False,0.982786,False
1,63,13,3,1,7,0.0,True,0.982767,False
1,64,1,0,2,1,0.0,False,0.982748,False
1,64,2,1,1,5,0.0,False,0.982729,False
1,64,3,5,2,6,0.0,False,0.98271,False
1,64,4,6,3,2,0.0,False,0.982691,False
1,64,5,2,0,1,0.0,False,0.982672,False
1,64,6,1,3,1,0.0,False,0.982653,False
1,64,7,1,1,5,0.0,False,0.982634,False
1,64,8,5,3,1,0.0,False,0.982615,False
1,64,9,1,1,5,0.0,False,0.982596,False
1,64,10,5,0,4,0.0,False,0.982577,False
1,64,11,4,0,4,0.0,False,0.982558,False
1,64,12,4,3,0,0.0,False,0.982539,False
1,64,13,0,1,4,0.0,False,0.98252,False
1,64,14,4,0,4,0.0,False,0.982501,False
1,64,15,4,2,5,0.0,False,0.982482,False
1,64,16,5,2,6,0.0,False,0.982463,False
1,64,17,6,3,2,0.0,False,0.982444,False
1,64,18,2,0,1,0.0,False,0.982425,False
1,64,19,1,0,0,0.0,False,0.982406,False
1,64,20,0,3,0,0.0,False,0.982387,False
1,64,21,0,2,1,0.0,False,0.982368,False
1,64,22,1,2,2,0.0,False,0.982349,False
1,64,23,2,1,6,0.0,False,0.98233,False
1,64,24,6,1,10,0.0,False,0.982311,False
1,64,25,10,3,6,0.0,False,0.982292,False
1,64,26,6,0,5,0.0,False,0.982273,False
1,64,27,5,3,1,0.0,False,0.982254,False
1,64,28,1,0,0,0.0,False,0.982235,False
1,64,29,0,1,4,0.0,False,0.982216,False
1,64,30,4,0,4,0.0,False,0.982197,False
1,64,31,4,2,5,0.0,False,0.982178,False
1,64,32,5,0,4,0.0,False,0.982159,False
1,64,33,4,3,0,0.0,False,0.98214,False
1,64,34,0,3,0,0.0,False,0.982121,False
1,64,35,0,1,4,0.0,False,0.982102,False
1,64,36,4,0,4,0.0,False,0.982083,False
1,64,37,4,1,8,0.0,True,0.982064,False
1,65,1,0,2,1,0.0,False,0.9820450000000001,False
1,65,2,1,1,5,0.0,False,0.982026,False
1,65,3,5,2,6,0.0,False,0.982007,False
1,65,4,6,0,5,0.0,False,0.981988,False
1,65,5,5,0,4,0.0,False,0.981969,False
1,65,6,4,2,5,0.0,False,0.98195,False
1,65,7,5,1,9,0.0,False,0.981931,False
1,65,8,9,1,13,0.0,False,0.981912,False
1,65,9,13,2,14,0.0,False,0.981893,False
1,65,10,14,0,13,0.0,False,0.981874,False
1,65,11,13,0,12,0.0,False,0.981855,False
1,65,12,12,3,8,0.0,False,0.981836,False
1,65,13,8,1,12,0.0,False,0.981817,False
1,65,14,12,1,12,0.0,False,0.981798,False
1,65,15,12,3,8,0.0,False,0.981779,False
1,65,16,8,3,4,0.0,False,0.98176,False
1,65,17,4,1,8,0.0,False,0.981741,False
1,65,18,8,3,4,0.0,False,0.981722,False
1,65,19,4,0,4,0.0,False,0.981703,False
1,65,20,4,0,4,0.0,False,0.981684,False
1,65,21,4,0,4,0.0,False,0.981665,False
1,65,22,4,2,5,0.0,False,0.981646,False
1,65,23,5,2,6,0.0,False,0.981627,False
1,65,24,6,2,7,0.0,False,0.981608,False
1,65,25,7,1,11,0.0,False,0.981589,False
1,65,26,11,1,15,1.0,True,0.98157,False
1,66,1,0,3,0,0.0,False,0.981551,False
1,66,2,0,2,1,0.0,False,0.981532,False
1,66,3,1,1,5,0.0,False,0.981513,False
1,66,4,5,0,4,0.0,False,0.981494,False
1,66,5,4,3,0,0.0,False,0.981475,False
1,66,6,0,3,0,0.0,False,0.981456,False
1,66,7,0,1,4,0.0,False,0.981437,False
1,66,8,4,1,8,0.0,False,0.981418,False
1,66,9,8,0,8,0.0,False,0.981399,False
1,66,10,8,0,8,0.0,False,0.98138,False
1,66,11,8,0,8,0.0,False,0.981361,False
1,66,12,8,0,8,0.0,False,0.981342,False
1,66,13,8,2,9,0.0,True,0.981323,False
1,67,1,0,3,0,0.0,False,0.981304,False
1,67,2,0,1,4,0.0,False,0.981285,False
1,67,3,4,1,8,0.0,False,0.981266,False
1,67,4,8,1,12,0.0,True,0.981247,False
1,68,1,0,0,0,0.0,False,0.981228,False
1,68,2,0,0,0,0.0,False,0.981209,False
1,68,3,0,3,0,0.0,False,0.98119,False
1,68,4,0,2,1,0.0,False,0.981171,False
1,68,5,1,2,2,0.0,True,0.981152,False
1,69,1,0,1,4,0.0,False,0.981133,False
1,69,2,4,0,4,0.0,False,0.981114,False
1,69,3,4,0,4,0.0,False,0.981095,False
1,69,4,4,0,4,0.0,False,0.981076,False
1,69,5,4,2,5,0.0,False,0.981057,False
1,69,6,5,1,9,0.0,False,0.981038,False
1,69,7,9,3,5,0.0,False,0.981019,False
1,69,8,5,1,9,0.0,False,0.981,False
1,69,9,9,0,8,0.0,True,0.980981,False
1,70,1,0,1,4,0.0,False,0.980962,False
1,70,2,4,1,8,0.0,False,0.980943,False
1,70,3,8,0,8,0.0,False,0.980924,False
1,70,4,8,0,8,0.0,False,0.980905,False
1,70,5,8,1,12,0.0,False,0.980886,False
1,70,6,12,2,13,0.0,True,0.980867,False
1,71,1,0,2,1,0.0,False,0.980848,False
1,71,2,1,2,2,0.0,False,0.980829,False
1,71,3,2,1,6,0.0,False,0.98081,False
1,71,4,6,2,7,0.0,False,0.980791,False
1,71,5,7,2,7,0.0,False,0.980772,False
1,71,6,7,3,3,0.0,False,0.980753,False
1,71,7,3,3,3,0.0,False,0.980734,False
1,71,8,3,3,3,0.0,False,0.980715,False
1,71,9,3,2,3,0.0,False,0.980696,False
1,71,10,3,0,2,0.0,False,0.980677,False
1,71,11,2,1,6,0.0,False,0.980658,False
1,71,12,6,3,2,0.0,False,0.980639,False
1,71,13,2,3,2,0.0,False,0.98062,False
1,71,14,2,0,1,0.0,False,0.9806010000000001,False
1,71,15,1,2,2,0.0,False,0.980582,False
1,71,16,2,1,6,0.0,False,0.980563,False
1,71,17,6,1,10,0.0,True,0.980544,False
1,72,1,0,0,0,0.0,False,0.980525,False
1,72,2,0,0,0,0.0,False,0.980506,False
1,72,3,0,2,1,0.0,True,0.980487,False
1,73,1,0,1,4,0.0,False,0.980468,False
1,73,2,4,2,5,0.0,False,0.980449,False
1,73,3,5,3,1,0.0,False,0.98043,False
1,73,4,1,0,0,0.0,False,0.980411,False
1,73,5,0,3,0,0.0,False,0.980392,False
1,73,6,0,1,4,0.0,False,0.980373,False
1,73,7,4,0,4,0.0,False,0.980354,False
1,73,8,4,0,4,0.0,False,0.980335,False
1,73,9,4,2,5,0.0,False,0.980316,False
1,73,10,5,1,9,0.0,False,0.980297,False
1,73,11,9,1,13,0.0,False,0.980278,False
1,73,12,13,1,13,0.0,False,0.980259,False
1,73,13,13,1,13,0.0,False,0.98024,False
1,73,14,13,0,12,0.0,False,0.980221,False
1,73,15,12,3,8,0.0,False,0.980202,False
1,73,16,8,0,8,0.0,False,0.980183,False
1,73,17,8,0,8,0.0,False,0.980164,False
1,73,18,8,3,4,0.0,False,0.980145,False
1,73,19,4,3,0,0.0,False,0.980126,False
1,73,20,0,0,0,0.0,False,0.980107,False
1,73,21,0,3,0,0.0,False,0.980088,False
1,73,22,0,2,1,0.0,False,0.980069,False
1,73,23,1,2,2,0.0,False,0.98005,False
1,73,24,2,3,2,0.0,False,0.980031,False
1,73,25,2,2,3,0.0,True,0.980012,False
1,74,1,0,1,4,0.0,False,0.979993,False
1,74,2,4,2,5,0.0,False,0.979974,False
1,74,3,5,2,6,0.0,True,0.979955,False
1,75,1,0,1,4,0.0,False,0.979936,False
1,75,2,4,0,4,0.0,False,0.979917,False
1,75,3,4,1,8,0.0,True,0.979898,False
1,76,1,0,3,0,0.0,False,0.979879,False
1,76,2,0,0,0,0.0,False,0.97986,False
1,76,3,0,1,4,0.0,False,0.979841,False
1,76,4,4,2,5,0.0,True,0.979822,False
1,77,1,0,2,1,0.0,False,0.979803,False
1,77,2,1,0,0,0.0,False,0.979784,False
1,77,3,0,2,1,0.0,False,0.979765,False
1,77,4,1,1,5,0.0,False,0.979746,False
1,77,5,5,2,6,0.0,False,0.979727,False
1,77,6,6,3,2,0.0,False,0.979708,False
1,77,7,2,0,1,0.0,False,0.979689,False
1,77,8,1,0,0,0.0,False,0.97967,False
1,77,9,0,2,1,0.0,False,0.979651,False
1,77,10,1,2,2,0.0,False,0.979632,False
1,77,11,2,0,1,0.0,False,0.979613,False
1,77,12,1,3,1,0.0,False,0.979594,False
1,77,13,1,2,2,0.0,False,0.979575,False
1,77,14,2,3,2,0.0,False,0.979556,False
1,77,15,2,1,6,0.0,False,0.979537,False
1,77,16,6,3,2,0.0,False,0.979518,False
1,77,17,2,2,3,0.0,False,0.979499,False
1,77,18,3,1,7,0.0,False,0.97948,False
1,77,19,7,0,6,0.0,False,0.979461,False
1,77,20,6,0,5,0.0,False,0.979442,False
1,77,21,5,0,4,0.0,False,0.979423,False
1,77,22,4,3,0,0.0,False,0.979404,False
1,77,23,0,3,0,0.0,False,0.979385,False
1,77,24,0,0,0,0.0,False,0.979366,False
1,77,25,0,2,1,0.0,False,0.979347,False
1,77,26,1,2,2,0.0,False,0.979328,False
1,77,27,2,1,6,0.0,False,0.979309,False
1,77,28,6,2,7,0.0,False,0.97929,False
1,77,29,7,0,6,0.0,False,0.979271,False
1,77,30,6,3,2,0.0,False,0.979252,False
1,77,31,2,3,2,0.0,False,0.979233,False
1,77,32,2,2,3,0.0,False,0.979214,False
1,77,33,3,3,3,0.0,False,0.979195,False
1,77,34,3,3,3,0.0,False,0.979176,False
1,77,35,3,3,3,0.0,False,0.979157,False
1,77,36,3,1,7,0.0,False,0.979138,False
1,77,37,7,1,11,0.0,False,0.979119,False
1,77,38,11,3,7,0.0,False,0.9791,False
1,77,39,7,0,6,0.0,False,0.979081,False
1,77,40,6,3,2,0.0,False,0.979062,False
1,77,41,2,1,6,0.0,False,0.979043,False
1,77,42,6,3,2,0.0,False,0.979024,False
1,77,43,2,1,6,0.0,False,0.979005,False
1,77,44,6,0,5,0.0,False,0.978986,False
1,77,45,5,2,6,0.0,False,0.978967,False
1,77,46,6,0,5,0.0,False,0.978948,False
1,77,47,5,3,1,0.0,False,0.978929,False
1,77,48,1,1,5,0.0,False,0.97891,False
1,77,49,5,2,6,0.0,False,0.978891,False
1,77,50,6,1,10,0.0,True,0.978872,False
1,78,1,0,1,4,0.0,False,0.978853,False
1,78,2,4,3,0,0.0,False,0.978834,False
1,78,3,0,2,1,0.0,False,0.978815,False
1,78,4,1,1,5,0.0,False,0.978796,False
1,78,5,5,2,6,0.0,False,0.978777,False
1,78,6,6,1,10,0.0,True,0.978758,False
1,79,1,0,1,4,0.0,False,0.978739,False
1,79,2,4,2,5,0.0,False,0.97872,False
1,79,3,5,0,4,0.0,False,0.978701,False
1,79,4,4,2,5,0.0,False,0.978682,False
1,79,5,5,1,9,0.0,False,0.978663,False
1,79,6,9,1,13,0.0,True,0.978644,False
1,80,1,0,3,0,0.0,False,0.978625,False
1,80,2,0,1,4,0.0,False,0.978606,False
1,80,3,4,1,8,0.0,False,0.978587,False
1,80,4,8,2,9,0.0,True,0.978568,False
1,81,1,0,1,4,0.0,True,0.978549,False
1,82,1,0,1,4,0.0,True,0.97853,False
1,83,1,0,2,1,0.0,False,0.978511,False
1,83,2,1,1,5,0.0,True,0.978492,False
1,84,1,0,0,0,0.0,False,0.978473,False
1,84,2,0,0,0,0.0,False,0.978454,False
1,84,3,0,0,0,0.0,False,0.9784349999999999,False
1,84,4,0,0,0,0.0,False,0.978416,False
1,84,5,0,3,0,0.0,False,0.978397,False
1,84,6,0,3,0,0.0,False,0.978378,False
1,84,7,0,1,4,0.0,False,0.978359,False
1,84,8,4,0,4,0.0,False,0.97834,False
1,84,9,4,1,8,0.0,False,0.978321,False
1,84,10,8,2,9,0.0,False,0.978302,False
1,84,11,9,3,5,0.0,False,0.978283,False
1,84,12,5,2,6,0.0,False,0.978264,False
1,84,13,6,2,7,0.0,False,0.978245,False
1,84,14,7,0,6,0.0,False,0.978226,False
1,84,15,6,2,7,0.0,False,0.978207,False
1,84,16,7,2,7,0.0,False,0.978188,False
1,84,17,7,0,6,0.0,False,0.978169,False
1,84,18,6,0,5,0.0,False,0.97815,False
1,84,19,5,0,4,0.0,False,0.978131,False
1,84,20,4,1,8,0.0,False,0.978112,False
1,84,21,8,3,4,0.0,False,0.978093,False
1,84,22,4,0,4,0.0,False,0.978074,False
1,84,23,4,2,5,0.0,False,0.978055,False
1,84,24,5,0,4,0.0,False,0.978036,False
1,84,25,4,3,0,0.0,False,0.978017,False
1,84,26,0,3,0,0.0,False,0.977998,False
1,84,27,0,2,1,0.0,True,0.977979,False
1,85,1,0,0,0,0.0,False,0.97796,False
1,85,2,0,1,4,0.0,False,0.977941,False
1,85,3,4,2,5,0.0,False,0.977922,False
1,85,4,5,3,1,0.0,False,0.977903,False
1,85,5,1,2,2,0.0,False,0.977884,False
1,85,6,2,1,6,0.0,False,0.977865,False
1,85,7,6,2,7,0.0,True,0.977846,False
1,86,1,0,2,1,0.0,False,0.977827,False
1,86,2,1,1,5,0.0,False,0.977808,False
1,86,3,5,1,9,0.0,False,0.977789,False
1,86,4,9,3,5,0.0,False,0.97777,False
1,86,5,5,0,4,0.0,True,0.977751,False
1,87,1,0,1,4,0.0,False,0.977732,False
1,87,2,4,0,4,0.0,False,0.977713,False
1,87,3,4,0,4,0.0,False,0.977694,False
1,87,4,4,3,0,0.0,False,0.977675,False
1,87,5,0,0,0,0.0,False,0.977656,False
1,87,6,0,2,1,0.0,False,0.977637,False
1,87,7,1,3,1,0.0,False,0.977618,False
1,87,8,1,1,5,0.0,False,0.977599,False
1,87,9,5,1,9,0.0,True,0.97758,False
1,88,1,0,3,0,0.0,False,0.977561,False
1,88,2,0,2,1,0.0,False,0.977542,False
1,88,3,1,3,1,0.0,False,0.977523,False
1,88,4,1,1,5,0.0,True,0.977504,False
1,89,1,0,0,0,0.0,False,0.977485,False
1,89,2,0,3,0,0.0,False,0.977466,False
1,89,3,0,0,0,0.0,False,0.977447,False
1,89,4,0,1,4,0.0,False,0.977428,False
1,89,5,4,0,4,0.0,False,0.977409,False
1,89,6,4,1,8,0.0,False,0.97739,False
1,89,7,8,3,4,0.0,False,0.977371,False
1,89,8,4,3,0,0.0,False,0.977352,False
1,89,9,0,1,4,0.0,False,0.977333,False
1,89,10,4,1,8,0.0,False,0.977314,False
1,89,11,8,2,9,0.0,False,0.977295,False
1,89,12,9,2,10,0.0,False,0.977276,False
1,89,13,10,2,11,0.0,False,0.977257,False
1,89,14,11,3,7,0.0,False,0.977238,False
1,89,15,7,0,6,0.0,False,0.977219,False
1,89,16,6,3,2,0.0,False,0.9772,False
1,89,17,2,2,3,0.0,False,0.977181,False
1,89,18,3,2,3,0.0,False,0.977162,False
1,89,19,3,3,3,0.0,False,0.977143,False
1,89,20,3,3,3,0.0,False,0.977124,False
1,89,21,3,1,7,0.0,False,0.977105,False
1,89,22,7,3,3,0.0,False,0.977086,False
1,89,23,3,2,3,0.0,False,0.977067,False
1,89,24,3,2,3,0.0,False,0.977048,False
1,89,25,3,2,3,0.0,False,0.977029,False
1,89,26,3,0,2,0.0,False,0.97701,False
1,89,27,2,3,2,0.0,False,0.976991,False
1,89,28,2,1,6,0.0,False,0.976972,False
1,89,29,6,3,2,0.0,False,0.976953,False
1,89,30,2,0,1,0.0,False,0.976934,False
1,89,31,1,3,1,0.0,False,0.976915,False
1,89,32,1,0,0,0.0,False,0.976896,False
1,89,33,0,1,4,0.0,False,0.976877,False
1,89,34,4,3,0,0.0,False,0.976858,False
1,89,35,0,1,4,0.0,False,0.976839,False
1,89,36,4,0,4,0.0,False,0.97682,False
1,89,37,4,1,8,0.0,False,0.976801,False
1,89,38,8,1,12,0.0,False,0.976782,False
1,89,39,12,3,8,0.0,False,0.976763,False
1,89,40,8,1,12,0.0,False,0.9767440000000001,False
1,89,41,12,0,12,0.0,False,0.976725,False
1,89,42,12,3,8,0.0,False,0.976706,False
1,89,43,8,3,4,0.0,False,0.976687,False
1,89,44,4,1,8,0.0,False,0.976668,False
1,89,45,8,3,4,0.0,False,0.976649,False
1,89,46,4,0,4,0.0,False,0.97663,False
1,89,47,4,2,5,0.0,False,0.976611,False
1,89,48,5,1,9,0.0,False,0.976592,False
1,89,49,9,1,13,0.0,False,0.976573,False
1,89,50,13,3,9,0.0,False,0.976554,False
1,90,1,0,3,0,0.0,False,0.976535,False
1,90,2,0,0,0,0.0,False,0.976516,False
1,90,3,0,2,1,0.0,False,0.976497,False
1,90,4,1,1,5,0.0,False,0.976478,False
1,90,5,5,0,4,0.0,False,0.976459,False
1,90,6,4,2,5,0.0,False,0.97644,False
1,90,7,5,0,4,0.0,False,0.976421,False
1,90,8,4,1,8,0.0,False,0.976402,False
1,90,9,8,3,4,0.0,False,0.976383,False
1,90,10,4,2,5,0.0,False,0.976364,False
1,90,11,5,2,6,0.0,True,0.976345,False
1,91,1,0,1,4,0.0,True,0.976326,False
1,92,1,0,0,0,0.0,False,0.976307,False
1,92,2,0,0,0,0.0,False,0.976288,False
1,92,3,0,1,4,0.0,False,0.976269,False
1,92,4,4,2,5,0.0,False,0.97625,False
1,92,5,5,1,9,0.0,False,0.976231,False
1,92,6,9,2,10,0.0,False,0.976212,False
1,92,7,10,3,6,0.0,False,0.976193,False
1,92,8,6,2,7,0.0,False,0.976174,False
1,92,9,7,0,6,0.0,False,0.976155,False
1,92,10,6,2,7,0.0,False,0.976136,False
1,92,11,7,2,7,0.0,False,0.976117,False
1,92,12,7,2,7,0.0,False,0.976098,False
1,92,13,7,0,6,0.0,False,0.976079,False
1,92,14,6,2,7,0.0,False,0.97606,False
1,92,15,7,1,11,0.0,False,0.976041,False
1,92,16,11,0,10,0.0,False,0.9760220000000001,False
1,92,17,10,2,11,0.0,False,0.976003,False
1,92,18,11,0,10,0.0,False,0.975984,False
1,92,19,10,3,6,0.0,False,0.975965,False
1,92,20,6,1,10,0.0,False,0.975946,False
1,92,21,10,1,14,0.0,False,0.975927,False
1,92,22,14,1,14,0.0,False,0.975908,False
1,92,23,14,2,15,1.0,True,0.975889,False
1,93,1,0,3,0,0.0,False,0.97587,False
1,93,2,0,3,0,0.0,False,0.975851,False
1,93,3,0,1,4,0.0,False,0.975832,False
1,93,4,4,1,8,0.0,False,0.975813,False
1,93,5,8,1,12,0.0,False,0.975794,False
1,93,6,12,1,12,0.0,False,0.9757750000000001,False
1,93,7,12,3,8,0.0,False,0.975756,False
1,93,8,8,2,9,0.0,False,0.975737,False
1,93,9,9,1,13,0.0,False,0.975718,False
1,93,10,13,0,12,0.0,False,0.975699,False
1,93,11,12,2,13,0.0,False,0.97568,False
1,93,12,13,3,9,0.0,False,0.975661,False
1,93,13,9,1,13,0.0,False,0.975642,False
1,93,14,13,0,12,0.0,False,0.975623,False
1,93,15,12,1,12,0.0,False,0.975604,False
1,93,16,12,0,12,0.0,False,0.975585,False
1,93,17,12,1,12,0.0,False,0.975566,False
1,93,18,12,0,12,0.0,False,0.975547,False
1,93,19,12,0,12,0.0,False,0.975528,False
1,93,20,12,3,8,0.0,False,0.975509,False
1,93,21,8,2,9,0.0,False,0.97549,False
1,93,22,9,3,5,0.0,False,0.975471,False
1,93,23,5,3,1,0.0,False,0.975452,False
1,93,24,1,1,5,0.0,False,0.975433,False
1,93,25,5,1,9,0.0,False,0.975414,False
1,93,26,9,2,10,0.0,False,0.975395,False
1,93,27,10,2,11,0.0,False,0.975376,False
1,93,28,11,1,15,1.0,True,0.975357,False
1,94,1,0,3,0,0.0,False,0.975338,False
1,94,2,0,1,4,0.0,True,0.975319,False
1,95,1,0,0,0,0.0,False,0.9753000000000001,False
1,95,2,0,3,0,0.0,False,0.975281,False
1,95,3,0,3,0,0.0,False,0.975262,False
1,95,4,0,1,4,0.0,False,0.975243,False
1,95,5,4,2,5,0.0,False,0.975224,False
1,95,6,5,2,6,0.0,False,0.975205,False
1,95,7,6,2,7,0.0,False,0.975186,False
1,95,8,7,2,7,0.0,False,0.975167,False
1,95,9,7,0,6,0.0,False,0.975148,False
1,95,10,6,0,5,0.0,False,0.975129,False
1,95,11,5,1,9,0.0,False,0.97511,False
1,95,12,9,3,5,0.0,False,0.975091,False
1,95,13,5,2,6,0.0,False,0.975072,False
1,95,14,6,1,10,0.0,False,0.975053,False
1,95,15,10,2,11,0.0,False,0.975034,False
1,95,16,11,3,7,0.0,False,0.975015,False
1,95,17,7,3,3,0.0,False,0.974996,False
1,95,18,3,1,7,0.0,False,0.974977,False
1,95,19,7,2,7,0.0,False,0.974958,False
1,95,20,7,1,11,0.0,False,0.974939,False
1,95,21,11,1,15,1.0,True,0.97492,False
1,96,1,0,0,0,0.0,False,0.974901,False
1,96,2,0,2,1,0.0,False,0.974882,False
1,96,3,1,1,5,0.0,False,0.974863,False
1,96,4,5,0,4,0.0,True,0.974844,False
1,97,1,0,0,0,0.0,False,0.974825,False
1,97,2,0,0,0,0.0,False,0.974806,False
1,97,3,0,0,0,0.0,False,0.974787,False
1,97,4,0,1,4,0.0,False,0.974768,False
1,97,5,4,2,5,0.0,False,0.974749,False
1,97,6,5,2,6,0.0,False,0.97473,False
1,97,7,6,0,5,0.0,False,0.974711,False
1,97,8,5,0,4,0.0,False,0.974692,False
1,97,9,4,3,0,0.0,False,0.974673,False
1,97,10,0,0,0,0.0,False,0.974654,False
1,97,11,0,3,0,0.0,False,0.974635,False
1,97,12,0,0,0,0.0,False,0.974616,False
1,97,13,0,3,0,0.0,False,0.974597,False
1,97,14,0,1,4,0.0,False,0.974578,False
1,97,15,4,2,5,0.0,False,0.974559,False
1,97,16,5,1,9,0.0,False,0.97454,False
1,97,17,9,3,5,0.0,False,0.974521,False
1,97,18,5,2,6,0.0,False,0.974502,False
1,97,19,6,0,5,0.0,False,0.974483,False
1,97,20,5,0,4,0.0,False,0.974464,False
1,97,21,4,3,0,0.0,False,0.974445,False
1,97,22,0,1,4,0.0,False,0.974426,False
1,97,23,4,0,4,0.0,False,0.974407,False
1,97,24,4,1,8,0.0,True,0.974388,False
1,98,1,0,2,1,0.0,False,0.974369,False
1,98,2,1,2,2,0.0,False,0.97435,False
1,98,3,2,3,2,0.0,False,0.9743310000000001,False
1,98,4,2,3,2,0.0,False,0.974312,False
1,98,5,2,2,3,0.0,False,0.974293,False
1,98,6,3,1,7,0.0,False,0.974274,False
1,98,7,7,3,3,0.0,False,0.974255,False
1,98,8,3,0,2,0.0,False,0.974236,False
1,98,9,2,0,1,0.0,False,0.974217,False
1,98,10,1,2,2,0.0,False,0.974198,False
1,98,11,2,0,1,0.0,False,0.974179,False
1,98,12,1,2,2,0.0,False,0.97416,False
1,98,13,2,0,1,0.0,False,0.974141,False
1,98,14,1,0,0,0.0,False,0.974122,False
1,98,15,0,0,0,0.0,False,0.974103,False
1,98,16,0,3,0,0.0,False,0.974084,False
1,98,17,0,0,0,0.0,False,0.974065,False
1,98,18,0,2,1,0.0,False,0.974046,False
1,98,19,1,3,1,0.0,False,0.974027,False
1,98,20,1,1,5,0.0,False,0.974008,False
1,98,21,5,2,6,0.0,False,0.973989,False
1,98,22,6,1,10,0.0,True,0.97397,False
1,99,1,0,1,4,0.0,False,0.973951,False
1,99,2,4,1,8,0.0,False,0.973932,False
1,99,3,8,1,12,0.0,False,0.973913,False
1,99,4,12,1,12,0.0,False,0.973894,False
1,99,5,12,0,12,0.0,False,0.973875,False
1,99,6,12,1,12,0.0,False,0.973856,False
1,99,7,12,2,13,0.0,False,0.973837,False
1,99,8,13,1,13,0.0,False,0.973818,False
1,99,9,13,2,14,0.0,True,0.973799,False
1,100,1,0,3,0,0.0,False,0.97378,False
1,100,2,0,2,1,0.0,False,0.973761,False
1,100,3,1,2,2,0.0,False,0.973742,False
1,100,4,2,3,2,0.0,False,0.973723,False
1,100,5,2,3,2,0.0,False,0.973704,False
1,100,6,2,3,2,0.0,False,0.973685,False
1,100,7,2,1,6,0.0,False,0.973666,False
1,100,8,6,3,2,0.0,False,0.973647,False
1,100,9,2,1,6,0.0,False,0.973628,False
1,100,10,6,1,10,0.0,False,0.973609,False
1,100,11,10,0,9,0.0,False,0.97359,False
1,100,12,9,3,5,0.0,False,0.973571,False
1,100,13,5,2,6,0.0,False,0.973552,False
1,100,14,6,3,2,0.0,False,0.973533,False
1,100,15,2,3,2,0.0,False,0.973514,False
1,100,16,2,1,6,0.0,False,0.973495,False
1,100,17,6,1,10,0.0,False,0.973476,False
1,100,18,10,2,11,0.0,False,0.973457,False
1,100,19,11,1,15,1.0,True,0.973438,False
2,1,1,0,0,0,0.0,False,0.973419,False
2,1,2,0,3,0,0.0,False,0.9734,False
2,1,3,0,3,0,0.0,False,0.973381,False
2,1,4,0,3,0,0.0,False,0.973362,False
2,1,5,0,0,0,0.0,False,0.973343,False
2,1,6,0,2,1,0.0,False,0.973324,False
2,1,7,1,2,2,0.0,False,0.973305,False
2,1,8,2,3,2,0.0,False,0.973286,False
2,1,9,2,3,2,0.0,False,0.973267,False
2,1,10,2,3,2,0.0,False,0.973248,False
2,1,11,2,3,2,0.0,False,0.973229,False
2,1,12,2,2,3,0.0,True,0.97321,False
2,2,1,0,2,1,0.0,False,0.973191,False
2,2,2,1,0,0,0.0,False,0.973172,False
2,2,3,0,0,0,0.0,False,0.973153,False
2,2,4,0,3,0,0.0,False,0.973134,False
2,2,5,0,3,0,0.0,False,0.973115,False
2,2,6,0,0,0,0.0,False,0.973096,False
2,2,7,0,1,4,0.0,True,0.973077,False
2,3,1,0,2,1,0.0,False,0.973058,False
2,3,2,1,3,1,0.0,False,0.973039,False
2,3,3,1,2,2,0.0,True,0.97302,False
2,4,1,0,2,1,0.0,False,0.973001,False
2,4,2,1,0,0,0.0,False,0.972982,False
2,4,3,0,0,0,0.0,False,0.972963,False
2,4,4,0,3,0,0.0,False,0.972944,False
2,4,5,0,2,1,0.0,False,0.972925,False
2,4,6,1,3,1,0.0,False,0.972906,False
2,4,7,1,0,0,0.0,False,0.9728870000000001,False
2,4,8,0,3,0,0.0,False,0.972868,False
2,4,9,0,1,4,0.0,False,0.972849,False
2,4,10,4,1,8,0.0,True,0.97283,False
2,5,1,0,0,0,0.0,False,0.972811,False
2,5,2,0,0,0,0.0,False,0.972792,False
2,5,3,0,1,4,0.0,False,0.972773,False
2,5,4,4,3,0,0.0,False,0.972754,False
2,5,5,0,2,1,0.0,False,0.972735,False
2,5,6,1,3,1,0.0,False,0.972716,False
2,5,7,1,0,0,0.0,False,0.972697,False
2,5,8,0,1,4,0.0,False,0.972678,False
2,5,9,4,3,0,0.0,False,0.972659,False
2,5,10,0,3,0,0.0,False,0.97264,False
2,5,11,0,3,0,0.0,False,0.972621,False
2,5,12,0,0,0,0.0,False,0.972602,False
2,5,13,0,3,0,0.0,False,0.972583,False
2,5,14,0,2,1,0.0,False,0.972564,False
2,5,15,1,1,5,0.0,False,0.972545,False
2,5,16,5,2,6,0.0,False,0.972526,False
2,5,17,6,1,10,0.0,False,0.972507,False
2,5,18,10,3,6,0.0,False,0.972488,False
2,5,19,6,2,7,0.0,False,0.972469,False
2,5,20,7,0,6,0.0,False,0.97245,False
2,5,21,6,3,2,0.0,False,0.972431,False
2,5,22,2,2,3,0.0,False,0.972412,False
2,5,23,3,3,3,0.0,False,0.972393,False
2,5,24,3,1,7,0.0,False,0.972374,False
2,5,25,7,3,3,0.0,False,0.972355,False
2,5,26,3,0,2,0.0,False,0.972336,False
2,5,27,2,3,2,0.0,False,0.972317,False
2,5,28,2,3,2,0.0,False,0.972298,False
2,5,29,2,2,3,0.0,False,0.972279,False
2,5,30,3,2,3,0.0,False,0.97226,False
2,5,31,3,0,2,0.0,False,0.972241,False
2,5,32,2,1,6,0.0,False,0.972222,False
2,5,33,6,3,2,0.0,False,0.972203,False
2,5,34,2,2,3,0.0,False,0.972184,False
2,5,35,3,3,3,0.0,False,0.972165,False
2,5,36,3,1,7,0.0,False,0.972146,False
2,5,37,7,1,11,0.0,False,0.972127,False
2,5,38,11,2,11,0.0,False,0.972108,False
2,5,39,11,1,15,1.0,True,0.972089,False
2,6,1,0,1,4,0.0,False,0.97207,False
2,6,2,4,0,4,0.0,False,0.972051,False
2,6,3,4,2,5,0.0,False,0.972032,False
2,6,4,5,2,6,0.0,True,0.972013,False
2,7,1,0,3,0,0.0,False,0.971994,False
2,7,2,0,3,0,0.0,False,0.971975,False
2,7,3,0,1,4,0.0,False,0.971956,False
2,7,4,4,1,8,0.0,False,0.971937,False
2,7,5,8,2,9,0.0,False,0.971918,False
2,7,6,9,0,8,0.0,False,0.971899,False
2,7,7,8,2,9,0.0,False,0.97188,False
2,7,8,9,3,5,0.0,False,0.971861,False
2,7,9,5,0,4,0.0,False,0.971842,False
2,7,10,4,0,4,0.0,False,0.971823,False
2,7,11,4,2,5,0.0,False,0.971804,False
2,7,12,5,2,6,0.0,False,0.971785,False
2,7,13,6,1,10,0.0,False,0.971766,False
2,7,14,10,0,9,0.0,False,0.971747,False
2,7,15,9,3,5,0.0,False,0.971728,False
2,7,16,5,0,4,0.0,False,0.971709,False
2,7,17,4,3,0,0.0,False,0.97169,False
2,7,18,0,1,4,0.0,False,0.971671,False
2,7,19,4,2,5,0.0,False,0.971652,False
2,7,20,5,1,9,0.0,False,0.971633,False
2,7,21,9,3,5,0.0,False,0.971614,False
2,7,22,5,3,1,0.0,False,0.971595,False
2,7,23,1,0,0,0.0,False,0.971576,False
2,7,24,0,1,4,0.0,False,0.971557,False
2,7,25,4,2,5,0.0,False,0.971538,False
2,7,26,5,3,1,0.0,False,0.971519,False
2,7,27,1,0,0,0.0,False,0.9715,False
2,7,28,0,3,0,0.0,False,0.971481,False
2,7,29,0,3,0,0.0,False,0.971462,False
2,7,30,0,0,0,0.0,False,0.9714430000000001,False
2,7,31,0,0,0,0.0,False,0.971424,False
2,7,32,0,0,0,0.0,False,0.971405,False
2,7,33,0,0,0,0.0,False,0.971386,False
2,7,34,0,0,0,0.0,False,0.971367,False
2,7,35,0,3,0,0.0,False,0.971348,False
2,7,36,0,1,4,0.0,False,0.971329,False
2,7,37,4,0,4,0.0,False,0.97131,False
2,7,38,4,2,5,0.0,False,0.971291,False
2,7,39,5,3,1,0.0,False,0.971272,False
2,7,40,1,1,5,0.0,False,0.971253,False
2,7,41,5,0,4,0.0,False,0.971234,False
2,7,42,4,3,0,0.0,False,0.971215,False
2,7,43,0,3,0,0.0,False,0.971196,False
2,7,44,0,1,4,0.0,False,0.971177,False
2,7,45,4,0,4,0.0,False,0.971158,False
2,7,46,4,2,5,0.0,False,0.971139,False
2,7,47,5,3,1,0.0,False,0.97112,False
2,7,48,1,3,1,0.0,False,0.971101,False
2,7,49,1,1,5,0.0,False,0.971082,False
2,7,50,5,3,1,0.0,False,0.971063,False
2,8,1,0,2,1,0.0,False,0.971044,False
2,8,2,1,0,0,0.0,False,0.971025,False
2,8,3,0,1,4,0.0,False,0.971006,False
2,8,4,4,0,4,0.0,False,0.970987,False
2,8,5,4,0,4,0.0,False,0.970968,False
2,8,6,4,1,8,0.0,False,0.970949,False
2,8,7,8,2,9,0.0,False,0.97093,False
2,8,8,9,0,8,0.0,False,0.970911,False
2,8,9,8,0,8,0.0,False,0.970892,False
2,8,10,8,3,4,0.0,False,0.970873,False
2,8,11,4,3,0,0.0,False,0.970854,False
2,8,12,0,3,0,0.0,False,0.970835,False
2,8,13,0,0,0,0.0,False,0.970816,False
2,8,14,0,1,4,0.0,False,0.970797,False
2,8,15,4,3,0,0.0,False,0.970778,False
2,8,16,0,3,0,0.0,False,0.970759,False
2,8,17,0,2,1,0.0,False,0.97074,False
2,8,18,1,0,0,0.0,False,0.970721,False
2,8,19,0,1,4,0.0,False,0.970702,False
2,8,20,4,1,8,0.0,False,0.970683,False
2,8,21,8,3,4,0.0,False,0.970664,False
2,8,22,4,0,4,0.0,False,0.970645,False
2,8,23,4,0,4,0.0,False,0.970626,False
2,8,24,4,2,5,0.0,False,0.970607,False
2,8,25,5,2,6,0.0,False,0.970588,False
2,8,26,6,2,7,0.0,True,0.970569,False
2,9,1,0,2,1,0.0,False,0.97055,False
2,9,2,1,1,5,0.0,True,0.970531,False
2,10,1,0,3,0,0.0,False,0.970512,False
2,10,2,0,3,0,0.0,False,0.970493,False
2,10,3,0,0,0,0.0,False,0.970474,False
2,10,4,0,3,0,0.0,False,0.970455,False
2,10,5,0,0,0,0.0,False,0.970436,False
2,10,6,0,2,1,0.0,False,0.970417,False
2,10,7,1,0,0,0.0,False,0.970398,False
2,10,8,0,2,1,0.0,False,0.970379,False
2,10,9,1,1,5,0.0,False,0.97036,False
2,10,10,5,2,6,0.0,False,0.970341,False
2,10,11,6,3,2,0.0,False,0.970322,False
2,10,12,2,1,6,0.0,False,0.970303,False
2,10,13,6,0,5,0.0,False,0.970284,False
2,10,14,5,1,9,0.0,False,0.970265,False
2,10,15,9,2,10,0.0,True,0.970246,False
2,11,1,0,3,0,0.0,False,0.970227,False
2,11,2,0,3,0,0.0,False,0.970208,False
2,11,3,0,2,1,0.0,False,0.970189,False
2,11,4,1,1,5,0.0,False,0.97017,False
2,11,5,5,0,4,0.0,False,0.970151,False
2,11,6,4,2,5,0.0,False,0.970132,False
2,11,7,5,1,9,0.0,True,0.970113,False
2,12,1,0,2,1,0.0,False,0.970094,False
2,12,2,1,0,0,0.0,False,0.970075,False
2,12,3,0,2,1,0.0,False,0.970056,False
2,12,4,1,2,2,0.0,False,0.970037,False
2,12,5,2,0,1,0.0,False,0.970018,False
2,12,6,1,3,1,0.0,False,0.9699990000000001,False
2,12,7,1,0,0,0.0,False,0.96998,False
2,12,8,0,0,0,0.0,False,0.969961,False
2,12,9,0,2,1,0.0,False,0.969942,False
2,12,10,1,2,2,0.0,False,0.969923,False
2,12,11,2,1,6,0.0,True,0.969904,False
2,13,1,0,1,4,0.0,True,0.969885,False
2,14,1,0,2,1,0.0,False,0.969866,False
2,14,2,1,3,1,0.0,False,0.969847,False
2,14,3,1,3,1,0.0,False,0.969828,False
2,14,4,1,2,2,0.0,False,0.969809,False
2,14,5,2,2,3,0.0,True,0.96979,False
2,15,1,0,0,0,0.0,False,0.969771,False
2,15,2,0,1,4,0.0,False,0.969752,False
2,15,3,4,3,0,0.0,False,0.969733,False
2,15,4,0,2,1,0.0,False,0.969714,False
2,15,5,1,3,1,0.0,False,0.969695,False
2,15,6,1,2,2,0.0,False,0.969676,False
2,15,7,2,2,3,0.0,False,0.969657,False
2,15,8,3,1,7,0.0,False,0.969638,False
2,15,9,7,1,11,0.0,False,0.969619,False
2,15,10,11,0,10,0.0,True,0.9696,False
2,16,1,0,1,4,0.0,True,0.969581,False
2,17,1,0,0,0,0.0,False,0.969562,False
2,17,2,0,0,0,0.0,False,0.969543,False
2,17,3,0,0,0,0.0,False,0.969524,False
2,17,4,0,2,1,0.0,False,0.9695050000000001,False
2,17,5,1,3,1,0.0,False,0.969486,False
2,17,6,1,2,2,0.0,False,0.969467,False
2,17,7,2,2,3,0.0,False,0.969448,False
2,17,8,3,2,3,0.0,False,0.969429,False
2,17,9,3,1,7,0.0,False,0.96941,False
2,17,10,7,3,3,0.0,False,0.969391,False
2,17,11,3,3,3,0.0,False,0.969372,False
2,17,12,3,1,7,0.0,False,0.969353,False
2,17,13,7,3,3,0.0,False,0.969334,False
2,17,14,3,1,7,0.0,False,0.969315,False
2,17,15,7,3,3,0.0,False,0.969296,False
2,17,16,3,0,2,0.0,False,0.9692769999999999,False
2,17,17,2,0,1,0.0,False,0.969258,False
2,17,18,1,2,2,0.0,False,0.969239,False
2,17,19,2,2,3,0.0,False,0.96922,False
2,17,20,3,1,7,0.0,False,0.969201,False
2,17,21,7,1,11,0.0,True,0.969182,False
2,18,1,0,2,1,0.0,True,0.969163,False
2,19,1,0,1,4,0.0,False,0.969144,False
2,19,2,4,0,4,0.0,False,0.969125,False
2,19,3,4,3,0,0.0,False,0.969106,False
2,19,4,0,2,1,0.0,False,0.969087,False
2,19,5,1,1,5,0.0,False,0.969068,False
2,19,6,5,0,4,0.0,False,0.969049,False
2,19,7,4,2,5,0.0,False,0.9690300000000001,False
2,19,8,5,3,1,0.0,False,0.969011,False
2,19,9,1,3,1,0.0,False,0.968992,False
2,19,10,1,3,1,0.0,False,0.968973,False
2,19,11,1,0,0,0.0,False,0.968954,False
2,19,12,0,0,0,0.0,False,0.968935,False
2,19,13,0,1,4,0.0,False,0.968916,False
2,19,14,4,2,5,0.0,False,0.968897,False
2,19,15,5,1,9,0.0,True,0.968878,False
2,20,1,0,0,0,0.0,False,0.968859,False
2,20,2,0,0,0,0.0,False,0.96884,False
2,20,3,0,2,1,0.0,False,0.968821,False
2,20,4,1,3,1,0.0,False,0.968802,False
2,20,5,1,3,1,0.0,False,0.968783,False
2,20,6,1,3,1,0.0,False,0.968764,False
2,20,7,1,0,0,0.0,False,0.968745,False
2,20,8,0,2,1,0.0,False,0.968726,False
2,20,9,1,3,1,0.0,False,0.968707,False
2,20,10,1,0,0,0.0,False,0.968688,False
2,20,11,0,1,4,0.0,True,0.968669,False
2,21,1,0,0,0,0.0,False,0.96865,False
2,21,2,0,2,1,0.0,False,0.968631,False
2,21,3,1,0,0,0.0,False,0.968612,False
2,21,4,0,0,0,0.0,False,0.968593,False
2,21,5,0,3,0,0.0,False,0.968574,False
2,21,6,0,2,1,0.0,False,0.968555,False
2,21,7,1,0,0,0.0,False,0.9685360000000001,False
2,21,8,0,1,4,0.0,False,0.968517,False
2,21,9,4,3,0,0.0,False,0.968498,False
2,21,10,0,1,4,0.0,False,0.968479,False
2,21,11,4,3,0,0.0,False,0.96846,False
2,21,12,0,3,0,0.0,False,0.968441,False
2,21,13,0,1,4,0.0,False,0.968422,False
2,21,14,4,1,8,0.0,False,0.968403,False
2,21,15,8,2,9,0.0,True,0.968384,False
2,22,1,0,3,0,0.0,False,0.968365,False
2,22,2,0,3,0,0.0,False,0.968346,False
2,22,3,0,2,1,0.0,False,0.968327,False
2,22,4,1,1,5,0.0,False,0.968308,False
2,22,5,5,1,9,0.0,False,0.968289,False
2,22,6,9,2,10,0.0,True,0.96827,False
2,23,1,0,3,0,0.0,False,0.968251,False
2,23,2,0,1,4,0.0,False,0.968232,False
2,23,3,4,0,4,0.0,False,0.968213,False
2,23,4,4,0,4,0.0,False,0.968194,False
2,23,5,4,2,5,0.0,False,0.968175,False
2,23,6,5,2,6,0.0,False,0.968156,False
2,23,7,6,0,5,0.0,False,0.968137,False
2,23,8,5,2,6,0.0,False,0.968118,False
2,23,9,6,3,2,0.0,False,0.968099,False
2,23,10,2,0,1,0.0,True,0.96808,False
2,24,1,0,3,0,0.0,False,0.9680610000000001,False
2,24,2,0,2,1,0.0,False,0.968042,False
2,24,3,1,2,2,0.0,True,0.968023,False
2,25,1,0,2,1,0.0,False,0.968004,False
2,25,2,1,2,2,0.0,False,0.967985,False
2,25,3,2,1,6,0.0,False,0.967966,False
2,25,4,6,0,5,0.0,False,0.967947,False
2,25,5,5,2,6,0.0,False,0.967928,False
2,25,6,6,1,10,0.0,False,0.967909,False
2,25,7,10,0,9,0.0,False,0.96789,False
2,25,8,9,1,13,0.0,True,0.967871,False
2,26,1,0,2,1,0.0,False,0.967852,False
2,26,2,1,0,0,0.0,False,0.9678329999999999,False
2,26,3,0,2,1,0.0,False,0.967814,False
2,26,4,1,0,0,0.0,False,0.967795,False
2,26,5,0,0,0,0.0,False,0.967776,False
2,26,6,0,1,4,0.0,True,0.967757,False
2,27,1,0,0,0,0.0,False,0.967738,False
2,27,2,0,0,0,0.0,False,0.967719,False
2,27,3,0,0,0,0.0,False,0.9677,False
2,27,4,0,3,0,0.0,False,0.967681,False
2,27,5,0,3,0,0.0,False,0.967662,False
2,27,6,0,0,0,0.0,False,0.967643,False
2,27,7,0,1,4,0.0,False,0.967624,False
2,27,8,4,2,5,0.0,False,0.967605,False
2,27,9,5,1,9,0.0,False,0.9675860000000001,False
2,27,10,9,3,5,0.0,False,0.967567,False
2,27,11,5,1,9,0.0,False,0.967548,False
2,27,12,9,3,5,0.0,False,0.967529,False
2,27,13,5,3,1,0.0,False,0.96751,False
2,27,14,1,3,1,0.0,False,0.967491,False
2,27,15,1,0,0,0.0,False,0.967472,False
2,27,16,0,1,4,0.0,False,0.967453,False
2,27,17,4,3,0,0.0,False,0.967434,False
2,27,18,0,1,4,0.0,False,0.967415,False
2,27,19,4,3,0,0.0,False,0.967396,False
2,27,20,0,1,4,0.0,False,0.967377,False
2,27,21,4,0,4,0.0,False,0.967358,False
2,27,22,4,2,5,0.0,False,0.967339,False
2,27,23,5,2,6,0.0,False,0.96732,False
2,27,24,6,2,7,0.0,False,0.967301,False
2,27,25,7,1,11,0.0,False,0.967282,False
2,27,26,11,1,15,1.0,True,0.967263,False
2,28,1,0,0,0,0.0,False,0.967244,False
2,28,2,0,0,0,0.0,False,0.967225,False
2,28,3,0,0,0,0.0,False,0.967206,False
2,28,4,0,2,1,0.0,False,0.967187,False
2,28,5,1,0,0,0.0,False,0.967168,False
2,28,6,0,2,1,0.0,False,0.967149,False
2,28,7,1,2,2,0.0,True,0.96713,False
2,29,1,0,1,4,0.0,False,0.967111,False
2,29,2,4,3,0,0.0,False,0.9670920000000001,False
2,29,3,0,3,0,0.0,False,0.967073,False
2,29,4,0,1,4,0.0,False,0.967054,False
2,29,5,4,1,8,0.0,True,0.967035,False
2,30,1,0,3,0,0.0,False,0.967016,False
2,30,2,0,1,4,0.0,False,0.966997,False
2,30,3,4,0,4,0.0,False,0.966978,False
2,30,4,4,3,0,0.0,False,0.966959,False
2,30,5,0,2,1,0.0,True,0.96694,False
2,31,1,0,1,4,0.0,False,0.966921,False
2,31,2,4,1,8,0.0,False,0.966902,False
2,31,3,8,0,8,0.0,False,0.966883,False
2,31,4,8,2,9,0.0,False,0.966864,False
2,31,5,9,0,8,0.0,False,0.966845,False
2,31,6,8,1,12,0.0,False,0.966826,False
2,31,7,12,1,12,0.0,False,0.966807,False
2,31,8,12,2,13,0.0,False,0.966788,False
2,31,9,13,3,9,0.0,False,0.966769,False
2,31,10,9,0,8,0.0,False,0.96675,False
2,31,11,8,3,4,0.0,False,0.966731,False
2,31,12,4,2,5,0.0,False,0.966712,False
2,31,13,5,2,6,0.0,False,0.966693,False
2,31,14,6,2,7,0.0,True,0.966674,False
2,32,1,0,3,0,0.0,False,0.966655,False
2,32,2,0,2,1,0.0,False,0.966636,False
2,32,3,1,2,2,0.0,False,0.9666170000000001,False
2,32,4,2,3,2,0.0,False,0.966598,False
2,32,5,2,2,3,0.0,False,0.966579,False
2,32,6,3,1,7,0.0,False,0.96656,False
2,32,7,7,0,6,0.0,False,0.966541,False
2,32,8,6,2,7,0.0,False,0.966522,False
2,32,9,7,2,7,0.0,False,0.966503,False
2,32,10,7,2,7,0.0,False,0.966484,False
2,32,11,7,2,7,0.0,False,0.966465,False
2,32,12,7,0,6,0.0,False,0.966446,False
2,32,13,6,2,7,0.0,False,0.966427,False
2,32,14,7,2,7,0.0,False,0.966408,False
2,32,15,7,0,6,0.0,False,0.9663889999999999,False
2,32,16,6,2,7,0.0,False,0.96637,False
2,32,17,7,0,6,0.0,False,0.966351,False
2,32,18,6,0,5,0.0,False,0.966332,False
2,32,19,5,2,6,0.0,False,0.966313,False
2,32,20,6,0,5,0.0,False,0.966294,False
2,32,21,5,3,1,0.0,False,0.966275,False
2,32,22,1,1,5,0.0,False,0.966256,False
2,32,23,5,0,4,0.0,False,0.966237,False
2,32,24,4,0,4,0.0,False,0.966218,False
2,32,25,4,0,4,0.0,False,0.966199,False
2,32,26,4,2,5,0.0,False,0.96618,False
2,32,27,5,0,4,0.0,False,0.966161,False
2,32,28,4,2,5,0.0,False,0.9661420000000001,False
2,32,29,5,1,9,0.0,True,0.966123,False
2,33,1,0,0,0,0.0,False,0.966104,False
2,33,2,0,0,0,0.0,False,0.966085,False
2,33,3,0,3,0,0.0,False,0.966066,False
2,33,4,0,3,0,0.0,False,0.966047,False
2,33,5,0,3,0,0.0,False,0.966028,False
2,33,6,0,0,0,0.0,False,0.966009,False
2,33,7,0,3,0,0.0,False,0.96599,False
2,33,8,0,1,4,0.0,True,0.965971,False
2,34,1,0,0,0,0.0,False,0.965952,False
2,34,2,0,2,1,0.0,False,0.965933,False
2,34,3,1,0,0,0.0,False,0.965914,False
2,34,4,0,1,4,0.0,False,0.965895,False
2,34,5,4,2,5,0.0,False,0.965876,False
2,34,6,5,1,9,0.0,False,0.965857,False
2,34,7,9,1,13,0.0,False,0.965838,False
2,34,8,13,1,13,0.0,False,0.965819,False
2,34,9,13,1,13,0.0,False,0.9658,False
2,34,10,13,0,12,0.0,True,0.965781,False
2,35,1,0,1,4,0.0,False,0.965762,False
2,35,2,4,1,8,0.0,True,0.965743,False
2,36,1,0,0,0,0.0,False,0.965724,False
2,36,2,0,3,0,0.0,False,0.965705,False
2,36,3,0,1,4,0.0,False,0.965686,False
2,36,4,4,3,0,0.0,False,0.965667,False
2,36,5,0,3,0,0.0,False,0.9656480000000001,False
2,36,6,0,3,0,0.0,False,0.965629,False
2,36,7,0,3,0,0.0,False,0.96561,False
2,36,8,0,0,0,0.0,False,0.965591,False
2,36,9,0,2,1,0.0,False,0.965572,False
2,36,10,1,1,5,0.0,False,0.965553,False
2,36,11,5,2,6,0.0,False,0.965534,False
2,36,12,6,0,5,0.0,False,0.965515,False
2,36,13,5,2,6,0.0,False,0.965496,False
2,36,14,6,3,2,0.0,True,0.965477,False
2,37,1,0,3,0,0.0,False,0.965458,False
2,37,2,0,2,1,0.0,False,0.965439,False
2,37,3,1,0,0,0.0,False,0.96542,False
2,37,4,0,0,0,0.0,False,0.965401,False
2,37,5,0,0,0,0.0,False,0.965382,False
2,37,6,0,3,0,0.0,False,0.965363,False
2,37,7,0,0,0,0.0,False,0.965344,False
2,37,8,0,0,0,0.0,False,0.965325,False
2,37,9,0,3,0,0.0,False,0.965306,False
2,37,10,0,0,0,0.0,False,0.965287,False
2,37,11,0,1,4,0.0,False,0.965268,False
2,37,12,4,0,4,0.0,False,0.965249,False
2,37,13,4,2,5,0.0,False,0.96523,False
2,37,14,5,3,1,0.0,False,0.965211,False
2,37,15,1,0,0,0.0,False,0.965192,False
2,37,16,0,3,0,0.0,False,0.9651730000000001,False
2,37,17,0,0,0,0.0,False,0.965154,False
2,37,18,0,2,1,0.0,False,0.965135,False
2,37,19,1,1,5,0.0,False,0.965116,False
2,37,20,5,2,6,0.0,False,0.965097,False
2,37,21,6,2,7,0.0,False,0.965078,False
2,37,22,7,1,11,0.0,False,0.965059,False
2,37,23,11,2,11,0.0,False,0.96504,False
2,37,24,11,2,11,0.0,False,0.965021,False
2,37,25,11,0,10,0.0,True,0.965002,False
2,38,1,0,3,0,0.0,False,0.964983,False
2,38,2,0,3,0,0.0,False,0.964964,False
2,38,3,0,0,0,0.0,False,0.9649449999999999,False
2,38,4,0,3,0,0.0,False,0.964926,False
2,38,5,0,1,4,0.0,False,0.964907,False
2,38,6,4,2,5,0.0,False,0.964888,False
2,38,7,5,1,9,0.0,False,0.964869,False
2,38,8,9,0,8,0.0,True,0.96485,False
2,39,1,0,3,0,0.0,False,0.964831,False
2,39,2,0,2,1,0.0,False,0.964812,False
2,39,3,1,0,0,0.0,False,0.964793,False
2,39,4,0,2,1,0.0,False,0.964774,False
2,39,5,1,3,1,0.0,False,0.964755,False
2,39,6,1,0,0,0.0,False,0.964736,False
2,39,7,0,1,4,0.0,False,0.964717,False
2,39,8,4,1,8,0.0,False,0.964698,False
2,39,9,8,1,12,0.0,True,0.964679,False
2,40,1,0,0,0,0.0,False,0.96466,False
2,40,2,0,2,1,0.0,False,0.964641,False
2,40,3,1,0,0,0.0,False,0.964622,False
2,40,4,0,0,0,0.0,False,0.964603,False
2,40,5,0,0,0,0.0,False,0.964584,False
2,40,6,0,2,1,0.0,False,0.964565,False
2,40,7,1,2,2,0.0,False,0.964546,False
2,40,8,2,3,2,0.0,False,0.964527,False
2,40,9,2,3,2,0.0,False,0.964508,False
2,40,10,2,3,2,0.0,False,0.964489,False
2,40,11,2,0,1,0.0,False,0.96447,False
2,40,12,1,1,5,0.0,False,0.964451,False
2,40,13,5,3,1,0.0,False,0.964432,False
2,40,14,1,0,0,0.0,False,0.964413,False
2,40,15,0,2,1,0.0,False,0.964394,False
2,40,16,1,1,5,0.0,False,0.964375,False
2,40,17,5,1,9,0.0,True,0.964356,False
2,41,1,0,2,1,0.0,False,0.964337,False
2,41,2,1,0,0,0.0,False,0.964318,False
2,41,3,0,2,1,0.0,False,0.964299,False
2,41,4,1,3,1,0.0,False,0.96428,False
2,41,5,1,0,0,0.0,False,0.964261,False
2,41,6,0,0,0,0.0,False,0.964242,False
2,41,7,0,1,4,0.0,False,0.964223,False
2,41,8,4,2,5,0.0,False,0.9642040000000001,False
2,41,9,5,2,6,0.0,False,0.964185,False
2,41,10,6,2,7,0.0,False,0.964166,False
2,41,11,7,1,11,0.0,False,0.964147,False
2,41,12,11,1,15,1.0,True,0.964128,False
2,42,1,0,0,0,0.0,False,0.964109,False
2,42,2,0,0,0,0.0,False,0.96409,False
2,42,3,0,3,0,0.0,False,0.964071,False
2,42,4,0,2,1,0.0,False,0.964052,False
2,42,5,1,1,5,0.0,False,0.964033,False
2,42,6,5,1,9,0.0,True,0.964014,False
2,43,1,0,3,0,0.0,False,0.963995,False
2,43,2,0,0,0,0.0,False,0.9639759999999999,False
2,43,3,0,0,0,0.0,False,0.963957,False
2,43,4,0,0,0,0.0,False,0.963938,False
2,43,5,0,3,0,0.0,False,0.963919,False
2,43,6,0,3,0,0.0,False,0.9639,False
2,43,7,0,0,0,0.0,False,0.963881,False
2,43,8,0,0,0,0.0,False,0.963862,False
2,43,9,0,0,0,0.0,False,0.963843,False
2,43,10,0,2,1,0.0,False,0.963824,False
2,43,11,1,0,0,0.0,False,0.963805,False
2,43,12,0,2,1,0.0,False,0.963786,False
2,43,13,1,2,2,0.0,False,0.963767,False
2,43,14,2,0,1,0.0,False,0.963748,False
2,43,15,1,3,1,0.0,False,0.9637290000000001,False
2,43,16,1,0,0,0.0,False,0.96371,False
2,43,17,0,3,0,0.0,False,0.963691,False
2,43,18,0,0,0,0.0,False,0.963672,False
2,43,19,0,0,0,0.0,False,0.963653,False
2,43,20,0,0,0,0.0,False,0.963634,False
2,43,21,0,2,1,0.0,False,0.963615,False
2,43,22,1,0,0,0.0,False,0.963596,False
2,43,23,0,0,0,0.0,False,0.963577,False
2,43,24,0,1,4,0.0,False,0.963558,False
2,43,25,4,0,4,0.0,False,0.963539,False
2,43,26,4,0,4,0.0,False,0.96352,False
2,43,27,4,3,0,0.0,False,0.9635009999999999,False
2,43,28,0,2,1,0.0,False,0.963482,False
2,43,29,1,2,2,0.0,False,0.963463,False
2,43,30,2,3,2,0.0,False,0.963444,False
2,43,31,2,2,3,0.0,False,0.963425,False
2,43,32,3,3,3,0.0,False,0.963406,False
2,43,33,3,1,7,0.0,False,0.963387,False
2,43,34,7,1,11,0.0,False,0.963368,False
2,43,35,11,1,15,1.0,True,0.963349,False
2,44,1,0,0,0,0.0,False,0.96333,False
2,44,2,0,3,0,0.0,False,0.963311,False
2,44,3,0,2,1,0.0,False,0.963292,False
2,44,4,1,1,5,0.0,False,0.963273,False
2,44,5,5,3,1,0.0,False,0.963254,False
2,44,6,1,2,2,0.0,False,0.963235,False
2,44,7,2,2,3,0.0,False,0.963216,False
2,44,8,3,2,3,0.0,False,0.963197,False
2,44,9,3,0,2,0.0,False,0.963178,False
2,44,10,2,0,1,0.0,False,0.963159,False
2,44,11,1,1,5,0.0,False,0.96314,False
2,44,12,5,1,9,0.0,False,0.963121,False
2,44,13,9,2,10,0.0,False,0.963102,False
2,44,14,10,3,6,0.0,True,0.963083,False
2,45,1,0,0,0,0.0,False,0.963064,False
2,45,2,0,0,0,0.0,False,0.963045,False
2,45,3,0,0,0,0.0,False,0.963026,False
2,45,4,0,3,0,0.0,False,0.963007,False
2,45,5,0,0,0,0.0,False,0.962988,False
2,45,6,0,3,0,0.0,False,0.962969,False
2,45,7,0,1,4,0.0,False,0.96295,False
2,45,8,4,3,0,0.0,False,0.962931,False
2,45,9,0,2,1,0.0,True,0.962912,False
2,46,1,0,3,0,0.0,False,0.962893,False
2,46,2,0,0,0,0.0,False,0.962874,False
2,46,3,0,2,1,0.0,False,0.962855,False
2,46,4,1,0,0,0.0,False,0.962836,False
2,46,5,0,2,1,0.0,False,0.962817,False
2,46,6,1,1,5,0.0,True,0.962798,False
2,47,1,0,0,0,0.0,False,0.962779,False
2,47,2,0,2,1,0.0,True,0.9627600000000001,False
2,48,1,0,1,4,0.0,True,0.962741,False
2,49,1,0,2,1,0.0,False,0.962722,False
2,49,2,1,2,2,0.0,False,0.962703,False
2,49,3,2,1,6,0.0,True,0.962684,False
2,50,1,0,0,0,0.0,False,0.962665,False
2,50,2,0,3,0,0.0,False,0.962646,False
2,50,3,0,2,1,0.0,False,0.962627,False
2,50,4,1,3,1,0.0,False,0.962608,False
2,50,5,1,2,2,0.0,False,0.962589,False
2,50,6,2,0,1,0.0,False,0.96257,False
2,50,7,1,1,5,0.0,False,0.962551,False
2,50,8,5,0,4,0.0,False,0.9625319999999999,False
2,50,9,4,3,0,0.0,False,0.962513,False
2,50,10,0,2,1,0.0,False,0.962494,False
2,50,11,1,1,5,0.0,False,0.962475,False
2,50,12,5,2,6,0.0,True,0.962456,False
2,51,1,0,3,0,0.0,False,0.962437,False
2,51,2,0,0,0,0.0,False,0.962418,False
2,51,3,0,1,4,0.0,False,0.962399,False
2,51,4,4,3,0,0.0,False,0.96238,False
2,51,5,0,1,4,0.0,False,0.962361,False
2,51,6,4,2,5,0.0,False,0.962342,False
2,51,7,5,0,4,0.0,False,0.962323,False
2,51,8,4,0,4,0.0,False,0.962304,False
2,51,9,4,0,4,0.0,False,0.9622850000000001,False
2,51,10,4,0,4,0.0,False,0.962266,False
2,51,11,4,3,0,0.0,False,0.962247,False
2,51,12,0,0,0,0.0,False,0.962228,False
2,51,13,0,2,1,0.0,True,0.962209,False
2,52,1,0,3,0,0.0,False,0.96219,False
2,52,2,0,2,1,0.0,False,0.962171,False
2,52,3,1,0,0,0.0,False,0.962152,False
2,52,4,0,2,1,0.0,False,0.962133,False
2,52,5,1,3,1,0.0,False,0.962114,False
2,52,6,1,1,5,0.0,True,0.962095,False
2,53,1,0,2,1,0.0,True,0.962076,False
2,54,1,0,3,0,0.0,False,0.9620569999999999,False
2,54,2,0,0,0,0.0,False,0.962038,False
2,54,3,0,0,0,0.0,False,0.962019,False
2,54,4,0,3,0,0.0,False,0.962,False
2,54,5,0,0,0,0.0,False,0.961981,False
2,54,6,0,0,0,0.0,False,0.961962,False
2,54,7,0,3,0,0.0,False,0.961943,False
2,54,8,0,0,0,0.0,False,0.961924,False
2,54,9,0,3,0,0.0,False,0.961905,False
2,54,10,0,0,0,0.0,False,0.961886,False
2,54,11,0,1,4,0.0,True,0.961867,False
2,55,1,0,3,0,0.0,False,0.961848,False
2,55,2,0,2,1,0.0,False,0.961829,False
2,55,3,1,3,1,0.0,False,0.96181,False
2,55,4,1,3,1,0.0,False,0.961791,False
2,55,5,1,3,1,0.0,False,0.961772,False
2,55,6,1,0,0,0.0,False,0.961753,False
2,55,7,0,2,1,0.0,False,0.961734,False
2,55,8,1,2,2,0.0,False,0.961715,False
2,55,9,2,3,2,0.0,False,0.961696,False
2,55,10,2,1,6,0.0,True,0.961677,False
2,56,1,0,3,0,0.0,False,0.961658,False
2,56,2,0,3,0,0.0,False,0.961639,False
2,56,3,0,3,0,0.0,False,0.96162,False
2,56,4,0,2,1,0.0,False,0.961601,False
2,56,5,1,3,1,0.0,False,0.961582,False
2,56,6,1,0,0,0.0,False,0.961563,False
2,56,7,0,3,0,0.0,False,0.961544,False
2,56,8,0,1,4,0.0,False,0.961525,False
2,56,9,4,0,4,0.0,False,0.961506,False
2,56,10,4,3,0,0.0,False,0.961487,False
2,56,11,0,1,4,0.0,False,0.961468,False
2,56,12,4,1,8,0.0,False,0.961449,False
2,56,13,8,2,9,0.0,False,0.96143,False
2,56,14,9,0,8,0.0,False,0.961411,False
2,56,15,8,2,9,0.0,False,0.961392,False
2,56,16,9,1,13,0.0,True,0.961373,False
2,57,1,0,3,0,0.0,False,0.961354,False
2,57,2,0,3,0,0.0,False,0.961335,False
2,57,3,0,1,4,0.0,False,0.9613160000000001,False
2,57,4,4,2,5,0.0,False,0.961297,False
2,57,5,5,0,4,0.0,False,0.961278,False
2,57,6,4,1,8,0.0,False,0.961259,False
2,57,7,8,0,8,0.0,False,0.96124,False
2,57,8,8,1,12,0.0,True,0.961221,False
2,58,1,0,1,4,0.0,False,0.961202,False
2,58,2,4,1,8,0.0,False,0.961183,False
2,58,3,8,0,8,0.0,False,0.961164,False
2,58,4,8,0,8,0.0,False,0.961145,False
2,58,5,8,2,9,0.0,True,0.961126,False
2,59,1,0,1,4,0.0,False,0.961107,False
2,59,2,4,3,0,0.0,False,0.9610879999999999,False
2,59,3,0,3,0,0.0,False,0.961069,False
2,59,4,0,1,4,0.0,False,0.96105,False
2,59,5,4,2,5,0.0,False,0.961031,False
2,59,6,5,0,4,0.0,False,0.961012,False
2,59,7,4,3,0,0.0,False,0.960993,False
2,59,8,0,1,4,0.0,False,0.960974,False
2,59,9,4,2,5,0.0,False,0.960955,False
2,59,10,5,2,6,0.0,False,0.960936,False
2,59,11,6,0,5,0.0,False,0.960917,False
2,59,12,5,2,6,0.0,False,0.960898,False
2,59,13,6,2,7,0.0,False,0.960879,False
2,59,14,7,0,6,0.0,False,0.96086,False
2,59,15,6,1,10,0.0,False,0.9608410000000001,False
2,59,16,10,3,6,0.0,False,0.960822,False
2,59,17,6,1,10,0.0,False,0.960803,False
2,59,18,10,0,9,0.0,True,0.960784,False
2,60,1,0,0,0,0.0,False,0.960765,False
2,60,2,0,2,1,0.0,True,0.960746,False
2,61,1,0,2,1,0.0,False,0.960727,False
2,61,2,1,2,2,0.0,False,0.960708,False
2,61,3,2,3,2,0.0,False,0.960689,False
2,61,4,2,0,1,0.0,False,0.96067,False
2,61,5,1,0,0,0.0,False,0.960651,False
2,61,6,0,3,0,0.0,False,0.960632,False
2,61,7,0,0,0,0.0,False,0.960613,False
2,61,8,0,0,0,0.0,False,0.960594,False
2,61,9,0,0,0,0.0,False,0.960575,False
2,61,10,0,1,4,0.0,False,0.960556,False
2,61,11,4,1,8,0.0,False,0.960537,False
2,61,12,8,1,12,0.0,False,0.960518,False
2,61,13,12,1,12,0.0,False,0.960499,False
2,61,14,12,1,12,0.0,False,0.96048,False
2,61,15,12,2,13,0.0,False,0.960461,False
2,61,16,13,0,12,0.0,False,0.960442,False
2,61,17,12,2,13,0.0,False,0.960423,False
2,61,18,13,2,14,0.0,True,0.960404,False
2,62,1,0,1,4,0.0,False,0.960385,False
2,62,2,4,1,8,0.0,False,0.960366,False
2,62,3,8,2,9,0.0,False,0.960347,False
2,62,4,9,1,13,0.0,False,0.960328,False
2,62,5,13,0,12,0.0,True,0.960309,False
2,63,1,0,0,0,0.0,False,0.96029,False
2,63,2,0,2,1,0.0,False,0.960271,False
2,63,3,1,2,2,0.0,False,0.960252,False
2,63,4,2,0,1,0.0,False,0.960233,False
2,63,5,1,0,0,0.0,False,0.960214,False
2,63,6,0,1,4,0.0,False,0.960195,False
2,63,7,4,0,4,0.0,False,0.960176,False
2,63,8,4,1,8,0.0,True,0.960157,False
2,64,1,0,2,1,0.0,False,0.960138,False
2,64,2,1,1,5,0.0,True,0.960119,False
2,65,1,0,1,4,0.0,False,0.9601,False
2,65,2,4,2,5,0.0,True,0.960081,False
2,66,1,0,2,1,0.0,False,0.960062,False
2,66,2,1,3,1,0.0,False,0.960043,False
2,66,3,1,1,5,0.0,True,0.960024,False
2,67,1,0,2,1,0.0,False,0.960005,False
2,67,2,1,1,5,0.0,False,0.959986,False
2,67,3,5,1,9,0.0,False,0.959967,False
2,67,4,9,0,8,0.0,True,0.959948,False
2,68,1,0,2,1,0.0,False,0.959929,False
2,68,2,1,0,0,0.0,False,0.95991,False
2,68,3,0,0,0,0.0,False,0.959891,False
2,68,4,0,0,0,0.0,False,0.9598720000000001,False
2,68,5,0,2,1,0.0,False,0.959853,False
2,68,6,1,0,0,0.0,False,0.959834,False
2,68,7,0,2,1,0.0,False,0.959815,False
2,68,8,1,1,5,0.0,True,0.959796,False
2,69,1,0,1,4,0.0,False,0.959777,False
2,69,2,4,0,4,0.0,False,0.959758,False
2,69,3,4,1,8,0.0,False,0.959739,False
2,69,4,8,1,12,0.0,True,0.95972,False
2,70,1,0,1,4,0.0,False,0.959701,False
2,70,2,4,3,0,0.0,False,0.959682,False
2,70,3,0,2,1,0.0,False,0.959663,False
2,70,4,1,1,5,0.0,True,0.959644,False
2,71,1,0,3,0,0.0,False,0.959625,False
2,71,2,0,2,1,0.0,False,0.959606,False
2,71,3,1,1,5,0.0,False,0.959587,False
2,71,4,5,0,4,0.0,False,0.959568,False
2,71,5,4,0,4,0.0,False,0.959549,False
2,71,6,4,0,4,0.0,False,0.95953,False
2,71,7,4,3,0,0.0,False,0.959511,False
2,71,8,0,2,1,0.0,False,0.959492,False
2,71,9,1,2,2,0.0,False,0.959473,False
2,71,10,2,2,3,0.0,True,0.959454,False
2,72,1,0,0,0,0.0,False,0.959435,False
2,72,2,0,3,0,0.0,False,0.959416,False
2,72,3,0,1,4,0.0,False,0.959397,False
2,72,4,4,0,4,0.0,False,0.959378,False
2,72,5,4,1,8,0.0,False,0.959359,False
2,72,6,8,0,8,0.0,False,0.95934,False
2,72,7,8,1,12,0.0,False,0.959321,False
2,72,8,12,3,8,0.0,False,0.959302,False
2,72,9,8,1,12,0.0,False,0.959283,False
2,72,10,12,1,12,0.0,False,0.959264,False
2,72,11,12,3,8,0.0,False,0.959245,False
2,72,12,8,0,8,0.0,False,0.959226,False
2,72,13,8,1,12,0.0,False,0.959207,False
2,72,14,12,2,13,0.0,False,0.959188,False
2,72,15,13,0,12,0.0,False,0.959169,False
2,72,16,12,1,12,0.0,False,0.95915,False
2,72,17,12,3,8,0.0,False,0.959131,False
2,72,18,8,2,9,0.0,True,0.959112,False
2,73,1,0,2,1,0.0,False,0.959093,False
2,73,2,1,0,0,0.0,False,0.959074,False
2,73,3,0,2,1,0.0,False,0.959055,False
2,73,4,1,1,5,0.0,True,0.959036,False
2,74,1,0,3,0,0.0,False,0.959017,False
2,74,2,0,0,0,0.0,False,0.958998,False
2,74,3,0,0,0,0.0,False,0.958979,False
2,74,4,0,1,4,0.0,False,0.95896,False
2,74,5,4,1,8,0.0,False,0.958941,False
2,74,6,8,0,8,0.0,False,0.958922,False
2,74,7,8,1,12,0.0,False,0.9589030000000001,False
2,74,8,12,1,12,0.0,False,0.958884,False
2,74,9,12,1,12,0.0,False,0.958865,False
2,74,10,12,3,8,0.0,False,0.958846,False
2,74,11,8,1,12,0.0,False,0.958827,False
2,74,12,12,3,8,0.0,False,0.958808,False
2,74,13,8,2,9,0.0,False,0.958789,False
2,74,14,9,1,13,0.0,False,0.95877,False
2,74,15,13,1,13,0.0,False,0.958751,False
2,74,16,13,3,9,0.0,False,0.958732,False
2,74,17,9,2,10,0.0,False,0.958713,False
2,74,18,10,2,11,0.0,False,0.958694,False
2,74,19,11,0,10,0.0,False,0.958675,False
2,74,20,10,1,14,0.0,True,0.958656,False
2,75,1,0,1,4,0.0,False,0.958637,False
2,75,2,4,1,8,0.0,False,0.958618,False
2,75,3,8,0,8,0.0,False,0.958599,False
2,75,4,8,1,12,0.0,False,0.95858,False
2,75,5,12,2,13,0.0,False,0.958561,False
2,75,6,13,0,12,0.0,False,0.958542,False
2,75,7,12,0,12,0.0,False,0.958523,False
2,75,8,12,3,8,0.0,False,0.958504,False
2,75,9,8,0,8,0.0,False,0.958485,False
2,75,10,8,0,8,0.0,False,0.958466,False
2,75,11,8,0,8,0.0,False,0.958447,False
2,75,12,8,1,12,0.0,False,0.9584280000000001,False
2,75,13,12,0,12,0.0,False,0.958409,False
2,75,14,12,1,12,0.0,False,0.95839,False
2,75,15,12,0,12,0.0,False,0.958371,False
2,75,16,12,2,13,0.0,False,0.958352,False
2,75,17,13,0,12,0.0,False,0.958333,False
2,75,18,12,1,12,0.0,False,0.958314,False
2,75,19,12,0,12,0.0,False,0.958295,False
2,75,20,12,0,12,0.0,False,0.958276,False
2,75,21,12,0,12,0.0,False,0.958257,False
2,75,22,12,1,12,0.0,False,0.958238,False
2,75,23,12,2,13,0.0,False,0.958219,False
2,75,24,13,1,13,0.0,False,0.9582,False
2,75,25,13,1,13,0.0,False,0.958181,False
2,75,26,13,2,14,0.0,False,0.958162,False
2,75,27,14,0,13,0.0,False,0.958143,False
2,75,28,13,2,14,0.0,False,0.958124,False
2,75,29,14,1,14,0.0,False,0.958105,False
2,75,30,14,1,14,0.0,False,0.958086,False
2,75,31,14,3,10,0.0,False,0.958067,False
2,75,32,10,3,6,0.0,False,0.958048,False
2,75,33,6,3,2,0.0,False,0.958029,False
2,75,34,2,3,2,0.0,False,0.95801,False
2,75,35,2,1,6,0.0,False,0.957991,False
2,75,36,6,0,5,0.0,True,0.957972,False
2,76,1,0,1,4,0.0,False,0.957953,False
2,76,2,4,0,4,0.0,False,0.957934,False
2,76,3,4,2,5,0.0,False,0.957915,False
2,76,4,5,0,4,0.0,False,0.957896,False
2,76,5,4,0,4,0.0,False,0.957877,False
2,76,6,4,2,5,0.0,False,0.957858,False
2,76,7,5,3,1,0.0,False,0.957839,False
2,76,8,1,2,2,0.0,False,0.95782,False
2,76,9,2,2,3,0.0,False,0.957801,False
2,76,10,3,2,3,0.0,False,0.957782,False
2,76,11,3,2,3,0.0,False,0.957763,False
2,76,12,3,1,7,0.0,False,0.957744,False
2,76,13,7,1,11,0.0,False,0.957725,False
2,76,14,11,0,10,0.0,False,0.957706,False
2,76,15,10,3,6,0.0,False,0.957687,False
2,76,16,6,3,2,0.0,False,0.957668,False
2,76,17,2,0,1,0.0,False,0.957649,False
2,76,18,1,0,0,0.0,False,0.95763,False
2,76,19,0,0,0,0.0,False,0.957611,False
2,76,20,0,1,4,0.0,False,0.957592,False
2,76,21,4,1,8,0.0,False,0.957573,False
2,76,22,8,2,9,0.0,False,0.957554,False
2,76,23,9,3,5,0.0,False,0.957535,False
2,76,24,5,2,6,0.0,False,0.957516,False
2,76,25,6,0,5,0.0,False,0.957497,False
2,76,26,5,1,9,0.0,False,0.957478,False
2,76,27,9,0,8,0.0,False,0.9574590000000001,False
2,76,28,8,2,9,0.0,False,0.95744,False
2,76,29,9,3,5,0.0,False,0.957421,False
2,76,30,5,1,9,0.0,False,0.957402,False
2,76,31,9,1,13,0.0,False,0.957383,False
2,76,32,13,3,9,0.0,False,0.957364,False
2,76,33,9,0,8,0.0,False,0.957345,False
2,76,34,8,3,4,0.0,False,0.957326,False
2,76,35,4,2,5,0.0,False,0.957307,False
2,76,36,5,0,4,0.0,False,0.957288,False
2,76,37,4,1,8,0.0,False,0.957269,False
2,76,38,8,1,12,0.0,False,0.95725,False
2,76,39,12,2,13,0.0,False,0.957231,False
2,76,40,13,1,13,0.0,False,0.957212,False
2,76,41,13,3,9,0.0,False,0.957193,False
2,76,42,9,2,10,0.0,False,0.957174,False
2,76,43,10,3,6,0.0,False,0.957155,False
2,76,44,6,1,10,0.0,False,0.957136,False
2,76,45,10,2,11,0.0,False,0.957117,False
2,76,46,11,2,11,0.0,False,0.957098,False
2,76,47,11,0,10,0.0,False,0.957079,False
2,76,48,10,3,6,0.0,False,0.95706,False
2,76,49,6,1,10,0.0,False,0.957041,False
2,76,50,10,2,11,0.0,False,0.957022,False
2,77,1,0,1,4,0.0,False,0.957003,False
2,77,2,4,0,4,0.0,False,0.9569840000000001,False
2,77,3,4,3,0,0.0,False,0.956965,False
2,77,4,0,2,1,0.0,False,0.956946,False
2,77,5,1,3,1,0.0,False,0.956927,False
2,77,6,1,3,1,0.0,False,0.956908,False
2,77,7,1,3,1,0.0,False,0.956889,False
2,77,8,1,0,0,0.0,False,0.95687,False
2,77,9,0,1,4,0.0,False,0.956851,False
2,77,10,4,3,0,0.0,False,0.956832,False
2,77,11,0,0,0,0.0,False,0.956813,False
2,77,12,0,1,4,0.0,False,0.956794,False
2,77,13,4,1,8,0.0,False,0.956775,False
2,77,14,8,1,12,0.0,True,0.956756,False
2,78,1,0,3,0,0.0,False,0.956737,False
2,78,2,0,2,1,0.0,False,0.956718,False
2,78,3,1,0,0,0.0,False,0.956699,False
2,78,4,0,1,4,0.0,False,0.95668,False
2,78,5,4,0,4,0.0,False,0.956661,False
2,78,6,4,3,0,0.0,False,0.956642,False
2,78,7,0,0,0,0.0,False,0.956623,False
2,78,8,0,3,0,0.0,False,0.956604,False
2,78,9,0,2,1,0.0,False,0.956585,False
2,78,10,1,0,0,0.0,False,0.956566,False
2,78,11,0,0,0,0.0,False,0.956547,False
2,78,12,0,2,1,0.0,False,0.956528,False
2,78,13,1,0,0,0.0,False,0.956509,False
2,78,14,0,2,1,0.0,False,0.95649,False
2,78,15,1,2,2,0.0,False,0.956471,False
2,78,16,2,1,6,0.0,False,0.956452,False
2,78,17,6,2,7,0.0,False,0.956433,False
2,78,18,7,0,6,0.0,False,0.956414,False
2,78,19,6,1,10,0.0,False,0.956395,False
2,78,20,10,3,6,0.0,False,0.956376,False
2,78,21,6,3,2,0.0,False,0.956357,False
2,78,22,2,2,3,0.0,True,0.956338,False
2,79,1,0,2,1,0.0,False,0.956319,False
2,79,2,1,2,2,0.0,False,0.9563,False
2,79,3,2,0,1,0.0,False,0.956281,False
2,79,4,1,2,2,0.0,False,0.956262,False
2,79,5,2,0,1,0.0,False,0.956243,False
2,79,6,1,2,2,0.0,False,0.956224,False
2,79,7,2,1,6,0.0,False,0.956205,False
2,79,8,6,0,5,0.0,False,0.956186,False
2,79,9,5,2,6,0.0,False,0.956167,False
2,79,10,6,2,7,0.0,True,0.956148,False
2,80,1,0,2,1,0.0,False,0.956129,False
2,80,2,1,2,2,0.0,False,0.95611,False
2,80,3,2,2,3,0.0,False,0.956091,False
2,80,4,3,1,7,0.0,True,0.956072,False
2,81,1,0,0,0,0.0,False,0.956053,False
2,81,2,0,1,4,0.0,False,0.956034,False
2,81,3,4,2,5,0.0,False,0.9560150000000001,False
2,81,4,5,0,4,0.0,False,0.955996,False
2,81,5,4,2,5,0.0,False,0.955977,False
2,81,6,5,3,1,0.0,False,0.955958,False
2,81,7,1,0,0,0.0,False,0.955939,False
2,81,8,0,2,1,0.0,False,0.95592,False
2,81,9,1,2,2,0.0,True,0.955901,False
2,82,1,0,3,0,0.0,False,0.955882,False
2,82,2,0,1,4,0.0,False,0.955863,False
2,82,3,4,3,0,0.0,False,0.955844,False
2,82,4,0,0,0,0.0,False,0.955825,False
2,82,5,0,3,0,0.0,False,0.955806,False
2,82,6,0,1,4,0.0,False,0.955787,False
2,82,7,4,0,4,0.0,False,0.955768,False
2,82,8,4,1,8,0.0,False,0.955749,False
2,82,9,8,3,4,0.0,False,0.95573,False
2,82,10,4,2,5,0.0,True,0.955711,False
2,83,1,0,3,0,0.0,False,0.955692,False
2,83,2,0,3,0,0.0,False,0.955673,False
2,83,3,0,0,0,0.0,False,0.955654,False
2,83,4,0,3,0,0.0,False,0.955635,False
2,83,5,0,0,0,0.0,False,0.955616,False
2,83,6,0,0,0,0.0,False,0.955597,False
2,83,7,0,1,4,0.0,False,0.955578,False
2,83,8,4,1,8,0.0,False,0.955559,False
2,83,9,8,3,4,0.0,False,0.9555400000000001,False
2,83,10,4,1,8,0.0,False,0.955521,False
2,83,11,8,0,8,0.0,False,0.955502,False
2,83,12,8,1,12,0.0,False,0.955483,False
2,83,13,12,3,8,0.0,False,0.955464,False
2,83,14,8,3,4,0.0,False,0.955445,False
2,83,15,4,2,5,0.0,False,0.955426,False
2,83,16,5,0,4,0.0,False,0.955407,False
2,83,17,4,1,8,0.0,False,0.955388,False
2,83,18,8,2,9,0.0,False,0.955369,False
2,83,19,9,3,5,0.0,False,0.95535,False
2,83,20,5,0,4,0.0,False,0.955331,False
2,83,21,4,1,8,0.0,False,0.955312,False
2,83,22,8,1,12,0.0,False,0.955293,False
2,83,23,12,2,13,0.0,False,0.955274,False
2,83,24,13,0,12,0.0,False,0.955255,False
2,83,25,12,2,13,0.0,False,0.955236,False
2,83,26,13,1,13,0.0,False,0.955217,False
2,83,27,13,2,14,0.0,False,0.955198,False
2,83,28,14,3,10,0.0,False,0.955179,False
2,83,29,10,3,6,0.0,True,0.95516,False
2,84,1,0,0,0,0.0,False,0.955141,False
2,84,2,0,2,1,0.0,False,0.955122,False
2,84,3,1,2,2,0.0,True,0.955103,False
2,85,1,0,1,4,0.0,True,0.955084,False
2,86,1,0,1,4,0.0,False,0.955065,False
2,86,2,4,1,8,0.0,False,0.955046,False
2,86,3,8,2,9,0.0,False,0.955027,False
2,86,4,9,2,10,0.0,False,0.955008,False
2,86,5,10,2,11,0.0,False,0.954989,False
2,86,6,11,3,7,0.0,False,0.95497,False
2,86,7,7,3,3,0.0,False,0.954951,False
2,86,8,3,2,3,0.0,False,0.954932,False
2,86,9,3,3,3,0.0,False,0.954913,False
2,86,10,3,3,3,0.0,False,0.954894,False
2,86,11,3,2,3,0.0,False,0.954875,False
2,86,12,3,3,3,0.0,False,0.954856,False
2,86,13,3,3,3,0.0,False,0.954837,False
2,86,14,3,3,3,0.0,False,0.9548180000000001,False
2,86,15,3,3,3,0.0,False,0.954799,False
2,86,16,3,3,3,0.0,False,0.95478,False
2,86,17,3,3,3,0.0,False,0.954761,False
2,86,18,3,2,3,0.0,False,0.954742,False
2,86,19,3,2,3,0.0,False,0.954723,False
2,86,20,3,3,3,0.0,False,0.954704,False
2,86,21,3,1,7,0.0,False,0.954685,False
2,86,22,7,1,11,0.0,False,0.954666,False
2,86,23,11,3,7,0.0,False,0.954647,False
2,86,24,7,2,7,0.0,False,0.954628,False
2,86,25,7,3,3,0.0,False,0.954609,False
2,86,26,3,0,2,0.0,False,0.95459,False
2,86,27,2,2,3,0.0,False,0.9545710000000001,False
2,86,28,3,0,2,0.0,False,0.954552,False
2,86,29,2,0,1,0.0,False,0.954533,False
2,86,30,1,0,0,0.0,False,0.954514,False
2,86,31,0,0,0,0.0,False,0.954495,False
2,86,32,0,2,1,0.0,False,0.954476,False
2,86,33,1,1,5,0.0,False,0.954457,False
2,86,34,5,1,9,0.0,False,0.954438,False
2,86,35,9,2,10,0.0,False,0.954419,False
2,86,36,10,0,9,0.0,False,0.9544,False
2,86,37,9,1,13,0.0,False,0.954381,False
2,86,38,13,3,9,0.0,False,0.954362,False
2,86,39,9,0,8,0.0,False,0.954343,False
2,86,40,8,3,4,0.0,False,0.954324,False
2,86,41,4,3,0,0.0,False,0.954305,False
2,86,42,0,2,1,0.0,False,0.954286,False
2,86,43,1,0,0,0.0,False,0.954267,False
2,86,44,0,1,4,0.0,False,0.954248,False
2,86,45,4,2,5,0.0,False,0.954229,False
2,86,46,5,0,4,0.0,False,0.95421,False
2,86,47,4,3,0,0.0,False,0.954191,False
2,86,48,0,0,0,0.0,False,0.954172,False
2,86,49,0,1,4,0.0,False,0.954153,False
2,86,50,4,0,4,0.0,False,0.954134,False
2,87,1,0,1,4,0.0,False,0.954115,False
2,87,2,4,3,0,0.0,False,0.954096,False
2,87,3,0,2,1,0.0,False,0.954077,False
2,87,4,1,0,0,0.0,False,0.954058,False
2,87,5,0,1,4,0.0,False,0.954039,False
2,87,6,4,3,0,0.0,False,0.95402,False
2,87,7,0,1,4,0.0,False,0.954001,False
2,87,8,4,2,5,0.0,False,0.953982,False
2,87,9,5,1,9,0.0,False,0.953963,False
2,87,10,9,3,5,0.0,False,0.953944,False
2,87,11,5,3,1,0.0,False,0.953925,False
2,87,12,1,1,5,0.0,False,0.953906,False
2,87,13,5,1,9,0.0,False,0.953887,False
2,87,14,9,1,13,0.0,False,0.953868,False
2,87,15,13,2,14,0.0,False,0.953849,False
2,87,16,14,2,15,1.0,True,0.95383,False
2,88,1,0,2,1,0.0,False,0.953811,False
2,88,2,1,3,1,0.0,False,0.953792,False
2,88,3,1,0,0,0.0,False,0.953773,False
2,88,4,0,0,0,0.0,False,0.953754,False
2,88,5,0,2,1,0.0,False,0.953735,False
2,88,6,1,3,1,0.0,False,0.953716,False
2,88,7,1,2,2,0.0,True,0.953697,False
2,89,1,0,0,0,0.0,False,0.953678,False
2,89,2,0,0,0,0.0,False,0.953659,False
2,89,3,0,3,0,0.0,False,0.95364,False
2,89,4,0,2,1,0.0,False,0.953621,False
2,89,5,1,3,1,0.0,False,0.953602,False
2,89,6,1,1,5,0.0,True,0.953583,False
2,90,1,0,2,1,0.0,False,0.953564,False
2,90,2,1,3,1,0.0,False,0.953545,False
2,90,3,1,2,2,0.0,False,0.953526,False
2,90,4,2,2,3,0.0,False,0.953507,False
2,90,5,3,3,3,0.0,False,0.953488,False
2,90,6,3,3,3,0.0,False,0.953469,False
2,90,7,3,1,7,0.0,False,0.95345,False
2,90,8,7,0,6,0.0,False,0.953431,False
2,90,9,6,0,5,0.0,False,0.953412,False
2,90,10,5,0,4,0.0,False,0.953393,False
2,90,11,4,1,8,0.0,True,0.953374,False
2,91,1,0,0,0,0.0,False,0.953355,False
2,91,2,0,3,0,0.0,False,0.953336,False
2,91,3,0,3,0,0.0,False,0.953317,False
2,91,4,0,2,1,0.0,False,0.953298,False
2,91,5,1,1,5,0.0,False,0.953279,False
2,91,6,5,0,4,0.0,True,0.95326,False
2,92,1,0,3,0,0.0,False,0.953241,False
2,92,2,0,0,0,0.0,False,0.953222,False
2,92,3,0,1,4,0.0,False,0.953203,False
2,92,4,4,2,5,0.0,False,0.953184,False
2,92,5,5,2,6,0.0,False,0.953165,False
2,92,6,6,0,5,0.0,False,0.953146,False
2,92,7,5,3,1,0.0,False,0.9531270000000001,False
2,92,8,1,1,5,0.0,False,0.953108,False
2,92,9,5,3,1,0.0,False,0.953089,False
2,92,10,1,1,5,0.0,False,0.95307,False
2,92,11,5,2,6,0.0,False,0.953051,False
2,92,12,6,1,10,0.0,False,0.953032,False
2,92,13,10,2,11,0.0,False,0.953013,False
2,92,14,11,0,10,0.0,False,0.952994,False
2,92,15,10,1,14,0.0,False,0.952975,False
2,92,16,14,0,13,0.0,False,0.952956,False
2,92,17,13,3,9,0.0,True,0.952937,False
2,93,1,0,1,4,0.0,False,0.952918,False
2,93,2,4,0,4,0.0,False,0.952899,False
2,93,3,4,1,8,0.0,False,0.95288,False
2,93,4,8,0,8,0.0,False,0.952861,False
2,93,5,8,2,9,0.0,True,0.952842,False
2,94,1,0,0,0,0.0,False,0.952823,False
2,94,2,0,2,1,0.0,False,0.952804,False
2,94,3,1,2,2,0.0,False,0.952785,False
2,94,4,2,2,3,0.0,False,0.952766,False
2,94,5,3,2,3,0.0,False,0.952747,False
2,94,6,3,3,3,0.0,False,0.952728,False
2,94,7,3,2,3,0.0,False,0.952709,False
2,94,8,3,3,3,0.0,False,0.95269,False
2,94,9,3,1,7,0.0,False,0.952671,False
2,94,10,7,3,3,0.0,False,0.952652,False
2,94,11,3,3,3,0.0,False,0.952633,False
2,94,12,3,3,3,0.0,False,0.952614,False
2,94,13,3,3,3,0.0,False,0.952595,False
2,94,14,3,1,7,0.0,False,0.952576,False
2,94,15,7,3,3,0.0,False,0.952557,False
2,94,16,3,3,3,0.0,False,0.952538,False
2,94,17,3,3,3,0.0,False,0.952519,False
2,94,18,3,1,7,0.0,False,0.9525,False
2,94,19,7,3,3,0.0,False,0.952481,False
2,94,20,3,3,3,0.0,False,0.952462,False
2,94,21,3,3,3,0.0,False,0.952443,False
2,94,22,3,1,7,0.0,False,0.952424,False
2,94,23,7,0,6,0.0,True,0.952405,False
2,95,1,0,3,0,0.0,False,0.952386,False
2,95,2,0,3,0,0.0,False,0.952367,False
2,95,3,0,0,0,0.0,False,0.952348,False
2,95,4,0,1,4,0.0,True,0.952329,False
2,96,1,0,3,0,0.0,False,0.95231,False
2,96,2,0,1,4,0.0,False,0.952291,False
2,96,3,4,3,0,0.0,False,0.952272,False
2,96,4,0,1,4,0.0,False,0.952253,False
2,96,5,4,3,0,0.0,False,0.952234,False
2,96,6,0,1,4,0.0,False,0.952215,False
2,96,7,4,0,4,0.0,False,0.952196,False
2,96,8,4,3,0,0.0,False,0.952177,False
2,96,9,0,3,0,0.0,False,0.952158,False
2,96,10,0,1,4,0.0,False,0.952139,False
2,96,11,4,1,8,0.0,True,0.95212,False
2,97,1,0,2,1,0.0,False,0.952101,False
2,97,2,1,3,1,0.0,False,0.952082,False
2,97,3,1,0,0,0.0,False,0.952063,False
2,97,4,0,1,4,0.0,False,0.952044,False
2,97,5,4,1,8,0.0,False,0.952025,False
2,97,6,8,3,4,0.0,False,0.952006,False
2,97,7,4,1,8,0.0,False,0.951987,False
2,97,8,8,0,8,0.0,False,0.951968,False
2,97,9,8,1,12,0.0,False,0.951949,False
2,97,10,12,1,12,0.0,False,0.95193,False
2,97,11,12,3,8,0.0,False,0.951911,False
2,97,12,8,0,8,0.0,False,0.951892,False
2,97,13,8,0,8,0.0,False,0.951873,False
2,97,14,8,1,12,0.0,False,0.951854,False
2,97,15,12,3,8,0.0,False,0.951835,False
2,97,16,8,2,9,0.0,True,0.951816,False
2,98,1,0,1,4,0.0,False,0.951797,False
2,98,2,4,2,5,0.0,False,0.951778,False
2,98,3,5,2,6,0.0,False,0.951759,False
2,98,4,6,3,2,0.0,True,0.95174,False
2,99,1,0,0,0,0.0,False,0.951721,False
2,99,2,0,3,0,0.0,False,0.951702,False
2,99,3,0,0,0,0.0,False,0.9516830000000001,False
2,99,4,0,1,4,0.0,False,0.951664,False
2,99,5,4,2,5,0.0,False,0.951645,False
2,99,6,5,2,6,0.0,True,0.951626,False
2,100,1,0,0,0,0.0,False,0.951607,False
2,100,2,0,0,0,0.0,False,0.951588,False
2,100,3,0,1,4,0.0,False,0.951569,False
2,100,4,4,3,0,0.0,False,0.95155,False
2,100,5,0,2,1,0.0,True,0.951531,False
3,1,1,0,3,0,0.0,False,0.951512,False
3,1,2,0,0,0,0.0,False,0.951493,False
3,1,3,0,2,1,0.0,False,0.951474,False
3,1,4,1,0,0,0.0,False,0.951455,False
3,1,5,0,1,4,0.0,False,0.951436,False
3,1,6,4,2,5,0.0,False,0.951417,False
3,1,7,5,3,1,0.0,False,0.951398,False
3,1,8,1,2,2,0.0,False,0.951379,False
3,1,9,2,2,3,0.0,True,0.95136,False
3,2,1,0,3,0,0.0,False,0.951341,False
3,2,2,0,1,4,0.0,False,0.951322,False
3,2,3,4,2,5,0.0,False,0.951303,False
3,2,4,5,0,4,0.0,False,0.951284,False
3,2,5,4,1,8,0.0,False,0.951265,False
3,2,6,8,2,9,0.0,False,0.951246,False
3,2,7,9,1,13,0.0,False,0.951227,False
3,2,8,13,3,9,0.0,False,0.951208,False
3,2,9,9,2,10,0.0,False,0.951189,False
3,2,10,10,1,14,0.0,False,0.95117,False
3,2,11,14,0,13,0.0,False,0.951151,False
3,2,12,13,3,9,0.0,False,0.951132,False
3,2,13,9,1,13,0.0,False,0.951113,False
3,2,14,13,1,13,0.0,False,0.951094,False
3,2,15,13,0,12,0.0,False,0.951075,False
3,2,16,12,0,12,0.0,False,0.951056,False
3,2,17,12,0,12,0.0,False,0.951037,False
3,2,18,12,3,8,0.0,False,0.951018,False
3,2,19,8,1,12,0.0,False,0.950999,False
3,2,20,12,1,12,0.0,False,0.95098,False
3,2,21,12,0,12,0.0,False,0.950961,False
3,2,22,12,2,13,0.0,False,0.950942,False
3,2,23,13,3,9,0.0,False,0.950923,False
3,2,24,9,2,10,0.0,False,0.950904,False
3,2,25,10,1,14,0.0,False,0.950885,False
3,2,26,14,0,13,0.0,False,0.950866,False
3,2,27,13,0,12,0.0,False,0.950847,False
3,2,28,12,3,8,0.0,False,0.950828,False
3,2,29,8,2,9,0.0,False,0.950809,False
3,2,30,9,2,10,0.0,False,0.95079,False
3,2,31,10,0,9,0.0,False,0.950771,False
3,2,32,9,3,5,0.0,False,0.950752,False
3,2,33,5,3,1,0.0,False,0.950733,False
3,2,34,1,3,1,0.0,False,0.950714,False
3,2,35,1,0,0,0.0,False,0.950695,False
3,2,36,0,2,1,0.0,False,0.950676,False
3,2,37,1,0,0,0.0,False,0.950657,False
3,2,38,0,3,0,0.0,False,0.950638,False
3,2,39,0,1,4,0.0,False,0.950619,False
3,2,40,4,0,4,0.0,False,0.9506,False
3,2,41,4,2,5,0.0,False,0.950581,False
3,2,42,5,3,1,0.0,False,0.950562,False
3,2,43,1,3,1,0.0,False,0.950543,False
3,2,44,1,3,1,0.0,False,0.950524,False
3,2,45,1,3,1,0.0,False,0.950505,False
3,2,46,1,1,5,0.0,False,0.950486,False
3,2,47,5,1,9,0.0,False,0.950467,False
3,2,48,9,2,10,0.0,False,0.950448,False
3,2,49,10,0,9,0.0,False,0.950429,False
3,2,50,9,1,13,0.0,False,0.95041,False
3,3,1,0,3,0,0.0,False,0.950391,False
3,3,2,0,2,1,0.0,False,0.950372,False
3,3,3,1,0,0,0.0,False,0.950353,False
3,3,4,0,1,4,0.0,False,0.950334,False
3,3,5,4,1,8,0.0,False,0.950315,False
3,3,6,8,0,8,0.0,False,0.950296,False
3,3,7,8,3,4,0.0,False,0.950277,False
3,3,8,4,1,8,0.0,False,0.950258,False
3,3,9,8,0,8,0.0,False,0.9502390000000001,False
3,3,10,8,3,4,0.0,False,0.95022,False
3,3,11,4,1,8,0.0,False,0.950201,False
3,3,12,8,0,8,0.0,False,0.950182,False
3,3,13,8,3,4,0.0,False,0.950163,False
3,3,14,4,2,5,0.0,False,0.950144,False
3,3,15,5,3,1,0.0,False,0.950125,False
3,3,16,1,1,5,0.0,False,0.950106,False
3,3,17,5,3,1,0.0,False,0.950087,False
3,3,18,1,2,2,0.0,False,0.950068,False
3,3,19,2,2,3,0.0,False,0.950049,False
3,3,20,3,3,3,0.0,False,0.95003,False
3,3,21,3,3,3,0.0,False,0.950011,False
3,3,22,3,0,2,0.0,False,0.949992,False
3,3,23,2,3,2,0.0,False,0.949973,False
3,3,24,2,1,6,0.0,False,0.949954,False
3,3,25,6,0,5,0.0,False,0.949935,False
3,3,26,5,3,1,0.0,False,0.949916,False
3,3,27,1,0,0,0.0,False,0.949897,False
3,3,28,0,2,1,0.0,False,0.949878,False
3,3,29,1,3,1,0.0,False,0.949859,False
3,3,30,1,1,5,0.0,False,0.94984,False
3,3,31,5,0,4,0.0,False,0.949821,False
3,3,32,4,0,4,0.0,False,0.949802,False
3,3,33,4,2,5,0.0,False,0.949783,False
3,3,34,5,0,4,0.0,False,0.949764,False
3,3,35,4,3,0,0.0,False,0.949745,False
3,3,36,0,0,0,0.0,False,0.949726,False
3,3,37,0,0,0,0.0,False,0.949707,False
3,3,38,0,2,1,0.0,False,0.949688,False
3,3,39,1,1,5,0.0,False,0.949669,False
3,3,40,5,1,9,0.0,False,0.94965,False
3,3,41,9,2,10,0.0,False,0.949631,False
3,3,42,10,0,9,0.0,False,0.949612,False
3,3,43,9,3,5,0.0,False,0.949593,False
3,3,44,5,1,9,0.0,False,0.949574,False
3,3,45,9,2,10,0.0,False,0.949555,False
3,3,46,10,1,14,0.0,False,0.949536,False
3,3,47,14,2,15,1.0,True,0.9495169999999999,False
3,4,1,0,3,0,0.0,False,0.949498,False
3,4,2,0,1,4,0.0,False,0.949479,False
3,4,3,4,1,8,0.0,False,0.94946,False
3,4,4,8,2,9,0.0,False,0.949441,False
3,4,5,9,0,8,0.0,False,0.949422,False
3,4,6,8,2,9,0.0,False,0.949403,False
3,4,7,9,1,13,0.0,False,0.949384,False
3,4,8,13,0,12,0.0,True,0.949365,False
3,5,1,0,2,1,0.0,False,0.949346,False
3,5,2,1,1,5,0.0,True,0.949327,False
3,6,1,0,0,0,0.0,False,0.949308,False
3,6,2,0,1,4,0.0,True,0.949289,False
3,7,1,0,2,1,0.0,False,0.9492700000000001,False
3,7,2,1,2,2,0.0,False,0.949251,False
3,7,3,2,2,3,0.0,False,0.949232,False
3,7,4,3,2,3,0.0,False,0.949213,False
3,7,5,3,3,3,0.0,False,0.949194,False
3,7,6,3,0,2,0.0,False,0.949175,False
3,7,7,2,0,1,0.0,False,0.949156,False
3,7,8,1,0,0,0.0,False,0.949137,False
3,7,9,0,0,0,0.0,False,0.949118,False
3,7,10,0,1,4,0.0,False,0.949099,False
3,7,11,4,3,0,0.0,False,0.94908,False
3,7,12,0,2,1,0.0,False,0.949061,False
3,7,13,1,1,5,0.0,False,0.949042,False
3,7,14,5,1,9,0.0,False,0.949023,False
3,7,15,9,0,8,0.0,False,0.949004,False
3,7,16,8,0,8,0.0,False,0.948985,False
3,7,17,8,2,9,0.0,False,0.948966,False
3,7,18,9,2,10,0.0,False,0.948947,False
3,7,19,10,2,11,0.0,False,0.948928,False
3,7,20,11,0,10,0.0,False,0.948909,False
3,7,21,10,2,11,0.0,False,0.94889,False
3,7,22,11,0,10,0.0,False,0.948871,False
3,7,23,10,1,14,0.0,True,0.948852,False
3,8,1,0,1,4,0.0,True,0.948833,False
3,9,1,0,3,0,0.0,False,0.948814,False
3,9,2,0,1,4,0.0,True,0.948795,False
3,10,1,0,0,0,0.0,False,0.948776,False
3,10,2,0,1,4,0.0,False,0.948757,False
3,10,3,4,1,8,0.0,False,0.948738,False
3,10,4,8,0,8,0.0,False,0.948719,False
3,10,5,8,3,4,0.0,False,0.9487,False
3,10,6,4,3,0,0.0,False,0.948681,False
3,10,7,0,2,1,0.0,False,0.948662,False
3,10,8,1,1,5,0.0,False,0.948643,False
3,10,9,5,2,6,0.0,False,0.948624,False
3,10,10,6,0,5,0.0,False,0.948605,False
3,10,11,5,1,9,0.0,True,0.948586,False
3,11,1,0,3,0,0.0,False,0.948567,False
3,11,2,0,2,1,0.0,False,0.948548,False
3,11,3,1,1,5,0.0,False,0.948529,False
3,11,4,5,3,1,0.0,False,0.94851,False
3,11,5,1,1,5,0.0,False,0.948491,False
3,11,6,5,2,6,0.0,False,0.948472,False
3,11,7,6,0,5,0.0,False,0.948453,False
3,11,8,5,3,1,0.0,False,0.948434,False
3,11,9,1,3,1,0.0,False,0.948415,False
3,11,10,1,0,0,0.0,False,0.948396,False
3,11,11,0,2,1,0.0,False,0.948377,False
3,11,12,1,3,1,0.0,False,0.948358,False
3,11,13,1,2,2,0.0,False,0.948339,False
3,11,14,2,1,6,0.0,False,0.94832,False
3,11,15,6,3,2,0.0,False,0.948301,False
3,11,16,2,3,2,0.0,False,0.948282,False
3,11,17,2,2,3,0.0,True,0.948263,False
3,12,1,0,2,1,0.0,False,0.948244,False
3,12,2,1,2,2,0.0,True,0.948225,False
3,13,1,0,3,0,0.0,False,0.948206,False
3,13,2,0,2,1,0.0,False,0.948187,False
3,13,3,1,2,2,0.0,False,0.948168,False
3,13,4,2,2,3,0.0,True,0.948149,False
3,14,1,0,2,1,0.0,False,0.94813,False
3,14,2,1,3,1,0.0,False,0.948111,False
3,14,3,1,2,2,0.0,True,0.948092,False
3,15,1,0,3,0,0.0,False,0.9480729999999999,False
3,15,2,0,2,1,0.0,False,0.948054,False
3,15,3,1,3,1,0.0,False,0.948035,False
3,15,4,1,2,2,0.0,False,0.948016,False
3,15,5,2,3,2,0.0,False,0.947997,False
3,15,6,2,2,3,0.0,False,0.947978,False
3,15,7,3,1,7,0.0,True,0.947959,False
3,16,1,0,1,4,0.0,False,0.94794,False
3,16,2,4,1,8,0.0,False,0.947921,False
3,16,3,8,3,4,0.0,False,0.947902,False
3,16,4,4,0,4,0.0,False,0.947883,False
3,16,5,4,1,8,0.0,False,0.947864,False
3,16,6,8,0,8,0.0,False,0.947845,False
3,16,7,8,1,12,0.0,False,0.9478260000000001,False
3,16,8,12,0,12,0.0,False,0.947807,False
3,16,9,12,0,12,0.0,False,0.947788,False
3,16,10,12,3,8,0.0,False,0.947769,False
3,16,11,8,2,9,0.0,False,0.94775,False
3,16,12,9,1,13,0.0,False,0.947731,False
3,16,13,13,0,12,0.0,False,0.947712,False
3,16,14,12,3,8,0.0,False,0.947693,False
3,16,15,8,1,12,0.0,False,0.947674,False
3,16,16,12,3,8,0.0,False,0.947655,False
3,16,17,8,3,4,0.0,False,0.947636,False
3,16,18,4,3,0,0.0,False,0.947617,False
3,16,19,0,2,1,0.0,False,0.947598,False
3,16,20,1,3,1,0.0,False,0.947579,False
3,16,21,1,1,5,0.0,False,0.94756,False
3,16,22,5,1,9,0.0,False,0.947541,False
3,16,23,9,2,10,0.0,True,0.947522,False
3,17,1,0,3,0,0.0,False,0.947503,False
3,17,2,0,2,1,0.0,False,0.947484,False
3,17,3,1,1,5,0.0,False,0.947465,False
3,17,4,5,0,4,0.0,True,0.947446,False
3,18,1,0,1,4,0.0,False,0.947427,False
3,18,2,4,1,8,0.0,False,0.947408,False
3,18,3,8,3,4,0.0,False,0.947389,False
3,18,4,4,0,4,0.0,False,0.94737,False
3,18,5,4,1,8,0.0,False,0.947351,False
3,18,6,8,0,8,0.0,False,0.947332,False
3,18,7,8,0,8,0.0,False,0.947313,False
3,18,8,8,0,8,0.0,False,0.947294,False
3,18,9,8,1,12,0.0,False,0.947275,False
3,18,10,12,2,13,0.0,False,0.947256,False
3,18,11,13,2,14,0.0,False,0.947237,False
3,18,12,14,0,13,0.0,False,0.947218,False
3,18,13,13,3,9,0.0,False,0.947199,False
3,18,14,9,2,10,0.0,False,0.94718,False
3,18,15,10,1,14,0.0,False,0.947161,False
3,18,16,14,0,13,0.0,False,0.947142,False
3,18,17,13,1,13,0.0,False,0.947123,False
3,18,18,13,1,13,0.0,False,0.947104,False
3,18,19,13,3,9,0.0,False,0.947085,False
3,18,20,9,1,13,0.0,False,0.947066,False
3,18,21,13,1,13,0.0,False,0.947047,False
3,18,22,13,2,14,0.0,False,0.947028,False
3,18,23,14,3,10,0.0,False,0.947009,False
3,18,24,10,1,14,0.0,False,0.94699,False
3,18,25,14,0,13,0.0,False,0.946971,False
3,18,26,13,2,14,0.0,False,0.946952,False
3,18,27,14,2,15,1.0,True,0.946933,False
3,19,1,0,1,4,0.0,True,0.946914,False
3,20,1,0,3,0,0.0,False,0.946895,False
3,20,2,0,3,0,0.0,False,0.946876,False
3,20,3,0,0,0,0.0,False,0.9468570000000001,False
3,20,4,0,2,1,0.0,True,0.946838,False
3,21,1,0,1,4,0.0,False,0.946819,False
3,21,2,4,0,4,0.0,False,0.9468,False
3,21,3,4,0,4,0.0,False,0.946781,False
3,21,4,4,0,4,0.0,False,0.946762,False
3,21,5,4,2,5,0.0,False,0.946743,False
3,21,6,5,2,6,0.0,False,0.946724,False
3,21,7,6,0,5,0.0,False,0.946705,False
3,21,8,5,0,4,0.0,False,0.946686,False
3,21,9,4,3,0,0.0,False,0.946667,False
3,21,10,0,2,1,0.0,False,0.946648,False
3,21,11,1,0,0,0.0,False,0.946629,False
3,21,12,0,0,0,0.0,False,0.94661,False
3,21,13,0,0,0,0.0,False,0.946591,False
3,21,14,0,3,0,0.0,False,0.946572,False
3,21,15,0,0,0,0.0,False,0.946553,False
3,21,16,0,0,0,0.0,False,0.946534,False
3,21,17,0,2,1,0.0,False,0.946515,False
3,21,18,1,3,1,0.0,False,0.946496,False
3,21,19,1,0,0,0.0,False,0.946477,False
3,21,20,0,2,1,0.0,False,0.946458,False
3,21,21,1,1,5,0.0,False,0.946439,False
3,21,22,5,3,1,0.0,False,0.94642,False
3,21,23,1,2,2,0.0,False,0.946401,False
3,21,24,2,3,2,0.0,False,0.9463820000000001,False
3,21,25,2,3,2,0.0,False,0.946363,False
3,21,26,2,0,1,0.0,False,0.946344,False
3,21,27,1,2,2,0.0,False,0.946325,False
3,21,28,2,3,2,0.0,False,0.946306,False
3,21,29,2,1,6,0.0,False,0.946287,False
3,21,30,6,1,10,0.0,True,0.946268,False
3,22,1,0,0,0,0.0,False,0.946249,False
3,22,2,0,3,0,0.0,False,0.94623,False
3,22,3,0,3,0,0.0,False,0.946211,False
3,22,4,0,3,0,0.0,False,0.946192,False
3,22,5,0,2,1,0.0,False,0.946173,False
3,22,6,1,1,5,0.0,False,0.946154,False
3,22,7,5,2,6,0.0,False,0.946135,False
3,22,8,6,2,7,0.0,False,0.946116,False
3,22,9,7,1,11,0.0,True,0.946097,False
3,23,1,0,1,4,0.0,True,0.946078,False
3,24,1,0,3,0,0.0,False,0.946059,False
3,24,2,0,3,0,0.0,False,0.94604,False
3,24,3,0,3,0,0.0,False,0.946021,False
3,24,4,0,3,0,0.0,False,0.946002,False
3,24,5,0,2,1,0.0,False,0.945983,False
3,24,6,1,0,0,0.0,False,0.945964,False
3,24,7,0,1,4,0.0,False,0.945945,False
3,24,8,4,2,5,0.0,False,0.945926,False
3,24,9,5,0,4,0.0,False,0.945907,False
3,24,10,4,3,0,0.0,False,0.9458880000000001,False
3,24,11,0,0,0,0.0,False,0.945869,False
3,24,12,0,1,4,0.0,False,0.94585,False
3,24,13,4,3,0,0.0,False,0.945831,False
3,24,14,0,2,1,0.0,False,0.945812,False
3,24,15,1,2,2,0.0,False,0.945793,False
3,24,16,2,2,3,0.0,False,0.945774,False
3,24,17,3,0,2,0.0,False,0.945755,False
3,24,18,2,2,3,0.0,False,0.945736,False
3,24,19,3,2,3,0.0,False,0.945717,False
3,24,20,3,1,7,0.0,False,0.945698,False
3,24,21,7,1,11,0.0,False,0.945679,False
3,24,22,11,0,10,0.0,False,0.94566,False
3,24,23,10,1,14,0.0,False,0.945641,False
3,24,24,14,3,10,0.0,False,0.945622,False
3,24,25,10,0,9,0.0,True,0.945603,False
3,25,1,0,1,4,0.0,False,0.945584,False
3,25,2,4,0,4,0.0,False,0.945565,False
3,25,3,4,3,0,0.0,False,0.945546,False
3,25,4,0,2,1,0.0,False,0.945527,False
3,25,5,1,2,2,0.0,False,0.945508,False
3,25,6,2,3,2,0.0,False,0.945489,False
3,25,7,2,1,6,0.0,False,0.94547,False
3,25,8,6,2,7,0.0,False,0.945451,False
3,25,9,7,2,7,0.0,False,0.945432,False
3,25,10,7,1,11,0.0,True,0.9454130000000001,False
3,26,1,0,1,4,0.0,False,0.945394,False
3,26,2,4,2,5,0.0,False,0.945375,False
3,26,3,5,1,9,0.0,False,0.945356,False
3,26,4,9,3,5,0.0,False,0.945337,False
3,26,5,5,3,1,0.0,False,0.945318,False
3,26,6,1,1,5,0.0,False,0.945299,False
3,26,7,5,3,1,0.0,False,0.94528,False
3,26,8,1,1,5,0.0,False,0.945261,False
3,26,9,5,2,6,0.0,False,0.945242,False
3,26,10,6,0,5,0.0,False,0.945223,False
3,26,11,5,3,1,0.0,False,0.945204,False
3,26,12,1,2,2,0.0,True,0.945185,False
3,27,1,0,3,0,0.0,False,0.945166,False
3,27,2,0,2,1,0.0,False,0.945147,False
3,27,3,1,0,0,0.0,False,0.945128,False
3,27,4,0,3,0,0.0,False,0.945109,False
3,27,5,0,2,1,0.0,False,0.94509,False
3,27,6,1,2,2,0.0,False,0.945071,False
3,27,7,2,0,1,0.0,False,0.945052,False
3,27,8,1,3,1,0.0,False,0.945033,False
3,27,9,1,3,1,0.0,False,0.945014,False
3,27,10,1,3,1,0.0,False,0.944995,False
3,27,11,1,1,5,0.0,False,0.944976,False
3,27,12,5,3,1,0.0,False,0.944957,False
3,27,13,1,3,1,0.0,False,0.9449380000000001,False
3,27,14,1,0,0,0.0,False,0.9449190000000001,False
3,27,15,0,0,0,0.0,False,0.9449,False
3,27,16,0,1,4,0.0,False,0.944881,False
3,27,17,4,2,5,0.0,False,0.944862,False
3,27,18,5,1,9,0.0,False,0.944843,False
3,27,19,9,3,5,0.0,False,0.944824,False
3,27,20,5,2,6,0.0,False,0.944805,False
3,27,21,6,2,7,0.0,False,0.944786,False
3,27,22,7,3,3,0.0,False,0.944767,False
3,27,23,3,1,7,0.0,False,0.944748,False
3,27,24,7,0,6,0.0,False,0.944729,False
3,27,25,6,1,10,0.0,True,0.94471,False
3,28,1,0,0,0,0.0,False,0.944691,False
3,28,2,0,3,0,0.0,False,0.944672,False
3,28,3,0,0,0,0.0,False,0.944653,False
3,28,4,0,0,0,0.0,False,0.944634,False
3,28,5,0,3,0,0.0,False,0.944615,False
3,28,6,0,3,0,0.0,False,0.944596,False
3,28,7,0,2,1,0.0,False,0.944577,False
3,28,8,1,1,5,0.0,False,0.944558,False
3,28,9,5,0,4,0.0,False,0.944539,False
3,28,10,4,3,0,0.0,False,0.94452,False
3,28,11,0,1,4,0.0,False,0.944501,False
3,28,12,4,2,5,0.0,False,0.944482,False
3,28,13,5,0,4,0.0,False,0.944463,False
3,28,14,4,3,0,0.0,False,0.9444440000000001,False
3,28,15,0,3,0,0.0,False,0.944425,False
3,28,16,0,1,4,0.0,False,0.944406,False
3,28,17,4,0,4,0.0,False,0.944387,False
3,28,18,4,2,5,0.0,False,0.944368,False
3,28,19,5,1,9,0.0,False,0.944349,False
3,28,20,9,3,5,0.0,False,0.94433,False
3,28,21,5,2,6,0.0,False,0.944311,False
3,28,22,6,0,5,0.0,False,0.944292,False
3,28,23,5,1,9,0.0,False,0.944273,False
3,28,24,9,2,10,0.0,False,0.944254,False
3,28,25,10,0,9,0.0,False,0.944235,False
3,28,26,9,1,13,0.0,False,0.9442159999999999,False
3,28,27,13,1,13,0.0,False,0.944197,False
3,28,28,13,0,12,0.0,False,0.944178,False
3,28,29,12,2,13,0.0,False,0.944159,False
3,28,30,13,3,9,0.0,False,0.94414,False
3,28,31,9,2,10,0.0,False,0.944121,False
3,28,32,10,2,11,0.0,False,0.944102,False
3,28,33,11,0,10,0.0,False,0.944083,False
3,28,34,10,3,6,0.0,False,0.944064,False
3,28,35,6,1,10,0.0,False,0.944045,False
3,28,36,10,3,6,0.0,False,0.944026,False
3,28,37,6,2,7,0.0,False,0.944007,False
3,28,38,7,2,7,0.0,False,0.943988,False
3,28,39,7,2,7,0.0,False,0.9439690000000001,False
3,28,40,7,3,3,0.0,False,0.94395,False
3,28,41,3,0,2,0.0,False,0.943931,False
3,28,42,2,2,3,0.0,False,0.943912,False
3,28,43,3,1,7,0.0,False,0.943893,False
3,28,44,7,3,3,0.0,False,0.943874,False
3,28,45,3,3,3,0.0,False,0.943855,False
3,28,46,3,2,3,0.0,False,0.943836,False
3,28,47,3,3,3,0.0,False,0.943817,False
3,28,48,3,0,2,0.0,False,0.943798,False
3,28,49,2,0,1,0.0,False,0.943779,False
3,28,50,1,1,5,0.0,False,0.94376,False
3,29,1,0,1,4,0.0,False,0.943741,False
3,29,2,4,0,4,0.0,False,0.943722,False
3,29,3,4,1,8,0.0,False,0.943703,False
3,29,4,8,2,9,0.0,False,0.943684,False
3,29,5,9,1,13,0.0,False,0.943665,False
3,29,6,13,1,13,0.0,False,0.943646,False
3,29,7,13,2,14,0.0,False,0.943627,False
3,29,8,14,0,13,0.0,False,0.943608,False
3,29,9,13,3,9,0.0,False,0.943589,False
3,29,10,9,2,10,0.0,True,0.94357,False
3,30,1,0,3,0,0.0,False,0.943551,False
3,30,2,0,0,0,0.0,False,0.943532,False
3,30,3,0,0,0,0.0,False,0.943513,False
3,30,4,0,2,1,0.0,False,0.943494,False
3,30,5,1,3,1,0.0,False,0.9434750000000001,False
3,30,6,1,3,1,0.0,False,0.943456,False
3,30,7,1,1,5,0.0,False,0.943437,False
3,30,8,5,0,4,0.0,True,0.943418,False
3,31,1,0,1,4,0.0,False,0.943399,False
3,31,2,4,1,8,0.0,False,0.94338,False
3,31,3,8,2,9,0.0,True,0.943361,False
3,32,1,0,2,1,0.0,False,0.943342,False
3,32,2,1,2,2,0.0,False,0.943323,False
3,32,3,2,2,3,0.0,False,0.943304,False
3,32,4,3,2,3,0.0,False,0.943285,False
3,32,5,3,2,3,0.0,False,0.943266,False
3,32,6,3,1,7,0.0,False,0.943247,False
3,32,7,7,1,11,0.0,False,0.943228,False
3,32,8,11,3,7,0.0,False,0.943209,False
3,32,9,7,2,7,0.0,False,0.94319,False
3,32,10,7,1,11,0.0,False,0.943171,False
3,32,11,11,1,15,1.0,True,0.943152,False
3,33,1,0,3,0,0.0,False,0.943133,False
3,33,2,0,3,0,0.0,False,0.943114,False
3,33,3,0,0,0,0.0,False,0.943095,False
3,33,4,0,2,1,0.0,False,0.943076,False
3,33,5,1,1,5,0.0,False,0.943057,False
3,33,6,5,1,9,0.0,True,0.943038,False
3,34,1,0,2,1,0.0,False,0.943019,False
3,34,2,1,3,1,0.0,False,0.9430000000000001,False
3,34,3,1,1,5,0.0,False,0.942981,False
3,34,4,5,1,9,0.0,False,0.942962,False
3,34,5,9,3,5,0.0,False,0.942943,False
3,34,6,5,3,1,0.0,False,0.942924,False
3,34,7,1,3,1,0.0,False,0.942905,False
3,34,8,1,2,2,0.0,False,0.942886,False
3,34,9,2,1,6,0.0,False,0.942867,False
3,34,10,6,3,2,0.0,False,0.942848,False
3,34,11,2,0,1,0.0,False,0.942829,False
3,34,12,1,2,2,0.0,False,0.94281,False
3,34,13,2,2,3,0.0,True,0.942791,False
3,35,1,0,2,1,0.0,False,0.9427719999999999,False
3,35,2,1,0,0,0.0,False,0.942753,False
3,35,3,0,2,1,0.0,False,0.942734,False
3,35,4,1,0,0,0.0,False,0.942715,False
3,35,5,0,2,1,0.0,False,0.942696,False
3,35,6,1,3,1,0.0,False,0.942677,False
3,35,7,1,2,2,0.0,False,0.942658,False
3,35,8,2,2,3,0.0,False,0.942639,False
3,35,9,3,1,7,0.0,False,0.94262,False
3,35,10,7,2,7,0.0,False,0.942601,False
3,35,11,7,0,6,0.0,False,0.942582,False
3,35,12,6,0,5,0.0,False,0.942563,False
3,35,13,5,1,9,0.0,False,0.942544,False
3,35,14,9,0,8,0.0,False,0.9425250000000001,False
3,35,15,8,2,9,0.0,False,0.942506,False
3,35,16,9,1,13,0.0,False,0.942487,False
3,35,17,13,0,12,0.0,False,0.942468,False
3,35,18,12,1,12,0.0,False,0.942449,False
3,35,19,12,1,12,0.0,False,0.94243,False
3,35,20,12,2,13,0.0,False,0.942411,False
3,35,21,13,1,13,0.0,False,0.942392,False
3,35,22,13,2,14,0.0,False,0.942373,False
3,35,23,14,3,10,0.0,False,0.942354,False
3,35,24,10,0,9,0.0,False,0.942335,False
3,35,25,9,3,5,0.0,False,0.942316,False
3,35,26,5,3,1,0.0,False,0.942297,False
3,35,27,1,0,0,0.0,False,0.942278,False
3,35,28,0,2,1,0.0,False,0.942259,False
3,35,29,1,3,1,0.0,False,0.94224,False
3,35,30,1,0,0,0.0,False,0.942221,False
3,35,31,0,2,1,0.0,False,0.942202,False
3,35,32,1,3,1,0.0,False,0.942183,False
3,35,33,1,2,2,0.0,False,0.942164,False
3,35,34,2,0,1,0.0,False,0.942145,False
3,35,35,1,2,2,0.0,False,0.942126,False
3,35,36,2,1,6,0.0,False,0.942107,False
3,35,37,6,1,10,0.0,False,0.942088,False
3,35,38,10,3,6,0.0,False,0.942069,False
3,35,39,6,1,10,0.0,False,0.94205,False
3,35,40,10,0,9,0.0,False,0.9420310000000001,False
3,35,41,9,1,13,0.0,False,0.942012,False
3,35,42,13,0,12,0.0,False,0.941993,False
3,35,43,12,2,13,0.0,False,0.941974,False
3,35,44,13,1,13,0.0,False,0.941955,False
3,35,45,13,3,9,0.0,False,0.941936,False
3,35,46,9,3,5,0.0,False,0.941917,False
3,35,47,5,0,4,0.0,False,0.941898,False
3,35,48,4,3,0,0.0,False,0.941879,False
3,35,49,0,0,0,0.0,False,0.94186,False
3,35,50,0,1,4,0.0,False,0.941841,False
3,36,1,0,3,0,0.0,False,0.941822,False
3,36,2,0,0,0,0.0,False,0.941803,False
3,36,3,0,2,1,0.0,False,0.941784,False
3,36,4,1,2,2,0.0,True,0.941765,False
3,37,1,0,1,4,0.0,True,0.941746,False
3,38,1,0,3,0,0.0,False,0.941727,False
3,38,2,0,2,1,0.0,False,0.941708,False
3,38,3,1,2,2,0.0,False,0.941689,False
3,38,4,2,2,3,0.0,False,0.94167,False
3,38,5,3,1,7,0.0,False,0.941651,False
3,38,6,7,1,11,0.0,False,0.941632,False
3,38,7,11,2,11,0.0,False,0.941613,False
3,38,8,11,1,15,1.0,True,0.941594,False
3,39,1,0,3,0,0.0,False,0.941575,False
3,39,2,0,0,0,0.0,False,0.9415560000000001,False
3,39,3,0,3,0,0.0,False,0.941537,False
3,39,4,0,2,1,0.0,False,0.941518,False
3,39,5,1,3,1,0.0,False,0.941499,False
3,39,6,1,2,2,0.0,False,0.94148,False
3,39,7,2,1,6,0.0,False,0.941461,False
3,39,8,6,2,7,0.0,False,0.941442,False
3,39,9,7,1,11,0.0,True,0.941423,False
3,40,1,0,2,1,0.0,False,0.941404,False
3,40,2,1,2,2,0.0,False,0.941385,False
3,40,3,2,1,6,0.0,False,0.941366,False
3,40,4,6,0,5,0.0,False,0.941347,False
3,40,5,5,0,4,0.0,False,0.9413279999999999,False
3,40,6,4,2,5,0.0,False,0.941309,False
3,40,7,5,2,6,0.0,False,0.94129,False
3,40,8,6,1,10,0.0,False,0.941271,False
3,40,9,10,2,11,0.0,False,0.941252,False
3,40,10,11,3,7,0.0,False,0.941233,False
3,40,11,7,1,11,0.0,False,0.941214,False
3,40,12,11,2,11,0.0,False,0.941195,False
3,40,13,11,1,15,1.0,True,0.941176,False
3,41,1,0,3,0,0.0,False,0.941157,False
3,41,2,0,2,1,0.0,False,0.941138,False
3,41,3,1,2,2,0.0,False,0.941119,False
3,41,4,2,1,6,0.0,False,0.9411,False
3,41,5,6,1,10,0.0,False,0.9410810000000001,False
3,41,6,10,1,14,0.0,False,0.941062,False
3,41,7,14,0,13,0.0,False,0.941043,False
3,41,8,13,1,13,0.0,False,0.941024,False
3,41,9,13,3,9,0.0,False,0.941005,False
3,41,10,9,3,5,0.0,False,0.940986,False
3,41,11,5,1,9,0.0,False,0.940967,False
3,41,12,9,0,8,0.0,False,0.940948,False
3,41,13,8,2,9,0.0,False,0.940929,False
3,41,14,9,3,5,0.0,False,0.94091,False
3,41,15,5,3,1,0.0,False,0.940891,False
3,41,16,1,1,5,0.0,False,0.940872,False
3,41,17,5,0,4,0.0,True,0.940853,False
3,42,1,0,1,4,0.0,False,0.940834,False
3,42,2,4,1,8,0.0,False,0.940815,False
3,42,3,8,1,12,0.0,False,0.940796,False
3,42,4,12,2,13,0.0,False,0.940777,False
3,42,5,13,0,12,0.0,False,0.940758,False
3,42,6,12,1,12,0.0,False,0.940739,False
3,42,7,12,1,12,0.0,False,0.94072,False
3,42,8,12,1,12,0.0,False,0.940701,False
3,42,9,12,1,12,0.0,False,0.940682,False
3,42,10,12,3,8,0.0,False,0.940663,False
3,42,11,8,2,9,0.0,False,0.940644,False
3,42,12,9,0,8,0.0,False,0.940625,False
3,42,13,8,2,9,0.0,False,0.940606,False
3,42,14,9,1,13,0.0,False,0.9405870000000001,False
3,42,15,13,2,14,0.0,False,0.940568,False
3,42,16,14,0,13,0.0,False,0.940549,False
3,42,17,13,2,14,0.0,False,0.94053,False
3,42,18,14,2,15,1.0,True,0.940511,False
3,43,1,0,2,1,0.0,False,0.940492,False
3,43,2,1,0,0,0.0,False,0.940473,False
3,43,3,0,1,4,0.0,False,0.940454,False
3,43,4,4,1,8,0.0,False,0.940435,False
3,43,5,8,0,8,0.0,False,0.940416,False
3,43,6,8,2,9,0.0,False,0.940397,False
3,43,7,9,3,5,0.0,False,0.940378,False
3,43,8,5,3,1,0.0,False,0.940359,False
3,43,9,1,2,2,0.0,False,0.94034,False
3,43,10,2,3,2,0.0,False,0.940321,False
3,43,11,2,3,2,0.0,False,0.940302,False
3,43,12,2,2,3,0.0,False,0.940283,False
3,43,13,3,3,3,0.0,False,0.940264,False
3,43,14,3,2,3,0.0,False,0.940245,False
3,43,15,3,1,7,0.0,True,0.940226,False
3,44,1,0,2,1,0.0,False,0.940207,False
3,44,2,1,2,2,0.0,True,0.940188,False
3,45,1,0,3,0,0.0,False,0.940169,False
3,45,2,0,2,1,0.0,False,0.94015,False
3,45,3,1,2,2,0.0,False,0.940131,False
3,45,4,2,1,6,0.0,False,0.9401120000000001,False
3,45,5,6,3,2,0.0,False,0.940093,False
3,45,6,2,3,2,0.0,False,0.940074,False
3,45,7,2,0,1,0.0,False,0.940055,False
3,45,8,1,1,5,0.0,False,0.940036,False
3,45,9,5,3,1,0.0,False,0.940017,False
3,45,10,1,0,0,0.0,False,0.939998,False
3,45,11,0,1,4,0.0,False,0.939979,False
3,45,12,4,2,5,0.0,False,0.93996,False
3,45,13,5,0,4,0.0,False,0.939941,False
3,45,14,4,1,8,0.0,False,0.939922,False
3,45,15,8,1,12,0.0,True,0.939903,False
3,46,1,0,0,0,0.0,False,0.9398839999999999,False
3,46,2,0,0,0,0.0,False,0.939865,False
3,46,3,0,0,0,0.0,False,0.939846,False
3,46,4,0,0,0,0.0,False,0.939827,False
3,46,5,0,2,1,0.0,False,0.939808,False
3,46,6,1,1,5,0.0,True,0.939789,False
3,47,1,0,0,0,0.0,False,0.93977,False
3,47,2,0,3,0,0.0,False,0.939751,False
3,47,3,0,1,4,0.0,False,0.939732,False
3,47,4,4,2,5,0.0,False,0.939713,False
3,47,5,5,1,9,0.0,False,0.939694,False
3,47,6,9,0,8,0.0,True,0.939675,False
3,48,1,0,3,0,0.0,False,0.939656,False
3,48,2,0,2,1,0.0,False,0.9396370000000001,False
3,48,3,1,3,1,0.0,False,0.939618,False
3,48,4,1,1,5,0.0,True,0.939599,False
3,49,1,0,0,0,0.0,False,0.93958,False
3,49,2,0,1,4,0.0,False,0.939561,False
3,49,3,4,1,8,0.0,False,0.939542,False
3,49,4,8,0,8,0.0,False,0.939523,False
3,49,5,8,1,12,0.0,False,0.939504,False
3,49,6,12,2,13,0.0,False,0.939485,False
3,49,7,13,0,12,0.0,False,0.939466,False
3,49,8,12,3,8,0.0,False,0.939447,False
3,49,9,8,1,12,0.0,False,0.939428,False
3,49,10,12,2,13,0.0,False,0.939409,False
3,49,11,13,3,9,0.0,False,0.9393900000000001,False
3,49,12,9,2,10,0.0,False,0.939371,False
3,49,13,10,1,14,0.0,False,0.939352,False
3,49,14,14,1,14,0.0,False,0.939333,False
3,49,15,14,1,14,0.0,False,0.939314,False
3,49,16,14,0,13,0.0,False,0.939295,False
3,49,17,13,1,13,0.0,False,0.939276,False
3,49,18,13,0,12,0.0,False,0.939257,False
3,49,19,12,2,13,0.0,False,0.939238,False
3,49,20,13,0,12,0.0,False,0.939219,False
3,49,21,12,2,13,0.0,False,0.9392,False
3,49,22,13,1,13,0.0,False,0.939181,False
3,49,23,13,1,13,0.0,False,0.939162,False
3,49,24,13,2,14,0.0,False,0.939143,False
3,49,25,14,1,14,0.0,False,0.939124,False
3,49,26,14,1,14,0.0,False,0.939105,False
3,49,27,14,0,13,0.0,False,0.939086,False
3,49,28,13,0,12,0.0,False,0.939067,False
3,49,29,12,2,13,0.0,False,0.939048,False
3,49,30,13,1,13,0.0,False,0.939029,False
3,49,31,13,2,14,0.0,False,0.93901,False
3,49,32,14,1,14,0.0,False,0.938991,False
3,49,33,14,2,15,1.0,True,0.938972,False
3,50,1,0,3,0,0.0,False,0.938953,False
3,50,2,0,1,4,0.0,False,0.938934,False
3,50,3,4,1,8,0.0,True,0.938915,False
3,51,1,0,1,4,0.0,False,0.938896,False
3,51,2,4,3,0,0.0,False,0.938877,False
3,51,3,0,2,1,0.0,False,0.938858,False
3,51,4,1,0,0,0.0,False,0.938839,False
3,51,5,0,2,1,0.0,False,0.93882,False
3,51,6,1,0,0,0.0,False,0.938801,False
3,51,7,0,3,0,0.0,False,0.938782,False
3,51,8,0,2,1,0.0,False,0.938763,False
3,51,9,1,1,5,0.0,True,0.938744,False
3,52,1,0,1,4,0.0,False,0.938725,False
3,52,2,4,2,5,0.0,False,0.938706,False
3,52,3,5,2,6,0.0,False,0.938687,False
3,52,4,6,2,7,0.0,True,0.938668,False
3,53,1,0,1,4,0.0,False,0.938649,False
3,53,2,4,2,5,0.0,True,0.93863,False
3,54,1,0,2,1,0.0,False,0.938611,False
3,54,2,1,1,5,0.0,False,0.938592,False
3,54,3,5,0,4,0.0,False,0.938573,False
3,54,4,4,0,4,0.0,False,0.938554,False
3,54,5,4,0,4,0.0,False,0.938535,False
3,54,6,4,0,4,0.0,False,0.938516,False
3,54,7,4,0,4,0.0,False,0.938497,False
3,54,8,4,2,5,0.0,False,0.938478,False
3,54,9,5,3,1,0.0,False,0.938459,False
3,54,10,1,3,1,0.0,False,0.93844,False
3,54,11,1,1,5,0.0,False,0.938421,False
3,54,12,5,0,4,0.0,False,0.938402,False
3,54,13,4,2,5,0.0,False,0.938383,False
3,54,14,5,2,6,0.0,False,0.938364,False
3,54,15,6,3,2,0.0,True,0.938345,False
3,55,1,0,1,4,0.0,True,0.938326,False
3,56,1,0,1,4,0.0,False,0.938307,False
3,56,2,4,3,0,0.0,False,0.938288,False
3,56,3,0,2,1,0.0,True,0.938269,False
3,57,1,0,1,4,0.0,False,0.93825,False
3,57,2,4,0,4,0.0,False,0.938231,False
3,57,3,4,1,8,0.0,False,0.938212,False
3,57,4,8,3,4,0.0,False,0.938193,False
3,57,5,4,2,5,0.0,False,0.938174,False
3,57,6,5,1,9,0.0,False,0.938155,False
3,57,7,9,1,13,0.0,False,0.938136,False
3,57,8,13,2,14,0.0,True,0.938117,False
3,58,1,0,3,0,0.0,False,0.938098,False
3,58,2,0,2,1,0.0,False,0.938079,False
3,58,3,1,2,2,0.0,True,0.93806,False
3,59,1,0,2,1,0.0,False,0.938041,False
3,59,2,1,2,2,0.0,True,0.938022,False
3,60,1,0,0,0,0.0,False,0.938003,False
3,60,2,0,1,4,0.0,True,0.937984,False
3,61,1,0,0,0,0.0,False,0.937965,False
3,61,2,0,1,4,0.0,False,0.937946,False
3,61,3,4,1,8,0.0,True,0.937927,False
3,62,1,0,2,1,0.0,False,0.937908,False
3,62,2,1,2,2,0.0,False,0.937889,False
3,62,3,2,0,1,0.0,False,0.93787,False
3,62,4,1,1,5,0.0,False,0.937851,False
3,62,5,5,2,6,0.0,True,0.937832,False
3,63,1,0,2,1,0.0,False,0.937813,False
3,63,2,1,2,2,0.0,False,0.937794,False
3,63,3,2,0,1,0.0,False,0.937775,False
3,63,4,1,3,1,0.0,False,0.937756,False
3,63,5,1,1,5,0.0,False,0.937737,False
3,63,6,5,1,9,0.0,False,0.937718,False
3,63,7,9,0,8,0.0,False,0.9376990000000001,False
3,63,8,8,0,8,0.0,False,0.93768,False
3,63,9,8,2,9,0.0,False,0.937661,False
3,63,10,9,1,13,0.0,False,0.937642,False
3,63,11,13,3,9,0.0,False,0.937623,False
3,63,12,9,0,8,0.0,False,0.937604,False
3,63,13,8,1,12,0.0,True,0.937585,False
3,64,1,0,0,0,0.0,False,0.937566,False
3,64,2,0,2,1,0.0,False,0.937547,False
3,64,3,1,1,5,0.0,False,0.937528,False
3,64,4,5,1,9,0.0,False,0.937509,False
3,64,5,9,2,10,0.0,False,0.93749,False
3,64,6,10,3,6,0.0,False,0.9374709999999999,False
3,64,7,6,2,7,0.0,False,0.937452,False
3,64,8,7,2,7,0.0,False,0.937433,False
3,64,9,7,0,6,0.0,False,0.937414,False
3,64,10,6,0,5,0.0,False,0.937395,False
3,64,11,5,0,4,0.0,True,0.937376,False
3,65,1,0,1,4,0.0,True,0.937357,False
3,66,1,0,0,0,0.0,False,0.937338,False
3,66,2,0,0,0,0.0,False,0.937319,False
3,66,3,0,0,0,0.0,False,0.9373,False
3,66,4,0,3,0,0.0,False,0.937281,False
3,66,5,0,0,0,0.0,False,0.937262,False
3,66,6,0,1,4,0.0,False,0.937243,False
3,66,7,4,2,5,0.0,False,0.9372240000000001,False
3,66,8,5,2,6,0.0,False,0.937205,False
3,66,9,6,1,10,0.0,False,0.937186,False
3,66,10,10,3,6,0.0,False,0.937167,False
3,66,11,6,0,5,0.0,False,0.937148,False
3,66,12,5,3,1,0.0,False,0.937129,False
3,66,13,1,0,0,0.0,False,0.93711,False
3,66,14,0,0,0,0.0,False,0.937091,False
3,66,15,0,0,0,0.0,False,0.937072,False
3,66,16,0,1,4,0.0,False,0.937053,False
3,66,17,4,3,0,0.0,False,0.937034,False
3,66,18,0,2,1,0.0,False,0.937015,False
3,66,19,1,0,0,0.0,False,0.9369959999999999,False
3,66,20,0,2,1,0.0,False,0.936977,False
3,66,21,1,2,2,0.0,True,0.936958,False
3,67,1,0,3,0,0.0,False,0.936939,False
3,67,2,0,1,4,0.0,False,0.93692,False
3,67,3,4,3,0,0.0,False,0.936901,False
3,67,4,0,3,0,0.0,False,0.936882,False
3,67,5,0,1,4,0.0,False,0.936863,False
3,67,6,4,2,5,0.0,False,0.936844,False
3,67,7,5,0,4,0.0,False,0.936825,False
3,67,8,4,3,0,0.0,False,0.936806,False
3,67,9,0,2,1,0.0,False,0.936787,False
3,67,10,1,1,5,0.0,False,0.936768,False
3,67,11,5,3,1,0.0,False,0.936749,False
3,67,12,1,1,5,0.0,False,0.93673,False
3,67,13,5,1,9,0.0,False,0.936711,False
3,67,14,9,3,5,0.0,False,0.936692,False
3,67,15,5,1,9,0.0,False,0.936673,False
3,67,16,9,0,8,0.0,False,0.936654,False
3,67,17,8,3,4,0.0,False,0.936635,False
3,67,18,4,3,0,0.0,False,0.936616,False
3,67,19,0,3,0,0.0,False,0.936597,False
3,67,20,0,3,0,0.0,False,0.936578,False
3,67,21,0,0,0,0.0,False,0.936559,False
3,67,22,0,1,4,0.0,False,0.93654,False
3,67,23,4,2,5,0.0,False,0.9365209999999999,False
3,67,24,5,0,4,0.0,False,0.936502,False
3,67,25,4,2,5,0.0,False,0.936483,False
3,67,26,5,3,1,0.0,False,0.936464,False
3,67,27,1,2,2,0.0,True,0.936445,False
3,68,1,0,3,0,0.0,False,0.936426,False
3,68,2,0,3,0,0.0,False,0.936407,False
3,68,3,0,0,0,0.0,False,0.936388,False
3,68,4,0,1,4,0.0,False,0.936369,False
3,68,5,4,1,8,0.0,False,0.93635,False
3,68,6,8,0,8,0.0,False,0.936331,False
3,68,7,8,3,4,0.0,False,0.936312,False
3,68,8,4,1,8,0.0,False,0.936293,False
3,68,9,8,2,9,0.0,True,0.936274,False
3,69,1,0,2,1,0.0,False,0.936255,False
3,69,2,1,3,1,0.0,False,0.936236,False
3,69,3,1,3,1,0.0,False,0.936217,False
3,69,4,1,1,5,0.0,False,0.936198,False
3,69,5,5,3,1,0.0,False,0.936179,False
3,69,6,1,3,1,0.0,False,0.93616,False
3,69,7,1,2,2,0.0,False,0.936141,False
3,69,8,2,1,6,0.0,False,0.936122,False
3,69,9,6,2,7,0.0,False,0.936103,False
3,69,10,7,0,6,0.0,False,0.936084,False
3,69,11,6,1,10,0.0,False,0.936065,False
3,69,12,10,3,6,0.0,False,0.936046,False
3,69,13,6,1,10,0.0,False,0.936027,False
3,69,14,10,3,6,0.0,False,0.936008,False
3,69,15,6,3,2,0.0,False,0.935989,False
3,69,16,2,3,2,0.0,False,0.93597,False
3,69,17,2,2,3,0.0,False,0.935951,False
3,69,18,3,2,3,0.0,False,0.935932,False
3,69,19,3,2,3,0.0,False,0.935913,False
3,69,20,3,2,3,0.0,False,0.935894,False
3,69,21,3,2,3,0.0,False,0.935875,False
3,69,22,3,0,2,0.0,False,0.935856,False
3,69,23,2,0,1,0.0,False,0.935837,False
3,69,24,1,1,5,0.0,False,0.935818,False
3,69,25,5,0,4,0.0,False,0.935799,False
3,69,26,4,1,8,0.0,False,0.9357800000000001,False
3,69,27,8,3,4,0.0,False,0.9357610000000001,False
3,69,28,4,2,5,0.0,False,0.935742,False
3,69,29,5,2,6,0.0,False,0.935723,False
3,69,30,6,3,2,0.0,False,0.935704,False
3,69,31,2,2,3,0.0,False,0.935685,False
3,69,32,3,0,2,0.0,False,0.935666,False
3,69,33,2,0,1,0.0,False,0.935647,False
3,69,34,1,1,5,0.0,False,0.935628,False
3,69,35,5,0,4,0.0,False,0.935609,False
3,69,36,4,3,0,0.0,False,0.93559,False
3,69,37,0,1,4,0.0,False,0.935571,False
3,69,38,4,1,8,0.0,False,0.935552,False
3,69,39,8,1,12,0.0,True,0.935533,False
3,70,1,0,1,4,0.0,False,0.935514,False
3,70,2,4,1,8,0.0,False,0.935495,False
3,70,3,8,3,4,0.0,False,0.935476,False
3,70,4,4,2,5,0.0,False,0.935457,False
3,70,5,5,2,6,0.0,False,0.935438,False
3,70,6,6,1,10,0.0,False,0.935419,False
3,70,7,10,2,11,0.0,True,0.9354,False
3,71,1,0,3,0,0.0,False,0.935381,False
3,71,2,0,3,0,0.0,False,0.935362,False
3,71,3,0,3,0,0.0,False,0.935343,False
3,71,4,0,3,0,0.0,False,0.935324,False
3,71,5,0,3,0,0.0,False,0.935305,False
3,71,6,0,0,0,0.0,False,0.9352860000000001,False
3,71,7,0,3,0,0.0,False,0.935267,False
3,71,8,0,2,1,0.0,False,0.935248,False
3,71,9,1,2,2,0.0,False,0.935229,False
3,71,10,2,0,1,0.0,False,0.93521,False
3,71,11,1,1,5,0.0,False,0.935191,False
3,71,12,5,3,1,0.0,False,0.935172,False
3,71,13,1,1,5,0.0,False,0.935153,False
3,71,14,5,1,9,0.0,False,0.935134,False
3,71,15,9,2,10,0.0,False,0.935115,False
3,71,16,10,3,6,0.0,False,0.935096,False
3,71,17,6,3,2,0.0,False,0.935077,False
3,71,18,2,1,6,0.0,False,0.935058,False
3,71,19,6,0,5,0.0,False,0.935039,False
3,71,20,5,2,6,0.0,False,0.93502,False
3,71,21,6,2,7,0.0,False,0.935001,False
3,71,22,7,3,3,0.0,False,0.934982,False
3,71,23,3,3,3,0.0,False,0.934963,False
3,71,24,3,1,7,0.0,False,0.934944,False
3,71,25,7,1,11,0.0,False,0.934925,False
3,71,26,11,1,15,1.0,True,0.934906,False
3,72,1,0,1,4,0.0,False,0.934887,False
3,72,2,4,2,5,0.0,False,0.934868,False
3,72,3,5,3,1,0.0,False,0.934849,False
3,72,4,1,2,2,0.0,True,0.93483,False
3,73,1,0,3,0,0.0,False,0.9348110000000001,False
3,73,2,0,0,0,0.0,False,0.934792,False
3,73,3,0,1,4,0.0,False,0.934773,False
3,73,4,4,0,4,0.0,False,0.934754,False
3,73,5,4,2,5,0.0,False,0.934735,False
3,73,6,5,0,4,0.0,False,0.934716,False
3,73,7,4,1,8,0.0,False,0.934697,False
3,73,8,8,3,4,0.0,False,0.934678,False
3,73,9,4,3,0,0.0,False,0.934659,False
3,73,10,0,2,1,0.0,False,0.93464,False
3,73,11,1,2,2,0.0,False,0.934621,False
3,73,12,2,1,6,0.0,False,0.934602,False
3,73,13,6,2,7,0.0,False,0.9345829999999999,False
3,73,14,7,0,6,0.0,False,0.934564,False
3,73,15,6,2,7,0.0,False,0.934545,False
3,73,16,7,1,11,0.0,False,0.934526,False
3,73,17,11,2,11,0.0,False,0.934507,False
3,73,18,11,3,7,0.0,False,0.934488,False
3,73,19,7,3,3,0.0,True,0.934469,False
3,74,1,0,0,0,0.0,False,0.93445,False
3,74,2,0,0,0,0.0,False,0.934431,False
3,74,3,0,1,4,0.0,True,0.934412,False
3,75,1,0,0,0,0.0,False,0.934393,False
3,75,2,0,2,1,0.0,False,0.934374,False
3,75,3,1,2,2,0.0,True,0.934355,False
3,76,1,0,2,1,0.0,False,0.934336,False
3,76,2,1,2,2,0.0,False,0.9343170000000001,False
3,76,3,2,1,6,0.0,False,0.934298,False
3,76,4,6,1,10,0.0,False,0.934279,False
3,76,5,10,2,11,0.0,True,0.93426,False
3,77,1,0,1,4,0.0,False,0.934241,False
3,77,2,4,3,0,0.0,False,0.934222,False
3,77,3,0,3,0,0.0,False,0.934203,False
3,77,4,0,0,0,0.0,False,0.934184,False
3,77,5,0,0,0,0.0,False,0.934165,False
3,77,6,0,2,1,0.0,False,0.934146,False
3,77,7,1,0,0,0.0,False,0.934127,False
3,77,8,0,1,4,0.0,False,0.9341079999999999,False
3,77,9,4,1,8,0.0,False,0.934089,False
3,77,10,8,2,9,0.0,False,0.93407,False
3,77,11,9,3,5,0.0,False,0.934051,False
3,77,12,5,2,6,0.0,False,0.934032,False
3,77,13,6,0,5,0.0,False,0.934013,False
3,77,14,5,3,1,0.0,False,0.933994,False
3,77,15,1,1,5,0.0,False,0.933975,False
3,77,16,5,2,6,0.0,False,0.933956,False
3,77,17,6,2,7,0.0,False,0.933937,False
3,77,18,7,0,6,0.0,False,0.933918,False
3,77,19,6,2,7,0.0,False,0.933899,False
3,77,20,7,0,6,0.0,False,0.93388,False
3,77,21,6,3,2,0.0,False,0.933861,False
3,77,22,2,2,3,0.0,True,0.9338420000000001,False
3,78,1,0,3,0,0.0,False,0.933823,False
3,78,2,0,1,4,0.0,False,0.933804,False
3,78,3,4,3,0,0.0,False,0.933785,False
3,78,4,0,3,0,0.0,False,0.933766,False
3,78,5,0,3,0,0.0,False,0.933747,False
3,78,6,0,0,0,0.0,False,0.933728,False
3,78,7,0,1,4,0.0,False,0.933709,False
3,78,8,4,2,5,0.0,False,0.93369,False
3,78,9,5,1,9,0.0,False,0.933671,False
3,78,10,9,2,10,0.0,False,0.933652,False
3,78,11,10,2,11,0.0,False,0.933633,False
3,78,12,11,1,15,1.0,True,0.9336139999999999,False
3,79,1,0,1,4,0.0,False,0.933595,False
3,79,2,4,0,4,0.0,False,0.933576,False
3,79,3,4,0,4,0.0,False,0.933557,False
3,79,4,4,3,0,0.0,False,0.933538,False
3,79,5,0,1,4,0.0,False,0.933519,False
3,79,6,4,2,5,0.0,False,0.9335,False
3,79,7,5,0,4,0.0,False,0.933481,False
3,79,8,4,1,8,0.0,False,0.933462,False
3,79,9,8,3,4,0.0,False,0.933443,False
3,79,10,4,1,8,0.0,False,0.933424,False
3,79,11,8,3,4,0.0,False,0.933405,False
3,79,12,4,0,4,0.0,False,0.933386,False
3,79,13,4,1,8,0.0,False,0.9333670000000001,False
3,79,14,8,2,9,0.0,False,0.933348,False
3,79,15,9,0,8,0.0,False,0.933329,False
3,79,16,8,2,9,0.0,False,0.93331,False
3,79,17,9,0,8,0.0,False,0.933291,False
3,79,18,8,0,8,0.0,False,0.933272,False
3,79,19,8,0,8,0.0,False,0.933253,False
3,79,20,8,0,8,0.0,False,0.933234,False
3,79,21,8,3,4,0.0,False,0.933215,False
3,79,22,4,3,0,0.0,False,0.933196,False
3,79,23,0,1,4,0.0,False,0.933177,False
3,79,24,4,2,5,0.0,False,0.933158,False
3,79,25,5,0,4,0.0,False,0.933139,False
3,79,26,4,2,5,0.0,False,0.93312,False
3,79,27,5,1,9,0.0,False,0.933101,False
3,79,28,9,2,10,0.0,False,0.933082,False
3,79,29,10,1,14,0.0,False,0.933063,False
3,79,30,14,1,14,0.0,False,0.933044,False
3,79,31,14,2,15,1.0,True,0.933025,False
3,80,1,0,2,1,0.0,False,0.933006,False
3,80,2,1,0,0,0.0,False,0.932987,False
3,80,3,0,2,1,0.0,False,0.932968,False
3,80,4,1,2,2,0.0,True,0.932949,False
3,81,1,0,3,0,0.0,False,0.93293,False
3,81,2,0,2,1,0.0,False,0.932911,False
3,81,3,1,3,1,0.0,False,0.932892,False
3,81,4,1,1,5,0.0,False,0.9328730000000001,False
3,81,5,5,2,6,0.0,False,0.932854,False
3,81,6,6,2,7,0.0,False,0.932835,False
3,81,7,7,3,3,0.0,False,0.932816,False
3,81,8,3,1,7,0.0,False,0.932797,False
3,81,9,7,1,11,0.0,False,0.932778,False
3,81,10,11,1,15,1.0,True,0.932759,False
3,82,1,0,1,4,0.0,False,0.93274,False
3,82,2,4,0,4,0.0,False,0.932721,False
3,82,3,4,0,4,0.0,False,0.932702,False
3,82,4,4,2,5,0.0,False,0.932683,False
3,82,5,5,1,9,0.0,False,0.932664,False
3,82,6,9,0,8,0.0,False,0.932645,False
3,82,7,8,2,9,0.0,False,0.932626,False
3,82,8,9,2,10,0.0,True,0.932607,False
3,83,1,0,2,1,0.0,True,0.932588,False
3,84,1,0,0,0,0.0,False,0.932569,False
3,84,2,0,1,4,0.0,False,0.93255,False
3,84,3,4,1,8,0.0,False,0.932531,False
3,84,4,8,3,4,0.0,False,0.932512,False
3,84,5,4,2,5,0.0,True,0.932493,False
3,85,1,0,2,1,0.0,False,0.932474,False
3,85,2,1,0,0,0.0,False,0.932455,False
3,85,3,0,1,4,0.0,False,0.932436,False
3,85,4,4,2,5,0.0,False,0.932417,False
3,85,5,5,2,6,0.0,False,0.9323980000000001,False
3,85,6,6,0,5,0.0,False,0.9323790000000001,False
3,85,7,5,1,9,0.0,False,0.93236,False
3,85,8,9,1,13,0.0,False,0.932341,False
3,85,9,13,3,9,0.0,False,0.932322,False
3,85,10,9,3,5,0.0,False,0.932303,False
3,85,11,5,0,4,0.0,False,0.932284,False
3,85,12,4,0,4,0.0,False,0.932265,False
3,85,13,4,0,4,0.0,False,0.932246,False
3,85,14,4,0,4,0.0,False,0.932227,False
3,85,15,4,1,8,0.0,False,0.932208,False
3,85,16,8,0,8,0.0,False,0.932189,False
3,85,17,8,0,8,0.0,False,0.9321699999999999,False
3,85,18,8,2,9,0.0,False,0.932151,False
3,85,19,9,0,8,0.0,False,0.932132,False
3,85,20,8,3,4,0.0,False,0.932113,False
3,85,21,4,0,4,0.0,False,0.932094,False
3,85,22,4,3,0,0.0,False,0.932075,False
3,85,23,0,1,4,0.0,False,0.932056,False
3,85,24,4,0,4,0.0,False,0.932037,False
3,85,25,4,1,8,0.0,False,0.932018,False
3,85,26,8,3,4,0.0,False,0.931999,False
3,85,27,4,3,0,0.0,False,0.93198,False
3,85,28,0,3,0,0.0,False,0.931961,False
3,85,29,0,1,4,0.0,False,0.931942,False
3,85,30,4,0,4,0.0,False,0.9319230000000001,False
3,85,31,4,1,8,0.0,False,0.9319040000000001,False
3,85,32,8,0,8,0.0,False,0.931885,False
3,85,33,8,3,4,0.0,False,0.931866,False
3,85,34,4,0,4,0.0,False,0.931847,False
3,85,35,4,0,4,0.0,False,0.931828,False
3,85,36,4,3,0,0.0,False,0.931809,False
3,85,37,0,2,1,0.0,False,0.93179,False
3,85,38,1,0,0,0.0,False,0.931771,False
3,85,39,0,3,0,0.0,False,0.931752,False
3,85,40,0,1,4,0.0,False,0.931733,False
3,85,41,4,2,5,0.0,False,0.931714,False
3,85,42,5,1,9,0.0,False,0.9316949999999999,False
3,85,43,9,0,8,0.0,False,0.931676,False
3,85,44,8,0,8,0.0,False,0.931657,False
3,85,45,8,1,12,0.0,False,0.931638,False
3,85,46,12,3,8,0.0,False,0.931619,False
3,85,47,8,1,12,0.0,False,0.9316,False
3,85,48,12,1,12,0.0,False,0.931581,False
3,85,49,12,3,8,0.0,False,0.931562,False
3,85,50,8,2,9,0.0,False,0.931543,False
3,86,1,0,2,1,0.0,False,0.931524,False
3,86,2,1,2,2,0.0,False,0.931505,False
3,86,3,2,2,3,0.0,False,0.931486,False
3,86,4,3,1,7,0.0,False,0.931467,False
3,86,5,7,0,6,0.0,False,0.931448,False
3,86,6,6,3,2,0.0,False,0.9314290000000001,False
3,86,7,2,1,6,0.0,False,0.93141,False
3,86,8,6,1,10,0.0,False,0.931391,False
3,86,9,10,3,6,0.0,False,0.931372,False
3,86,10,6,3,2,0.0,False,0.931353,False
3,86,11,2,1,6,0.0,False,0.931334,False
3,86,12,6,1,10,0.0,False,0.931315,False
3,86,13,10,2,11,0.0,False,0.931296,False
3,86,14,11,0,10,0.0,False,0.931277,False
3,86,15,10,2,11,0.0,False,0.931258,False
3,86,16,11,0,10,0.0,False,0.931239,False
3,86,17,10,3,6,0.0,False,0.9312199999999999,False
3,86,18,6,2,7,0.0,False,0.931201,False
3,86,19,7,3,3,0.0,False,0.931182,False
3,86,20,3,1,7,0.0,False,0.931163,False
3,86,21,7,0,6,0.0,False,0.931144,False
3,86,22,6,0,5,0.0,False,0.931125,False
3,86,23,5,0,4,0.0,False,0.931106,False
3,86,24,4,2,5,0.0,False,0.931087,False
3,86,25,5,3,1,0.0,False,0.931068,False
3,86,26,1,3,1,0.0,False,0.931049,False
3,86,27,1,3,1,0.0,False,0.93103,False
3,86,28,1,3,1,0.0,False,0.931011,False
3,86,29,1,1,5,0.0,False,0.930992,False
3,86,30,5,0,4,0.0,False,0.930973,False
3,86,31,4,3,0,0.0,False,0.9309540000000001,False
3,86,32,0,2,1,0.0,False,0.930935,False
3,86,33,1,2,2,0.0,False,0.930916,False
3,86,34,2,3,2,0.0,False,0.930897,False
3,86,35,2,2,3,0.0,False,0.930878,False
3,86,36,3,0,2,0.0,False,0.930859,False
3,86,37,2,2,3,0.0,False,0.93084,False
3,86,38,3,1,7,0.0,False,0.930821,False
3,86,39,7,3,3,0.0,False,0.930802,False
3,86,40,3,2,3,0.0,False,0.930783,False
3,86,41,3,3,3,0.0,False,0.930764,False
3,86,42,3,3,3,0.0,False,0.930745,False
3,86,43,3,1,7,0.0,False,0.9307259999999999,False
3,86,44,7,2,7,0.0,False,0.930707,False
3,86,45,7,0,6,0.0,False,0.930688,False
3,86,46,6,3,2,0.0,False,0.930669,False
3,86,47,2,0,1,0.0,False,0.93065,False
3,86,48,1,0,0,0.0,False,0.930631,False
3,86,49,0,1,4,0.0,False,0.930612,False
3,86,50,4,1,8,0.0,True,0.930593,False
3,87,1,0,3,0,0.0,False,0.930574,False
3,87,2,0,1,4,0.0,False,0.930555,False
3,87,3,4,1,8,0.0,True,0.930536,False
3,88,1,0,3,0,0.0,False,0.930517,False
3,88,2,0,1,4,0.0,False,0.930498,False
3,88,3,4,1,8,0.0,False,0.9304790000000001,False
3,88,4,8,2,9,0.0,True,0.93046,False
3,89,1,0,2,1,0.0,False,0.930441,False
3,89,2,1,1,5,0.0,False,0.930422,False
3,89,3,5,1,9,0.0,False,0.930403,False
3,89,4,9,2,10,0.0,False,0.930384,False
3,89,5,10,1,14,0.0,False,0.930365,False
3,89,6,14,1,14,0.0,False,0.930346,False
3,89,7,14,0,13,0.0,False,0.930327,False
3,89,8,13,2,14,0.0,False,0.930308,False
3,89,9,14,2,15,1.0,True,0.930289,False
3,90,1,0,2,1,0.0,False,0.93027,False
3,90,2,1,3,1,0.0,False,0.930251,False
3,90,3,1,0,0,0.0,False,0.930232,False
3,90,4,0,3,0,0.0,False,0.930213,False
3,90,5,0,1,4,0.0,False,0.930194,False
3,90,6,4,0,4,0.0,False,0.930175,False
3,90,7,4,2,5,0.0,True,0.930156,False
3,91,1,0,1,4,0.0,False,0.930137,False
3,91,2,4,0,4,0.0,False,0.930118,False
3,91,3,4,3,0,0.0,False,0.930099,False
3,91,4,0,3,0,0.0,False,0.93008,False
3,91,5,0,1,4,0.0,False,0.930061,False
3,91,6,4,0,4,0.0,False,0.930042,False
3,91,7,4,3,0,0.0,False,0.930023,False
3,91,8,0,2,1,0.0,False,0.930004,False
3,91,9,1,0,0,0.0,False,0.9299850000000001,False
3,91,10,0,3,0,0.0,False,0.9299660000000001,False
3,91,11,0,0,0,0.0,False,0.929947,False
3,91,12,0,0,0,0.0,False,0.929928,False
3,91,13,0,0,0,0.0,False,0.929909,False
3,91,14,0,0,0,0.0,False,0.92989,False
3,91,15,0,0,0,0.0,False,0.929871,False
3,91,16,0,1,4,0.0,False,0.929852,False
3,91,17,4,2,5,0.0,False,0.929833,False
3,91,18,5,1,9,0.0,False,0.929814,False
3,91,19,9,2,10,0.0,False,0.929795,False
3,91,20,10,3,6,0.0,False,0.929776,False
3,91,21,6,3,2,0.0,False,0.929757,False
3,91,22,2,2,3,0.0,True,0.929738,False
3,92,1,0,1,4,0.0,False,0.929719,False
3,92,2,4,0,4,0.0,False,0.9297,False
3,92,3,4,0,4,0.0,False,0.929681,False
3,92,4,4,0,4,0.0,False,0.929662,False
3,92,5,4,1,8,0.0,False,0.929643,False
3,92,6,8,0,8,0.0,False,0.929624,False
3,92,7,8,3,4,0.0,False,0.929605,False
3,92,8,4,2,5,0.0,False,0.929586,False
3,92,9,5,0,4,0.0,False,0.929567,False
3,92,10,4,1,8,0.0,False,0.929548,False
3,92,11,8,2,9,0.0,False,0.929529,False
3,92,12,9,2,10,0.0,False,0.9295100000000001,False
3,92,13,10,0,9,0.0,False,0.9294910000000001,False
3,92,14,9,0,8,0.0,False,0.929472,False
3,92,15,8,3,4,0.0,False,0.929453,False
3,92,16,4,1,8,0.0,False,0.929434,False
3,92,17,8,3,4,0.0,False,0.929415,False
3,92,18,4,0,4,0.0,False,0.929396,False
3,92,19,4,1,8,0.0,False,0.929377,False
3,92,20,8,2,9,0.0,False,0.929358,False
3,92,21,9,1,13,0.0,False,0.929339,False
3,92,22,13,1,13,0.0,False,0.92932,False
3,92,23,13,2,14,0.0,False,0.929301,False
3,92,24,14,0,13,0.0,False,0.9292819999999999,False
3,92,25,13,0,12,0.0,False,0.929263,False
3,92,26,12,1,12,0.0,False,0.929244,False
3,92,27,12,0,12,0.0,False,0.929225,False
3,92,28,12,1,12,0.0,False,0.929206,False
3,92,29,12,0,12,0.0,False,0.929187,False
3,92,30,12,2,13,0.0,False,0.929168,False
3,92,31,13,2,14,0.0,False,0.929149,False
3,92,32,14,3,10,0.0,False,0.92913,False
3,92,33,10,1,14,0.0,False,0.929111,False
3,92,34,14,3,10,0.0,False,0.929092,False
3,92,35,10,2,11,0.0,False,0.929073,False
3,92,36,11,1,15,1.0,True,0.929054,False
3,93,1,0,0,0,0.0,False,0.929035,False
3,93,2,0,0,0,0.0,False,0.9290160000000001,False
3,93,3,0,0,0,0.0,False,0.928997,False
3,93,4,0,3,0,0.0,False,0.928978,False
3,93,5,0,2,1,0.0,False,0.928959,False
3,93,6,1,0,0,0.0,False,0.92894,False
3,93,7,0,3,0,0.0,False,0.928921,False
3,93,8,0,2,1,0.0,False,0.928902,False
3,93,9,1,1,5,0.0,False,0.928883,False
3,93,10,5,3,1,0.0,False,0.928864,False
3,93,11,1,2,2,0.0,False,0.928845,False
3,93,12,2,3,2,0.0,False,0.928826,False
3,93,13,2,0,1,0.0,False,0.9288069999999999,False
3,93,14,1,2,2,0.0,False,0.928788,False
3,93,15,2,1,6,0.0,False,0.928769,False
3,93,16,6,3,2,0.0,False,0.92875,False
3,93,17,2,3,2,0.0,False,0.928731,False
3,93,18,2,3,2,0.0,False,0.928712,False
3,93,19,2,1,6,0.0,False,0.928693,False
3,93,20,6,2,7,0.0,True,0.928674,False
3,94,1,0,2,1,0.0,False,0.928655,False
3,94,2,1,2,2,0.0,False,0.928636,False
3,94,3,2,2,3,0.0,False,0.928617,False
3,94,4,3,2,3,0.0,False,0.928598,False
3,94,5,3,2,3,0.0,False,0.928579,False
3,94,6,3,2,3,0.0,False,0.92856,False
3,94,7,3,3,3,0.0,False,0.9285410000000001,False
3,94,8,3,2,3,0.0,False,0.928522,False
3,94,9,3,1,7,0.0,True,0.928503,False
3,95,1,0,2,1,0.0,True,0.928484,False
3,96,1,0,1,4,0.0,False,0.928465,False
3,96,2,4,0,4,0.0,False,0.928446,False
3,96,3,4,0,4,0.0,False,0.928427,False
3,96,4,4,1,8,0.0,False,0.928408,False
3,96,5,8,0,8,0.0,False,0.928389,False
3,96,6,8,0,8,0.0,False,0.92837,False
3,96,7,8,3,4,0.0,False,0.928351,False
3,96,8,4,0,4,0.0,False,0.928332,False
3,96,9,4,3,0,0.0,False,0.9283129999999999,False
3,96,10,0,1,4,0.0,False,0.928294,False
3,96,11,4,1,8,0.0,False,0.928275,False
3,96,12,8,0,8,0.0,False,0.928256,False
3,96,13,8,2,9,0.0,False,0.928237,False
3,96,14,9,3,5,0.0,True,0.928218,False
3,97,1,0,2,1,0.0,True,0.928199,False
3,98,1,0,0,0,0.0,False,0.92818,False
3,98,2,0,2,1,0.0,False,0.928161,False
3,98,3,1,2,2,0.0,False,0.928142,False
3,98,4,2,2,3,0.0,False,0.928123,False
3,98,5,3,1,7,0.0,False,0.928104,False
3,98,6,7,1,11,0.0,False,0.928085,False
3,98,7,11,1,15,1.0,True,0.9280660000000001,False
3,99,1,0,1,4,0.0,False,0.928047,False
3,99,2,4,1,8,0.0,False,0.928028,False
3,99,3,8,1,12,0.0,False,0.928009,False
3,99,4,12,0,12,0.0,False,0.92799,False
3,99,5,12,3,8,0.0,False,0.927971,False
3,99,6,8,3,4,0.0,False,0.927952,False
3,99,7,4,2,5,0.0,False,0.927933,False
3,99,8,5,3,1,0.0,False,0.927914,False
3,99,9,1,1,5,0.0,False,0.927895,False
3,99,10,5,1,9,0.0,True,0.927876,False
3,100,1,0,3,0,0.0,False,0.927857,False
3,100,2,0,1,4,0.0,False,0.927838,False
3,100,3,4,0,4,0.0,False,0.927819,False
3,100,4,4,3,0,0.0,False,0.9278,False
3,100,5,0,1,4,0.0,False,0.927781,False
3,100,6,4,2,5,0.0,True,0.927762,False
4,1,1,0,3,0,0.0,False,0.927743,False
4,1,2,0,1,4,0.0,False,0.927724,False
4,1,3,4,1,8,0.0,False,0.927705,False
4,1,4,8,0,8,0.0,False,0.927686,False
4,1,5,8,0,8,0.0,False,0.927667,False
4,1,6,8,2,9,0.0,False,0.927648,False
4,1,7,9,1,13,0.0,False,0.927629,False
4,1,8,13,0,12,0.0,False,0.92761,False
4,1,9,12,3,8,0.0,False,0.927591,False
4,1,10,8,0,8,0.0,False,0.9275720000000001,False
4,1,11,8,2,9,0.0,False,0.927553,False
4,1,12,9,0,8,0.0,False,0.927534,False
4,1,13,8,1,12,0.0,False,0.927515,False
4,1,14,12,0,12,0.0,False,0.927496,False
4,1,15,12,0,12,0.0,False,0.927477,False
4,1,16,12,1,12,0.0,False,0.927458,False
4,1,17,12,1,12,0.0,False,0.927439,False
4,1,18,12,1,12,0.0,False,0.92742,False
4,1,19,12,1,12,0.0,False,0.927401,False
4,1,20,12,1,12,0.0,False,0.927382,False
4,1,21,12,2,13,0.0,False,0.927363,False
4,1,22,13,1,13,0.0,False,0.927344,False
4,1,23,13,2,14,0.0,False,0.927325,False
4,1,24,14,2,15,1.0,True,0.927306,False
4,2,1,0,0,0,0.0,False,0.927287,False
4,2,2,0,0,0,0.0,False,0.927268,False
4,2,3,0,0,0,0.0,False,0.927249,False
4,2,4,0,2,1,0.0,False,0.92723,False
4,2,5,1,2,2,0.0,False,0.927211,False
4,2,6,2,1,6,0.0,False,0.927192,False
4,2,7,6,0,5,0.0,False,0.927173,False
4,2,8,5,0,4,0.0,True,0.927154,False
4,3,1,0,1,4,0.0,False,0.927135,False
4,3,2,4,3,0,0.0,False,0.927116,False
4,3,3,0,3,0,0.0,False,0.9270970000000001,False
4,3,4,0,0,0,0.0,False,0.9270780000000001,False
4,3,5,0,2,1,0.0,False,0.927059,False
4,3,6,1,0,0,0.0,False,0.92704,False
4,3,7,0,0,0,0.0,False,0.927021,False
4,3,8,0,2,1,0.0,False,0.927002,False
4,3,9,1,0,0,0.0,False,0.926983,False
4,3,10,0,1,4,0.0,False,0.926964,False
4,3,11,4,1,8,0.0,True,0.926945,False
4,4,1,0,1,4,0.0,False,0.926926,False
4,4,2,4,2,5,0.0,True,0.926907,False
4,5,1,0,2,1,0.0,False,0.926888,False
4,5,2,1,0,0,0.0,False,0.9268689999999999,False
4,5,3,0,0,0,0.0,False,0.92685,False
4,5,4,0,1,4,0.0,False,0.926831,False
4,5,5,4,2,5,0.0,True,0.926812,False
4,6,1,0,3,0,0.0,False,0.926793,False
4,6,2,0,0,0,0.0,False,0.926774,False
4,6,3,0,1,4,0.0,False,0.926755,False
4,6,4,4,0,4,0.0,False,0.926736,False
4,6,5,4,2,5,0.0,True,0.926717,False
4,7,1,0,1,4,0.0,False,0.926698,False
4,7,2,4,2,5,0.0,False,0.926679,False
4,7,3,5,1,9,0.0,False,0.92666,False
4,7,4,9,0,8,0.0,False,0.926641,False
4,7,5,8,1,12,0.0,False,0.9266220000000001,False
4,7,6,12,0,12,0.0,False,0.9266030000000001,False
4,7,7,12,0,12,0.0,False,0.926584,False
4,7,8,12,3,8,0.0,False,0.926565,False
4,7,9,8,0,8,0.0,False,0.926546,False
4,7,10,8,3,4,0.0,False,0.926527,False
4,7,11,4,1,8,0.0,False,0.926508,False
4,7,12,8,3,4,0.0,False,0.926489,False
4,7,13,4,2,5,0.0,False,0.92647,False
4,7,14,5,0,4,0.0,False,0.926451,False
4,7,15,4,0,4,0.0,False,0.926432,False
4,7,16,4,3,0,0.0,False,0.926413,False
4,7,17,0,0,0,0.0,False,0.926394,False
4,7,18,0,0,0,0.0,False,0.926375,False
4,7,19,0,3,0,0.0,False,0.926356,False
4,7,20,0,1,4,0.0,False,0.926337,False
4,7,21,4,3,0,0.0,False,0.926318,False
4,7,22,0,3,0,0.0,False,0.926299,False
4,7,23,0,2,1,0.0,True,0.92628,False
4,8,1,0,1,4,0.0,False,0.926261,False
4,8,2,4,2,5,0.0,False,0.926242,False
4,8,3,5,1,9,0.0,False,0.926223,False
4,8,4,9,3,5,0.0,False,0.926204,False
4,8,5,5,1,9,0.0,False,0.926185,False
4,8,6,9,2,10,0.0,False,0.926166,False
4,8,7,10,1,14,0.0,False,0.926147,False
4,8,8,14,2,15,1.0,True,0.9261280000000001,False
4,9,1,0,1,4,0.0,True,0.926109,False
4,10,1,0,0,0,0.0,False,0.92609,False
4,10,2,0,0,0,0.0,False,0.926071,False
4,10,3,0,3,0,0.0,False,0.926052,False
4,10,4,0,1,4,0.0,False,0.926033,False
4,10,5,4,0,4,0.0,False,0.926014,False
4,10,6,4,0,4,0.0,False,0.925995,False
4,10,7,4,3,0,0.0,False,0.925976,False
4,10,8,0,2,1,0.0,False,0.925957,False
4,10,9,1,1,5,0.0,False,0.925938,False
4,10,10,5,0,4,0.0,False,0.925919,False
4,10,11,4,3,0,0.0,False,0.9259,False
4,10,12,0,1,4,0.0,False,0.925881,False
4,10,13,4,3,0,0.0,False,0.925862,False
4,10,14,0,1,4,0.0,False,0.925843,False
4,10,15,4,0,4,0.0,False,0.925824,False
4,10,16,4,1,8,0.0,False,0.925805,False
4,10,17,8,1,12,0.0,False,0.925786,False
4,10,18,12,0,12,0.0,False,0.925767,False
4,10,19,12,3,8,0.0,False,0.925748,False
4,10,20,8,0,8,0.0,False,0.925729,False
4,10,21,8,1,12,0.0,False,0.92571,False
4,10,22,12,3,8,0.0,False,0.925691,False
4,10,23,8,0,8,0.0,False,0.925672,False
4,10,24,8,2,9,0.0,False,0.9256530000000001,False
4,10,25,9,1,13,0.0,False,0.925634,False
4,10,26,13,1,13,0.0,False,0.925615,False
4,10,27,13,1,13,0.0,False,0.925596,False
4,10,28,13,2,14,0.0,False,0.925577,False
4,10,29,14,0,13,0.0,False,0.925558,False
4,10,30,13,1,13,0.0,False,0.925539,False
4,10,31,13,2,14,0.0,False,0.92552,False
4,10,32,14,0,13,0.0,False,0.925501,False
4,10,33,13,2,14,0.0,False,0.925482,False
4,10,34,14,2,15,1.0,True,0.925463,False
4,11,1,0,0,0,0.0,False,0.925444,False
4,11,2,0,1,4,0.0,False,0.9254249999999999,False
4,11,3,4,3,0,0.0,False,0.925406,False
4,11,4,0,2,1,0.0,False,0.925387,False
4,11,5,1,3,1,0.0,False,0.925368,False
4,11,6,1,1,5,0.0,False,0.925349,False
4,11,7,5,1,9,0.0,True,0.92533,False
4,12,1,0,3,0,0.0,False,0.925311,False
4,12,2,0,1,4,0.0,True,0.925292,False
4,13,1,0,1,4,0.0,False,0.925273,False
4,13,2,4,2,5,0.0,False,0.925254,False
4,13,3,5,1,9,0.0,False,0.925235,False
4,13,4,9,0,8,0.0,False,0.925216,False
4,13,5,8,0,8,0.0,False,0.925197,False
4,13,6,8,0,8,0.0,False,0.9251780000000001,False
4,13,7,8,3,4,0.0,False,0.925159,False
4,13,8,4,1,8,0.0,False,0.92514,False
4,13,9,8,3,4,0.0,False,0.925121,False
4,13,10,4,2,5,0.0,False,0.925102,False
4,13,11,5,1,9,0.0,False,0.925083,False
4,13,12,9,3,5,0.0,False,0.925064,False
4,13,13,5,3,1,0.0,False,0.925045,False
4,13,14,1,2,2,0.0,True,0.925026,False
4,14,1,0,2,1,0.0,False,0.925007,False
4,14,2,1,3,1,0.0,False,0.924988,False
4,14,3,1,1,5,0.0,False,0.924969,False
4,14,4,5,0,4,0.0,False,0.92495,False
4,14,5,4,3,0,0.0,False,0.924931,False
4,14,6,0,0,0,0.0,False,0.924912,False
4,14,7,0,3,0,0.0,False,0.924893,False
4,14,8,0,2,1,0.0,False,0.924874,False
4,14,9,1,2,2,0.0,False,0.924855,False
4,14,10,2,2,3,0.0,False,0.924836,False
4,14,11,3,3,3,0.0,False,0.924817,False
4,14,12,3,0,2,0.0,False,0.924798,False
4,14,13,2,0,1,0.0,False,0.924779,False
4,14,14,1,0,0,0.0,False,0.92476,False
4,14,15,0,2,1,0.0,False,0.924741,False
4,14,16,1,0,0,0.0,False,0.924722,False
4,14,17,0,3,0,0.0,False,0.924703,False
4,14,18,0,0,0,0.0,False,0.9246840000000001,False
4,14,19,0,0,0,0.0,False,0.9246650000000001,False
4,14,20,0,1,4,0.0,False,0.924646,False
4,14,21,4,2,5,0.0,False,0.924627,False
4,14,22,5,0,4,0.0,False,0.924608,False
4,14,23,4,0,4,0.0,False,0.924589,False
4,14,24,4,1,8,0.0,True,0.92457,False
4,15,1,0,1,4,0.0,True,0.924551,False
4,16,1,0,2,1,0.0,False,0.924532,False
4,16,2,1,3,1,0.0,False,0.924513,False
4,16,3,1,1,5,0.0,True,0.924494,False
4,17,1,0,1,4,0.0,False,0.924475,False
4,17,2,4,1,8,0.0,False,0.924456,False
4,17,3,8,1,12,0.0,True,0.924437,False
4,18,1,0,3,0,0.0,False,0.924418,False
4,18,2,0,0,0,0.0,False,0.924399,False
4,18,3,0,0,0,0.0,False,0.92438,False
4,18,4,0,1,4,0.0,False,0.924361,False
4,18,5,4,1,8,0.0,False,0.924342,False
4,18,6,8,3,4,0.0,False,0.924323,False
4,18,7,4,1,8,0.0,False,0.924304,False
4,18,8,8,3,4,0.0,False,0.924285,False
4,18,9,4,1,8,0.0,False,0.924266,False
4,18,10,8,3,4,0.0,False,0.924247,False
4,18,11,4,1,8,0.0,False,0.924228,False
4,18,12,8,2,9,0.0,False,0.9242090000000001,False
4,18,13,9,3,5,0.0,False,0.9241900000000001,False
4,18,14,5,0,4,0.0,False,0.924171,False
4,18,15,4,3,0,0.0,False,0.924152,False
4,18,16,0,2,1,0.0,False,0.924133,False
4,18,17,1,2,2,0.0,True,0.924114,False
4,19,1,0,3,0,0.0,False,0.924095,False
4,19,2,0,2,1,0.0,True,0.924076,False
4,20,1,0,0,0,0.0,False,0.924057,False
4,20,2,0,1,4,0.0,False,0.924038,False
4,20,3,4,3,0,0.0,False,0.924019,False
4,20,4,0,0,0,0.0,False,0.924,False
4,20,5,0,2,1,0.0,False,0.923981,False
4,20,6,1,3,1,0.0,False,0.923962,False
4,20,7,1,2,2,0.0,False,0.923943,False
4,20,8,2,0,1,0.0,False,0.923924,False
4,20,9,1,0,0,0.0,False,0.923905,False
4,20,10,0,0,0,0.0,False,0.923886,False
4,20,11,0,3,0,0.0,False,0.923867,False
4,20,12,0,1,4,0.0,False,0.923848,False
4,20,13,4,2,5,0.0,True,0.923829,False
4,21,1,0,0,0,0.0,False,0.92381,False
4,21,2,0,1,4,0.0,True,0.923791,False
4,22,1,0,2,1,0.0,True,0.923772,False
4,23,1,0,2,1,0.0,False,0.923753,False
4,23,2,1,0,0,0.0,False,0.923734,False
4,23,3,0,0,0,0.0,False,0.9237150000000001,False
4,23,4,0,1,4,0.0,False,0.923696,False
4,23,5,4,1,8,0.0,False,0.923677,False
4,23,6,8,2,9,0.0,True,0.923658,False
4,24,1,0,0,0,0.0,False,0.923639,False
4,24,2,0,1,4,0.0,False,0.92362,False
4,24,3,4,3,0,0.0,False,0.923601,False
4,24,4,0,2,1,0.0,True,0.923582,False
4,25,1,0,1,4,0.0,False,0.923563,False
4,25,2,4,2,5,0.0,False,0.923544,False
4,25,3,5,0,4,0.0,False,0.923525,False
4,25,4,4,1,8,0.0,False,0.923506,False
4,25,5,8,2,9,0.0,True,0.923487,False
4,26,1,0,3,0,0.0,False,0.923468,False
4,26,2,0,0,0,0.0,False,0.923449,False
4,26,3,0,3,0,0.0,False,0.92343,False
4,26,4,0,2,1,0.0,True,0.923411,False
4,27,1,0,3,0,0.0,False,0.923392,False
4,27,2,0,1,4,0.0,False,0.923373,False
4,27,3,4,1,8,0.0,False,0.923354,False
4,27,4,8,0,8,0.0,False,0.923335,False
4,27,5,8,2,9,0.0,False,0.923316,False
4,27,6,9,0,8,0.0,False,0.923297,False
4,27,7,8,2,9,0.0,False,0.923278,False
4,27,8,9,1,13,0.0,False,0.923259,False
4,27,9,13,2,14,0.0,False,0.9232400000000001,False
4,27,10,14,2,15,1.0,True,0.923221,False
4,28,1,0,2,1,0.0,False,0.923202,False
4,28,2,1,3,1,0.0,False,0.923183,False
4,28,3,1,2,2,0.0,False,0.923164,False
4,28,4,2,0,1,0.0,False,0.923145,False
4,28,5,1,0,0,0.0,False,0.923126,False
4,28,6,0,0,0,0.0,False,0.923107,False
4,28,7,0,3,0,0.0,False,0.923088,False
4,28,8,0,1,4,0.0,False,0.923069,False
4,28,9,4,0,4,0.0,False,0.92305,False
4,28,10,4,3,0,0.0,False,0.923031,False
4,28,11,0,0,0,0.0,False,0.9230119999999999,False
4,28,12,0,0,0,0.0,False,0.922993,False
4,28,13,0,0,0,0.0,False,0.922974,False
4,28,14,0,3,0,0.0,False,0.922955,False
4,28,15,0,0,0,0.0,False,0.922936,False
4,28,16,0,2,1,0.0,False,0.922917,False
4,28,17,1,0,0,0.0,False,0.922898,False
4,28,18,0,2,1,0.0,False,0.922879,False
4,28,19,1,2,2,0.0,False,0.92286,False
4,28,20,2,3,2,0.0,False,0.922841,False
4,28,21,2,1,6,0.0,False,0.922822,False
4,28,22,6,3,2,0.0,False,0.922803,False
4,28,23,2,0,1,0.0,False,0.922784,False
4,28,24,1,1,5,0.0,False,0.9227650000000001,False
4,28,25,5,3,1,0.0,False,0.922746,False
4,28,26,1,3,1,0.0,False,0.922727,False
4,28,27,1,1,5,0.0,False,0.922708,False
4,28,28,5,1,9,0.0,False,0.922689,False
4,28,29,9,1,13,0.0,False,0.92267,False
4,28,30,13,2,14,0.0,False,0.922651,False
4,28,31,14,3,10,0.0,False,0.922632,False
4,28,32,10,3,6,0.0,False,0.922613,False
4,28,33,6,3,2,0.0,False,0.922594,False
4,28,34,2,1,6,0.0,False,0.922575,False
4,28,35,6,0,5,0.0,False,0.922556,False
4,28,36,5,1,9,0.0,False,0.9225369999999999,False
4,28,37,9,1,13,0.0,False,0.922518,False
4,28,38,13,0,12,0.0,False,0.922499,False
4,28,39,12,3,8,0.0,False,0.92248,False
4,28,40,8,3,4,0.0,False,0.922461,False
4,28,41,4,2,5,0.0,False,0.922442,False
4,28,42,5,1,9,0.0,False,0.922423,False
4,28,43,9,0,8,0.0,False,0.922404,False
4,28,44,8,0,8,0.0,False,0.922385,False
4,28,45,8,0,8,0.0,False,0.922366,False
4,28,46,8,3,4,0.0,False,0.922347,False
4,28,47,4,0,4,0.0,False,0.922328,False
4,28,48,4,0,4,0.0,False,0.922309,False
4,28,49,4,2,5,0.0,False,0.92229,False
4,28,50,5,3,1,0.0,False,0.922271,False
4,29,1,0,2,1,0.0,False,0.922252,False
4,29,2,1,0,0,0.0,False,0.922233,False
4,29,3,0,1,4,0.0,True,0.922214,False
4,30,1,0,3,0,0.0,False,0.922195,False
4,30,2,0,0,0,0.0,False,0.922176,False
4,30,3,0,1,4,0.0,True,0.922157,False
4,31,1,0,0,0,0.0,False,0.922138,False
4,31,2,0,0,0,0.0,False,0.922119,False
4,31,3,0,1,4,0.0,False,0.9221,False
4,31,4,4,2,5,0.0,True,0.922081,False
4,32,1,0,1,4,0.0,False,0.922062,False
4,32,2,4,1,8,0.0,True,0.9220430000000001,False
4,33,1,0,3,0,0.0,False,0.922024,False
4,33,2,0,2,1,0.0,False,0.922005,False
4,33,3,1,3,1,0.0,False,0.921986,False
4,33,4,1,2,2,0.0,False,0.921967,False
4,33,5,2,1,6,0.0,True,0.921948,False
4,34,1,0,3,0,0.0,False,0.921929,False
4,34,2,0,0,0,0.0,False,0.92191,False
4,34,3,0,2,1,0.0,False,0.921891,False
4,34,4,1,1,5,0.0,False,0.921872,False
4,34,5,5,0,4,0.0,False,0.921853,False
4,34,6,4,2,5,0.0,False,0.921834,False
4,34,7,5,2,6,0.0,False,0.921815,False
4,34,8,6,0,5,0.0,False,0.9217960000000001,False
4,34,9,5,3,1,0.0,False,0.9217770000000001,False
4,34,10,1,2,2,0.0,False,0.921758,False
4,34,11,2,1,6,0.0,False,0.921739,False
4,34,12,6,1,10,0.0,True,0.92172,False
4,35,1,0,1,4,0.0,False,0.921701,False
4,35,2,4,2,5,0.0,False,0.921682,False
4,35,3,5,2,6,0.0,False,0.921663,False
4,35,4,6,3,2,0.0,True,0.921644,False
4,36,1,0,3,0,0.0,False,0.921625,False
4,36,2,0,1,4,0.0,False,0.921606,False
4,36,3,4,0,4,0.0,False,0.921587,False
4,36,4,4,2,5,0.0,False,0.921568,False
4,36,5,5,3,1,0.0,False,0.921549,False
4,36,6,1,1,5,0.0,False,0.92153,False
4,36,7,5,1,9,0.0,False,0.921511,False
4,36,8,9,2,10,0.0,True,0.921492,False
4,37,1,0,3,0,0.0,False,0.921473,False
4,37,2,0,1,4,0.0,False,0.921454,False
4,37,3,4,1,8,0.0,False,0.921435,False
4,37,4,8,2,9,0.0,False,0.921416,False
4,37,5,9,2,10,0.0,False,0.921397,False
4,37,6,10,3,6,0.0,False,0.921378,False
4,37,7,6,1,10,0.0,False,0.921359,False
4,37,8,10,3,6,0.0,False,0.92134,False
4,37,9,6,2,7,0.0,False,0.9213210000000001,False
4,37,10,7,2,7,0.0,False,0.9213020000000001,False
4,37,11,7,2,7,0.0,False,0.921283,False
4,37,12,7,1,11,0.0,False,0.921264,False
4,37,13,11,3,7,0.0,False,0.921245,False
4,37,14,7,1,11,0.0,False,0.921226,False
4,37,15,11,2,11,0.0,False,0.921207,False
4,37,16,11,2,11,0.0,False,0.921188,False
4,37,17,11,1,15,1.0,True,0.921169,False
4,38,1,0,0,0,0.0,False,0.92115,False
4,38,2,0,1,4,0.0,False,0.921131,False
4,38,3,4,1,8,0.0,False,0.921112,False
4,38,4,8,1,12,0.0,False,0.921093,False
4,38,5,12,2,13,0.0,False,0.921074,False
4,38,6,13,3,9,0.0,False,0.921055,False
4,38,7,9,0,8,0.0,False,0.921036,False
4,38,8,8,3,4,0.0,False,0.921017,False
4,38,9,4,2,5,0.0,True,0.920998,False
4,39,1,0,1,4,0.0,False,0.920979,False
4,39,2,4,2,5,0.0,True,0.92096,False
4,40,1,0,0,0,0.0,False,0.920941,False
4,40,2,0,3,0,0.0,False,0.920922,False
4,40,3,0,2,1,0.0,False,0.920903,False
4,40,4,1,3,1,0.0,False,0.920884,False
4,40,5,1,3,1,0.0,False,0.920865,False
4,40,6,1,2,2,0.0,True,0.920846,False
4,41,1,0,0,0,0.0,False,0.9208270000000001,False
4,41,2,0,0,0,0.0,False,0.920808,False
4,41,3,0,0,0,0.0,False,0.920789,False
4,41,4,0,2,1,0.0,False,0.92077,False
4,41,5,1,1,5,0.0,False,0.920751,False
4,41,6,5,2,6,0.0,False,0.920732,False
4,41,7,6,3,2,0.0,False,0.920713,False
4,41,8,2,1,6,0.0,False,0.920694,False
4,41,9,6,0,5,0.0,False,0.920675,False
4,41,10,5,2,6,0.0,False,0.920656,False
4,41,11,6,1,10,0.0,False,0.920637,False
4,41,12,10,0,9,0.0,False,0.920618,False
4,41,13,9,1,13,0.0,True,0.920599,False
4,42,1,0,1,4,0.0,False,0.92058,False
4,42,2,4,3,0,0.0,False,0.920561,False
4,42,3,0,3,0,0.0,False,0.920542,False
4,42,4,0,3,0,0.0,False,0.920523,False
4,42,5,0,0,0,0.0,False,0.920504,False
4,42,6,0,1,4,0.0,False,0.920485,False
4,42,7,4,1,8,0.0,False,0.920466,False
4,42,8,8,0,8,0.0,False,0.920447,False
4,42,9,8,3,4,0.0,False,0.920428,False
4,42,10,4,2,5,0.0,False,0.920409,False
4,42,11,5,1,9,0.0,False,0.92039,False
4,42,12,9,1,13,0.0,True,0.920371,False
4,43,1,0,0,0,0.0,False,0.9203520000000001,False
4,43,2,0,2,1,0.0,False,0.920333,False
4,43,3,1,1,5,0.0,False,0.920314,False
4,43,4,5,3,1,0.0,False,0.920295,False
4,43,5,1,1,5,0.0,False,0.920276,False
4,43,6,5,3,1,0.0,False,0.920257,False
4,43,7,1,3,1,0.0,False,0.920238,False
4,43,8,1,0,0,0.0,False,0.920219,False
4,43,9,0,3,0,0.0,False,0.9202,False
4,43,10,0,2,1,0.0,False,0.920181,False
4,43,11,1,0,0,0.0,False,0.920162,False
4,43,12,0,2,1,0.0,False,0.920143,False
4,43,13,1,2,2,0.0,False,0.9201239999999999,False
4,43,14,2,3,2,0.0,False,0.920105,False
4,43,15,2,0,1,0.0,False,0.920086,False
4,43,16,1,3,1,0.0,False,0.920067,False
4,43,17,1,3,1,0.0,False,0.920048,False
4,43,18,1,2,2,0.0,False,0.920029,False
4,43,19,2,0,1,0.0,False,0.92001,False
4,43,20,1,2,2,0.0,False,0.919991,False
4,43,21,2,1,6,0.0,False,0.919972,False
4,43,22,6,3,2,0.0,False,0.919953,False
4,43,23,2,3,2,0.0,False,0.919934,False
4,43,24,2,2,3,0.0,False,0.919915,False
4,43,25,3,2,3,0.0,False,0.919896,False
4,43,26,3,1,7,0.0,False,0.9198770000000001,False
4,43,27,7,0,6,0.0,False,0.919858,False
4,43,28,6,1,10,0.0,False,0.919839,False
4,43,29,10,0,9,0.0,False,0.91982,False
4,43,30,9,3,5,0.0,False,0.919801,False
4,43,31,5,0,4,0.0,True,0.919782,False
4,44,1,0,2,1,0.0,False,0.919763,False
4,44,2,1,2,2,0.0,False,0.919744,False
4,44,3,2,2,3,0.0,False,0.919725,False
4,44,4,3,2,3,0.0,False,0.919706,False
4,44,5,3,0,2,0.0,False,0.919687,False
4,44,6,2,1,6,0.0,False,0.919668,False
4,44,7,6,1,10,0.0,False,0.919649,False
4,44,8,10,1,14,0.0,False,0.91963,False
4,44,9,14,0,13,0.0,False,0.919611,False
4,44,10,13,3,9,0.0,False,0.919592,False
4,44,11,9,1,13,0.0,False,0.919573,False
4,44,12,13,2,14,0.0,False,0.919554,False
4,44,13,14,0,13,0.0,False,0.919535,False
4,44,14,13,2,14,0.0,False,0.919516,False
4,44,15,14,2,15,1.0,True,0.919497,False
4,45,1,0,0,0,0.0,False,0.919478,False
4,45,2,0,3,0,0.0,False,0.919459,False
4,45,3,0,0,0,0.0,False,0.91944,False
4,45,4,0,0,0,0.0,False,0.919421,False
4,45,5,0,3,0,0.0,False,0.919402,False
4,45,6,0,0,0,0.0,False,0.9193830000000001,False
4,45,7,0,2,1,0.0,False,0.919364,False
4,45,8,1,3,1,0.0,False,0.919345,False
4,45,9,1,3,1,0.0,False,0.919326,False
4,45,10,1,0,0,0.0,False,0.919307,False
4,45,11,0,0,0,0.0,False,0.919288,False
4,45,12,0,0,0,0.0,False,0.919269,False
4,45,13,0,2,1,0.0,False,0.91925,False
4,45,14,1,1,5,0.0,False,0.919231,False
4,45,15,5,1,9,0.0,False,0.919212,False
4,45,16,9,0,8,0.0,False,0.919193,False
4,45,17,8,1,12,0.0,False,0.919174,False
4,45,18,12,3,8,0.0,False,0.919155,False
4,45,19,8,1,12,0.0,False,0.919136,False
4,45,20,12,3,8,0.0,False,0.919117,False
4,45,21,8,2,9,0.0,False,0.919098,False
4,45,22,9,1,13,0.0,False,0.919079,False
4,45,23,13,0,12,0.0,False,0.91906,False
4,45,24,12,3,8,0.0,False,0.919041,False
4,45,25,8,2,9,0.0,False,0.919022,False
4,45,26,9,0,8,0.0,False,0.919003,False
4,45,27,8,1,12,0.0,False,0.918984,False
4,45,28,12,3,8,0.0,False,0.918965,False
4,45,29,8,0,8,0.0,False,0.918946,False
4,45,30,8,3,4,0.0,False,0.918927,False
4,45,31,4,0,4,0.0,False,0.9189080000000001,False
4,45,32,4,0,4,0.0,False,0.9188890000000001,False
4,45,33,4,3,0,0.0,False,0.91887,False
4,45,34,0,0,0,0.0,False,0.918851,False
4,45,35,0,0,0,0.0,False,0.918832,False
4,45,36,0,3,0,0.0,False,0.918813,False
4,45,37,0,0,0,0.0,False,0.918794,False
4,45,38,0,2,1,0.0,False,0.918775,False
4,45,39,1,0,0,0.0,False,0.918756,False
4,45,40,0,0,0,0.0,False,0.918737,False
4,45,41,0,1,4,0.0,False,0.918718,False
4,45,42,4,0,4,0.0,False,0.918699,False
4,45,43,4,2,5,0.0,False,0.91868,False
4,45,44,5,0,4,0.0,False,0.918661,False
4,45,45,4,3,0,0.0,False,0.918642,False
4,45,46,0,3,0,0.0,False,0.918623,False
4,45,47,0,0,0,0.0,False,0.918604,False
4,45,48,0,1,4,0.0,False,0.918585,False
4,45,49,4,3,0,0.0,False,0.918566,False
4,45,50,0,2,1,0.0,False,0.918547,False
4,46,1,0,2,1,0.0,False,0.918528,False
4,46,2,1,1,5,0.0,True,0.918509,False
4,47,1,0,2,1,0.0,False,0.91849,False
4,47,2,1,2,2,0.0,False,0.918471,False
4,47,3,2,2,3,0.0,False,0.918452,False
4,47,4,3,1,7,0.0,False,0.918433,False
4,47,5,7,1,11,0.0,False,0.9184140000000001,False
4,47,6,11,0,10,0.0,False,0.918395,False
4,47,7,10,1,14,0.0,False,0.918376,False
4,47,8,14,2,15,1.0,True,0.918357,False
4,48,1,0,3,0,0.0,False,0.918338,False
4,48,2,0,1,4,0.0,True,0.918319,False
4,49,1,0,0,0,0.0,False,0.9183,False
4,49,2,0,3,0,0.0,False,0.918281,False
4,49,3,0,2,1,0.0,False,0.918262,False
4,49,4,1,0,0,0.0,False,0.918243,False
4,49,5,0,3,0,0.0,False,0.918224,False
4,49,6,0,2,1,0.0,False,0.918205,False
4,49,7,1,0,0,0.0,False,0.918186,False
4,49,8,0,2,1,0.0,False,0.918167,False
4,49,9,1,2,2,0.0,True,0.918148,False
4,50,1,0,2,1,0.0,False,0.918129,False
4,50,2,1,1,5,0.0,False,0.91811,False
4,50,3,5,1,9,0.0,False,0.918091,False
4,50,4,9,3,5,0.0,False,0.918072,False
4,50,5,5,2,6,0.0,False,0.918053,False
4,50,6,6,2,7,0.0,True,0.918034,False
4,51,1,0,3,0,0.0,False,0.918015,False
4,51,2,0,0,0,0.0,False,0.917996,False
4,51,3,0,2,1,0.0,False,0.917977,False
4,51,4,1,1,5,0.0,False,0.917958,False
4,51,5,5,3,1,0.0,False,0.9179390000000001,False
4,51,6,1,1,5,0.0,False,0.91792,False
4,51,7,5,3,1,0.0,False,0.917901,False
4,51,8,1,1,5,0.0,False,0.917882,False
4,51,9,5,3,1,0.0,False,0.917863,False
4,51,10,1,1,5,0.0,False,0.917844,False
4,51,11,5,3,1,0.0,False,0.917825,False
4,51,12,1,0,0,0.0,False,0.917806,False
4,51,13,0,3,0,0.0,False,0.917787,False
4,51,14,0,2,1,0.0,False,0.917768,False
4,51,15,1,3,1,0.0,False,0.917749,False
4,51,16,1,0,0,0.0,False,0.91773,False
4,51,17,0,3,0,0.0,False,0.9177109999999999,False
4,51,18,0,3,0,0.0,False,0.917692,False
4,51,19,0,2,1,0.0,False,0.917673,False
4,51,20,1,0,0,0.0,False,0.917654,False
4,51,21,0,3,0,0.0,False,0.917635,False
4,51,22,0,0,0,0.0,False,0.917616,False
4,51,23,0,2,1,0.0,False,0.917597,False
4,51,24,1,1,5,0.0,False,0.917578,False
4,51,25,5,3,1,0.0,False,0.917559,False
4,51,26,1,1,5,0.0,False,0.91754,False
4,51,27,5,0,4,0.0,False,0.917521,False
4,51,28,4,1,8,0.0,False,0.917502,False
4,51,29,8,0,8,0.0,False,0.917483,False
4,51,30,8,1,12,0.0,True,0.9174640000000001,False
4,52,1,0,2,1,0.0,False,0.917445,False
4,52,2,1,0,0,0.0,False,0.917426,False
4,52,3,0,3,0,0.0,False,0.917407,False
4,52,4,0,1,4,0.0,False,0.917388,False
4,52,5,4,0,4,0.0,False,0.917369,False
4,52,6,4,1,8,0.0,False,0.91735,False
4,52,7,8,3,4,0.0,False,0.917331,False
4,52,8,4,1,8,0.0,False,0.917312,False
4,52,9,8,2,9,0.0,False,0.917293,False
4,52,10,9,1,13,0.0,False,0.917274,False
4,52,11,13,1,13,0.0,False,0.917255,False
4,52,12,13,2,14,0.0,False,0.9172359999999999,False
4,52,13,14,0,13,0.0,False,0.917217,False
4,52,14,13,1,13,0.0,False,0.917198,False
4,52,15,13,1,13,0.0,False,0.917179,False
4,52,16,13,2,14,0.0,False,0.91716,False
4,52,17,14,1,14,0.0,False,0.917141,False
4,52,18,14,3,10,0.0,True,0.917122,False
4,53,1,0,0,0,0.0,False,0.917103,False
4,53,2,0,2,1,0.0,False,0.917084,False
4,53,3,1,1,5,0.0,False,0.917065,False
4,53,4,5,1,9,0.0,True,0.917046,False
4,54,1,0,1,4,0.0,False,0.917027,False
4,54,2,4,2,5,0.0,False,0.917008,False
4,54,3,5,3,1,0.0,False,0.916989,False
4,54,4,1,0,0,0.0,False,0.91697,False
4,54,5,0,2,1,0.0,False,0.916951,False
4,54,6,1,0,0,0.0,False,0.916932,False
4,54,7,0,2,1,0.0,False,0.916913,False
4,54,8,1,2,2,0.0,False,0.916894,False
4,54,9,2,2,3,0.0,False,0.916875,False
4,54,10,3,2,3,0.0,False,0.916856,False
4,54,11,3,1,7,0.0,False,0.916837,False
4,54,12,7,3,3,0.0,False,0.916818,False
4,54,13,3,3,3,0.0,False,0.916799,False
4,54,14,3,2,3,0.0,False,0.91678,False
4,54,15,3,0,2,0.0,False,0.916761,False
4,54,16,2,2,3,0.0,False,0.916742,False
4,54,17,3,1,7,0.0,False,0.916723,False
4,54,18,7,3,3,0.0,False,0.916704,False
4,54,19,3,1,7,0.0,False,0.916685,False
4,54,20,7,2,7,0.0,False,0.916666,False
4,54,21,7,0,6,0.0,False,0.916647,False
4,54,22,6,1,10,0.0,False,0.916628,False
4,54,23,10,2,11,0.0,False,0.916609,False
4,54,24,11,3,7,0.0,False,0.91659,False
4,54,25,7,3,3,0.0,False,0.916571,False
4,54,26,3,0,2,0.0,False,0.916552,False
4,54,27,2,1,6,0.0,False,0.916533,False
4,54,28,6,1,10,0.0,False,0.916514,False
4,54,29,10,2,11,0.0,False,0.9164950000000001,False
4,54,30,11,2,11,0.0,False,0.916476,False
4,54,31,11,2,11,0.0,False,0.916457,False
4,54,32,11,3,7,0.0,False,0.916438,False
4,54,33,7,0,6,0.0,False,0.916419,False
4,54,34,6,1,10,0.0,False,0.9164,False
4,54,35,10,1,14,0.0,False,0.916381,False
4,54,36,14,0,13,0.0,False,0.916362,False
4,54,37,13,2,14,0.0,False,0.916343,False
4,54,38,14,0,13,0.0,False,0.916324,False
4,54,39,13,0,12,0.0,False,0.916305,False
4,54,40,12,2,13,0.0,False,0.916286,False
4,54,41,13,2,14,0.0,False,0.916267,False
4,54,42,14,2,15,1.0,True,0.916248,False
4,55,1,0,0,0,0.0,False,0.916229,False
4,55,2,0,3,0,0.0,False,0.91621,False
4,55,3,0,0,0,0.0,False,0.916191,False
4,55,4,0,2,1,0.0,False,0.916172,False
4,55,5,1,2,2,0.0,False,0.916153,False
4,55,6,2,3,2,0.0,False,0.916134,False
4,55,7,2,1,6,0.0,False,0.916115,False
4,55,8,6,2,7,0.0,False,0.916096,False
4,55,9,7,1,11,0.0,False,0.916077,False
4,55,10,11,2,11,0.0,False,0.916058,False
4,55,11,11,3,7,0.0,False,0.916039,False
4,55,12,7,2,7,0.0,False,0.9160200000000001,False
4,55,13,7,2,7,0.0,False,0.9160010000000001,False
4,55,14,7,3,3,0.0,False,0.915982,False
4,55,15,3,0,2,0.0,False,0.915963,False
4,55,16,2,0,1,0.0,False,0.915944,False
4,55,17,1,2,2,0.0,False,0.915925,False
4,55,18,2,0,1,0.0,False,0.915906,False
4,55,19,1,0,0,0.0,False,0.915887,False
4,55,20,0,1,4,0.0,True,0.915868,False
4,56,1,0,2,1,0.0,False,0.915849,False
4,56,2,1,0,0,0.0,False,0.91583,False
4,56,3,0,0,0,0.0,False,0.915811,False
4,56,4,0,1,4,0.0,False,0.915792,False
4,56,5,4,2,5,0.0,True,0.915773,False
4,57,1,0,2,1,0.0,False,0.915754,False
4,57,2,1,3,1,0.0,False,0.915735,False
4,57,3,1,3,1,0.0,False,0.915716,False
4,57,4,1,1,5,0.0,False,0.915697,False
4,57,5,5,1,9,0.0,False,0.915678,False
4,57,6,9,0,8,0.0,False,0.915659,False
4,57,7,8,1,12,0.0,False,0.91564,False
4,57,8,12,0,12,0.0,False,0.915621,False
4,57,9,12,2,13,0.0,False,0.915602,False
4,57,10,13,2,14,0.0,False,0.915583,False
4,57,11,14,0,13,0.0,False,0.915564,False
4,57,12,13,3,9,0.0,False,0.915545,False
4,57,13,9,1,13,0.0,False,0.9155260000000001,False
4,57,14,13,3,9,0.0,False,0.915507,False
4,57,15,9,0,8,0.0,False,0.915488,False
4,57,16,8,3,4,0.0,False,0.915469,False
4,57,17,4,2,5,0.0,False,0.91545,False
4,57,18,5,3,1,0.0,False,0.915431,False
4,57,19,1,3,1,0.0,False,0.915412,False
4,57,20,1,1,5,0.0,False,0.915393,False
4,57,21,5,2,6,0.0,False,0.915374,False
4,57,22,6,0,5,0.0,False,0.915355,False
4,57,23,5,2,6,0.0,False,0.915336,False
4,57,24,6,1,10,0.0,False,0.915317,False
4,57,25,10,2,11,0.0,False,0.915298,False
4,57,26,11,0,10,0.0,False,0.915279,False
4,57,27,10,3,6,0.0,False,0.91526,False
4,57,28,6,3,2,0.0,False,0.915241,False
4,57,29,2,0,1,0.0,False,0.915222,False
4,57,30,1,3,1,0.0,False,0.915203,False
4,57,31,1,0,0,0.0,False,0.915184,False
4,57,32,0,2,1,0.0,False,0.915165,False
4,57,33,1,0,0,0.0,False,0.915146,False
4,57,34,0,1,4,0.0,False,0.915127,False
4,57,35,4,3,0,0.0,False,0.915108,False
4,57,36,0,3,0,0.0,False,0.915089,False
4,57,37,0,2,1,0.0,False,0.91507,False
4,57,38,1,1,5,0.0,False,0.9150510000000001,False
4,57,39,5,0,4,0.0,False,0.915032,False
4,57,40,4,1,8,0.0,False,0.915013,False
4,57,41,8,0,8,0.0,False,0.914994,False
4,57,42,8,0,8,0.0,False,0.914975,False
4,57,43,8,3,4,0.0,False,0.914956,False
4,57,44,4,3,0,0.0,False,0.914937,False
4,57,45,0,1,4,0.0,False,0.914918,False
4,57,46,4,1,8,0.0,False,0.914899,False
4,57,47,8,1,12,0.0,False,0.91488,False
4,57,48,12,3,8,0.0,False,0.914861,False
4,57,49,8,3,4,0.0,False,0.914842,False
4,57,50,4,2,5,0.0,False,0.9148229999999999,False
4,58,1,0,3,0,0.0,False,0.914804,False
4,58,2,0,0,0,0.0,False,0.914785,False
4,58,3,0,0,0,0.0,False,0.914766,False
4,58,4,0,3,0,0.0,False,0.914747,False
4,58,5,0,0,0,0.0,False,0.914728,False
4,58,6,0,2,1,0.0,False,0.914709,False
4,58,7,1,1,5,0.0,False,0.91469,False
4,58,8,5,1,9,0.0,False,0.914671,False
4,58,9,9,2,10,0.0,False,0.914652,False
4,58,10,10,2,11,0.0,True,0.914633,False
4,59,1,0,2,1,0.0,False,0.914614,False
4,59,2,1,3,1,0.0,False,0.914595,False
4,59,3,1,1,5,0.0,False,0.9145760000000001,False
4,59,4,5,1,9,0.0,False,0.914557,False
4,59,5,9,2,10,0.0,False,0.914538,False
4,59,6,10,3,6,0.0,False,0.914519,False
4,59,7,6,1,10,0.0,False,0.9145,False
4,59,8,10,1,14,0.0,False,0.914481,False
4,59,9,14,2,15,1.0,True,0.914462,False
4,60,1,0,1,4,0.0,True,0.914443,False
4,61,1,0,0,0,0.0,False,0.914424,False
4,61,2,0,0,0,0.0,False,0.914405,False
4,61,3,0,0,0,0.0,False,0.914386,False
4,61,4,0,2,1,0.0,False,0.914367,False
4,61,5,1,3,1,0.0,False,0.9143479999999999,False
4,61,6,1,1,5,0.0,True,0.914329,False
4,62,1,0,0,0,0.0,False,0.91431,False
4,62,2,0,0,0,0.0,False,0.914291,False
4,62,3,0,3,0,0.0,False,0.914272,False
4,62,4,0,3,0,0.0,False,0.914253,False
4,62,5,0,2,1,0.0,False,0.914234,False
4,62,6,1,3,1,0.0,False,0.914215,False
4,62,7,1,1,5,0.0,False,0.914196,False
4,62,8,5,3,1,0.0,False,0.914177,False
4,62,9,1,0,0,0.0,False,0.914158,False
4,62,10,0,2,1,0.0,False,0.914139,False
4,62,11,1,0,0,0.0,False,0.91412,False
4,62,12,0,1,4,0.0,False,0.914101,False
4,62,13,4,1,8,0.0,False,0.914082,False
4,62,14,8,2,9,0.0,False,0.914063,False
4,62,15,9,1,13,0.0,False,0.914044,False
4,62,16,13,1,13,0.0,False,0.914025,False
4,62,17,13,1,13,0.0,False,0.914006,False
4,62,18,13,3,9,0.0,False,0.913987,False
4,62,19,9,1,13,0.0,False,0.913968,False
4,62,20,13,3,9,0.0,False,0.913949,False
4,62,21,9,1,13,0.0,False,0.91393,False
4,62,22,13,1,13,0.0,False,0.913911,False
4,62,23,13,2,14,0.0,False,0.913892,False
4,62,24,14,0,13,0.0,False,0.913873,False
4,62,25,13,1,13,0.0,False,0.913854,False
4,62,26,13,0,12,0.0,True,0.913835,False
4,63,1,0,2,1,0.0,False,0.913816,False
4,63,2,1,3,1,0.0,False,0.913797,False
4,63,3,1,0,0,0.0,False,0.913778,False
4,63,4,0,1,4,0.0,False,0.913759,False
4,63,5,4,1,8,0.0,False,0.91374,False
4,63,6,8,0,8,0.0,False,0.913721,False
4,63,7,8,3,4,0.0,False,0.913702,False
4,63,8,4,2,5,0.0,True,0.913683,False
4,64,1,0,3,0,0.0,False,0.913664,False
4,64,2,0,0,0,0.0,False,0.913645,False
4,64,3,0,1,4,0.0,False,0.913626,False
4,64,4,4,0,4,0.0,False,0.9136070000000001,False
4,64,5,4,1,8,0.0,False,0.9135880000000001,False
4,64,6,8,0,8,0.0,False,0.913569,False
4,64,7,8,1,12,0.0,False,0.91355,False
4,64,8,12,3,8,0.0,False,0.913531,False
4,64,9,8,2,9,0.0,False,0.913512,False
4,64,10,9,1,13,0.0,False,0.913493,False
4,64,11,13,3,9,0.0,False,0.913474,False
4,64,12,9,0,8,0.0,False,0.913455,False
4,64,13,8,2,9,0.0,False,0.913436,False
4,64,14,9,2,10,0.0,True,0.913417,False
4,65,1,0,3,0,0.0,False,0.913398,False
4,65,2,0,2,1,0.0,False,0.913379,False
4,65,3,1,2,2,0.0,True,0.91336,False
4,66,1,0,0,0,0.0,False,0.913341,False
4,66,2,0,1,4,0.0,False,0.913322,False
4,66,3,4,3,0,0.0,False,0.913303,False
4,66,4,0,2,1,0.0,False,0.913284,False
4,66,5,1,0,0,0.0,False,0.913265,False
4,66,6,0,3,0,0.0,False,0.913246,False
4,66,7,0,2,1,0.0,False,0.913227,False
4,66,8,1,3,1,0.0,False,0.913208,False
4,66,9,1,0,0,0.0,False,0.913189,False
4,66,10,0,1,4,0.0,False,0.91317,False
4,66,11,4,3,0,0.0,False,0.913151,False
4,66,12,0,0,0,0.0,False,0.913132,False
4,66,13,0,3,0,0.0,False,0.9131130000000001,False
4,66,14,0,2,1,0.0,False,0.913094,False
4,66,15,1,3,1,0.0,False,0.913075,False
4,66,16,1,1,5,0.0,True,0.913056,False
4,67,1,0,1,4,0.0,False,0.913037,False
4,67,2,4,2,5,0.0,True,0.913018,False
4,68,1,0,3,0,0.0,False,0.912999,False
4,68,2,0,3,0,0.0,False,0.91298,False
4,68,3,0,3,0,0.0,False,0.912961,False
4,68,4,0,3,0,0.0,False,0.912942,False
4,68,5,0,1,4,0.0,False,0.912923,False
4,68,6,4,0,4,0.0,False,0.912904,False
4,68,7,4,1,8,0.0,False,0.912885,False
4,68,8,8,1,12,0.0,False,0.912866,False
4,68,9,12,0,12,0.0,False,0.912847,False
4,68,10,12,3,8,0.0,False,0.912828,False
4,68,11,8,3,4,0.0,False,0.912809,False
4,68,12,4,0,4,0.0,False,0.91279,False
4,68,13,4,2,5,0.0,False,0.912771,False
4,68,14,5,0,4,0.0,False,0.912752,False
4,68,15,4,0,4,0.0,False,0.912733,False
4,68,16,4,3,0,0.0,False,0.912714,False
4,68,17,0,0,0,0.0,False,0.912695,False
4,68,18,0,2,1,0.0,False,0.912676,False
4,68,19,1,2,2,0.0,True,0.912657,False
4,69,1,0,0,0,0.0,False,0.9126380000000001,False
4,69,2,0,0,0,0.0,False,0.912619,False
4,69,3,0,0,0,0.0,False,0.9126,False
4,69,4,0,3,0,0.0,False,0.912581,False
4,69,5,0,2,1,0.0,False,0.912562,False
4,69,6,1,3,1,0.0,False,0.912543,False
4,69,7,1,2,2,0.0,False,0.912524,False
4,69,8,2,1,6,0.0,False,0.912505,False
4,69,9,6,0,5,0.0,True,0.912486,False
4,70,1,0,0,0,0.0,False,0.912467,False
4,70,2,0,2,1,0.0,False,0.912448,False
4,70,3,1,3,1,0.0,False,0.912429,False
4,70,4,1,1,5,0.0,False,0.9124099999999999,False
4,70,5,5,3,1,0.0,False,0.912391,False
4,70,6,1,1,5,0.0,False,0.912372,False
4,70,7,5,0,4,0.0,True,0.912353,False
4,71,1,0,3,0,0.0,False,0.912334,False
4,71,2,0,2,1,0.0,False,0.912315,False
4,71,3,1,1,5,0.0,False,0.912296,False
4,71,4,5,1,9,0.0,False,0.912277,False
4,71,5,9,3,5,0.0,False,0.912258,False
4,71,6,5,3,1,0.0,False,0.912239,False
4,71,7,1,1,5,0.0,False,0.91222,False
4,71,8,5,1,9,0.0,False,0.912201,False
4,71,9,9,0,8,0.0,True,0.912182,False
4,72,1,0,1,4,0.0,False,0.9121630000000001,False
4,72,2,4,1,8,0.0,True,0.912144,False
4,73,1,0,1,4,0.0,False,0.912125,False
4,73,2,4,0,4,0.0,False,0.912106,False
4,73,3,4,3,0,0.0,False,0.912087,False
4,73,4,0,0,0,0.0,False,0.912068,False
4,73,5,0,1,4,0.0,False,0.912049,False
4,73,6,4,1,8,0.0,False,0.91203,False
4,73,7,8,2,9,0.0,False,0.912011,False
4,73,8,9,2,10,0.0,True,0.911992,False
4,74,1,0,0,0,0.0,False,0.911973,False
4,74,2,0,3,0,0.0,False,0.911954,False
4,74,3,0,3,0,0.0,False,0.9119349999999999,False
4,74,4,0,2,1,0.0,False,0.911916,False
4,74,5,1,0,0,0.0,False,0.911897,False
4,74,6,0,0,0,0.0,False,0.911878,False
4,74,7,0,1,4,0.0,False,0.911859,False
4,74,8,4,2,5,0.0,False,0.91184,False
4,74,9,5,2,6,0.0,False,0.911821,False
4,74,10,6,1,10,0.0,False,0.911802,False
4,74,11,10,2,11,0.0,False,0.911783,False
4,74,12,11,0,10,0.0,False,0.911764,False
4,74,13,10,2,11,0.0,False,0.911745,False
4,74,14,11,1,15,1.0,True,0.911726,False
4,75,1,0,0,0,0.0,False,0.911707,False
4,75,2,0,1,4,0.0,False,0.911688,False
4,75,3,4,0,4,0.0,False,0.9116690000000001,False
4,75,4,4,3,0,0.0,False,0.91165,False
4,75,5,0,3,0,0.0,False,0.911631,False
4,75,6,0,3,0,0.0,False,0.911612,False
4,75,7,0,3,0,0.0,False,0.911593,False
4,75,8,0,1,4,0.0,False,0.911574,False
4,75,9,4,0,4,0.0,False,0.911555,False
4,75,10,4,1,8,0.0,False,0.911536,False
4,75,11,8,2,9,0.0,False,0.911517,False
4,75,12,9,2,10,0.0,True,0.911498,False
4,76,1,0,0,0,0.0,False,0.911479,False
4,76,2,0,0,0,0.0,False,0.9114599999999999,False
4,76,3,0,2,1,0.0,False,0.911441,False
4,76,4,1,0,0,0.0,False,0.911422,False
4,76,5,0,0,0,0.0,False,0.911403,False
4,76,6,0,1,4,0.0,False,0.911384,False
4,76,7,4,1,8,0.0,False,0.911365,False
4,76,8,8,2,9,0.0,False,0.911346,False
4,76,9,9,1,13,0.0,False,0.911327,False
4,76,10,13,1,13,0.0,False,0.911308,False
4,76,11,13,2,14,0.0,False,0.911289,False
4,76,12,14,3,10,0.0,False,0.91127,False
4,76,13,10,2,11,0.0,True,0.911251,False
4,77,1,0,3,0,0.0,False,0.911232,False
4,77,2,0,0,0,0.0,False,0.911213,False
4,77,3,0,1,4,0.0,True,0.9111940000000001,False
4,78,1,0,1,4,0.0,False,0.911175,False
4,78,2,4,3,0,0.0,False,0.911156,False
4,78,3,0,2,1,0.0,False,0.911137,False
4,78,4,1,2,2,0.0,False,0.911118,False
4,78,5,2,1,6,0.0,False,0.911099,False
4,78,6,6,3,2,0.0,False,0.91108,False
4,78,7,2,3,2,0.0,False,0.911061,False
4,78,8,2,2,3,0.0,False,0.911042,False
4,78,9,3,3,3,0.0,False,0.911023,False
4,78,10,3,0,2,0.0,False,0.911004,False
4,78,11,2,3,2,0.0,False,0.910985,False
4,78,12,2,0,1,0.0,False,0.910966,False
4,78,13,1,3,1,0.0,False,0.910947,False
4,78,14,1,0,0,0.0,False,0.910928,False
4,78,15,0,1,4,0.0,False,0.910909,False
4,78,16,4,0,4,0.0,False,0.91089,False
4,78,17,4,1,8,0.0,False,0.910871,False
4,78,18,8,2,9,0.0,False,0.910852,False
4,78,19,9,0,8,0.0,False,0.910833,False
4,78,20,8,0,8,0.0,False,0.910814,False
4,78,21,8,1,12,0.0,True,0.910795,False
4,79,1,0,1,4,0.0,False,0.910776,False
4,79,2,4,1,8,0.0,False,0.910757,False
4,79,3,8,3,4,0.0,False,0.910738,False
4,79,4,4,0,4,0.0,False,0.9107190000000001,False
4,79,5,4,1,8,0.0,False,0.9107000000000001,False
4,79,6,8,1,12,0.0,True,0.910681,False
4,80,1,0,3,0,0.0,False,0.910662,False
4,80,2,0,0,0,0.0,False,0.910643,False
4,80,3,0,3,0,0.0,False,0.910624,False
4,80,4,0,0,0,0.0,False,0.910605,False
4,80,5,0,3,0,0.0,False,0.910586,False
4,80,6,0,2,1,0.0,False,0.910567,False
4,80,7,1,2,2,0.0,False,0.910548,False
4,80,8,2,0,1,0.0,False,0.910529,False
4,80,9,1,0,0,0.0,False,0.91051,False
4,80,10,0,2,1,0.0,False,0.910491,False
4,80,11,1,3,1,0.0,False,0.910472,False
4,80,12,1,3,1,0.0,False,0.910453,False
4,80,13,1,1,5,0.0,False,0.910434,False
4,80,14,5,0,4,0.0,False,0.910415,False
4,80,15,4,2,5,0.0,False,0.910396,False
4,80,16,5,1,9,0.0,False,0.910377,False
4,80,17,9,1,13,0.0,True,0.910358,False
4,81,1,0,0,0,0.0,False,0.910339,False
4,81,2,0,2,1,0.0,False,0.91032,False
4,81,3,1,1,5,0.0,False,0.910301,False
4,81,4,5,1,9,0.0,True,0.910282,False
4,82,1,0,2,1,0.0,False,0.910263,False
4,82,2,1,3,1,0.0,False,0.910244,False
4,82,3,1,0,0,0.0,False,0.9102250000000001,False
4,82,4,0,1,4,0.0,False,0.910206,False
4,82,5,4,0,4,0.0,False,0.910187,False
4,82,6,4,0,4,0.0,False,0.910168,False
4,82,7,4,1,8,0.0,False,0.910149,False
4,82,8,8,3,4,0.0,False,0.91013,False
4,82,9,4,0,4,0.0,False,0.910111,False
4,82,10,4,1,8,0.0,False,0.910092,False
4,82,11,8,3,4,0.0,False,0.910073,False
4,82,12,4,0,4,0.0,False,0.910054,False
4,82,13,4,1,8,0.0,False,0.910035,False
4,82,14,8,2,9,0.0,False,0.910016,False
4,82,15,9,0,8,0.0,False,0.909997,False
4,82,16,8,0,8,0.0,False,0.909978,False
4,82,17,8,2,9,0.0,False,0.909959,False
4,82,18,9,0,8,0.0,False,0.90994,False
4,82,19,8,2,9,0.0,False,0.909921,False
4,82,20,9,3,5,0.0,False,0.909902,False
4,82,21,5,0,4,0.0,False,0.909883,False
4,82,22,4,1,8,0.0,False,0.909864,False
4,82,23,8,1,12,0.0,False,0.909845,False
4,82,24,12,2,13,0.0,False,0.909826,False
4,82,25,13,3,9,0.0,False,0.909807,False
4,82,26,9,3,5,0.0,False,0.909788,False
4,82,27,5,3,1,0.0,False,0.909769,False
4,82,28,1,1,5,0.0,False,0.9097500000000001,False
4,82,29,5,1,9,0.0,False,0.9097310000000001,False
4,82,30,9,2,10,0.0,False,0.909712,False
4,82,31,10,3,6,0.0,False,0.909693,False
4,82,32,6,2,7,0.0,True,0.909674,False
4,83,1,0,1,4,0.0,False,0.909655,False
4,83,2,4,3,0,0.0,False,0.909636,False
4,83,3,0,3,0,0.0,False,0.909617,False
4,83,4,0,3,0,0.0,False,0.909598,False
4,83,5,0,0,0,0.0,False,0.909579,False
4,83,6,0,2,1,0.0,False,0.90956,False
4,83,7,1,1,5,0.0,True,0.909541,False
4,84,1,0,0,0,0.0,False,0.9095219999999999,False
4,84,2,0,2,1,0.0,False,0.909503,False
4,84,3,1,3,1,0.0,False,0.909484,False
4,84,4,1,2,2,0.0,False,0.909465,False
4,84,5,2,1,6,0.0,False,0.909446,False
4,84,6,6,1,10,0.0,False,0.909427,False
4,84,7,10,2,11,0.0,False,0.909408,False
4,84,8,11,0,10,0.0,False,0.909389,False
4,84,9,10,0,9,0.0,False,0.90937,False
4,84,10,9,3,5,0.0,False,0.909351,False
4,84,11,5,0,4,0.0,False,0.909332,False
4,84,12,4,2,5,0.0,False,0.909313,False
4,84,13,5,1,9,0.0,False,0.909294,False
4,84,14,9,3,5,0.0,False,0.909275,False
4,84,15,5,1,9,0.0,False,0.9092560000000001,False
4,84,16,9,1,13,0.0,True,0.909237,False
4,85,1,0,2,1,0.0,False,0.909218,False
4,85,2,1,3,1,0.0,False,0.909199,False
4,85,3,1,3,1,0.0,False,0.90918,False
4,85,4,1,0,0,0.0,False,0.909161,False
4,85,5,0,2,1,0.0,False,0.909142,False
4,85,6,1,3,1,0.0,False,0.909123,False
4,85,7,1,2,2,0.0,True,0.909104,False
4,86,1,0,2,1,0.0,False,0.909085,False
4,86,2,1,3,1,0.0,False,0.909066,False
4,86,3,1,3,1,0.0,False,0.9090469999999999,False
4,86,4,1,3,1,0.0,False,0.909028,False
4,86,5,1,0,0,0.0,False,0.909009,False
4,86,6,0,3,0,0.0,False,0.90899,False
4,86,7,0,2,1,0.0,False,0.908971,False
4,86,8,1,1,5,0.0,False,0.908952,False
4,86,9,5,2,6,0.0,False,0.908933,False
4,86,10,6,3,2,0.0,False,0.908914,False
4,86,11,2,3,2,0.0,False,0.908895,False
4,86,12,2,2,3,0.0,False,0.908876,False
4,86,13,3,3,3,0.0,False,0.908857,False
4,86,14,3,1,7,0.0,True,0.908838,False
4,87,1,0,0,0,0.0,False,0.908819,False
4,87,2,0,3,0,0.0,False,0.9088,False
4,87,3,0,3,0,0.0,False,0.9087810000000001,False
4,87,4,0,0,0,0.0,False,0.908762,False
4,87,5,0,1,4,0.0,False,0.908743,False
4,87,6,4,1,8,0.0,False,0.908724,False
4,87,7,8,2,9,0.0,False,0.908705,False
4,87,8,9,0,8,0.0,False,0.908686,False
4,87,9,8,3,4,0.0,False,0.908667,False
4,87,10,4,1,8,0.0,False,0.908648,False
4,87,11,8,3,4,0.0,False,0.908629,False
4,87,12,4,3,0,0.0,False,0.90861,False
4,87,13,0,2,1,0.0,False,0.908591,False
4,87,14,1,1,5,0.0,False,0.908572,False
4,87,15,5,0,4,0.0,False,0.9085529999999999,False
4,87,16,4,1,8,0.0,False,0.908534,False
4,87,17,8,2,9,0.0,False,0.908515,False
4,87,18,9,2,10,0.0,True,0.908496,False
4,88,1,0,0,0,0.0,False,0.908477,False
4,88,2,0,3,0,0.0,False,0.908458,False
4,88,3,0,2,1,0.0,False,0.908439,False
4,88,4,1,3,1,0.0,False,0.90842,False
4,88,5,1,0,0,0.0,False,0.908401,False
4,88,6,0,3,0,0.0,False,0.908382,False
4,88,7,0,2,1,0.0,False,0.908363,False
4,88,8,1,1,5,0.0,False,0.908344,False
4,88,9,5,1,9,0.0,True,0.908325,False
4,89,1,0,1,4,0.0,True,0.9083060000000001,False
4,90,1,0,1,4,0.0,False,0.908287,False
4,90,2,4,1,8,0.0,False,0.908268,False
4,90,3,8,1,12,0.0,False,0.908249,False
4,90,4,12,3,8,0.0,False,0.90823,False
4,90,5,8,2,9,0.0,False,0.908211,False
4,90,6,9,0,8,0.0,False,0.908192,False
4,90,7,8,3,4,0.0,False,0.908173,False
4,90,8,4,1,8,0.0,False,0.908154,False
4,90,9,8,3,4,0.0,False,0.908135,False
4,90,10,4,3,0,0.0,False,0.908116,False
4,90,11,0,1,4,0.0,False,0.908097,False
4,90,12,4,3,0,0.0,False,0.908078,False
4,90,13,0,3,0,0.0,False,0.908059,False
4,90,14,0,1,4,0.0,False,0.90804,False
4,90,15,4,0,4,0.0,False,0.908021,False
4,90,16,4,2,5,0.0,True,0.908002,False
4,91,1,0,2,1,0.0,True,0.907983,False
4,92,1,0,1,4,0.0,False,0.907964,False
4,92,2,4,1,8,0.0,False,0.907945,False
4,92,3,8,1,12,0.0,False,0.907926,False
4,92,4,12,3,8,0.0,False,0.907907,False
4,92,5,8,3,4,0.0,False,0.907888,False
4,92,6,4,1,8,0.0,False,0.907869,False
4,92,7,8,0,8,0.0,False,0.90785,False
4,92,8,8,0,8,0.0,False,0.907831,False
4,92,9,8,0,8,0.0,False,0.9078120000000001,False
4,92,10,8,1,12,0.0,False,0.9077930000000001,False
4,92,11,12,1,12,0.0,False,0.907774,False
4,92,12,12,0,12,0.0,False,0.907755,False
4,92,13,12,2,13,0.0,False,0.907736,False
4,92,14,13,2,14,0.0,False,0.907717,False
4,92,15,14,3,10,0.0,False,0.907698,False
4,92,16,10,3,6,0.0,False,0.907679,False
4,92,17,6,1,10,0.0,False,0.90766,False
4,92,18,10,1,14,0.0,False,0.907641,False
4,92,19,14,3,10,0.0,False,0.907622,False
4,92,20,10,0,9,0.0,True,0.907603,False
4,93,1,0,3,0,0.0,False,0.907584,False
4,93,2,0,2,1,0.0,True,0.907565,False
4,94,1,0,1,4,0.0,False,0.907546,False
4,94,2,4,0,4,0.0,False,0.907527,False
4,94,3,4,3,0,0.0,False,0.907508,False
4,94,4,0,0,0,0.0,False,0.907489,False
4,94,5,0,0,0,0.0,False,0.90747,False
4,94,6,0,2,1,0.0,False,0.907451,False
4,94,7,1,3,1,0.0,False,0.907432,False
4,94,8,1,2,2,0.0,True,0.907413,False
4,95,1,0,1,4,0.0,False,0.907394,False
4,95,2,4,2,5,0.0,False,0.907375,False
4,95,3,5,1,9,0.0,False,0.907356,False
4,95,4,9,1,13,0.0,False,0.9073370000000001,False
4,95,5,13,0,12,0.0,False,0.9073180000000001,False
4,95,6,12,0,12,0.0,False,0.907299,False
4,95,7,12,2,13,0.0,False,0.90728,False
4,95,8,13,3,9,0.0,False,0.907261,False
4,95,9,9,3,5,0.0,False,0.907242,False
4,95,10,5,2,6,0.0,True,0.907223,False
4,96,1,0,3,0,0.0,False,0.907204,False
4,96,2,0,0,0,0.0,False,0.907185,False
4,96,3,0,2,1,0.0,False,0.907166,False
4,96,4,1,0,0,0.0,False,0.907147,False
4,96,5,0,0,0,0.0,False,0.907128,False
4,96,6,0,0,0,0.0,False,0.9071089999999999,False
4,96,7,0,0,0,0.0,False,0.90709,False
4,96,8,0,2,1,0.0,False,0.907071,False
4,96,9,1,1,5,0.0,False,0.907052,False
4,96,10,5,3,1,0.0,False,0.907033,False
4,96,11,1,1,5,0.0,False,0.907014,False
4,96,12,5,1,9,0.0,False,0.906995,False
4,96,13,9,2,10,0.0,True,0.906976,False
4,97,1,0,0,0,0.0,False,0.906957,False
4,97,2,0,1,4,0.0,False,0.906938,False
4,97,3,4,2,5,0.0,False,0.906919,False
4,97,4,5,0,4,0.0,False,0.9069,False
4,97,5,4,2,5,0.0,False,0.906881,False
4,97,6,5,0,4,0.0,False,0.9068620000000001,False
4,97,7,4,3,0,0.0,False,0.9068430000000001,False
4,97,8,0,3,0,0.0,False,0.906824,False
4,97,9,0,1,4,0.0,False,0.906805,False
4,97,10,4,0,4,0.0,False,0.906786,False
4,97,11,4,2,5,0.0,False,0.906767,False
4,97,12,5,2,6,0.0,False,0.906748,False
4,97,13,6,3,2,0.0,False,0.906729,False
4,97,14,2,0,1,0.0,False,0.90671,False
4,97,15,1,1,5,0.0,False,0.906691,False
4,97,16,5,1,9,0.0,False,0.906672,False
4,97,17,9,2,10,0.0,False,0.906653,False
4,97,18,10,3,6,0.0,False,0.9066339999999999,False
4,97,19,6,1,10,0.0,False,0.906615,False
4,97,20,10,1,14,0.0,False,0.906596,False
4,97,21,14,1,14,0.0,False,0.906577,False
4,97,22,14,2,15,1.0,True,0.906558,False
4,98,1,0,1,4,0.0,False,0.906539,False
4,98,2,4,1,8,0.0,False,0.90652,False
4,98,3,8,1,12,0.0,False,0.906501,False
4,98,4,12,2,13,0.0,False,0.906482,False
4,98,5,13,1,13,0.0,False,0.906463,False
4,98,6,13,1,13,0.0,False,0.906444,False
4,98,7,13,3,9,0.0,True,0.906425,False
4,99,1,0,3,0,0.0,False,0.906406,False
4,99,2,0,3,0,0.0,False,0.906387,False
4,99,3,0,0,0,0.0,False,0.9063680000000001,False
4,99,4,0,3,0,0.0,False,0.906349,False
4,99,5,0,0,0,0.0,False,0.90633,False
4,99,6,0,1,4,0.0,False,0.906311,False
4,99,7,4,0,4,0.0,False,0.906292,False
4,99,8,4,0,4,0.0,False,0.906273,False
4,99,9,4,0,4,0.0,False,0.906254,False
4,99,10,4,0,4,0.0,False,0.906235,False
4,99,11,4,2,5,0.0,False,0.906216,False
4,99,12,5,3,1,0.0,False,0.906197,False
4,99,13,1,3,1,0.0,False,0.906178,False
4,99,14,1,3,1,0.0,False,0.9061589999999999,False
4,99,15,1,0,0,0.0,False,0.90614,False
4,99,16,0,3,0,0.0,False,0.906121,False
4,99,17,0,2,1,0.0,False,0.906102,False
4,99,18,1,3,1,0.0,False,0.906083,False
4,99,19,1,1,5,0.0,False,0.906064,False
4,99,20,5,3,1,0.0,False,0.906045,False
4,99,21,1,1,5,0.0,False,0.906026,False
4,99,22,5,0,4,0.0,False,0.906007,False
4,99,23,4,3,0,0.0,False,0.905988,False
4,99,24,0,3,0,0.0,False,0.905969,False
4,99,25,0,0,0,0.0,False,0.90595,False
4,99,26,0,0,0,0.0,False,0.905931,False
4,99,27,0,1,4,0.0,False,0.905912,False
4,99,28,4,0,4,0.0,False,0.9058930000000001,False
4,99,29,4,2,5,0.0,False,0.905874,False
4,99,30,5,3,1,0.0,False,0.905855,False
4,99,31,1,1,5,0.0,False,0.905836,False
4,99,32,5,1,9,0.0,False,0.905817,False
4,99,33,9,3,5,0.0,False,0.905798,False
4,99,34,5,2,6,0.0,False,0.905779,False
4,99,35,6,0,5,0.0,False,0.90576,False
4,99,36,5,3,1,0.0,False,0.905741,False
4,99,37,1,1,5,0.0,False,0.905722,False
4,99,38,5,1,9,0.0,False,0.905703,False
4,99,39,9,1,13,0.0,True,0.905684,False
4,100,1,0,3,0,0.0,False,0.905665,False
4,100,2,0,3,0,0.0,False,0.905646,False
4,100,3,0,2,1,0.0,False,0.905627,False
4,100,4,1,1,5,0.0,False,0.905608,False
4,100,5,5,1,9,0.0,False,0.905589,False
4,100,6,9,1,13,0.0,False,0.90557,False
4,100,7,13,3,9,0.0,False,0.905551,False
4,100,8,9,2,10,0.0,True,0.905532,False
5,1,1,0,2,1,0.0,False,0.905513,False
5,1,2,1,3,1,0.0,False,0.905494,False
5,1,3,1,1,5,0.0,True,0.905475,False
5,2,1,0,0,0,0.0,False,0.905456,False
5,2,2,0,1,4,0.0,False,0.905437,False
5,2,3,4,1,8,0.0,False,0.9054180000000001,False
5,2,4,8,2,9,0.0,False,0.9053990000000001,False
5,2,5,9,2,10,0.0,False,0.90538,False
5,2,6,10,0,9,0.0,False,0.905361,False
5,2,7,9,3,5,0.0,False,0.905342,False
5,2,8,5,1,9,0.0,False,0.905323,False
5,2,9,9,2,10,0.0,False,0.905304,False
5,2,10,10,1,14,0.0,False,0.905285,False
5,2,11,14,3,10,0.0,False,0.905266,False
5,2,12,10,1,14,0.0,False,0.905247,False
5,2,13,14,3,10,0.0,False,0.905228,False
5,2,14,10,3,6,0.0,False,0.905209,False
5,2,15,6,1,10,0.0,False,0.90519,False
5,2,16,10,1,14,0.0,False,0.905171,False
5,2,17,14,0,13,0.0,False,0.905152,False
5,2,18,13,0,12,0.0,False,0.905133,False
5,2,19,12,2,13,0.0,False,0.905114,False
5,2,20,13,3,9,0.0,False,0.905095,False
5,2,21,9,1,13,0.0,False,0.905076,False
5,2,22,13,0,12,0.0,False,0.905057,False
5,2,23,12,3,8,0.0,False,0.905038,False
5,2,24,8,3,4,0.0,False,0.905019,False
5,2,25,4,2,5,0.0,False,0.905,False
5,2,26,5,0,4,0.0,False,0.904981,False
5,2,27,4,1,8,0.0,False,0.904962,False
5,2,28,8,1,12,0.0,False,0.904943,False
5,2,29,12,1,12,0.0,False,0.9049240000000001,False
5,2,30,12,2,13,0.0,False,0.9049050000000001,False
5,2,31,13,3,9,0.0,False,0.904886,False
5,2,32,9,1,13,0.0,False,0.904867,False
5,2,33,13,3,9,0.0,False,0.904848,False
5,2,34,9,3,5,0.0,False,0.904829,False
5,2,35,5,2,6,0.0,False,0.90481,False
5,2,36,6,0,5,0.0,False,0.904791,False
5,2,37,5,2,6,0.0,False,0.904772,False
5,2,38,6,1,10,0.0,False,0.904753,False
5,2,39,10,0,9,0.0,False,0.904734,False
5,2,40,9,0,8,0.0,False,0.904715,False
5,2,41,8,2,9,0.0,False,0.904696,False
5,2,42,9,1,13,0.0,False,0.904677,False
5,2,43,13,3,9,0.0,False,0.904658,False
5,2,44,9,2,10,0.0,False,0.904639,False
5,2,45,10,3,6,0.0,False,0.90462,False
5,2,46,6,0,5,0.0,False,0.904601,False
5,2,47,5,3,1,0.0,True,0.904582,False
5,3,1,0,3,0,0.0,False,0.904563,False
5,3,2,0,2,1,0.0,False,0.904544,False
5,3,3,1,1,5,0.0,False,0.904525,False
5,3,4,5,2,6,0.0,False,0.904506,False
5,3,5,6,3,2,0.0,False,0.904487,False
5,3,6,2,3,2,0.0,False,0.904468,False
5,3,7,2,0,1,0.0,False,0.9044490000000001,False
5,3,8,1,3,1,0.0,False,0.9044300000000001,False
5,3,9,1,2,2,0.0,False,0.904411,False
5,3,10,2,2,3,0.0,True,0.904392,False
5,4,1,0,2,1,0.0,False,0.904373,False
5,4,2,1,1,5,0.0,True,0.904354,False
5,5,1,0,1,4,0.0,False,0.904335,False
5,5,2,4,3,0,0.0,False,0.904316,False
5,5,3,0,2,1,0.0,True,0.904297,False
5,6,1,0,0,0,0.0,False,0.904278,False
5,6,2,0,0,0,0.0,False,0.904259,False
5,6,3,0,0,0,0.0,False,0.90424,False
5,6,4,0,0,0,0.0,False,0.9042209999999999,False
5,6,5,0,1,4,0.0,False,0.904202,False
5,6,6,4,0,4,0.0,False,0.904183,False
5,6,7,4,2,5,0.0,False,0.904164,False
5,6,8,5,2,6,0.0,False,0.904145,False
5,6,9,6,2,7,0.0,False,0.904126,False
5,6,10,7,2,7,0.0,False,0.904107,False
5,6,11,7,0,6,0.0,False,0.904088,False
5,6,12,6,0,5,0.0,False,0.904069,False
5,6,13,5,1,9,0.0,False,0.90405,False
5,6,14,9,3,5,0.0,False,0.904031,False
5,6,15,5,0,4,0.0,False,0.904012,False
5,6,16,4,3,0,0.0,False,0.903993,False
5,6,17,0,0,0,0.0,False,0.903974,False
5,6,18,0,1,4,0.0,False,0.9039550000000001,False
5,6,19,4,1,8,0.0,True,0.903936,False
5,7,1,0,1,4,0.0,True,0.903917,False
5,8,1,0,2,1,0.0,False,0.903898,False
5,8,2,1,3,1,0.0,False,0.903879,False
5,8,3,1,1,5,0.0,False,0.90386,False
5,8,4,5,2,6,0.0,True,0.903841,False
5,9,1,0,2,1,0.0,False,0.903822,False
5,9,2,1,0,0,0.0,False,0.903803,False
5,9,3,0,2,1,0.0,False,0.903784,False
5,9,4,1,0,0,0.0,False,0.903765,False
5,9,5,0,0,0,0.0,False,0.903746,False
5,9,6,0,1,4,0.0,False,0.903727,False
5,9,7,4,0,4,0.0,False,0.903708,False
5,9,8,4,2,5,0.0,False,0.903689,False
5,9,9,5,3,1,0.0,False,0.90367,False
5,9,10,1,3,1,0.0,False,0.903651,False
5,9,11,1,0,0,0.0,False,0.903632,False
5,9,12,0,0,0,0.0,False,0.903613,False
5,9,13,0,3,0,0.0,False,0.903594,False
5,9,14,0,2,1,0.0,False,0.903575,False
5,9,15,1,3,1,0.0,False,0.903556,False
5,9,16,1,1,5,0.0,False,0.903537,False
5,9,17,5,0,4,0.0,False,0.903518,False
5,9,18,4,1,8,0.0,False,0.903499,False
5,9,19,8,3,4,0.0,False,0.9034800000000001,False
5,9,20,4,2,5,0.0,False,0.903461,False
5,9,21,5,0,4,0.0,False,0.903442,False
5,9,22,4,3,0,0.0,False,0.903423,False
5,9,23,0,3,0,0.0,False,0.903404,False
5,9,24,0,0,0,0.0,False,0.903385,False
5,9,25,0,1,4,0.0,False,0.903366,False
5,9,26,4,1,8,0.0,False,0.903347,False
5,9,27,8,2,9,0.0,False,0.903328,False
5,9,28,9,1,13,0.0,True,0.903309,False
5,10,1,0,3,0,0.0,False,0.90329,False
5,10,2,0,0,0,0.0,False,0.903271,False
5,10,3,0,3,0,0.0,False,0.9032519999999999,False
5,10,4,0,2,1,0.0,True,0.903233,False
5,11,1,0,2,1,0.0,False,0.903214,False
5,11,2,1,3,1,0.0,False,0.903195,False
5,11,3,1,0,0,0.0,False,0.903176,False
5,11,4,0,2,1,0.0,False,0.903157,False
5,11,5,1,1,5,0.0,True,0.903138,False
5,12,1,0,3,0,0.0,False,0.903119,False
5,12,2,0,3,0,0.0,False,0.9031,False
5,12,3,0,1,4,0.0,True,0.903081,False
5,13,1,0,3,0,0.0,False,0.903062,False
5,13,2,0,1,4,0.0,False,0.903043,False
5,13,3,4,2,5,0.0,False,0.903024,False
5,13,4,5,0,4,0.0,False,0.9030050000000001,False
5,13,5,4,2,5,0.0,False,0.902986,False
5,13,6,5,3,1,0.0,False,0.902967,False
5,13,7,1,2,2,0.0,False,0.902948,False
5,13,8,2,3,2,0.0,False,0.902929,False
5,13,9,2,0,1,0.0,False,0.90291,False
5,13,10,1,0,0,0.0,False,0.902891,False
5,13,11,0,1,4,0.0,False,0.902872,False
5,13,12,4,0,4,0.0,False,0.902853,False
5,13,13,4,1,8,0.0,False,0.902834,False
5,13,14,8,0,8,0.0,False,0.902815,False
5,13,15,8,1,12,0.0,False,0.902796,False
5,13,16,12,2,13,0.0,False,0.902777,False
5,13,17,13,2,14,0.0,False,0.902758,False
5,13,18,14,3,10,0.0,True,0.902739,False
5,14,1,0,0,0,0.0,False,0.90272,False
5,14,2,0,0,0,0.0,False,0.902701,False
5,14,3,0,2,1,0.0,False,0.902682,False
5,14,4,1,1,5,0.0,False,0.902663,False
5,14,5,5,3,1,0.0,False,0.902644,False
5,14,6,1,2,2,0.0,False,0.902625,False
5,14,7,2,2,3,0.0,False,0.902606,False
5,14,8,3,2,3,0.0,False,0.902587,False
5,14,9,3,2,3,0.0,False,0.902568,False
5,14,10,3,1,7,0.0,False,0.902549,False
5,14,11,7,1,11,0.0,False,0.90253,False
5,14,12,11,1,15,1.0,True,0.9025110000000001,False
5,15,1,0,3,0,0.0,False,0.902492,False
5,15,2,0,0,0,0.0,False,0.902473,False
5,15,3,0,3,0,0.0,False,0.902454,False
5,15,4,0,3,0,0.0,False,0.902435,False
5,15,5,0,0,0,0.0,False,0.902416,False
5,15,6,0,2,1,0.0,True,0.902397,False
5,16,1,0,3,0,0.0,False,0.902378,False
5,16,2,0,1,4,0.0,True,0.902359,False
5,17,1,0,0,0,0.0,False,0.90234,False
5,17,2,0,3,0,0.0,False,0.902321,False
5,17,3,0,3,0,0.0,False,0.902302,False
5,17,4,0,0,0,0.0,False,0.9022830000000001,False
5,17,5,0,0,0,0.0,False,0.902264,False
5,17,6,0,0,0,0.0,False,0.902245,False
5,17,7,0,2,1,0.0,False,0.902226,False
5,17,8,1,0,0,0.0,False,0.902207,False
5,17,9,0,2,1,0.0,False,0.902188,False
5,17,10,1,3,1,0.0,False,0.902169,False
5,17,11,1,0,0,0.0,False,0.90215,False
5,17,12,0,2,1,0.0,False,0.902131,False
5,17,13,1,1,5,0.0,True,0.902112,False
5,18,1,0,2,1,0.0,True,0.902093,False
5,19,1,0,0,0,0.0,False,0.902074,False
5,19,2,0,0,0,0.0,False,0.902055,False
5,19,3,0,2,1,0.0,False,0.9020360000000001,False
5,19,4,1,1,5,0.0,False,0.9020170000000001,False
5,19,5,5,1,9,0.0,True,0.901998,False
5,20,1,0,2,1,0.0,False,0.901979,False
5,20,2,1,3,1,0.0,False,0.90196,False
5,20,3,1,2,2,0.0,False,0.901941,False
5,20,4,2,0,1,0.0,False,0.901922,False
5,20,5,1,0,0,0.0,False,0.901903,False
5,20,6,0,3,0,0.0,False,0.901884,False
5,20,7,0,3,0,0.0,False,0.901865,False
5,20,8,0,3,0,0.0,False,0.901846,False
5,20,9,0,0,0,0.0,False,0.901827,False
5,20,10,0,0,0,0.0,False,0.901808,False
5,20,11,0,1,4,0.0,False,0.901789,False
5,20,12,4,0,4,0.0,False,0.90177,False
5,20,13,4,1,8,0.0,True,0.901751,False
5,21,1,0,2,1,0.0,False,0.901732,False
5,21,2,1,0,0,0.0,False,0.901713,False
5,21,3,0,1,4,0.0,False,0.901694,False
5,21,4,4,3,0,0.0,False,0.901675,False
5,21,5,0,2,1,0.0,False,0.901656,False
5,21,6,1,3,1,0.0,False,0.901637,False
5,21,7,1,0,0,0.0,False,0.901618,False
5,21,8,0,1,4,0.0,False,0.901599,False
5,21,9,4,0,4,0.0,False,0.90158,False
5,21,10,4,1,8,0.0,False,0.9015610000000001,False
5,21,11,8,0,8,0.0,False,0.9015420000000001,False
5,21,12,8,3,4,0.0,False,0.901523,False
5,21,13,4,1,8,0.0,False,0.901504,False
5,21,14,8,0,8,0.0,False,0.901485,False
5,21,15,8,3,4,0.0,False,0.901466,False
5,21,16,4,0,4,0.0,False,0.901447,False
5,21,17,4,2,5,0.0,False,0.901428,False
5,21,18,5,2,6,0.0,False,0.901409,False
5,21,19,6,3,2,0.0,False,0.90139,False
5,21,20,2,0,1,0.0,False,0.901371,False
5,21,21,1,0,0,0.0,False,0.901352,False
5,21,22,0,2,1,0.0,False,0.901333,False
5,21,23,1,2,2,0.0,False,0.901314,False
5,21,24,2,0,1,0.0,False,0.901295,False
5,21,25,1,1,5,0.0,False,0.901276,False
5,21,26,5,3,1,0.0,False,0.901257,False
5,21,27,1,1,5,0.0,False,0.901238,False
5,21,28,5,2,6,0.0,False,0.901219,False
5,21,29,6,3,2,0.0,False,0.9012,False
5,21,30,2,1,6,0.0,False,0.901181,False
5,21,31,6,2,7,0.0,False,0.901162,False
5,21,32,7,1,11,0.0,False,0.901143,False
5,21,33,11,1,15,1.0,True,0.901124,False
5,22,1,0,0,0,0.0,False,0.901105,False
5,22,2,0,0,0,0.0,False,0.901086,False
5,22,3,0,2,1,0.0,False,0.9010670000000001,False
5,22,4,1,3,1,0.0,False,0.901048,False
5,22,5,1,3,1,0.0,False,0.901029,False
5,22,6,1,1,5,0.0,False,0.90101,False
5,22,7,5,2,6,0.0,True,0.900991,False
5,23,1,0,3,0,0.0,False,0.900972,False
5,23,2,0,0,0,0.0,False,0.900953,False
5,23,3,0,3,0,0.0,False,0.900934,False
5,23,4,0,2,1,0.0,False,0.900915,False
5,23,5,1,2,2,0.0,False,0.900896,False
5,23,6,2,1,6,0.0,False,0.900877,False
5,23,7,6,2,7,0.0,True,0.900858,False
5,24,1,0,3,0,0.0,False,0.900839,False
5,24,2,0,3,0,0.0,False,0.90082,False
5,24,3,0,0,0,0.0,False,0.900801,False
5,24,4,0,2,1,0.0,False,0.900782,False
5,24,5,1,3,1,0.0,False,0.900763,False
5,24,6,1,3,1,0.0,False,0.900744,False
5,24,7,1,1,5,0.0,False,0.900725,False
5,24,8,5,2,6,0.0,False,0.900706,False
5,24,9,6,0,5,0.0,False,0.900687,False
5,24,10,5,1,9,0.0,False,0.900668,False
5,24,11,9,1,13,0.0,False,0.900649,False
5,24,12,13,3,9,0.0,False,0.90063,False
5,24,13,9,2,10,0.0,False,0.900611,False
5,24,14,10,1,14,0.0,False,0.9005920000000001,False
5,24,15,14,0,13,0.0,False,0.900573,False
5,24,16,13,2,14,0.0,False,0.900554,False
5,24,17,14,2,15,1.0,True,0.900535,False
5,25,1,0,3,0,0.0,False,0.900516,False
5,25,2,0,0,0,0.0,False,0.900497,False
5,25,3,0,0,0,0.0,False,0.900478,False
5,25,4,0,2,1,0.0,False,0.900459,False
5,25,5,1,2,2,0.0,False,0.90044,False
5,25,6,2,3,2,0.0,False,0.900421,False
5,25,7,2,3,2,0.0,False,0.900402,False
5,25,8,2,1,6,0.0,False,0.900383,False
5,25,9,6,1,10,0.0,False,0.9003639999999999,False
5,25,10,10,1,14,0.0,False,0.900345,False
5,25,11,14,1,14,0.0,False,0.900326,False
5,25,12,14,3,10,0.0,False,0.900307,False
5,25,13,10,3,6,0.0,False,0.900288,False
5,25,14,6,0,5,0.0,False,0.900269,False
5,25,15,5,2,6,0.0,False,0.90025,False
5,25,16,6,3,2,0.0,False,0.900231,False
5,25,17,2,1,6,0.0,False,0.900212,False
5,25,18,6,3,2,0.0,False,0.900193,False
5,25,19,2,1,6,0.0,False,0.900174,False
5,25,20,6,0,5,0.0,False,0.900155,False
5,25,21,5,3,1,0.0,False,0.900136,False
5,25,22,1,3,1,0.0,False,0.9001170000000001,False
5,25,23,1,1,5,0.0,False,0.900098,False
5,25,24,5,1,9,0.0,False,0.900079,False
5,25,25,9,1,13,0.0,False,0.90006,False
5,25,26,13,1,13,0.0,False,0.900041,False
5,25,27,13,2,14,0.0,False,0.900022,False
5,25,28,14,0,13,0.0,False,0.900003,False
5,25,29,13,3,9,0.0,False,0.899984,False
5,25,30,9,2,10,0.0,False,0.899965,False
5,25,31,10,3,6,0.0,False,0.899946,False
5,25,32,6,2,7,0.0,False,0.899927,False
5,25,33,7,2,7,0.0,False,0.899908,False
5,25,34,7,1,11,0.0,False,0.899889,False
5,25,35,11,0,10,0.0,False,0.8998700000000001,False
5,25,36,10,0,9,0.0,False,0.899851,False
5,25,37,9,2,10,0.0,False,0.899832,False
5,25,38,10,0,9,0.0,False,0.899813,False
5,25,39,9,2,10,0.0,False,0.899794,False
5,25,40,10,1,14,0.0,False,0.899775,False
5,25,41,14,3,10,0.0,False,0.899756,False
5,25,42,10,3,6,0.0,False,0.899737,False
5,25,43,6,3,2,0.0,False,0.899718,False
5,25,44,2,2,3,0.0,False,0.899699,False
5,25,45,3,1,7,0.0,False,0.89968,False
5,25,46,7,0,6,0.0,False,0.899661,False
5,25,47,6,2,7,0.0,False,0.899642,False
5,25,48,7,0,6,0.0,False,0.8996230000000001,False
5,25,49,6,2,7,0.0,False,0.8996040000000001,False
5,25,50,7,1,11,0.0,False,0.899585,False
5,26,1,0,3,0,0.0,False,0.899566,False
5,26,2,0,2,1,0.0,False,0.899547,False
5,26,3,1,3,1,0.0,False,0.899528,False
5,26,4,1,0,0,0.0,False,0.899509,False
5,26,5,0,3,0,0.0,False,0.89949,False
5,26,6,0,1,4,0.0,False,0.899471,False
5,26,7,4,3,0,0.0,False,0.899452,False
5,26,8,0,2,1,0.0,False,0.899433,False
5,26,9,1,1,5,0.0,False,0.899414,False
5,26,10,5,2,6,0.0,False,0.8993950000000001,False
5,26,11,6,0,5,0.0,False,0.899376,False
5,26,12,5,2,6,0.0,False,0.899357,False
5,26,13,6,0,5,0.0,False,0.899338,False
5,26,14,5,2,6,0.0,False,0.899319,False
5,26,15,6,3,2,0.0,False,0.8993,False
5,26,16,2,2,3,0.0,False,0.899281,False
5,26,17,3,1,7,0.0,False,0.899262,False
5,26,18,7,3,3,0.0,False,0.899243,False
5,26,19,3,1,7,0.0,False,0.899224,False
5,26,20,7,2,7,0.0,False,0.899205,False
5,26,21,7,0,6,0.0,False,0.899186,False
5,26,22,6,3,2,0.0,False,0.899167,False
5,26,23,2,1,6,0.0,False,0.8991480000000001,False
5,26,24,6,0,5,0.0,False,0.8991290000000001,False
5,26,25,5,3,1,0.0,False,0.89911,False
5,26,26,1,1,5,0.0,False,0.899091,False
5,26,27,5,1,9,0.0,False,0.899072,False
5,26,28,9,2,10,0.0,False,0.899053,False
5,26,29,10,2,11,0.0,False,0.899034,False
5,26,30,11,1,15,1.0,True,0.899015,False
5,27,1,0,1,4,0.0,False,0.898996,False
5,27,2,4,1,8,0.0,True,0.898977,False
5,28,1,0,0,0,0.0,False,0.898958,False
5,28,2,0,1,4,0.0,True,0.898939,False
5,29,1,0,0,0,0.0,False,0.89892,False
5,29,2,0,2,1,0.0,False,0.898901,False
5,29,3,1,1,5,0.0,False,0.898882,False
5,29,4,5,3,1,0.0,False,0.898863,False
5,29,5,1,1,5,0.0,False,0.898844,False
5,29,6,5,2,6,0.0,True,0.898825,False
5,30,1,0,2,1,0.0,True,0.898806,False
5,31,1,0,1,4,0.0,False,0.898787,False
5,31,2,4,2,5,0.0,False,0.898768,False
5,31,3,5,0,4,0.0,False,0.898749,False
5,31,4,4,2,5,0.0,False,0.89873,False
5,31,5,5,3,1,0.0,False,0.898711,False
5,31,6,1,3,1,0.0,False,0.898692,False
5,31,7,1,1,5,0.0,False,0.898673,False
5,31,8,5,3,1,0.0,False,0.8986540000000001,False
5,31,9,1,1,5,0.0,False,0.898635,False
5,31,10,5,1,9,0.0,False,0.898616,False
5,31,11,9,1,13,0.0,True,0.898597,False
5,32,1,0,2,1,0.0,False,0.898578,False
5,32,2,1,3,1,0.0,False,0.898559,False
5,32,3,1,1,5,0.0,False,0.89854,False
5,32,4,5,0,4,0.0,False,0.898521,False
5,32,5,4,3,0,0.0,False,0.898502,False
5,32,6,0,0,0,0.0,False,0.898483,False
5,32,7,0,1,4,0.0,False,0.898464,False
5,32,8,4,1,8,0.0,False,0.898445,False
5,32,9,8,3,4,0.0,False,0.898426,False
5,32,10,4,0,4,0.0,False,0.898407,False
5,32,11,4,3,0,0.0,False,0.898388,False
5,32,12,0,1,4,0.0,False,0.898369,False
5,32,13,4,3,0,0.0,False,0.89835,False
5,32,14,0,0,0,0.0,False,0.898331,False
5,32,15,0,2,1,0.0,False,0.898312,False
5,32,16,1,0,0,0.0,False,0.898293,False
5,32,17,0,3,0,0.0,False,0.898274,False
5,32,18,0,1,4,0.0,False,0.898255,False
5,32,19,4,2,5,0.0,False,0.898236,False
5,32,20,5,2,6,0.0,False,0.898217,False
5,32,21,6,2,7,0.0,False,0.898198,False
5,32,22,7,2,7,0.0,False,0.8981790000000001,False
5,32,23,7,3,3,0.0,False,0.89816,False
5,32,24,3,0,2,0.0,False,0.898141,False
5,32,25,2,0,1,0.0,False,0.898122,False
5,32,26,1,3,1,0.0,False,0.898103,False
5,32,27,1,2,2,0.0,False,0.898084,False
5,32,28,2,2,3,0.0,False,0.898065,False
5,32,29,3,0,2,0.0,False,0.898046,False
5,32,30,2,0,1,0.0,False,0.898027,False
5,32,31,1,0,0,0.0,False,0.898008,False
5,32,32,0,0,0,0.0,False,0.897989,False
5,32,33,0,3,0,0.0,False,0.89797,False
5,32,34,0,2,1,0.0,False,0.8979509999999999,False
5,32,35,1,3,1,0.0,False,0.897932,False
5,32,36,1,2,2,0.0,False,0.897913,False
5,32,37,2,1,6,0.0,False,0.897894,False
5,32,38,6,0,5,0.0,False,0.897875,False
5,32,39,5,0,4,0.0,False,0.897856,False
5,32,40,4,0,4,0.0,False,0.897837,False
5,32,41,4,3,0,0.0,False,0.897818,False
5,32,42,0,0,0,0.0,False,0.897799,False
5,32,43,0,2,1,0.0,False,0.89778,False
5,32,44,1,0,0,0.0,False,0.897761,False
5,32,45,0,2,1,0.0,False,0.897742,False
5,32,46,1,0,0,0.0,False,0.897723,False
5,32,47,0,3,0,0.0,False,0.8977040000000001,False
5,32,48,0,3,0,0.0,False,0.897685,False
5,32,49,0,0,0,0.0,False,0.897666,False
5,32,50,0,0,0,0.0,False,0.897647,False
5,33,1,0,3,0,0.0,False,0.897628,False
5,33,2,0,3,0,0.0,False,0.897609,False
5,33,3,0,3,0,0.0,False,0.89759,False
5,33,4,0,2,1,0.0,True,0.897571,False
5,34,1,0,3,0,0.0,False,0.897552,False
5,34,2,0,1,4,0.0,False,0.897533,False
5,34,3,4,3,0,0.0,False,0.897514,False
5,34,4,0,1,4,0.0,False,0.897495,False
5,34,5,4,1,8,0.0,False,0.8974759999999999,False
5,34,6,8,2,9,0.0,False,0.897457,False
5,34,7,9,1,13,0.0,True,0.897438,False
5,35,1,0,3,0,0.0,False,0.897419,False
5,35,2,0,3,0,0.0,False,0.8974,False
5,35,3,0,1,4,0.0,False,0.897381,False
5,35,4,4,0,4,0.0,False,0.897362,False
5,35,5,4,2,5,0.0,False,0.897343,False
5,35,6,5,1,9,0.0,False,0.897324,False
5,35,7,9,2,10,0.0,False,0.897305,False
5,35,8,10,2,11,0.0,False,0.897286,False
5,35,9,11,0,10,0.0,False,0.897267,False
5,35,10,10,2,11,0.0,False,0.897248,False
5,35,11,11,2,11,0.0,False,0.897229,False
5,35,12,11,0,10,0.0,False,0.89721,False
5,35,13,10,0,9,0.0,False,0.897191,False
5,35,14,9,2,10,0.0,False,0.897172,False
5,35,15,10,0,9,0.0,False,0.897153,False
5,35,16,9,2,10,0.0,False,0.897134,False
5,35,17,10,3,6,0.0,False,0.897115,False
5,35,18,6,1,10,0.0,False,0.897096,False
5,35,19,10,0,9,0.0,False,0.897077,False
5,35,20,9,1,13,0.0,True,0.897058,False
5,36,1,0,2,1,0.0,False,0.897039,False
5,36,2,1,1,5,0.0,True,0.89702,False
5,37,1,0,1,4,0.0,False,0.897001,False
5,37,2,4,1,8,0.0,False,0.8969820000000001,False
5,37,3,8,1,12,0.0,True,0.896963,False
5,38,1,0,2,1,0.0,False,0.896944,False
5,38,2,1,0,0,0.0,False,0.896925,False
5,38,3,0,0,0,0.0,False,0.896906,False
5,38,4,0,1,4,0.0,True,0.896887,False
5,39,1,0,0,0,0.0,False,0.896868,False
5,39,2,0,0,0,0.0,False,0.896849,False
5,39,3,0,3,0,0.0,False,0.89683,False
5,39,4,0,3,0,0.0,False,0.896811,False
5,39,5,0,3,0,0.0,False,0.896792,False
5,39,6,0,1,4,0.0,False,0.896773,False
5,39,7,4,3,0,0.0,False,0.896754,False
5,39,8,0,3,0,0.0,False,0.8967350000000001,False
5,39,9,0,1,4,0.0,False,0.8967160000000001,False
5,39,10,4,3,0,0.0,False,0.896697,False
5,39,11,0,2,1,0.0,False,0.896678,False
5,39,12,1,3,1,0.0,False,0.896659,False
5,39,13,1,1,5,0.0,True,0.89664,False
5,40,1,0,3,0,0.0,False,0.896621,False
5,40,2,0,0,0,0.0,False,0.896602,False
5,40,3,0,2,1,0.0,False,0.896583,False
5,40,4,1,0,0,0.0,False,0.896564,False
5,40,5,0,0,0,0.0,False,0.896545,False
5,40,6,0,1,4,0.0,True,0.896526,False
5,41,1,0,3,0,0.0,False,0.896507,False
5,41,2,0,1,4,0.0,False,0.896488,False
5,41,3,4,0,4,0.0,False,0.896469,False
5,41,4,4,1,8,0.0,False,0.89645,False
5,41,5,8,3,4,0.0,False,0.896431,False
5,41,6,4,1,8,0.0,False,0.896412,False
5,41,7,8,2,9,0.0,False,0.896393,False
5,41,8,9,3,5,0.0,False,0.896374,False
5,41,9,5,1,9,0.0,False,0.896355,False
5,41,10,9,2,10,0.0,False,0.896336,False
5,41,11,10,1,14,0.0,True,0.896317,False
5,42,1,0,2,1,0.0,True,0.896298,False
5,43,1,0,3,0,0.0,False,0.896279,False
5,43,2,0,1,4,0.0,True,0.8962600000000001,False
5,44,1,0,0,0,0.0,False,0.8962410000000001,False
5,44,2,0,2,1,0.0,True,0.896222,False
5,45,1,0,0,0,0.0,False,0.896203,False
5,45,2,0,2,1,0.0,False,0.896184,False
5,45,3,1,3,1,0.0,False,0.896165,False
5,45,4,1,1,5,0.0,True,0.896146,False
5,46,1,0,2,1,0.0,False,0.896127,False
5,46,2,1,3,1,0.0,False,0.896108,False
5,46,3,1,2,2,0.0,False,0.896089,False
5,46,4,2,0,1,0.0,False,0.89607,False
5,46,5,1,1,5,0.0,False,0.896051,False
5,46,6,5,0,4,0.0,False,0.896032,False
5,46,7,4,3,0,0.0,False,0.896013,False
5,46,8,0,1,4,0.0,False,0.895994,False
5,46,9,4,0,4,0.0,False,0.895975,False
5,46,10,4,0,4,0.0,False,0.895956,False
5,46,11,4,0,4,0.0,False,0.895937,False
5,46,12,4,1,8,0.0,False,0.895918,False
5,46,13,8,1,12,0.0,True,0.895899,False
5,47,1,0,0,0,0.0,False,0.89588,False
5,47,2,0,3,0,0.0,False,0.895861,False
5,47,3,0,3,0,0.0,False,0.895842,False
5,47,4,0,3,0,0.0,False,0.895823,False
5,47,5,0,3,0,0.0,False,0.895804,False
5,47,6,0,0,0,0.0,False,0.895785,False
5,47,7,0,1,4,0.0,False,0.8957660000000001,False
5,47,8,4,3,0,0.0,False,0.895747,False
5,47,9,0,0,0,0.0,False,0.895728,False
5,47,10,0,1,4,0.0,False,0.895709,False
5,47,11,4,1,8,0.0,False,0.89569,False
5,47,12,8,0,8,0.0,False,0.895671,False
5,47,13,8,3,4,0.0,False,0.895652,False
5,47,14,4,3,0,0.0,False,0.895633,False
5,47,15,0,0,0,0.0,False,0.895614,False
5,47,16,0,1,4,0.0,False,0.895595,False
5,47,17,4,3,0,0.0,False,0.895576,False
5,47,18,0,3,0,0.0,False,0.895557,False
5,47,19,0,0,0,0.0,False,0.895538,False
5,47,20,0,0,0,0.0,False,0.895519,False
5,47,21,0,0,0,0.0,False,0.8955,False
5,47,22,0,3,0,0.0,False,0.895481,False
5,47,23,0,0,0,0.0,False,0.895462,False
5,47,24,0,1,4,0.0,False,0.895443,False
5,47,25,4,2,5,0.0,True,0.895424,False
5,48,1,0,1,4,0.0,False,0.895405,False
5,48,2,4,2,5,0.0,False,0.895386,False
5,48,3,5,0,4,0.0,False,0.895367,False
5,48,4,4,3,0,0.0,False,0.895348,False
5,48,5,0,3,0,0.0,False,0.895329,False
5,48,6,0,0,0,0.0,False,0.89531,False
5,48,7,0,2,1,0.0,True,0.8952910000000001,False
5,49,1,0,0,0,0.0,False,0.895272,False
5,49,2,0,1,4,0.0,False,0.895253,False
5,49,3,4,1,8,0.0,False,0.895234,False
5,49,4,8,3,4,0.0,False,0.895215,False
5,49,5,4,0,4,0.0,False,0.895196,False
5,49,6,4,1,8,0.0,False,0.895177,False
5,49,7,8,1,12,0.0,False,0.895158,False
5,49,8,12,3,8,0.0,False,0.895139,False
5,49,9,8,2,9,0.0,False,0.89512,False
5,49,10,9,0,8,0.0,False,0.895101,False
5,49,11,8,2,9,0.0,False,0.895082,False
5,49,12,9,1,13,0.0,False,0.8950629999999999,False
5,49,13,13,0,12,0.0,False,0.895044,False
5,49,14,12,1,12,0.0,False,0.895025,False
5,49,15,12,0,12,0.0,False,0.895006,False
5,49,16,12,2,13,0.0,False,0.894987,False
5,49,17,13,2,14,0.0,False,0.894968,False
5,49,18,14,0,13,0.0,False,0.894949,False
5,49,19,13,1,13,0.0,False,0.89493,False
5,49,20,13,3,9,0.0,False,0.894911,False
5,49,21,9,1,13,0.0,False,0.894892,False
5,49,22,13,2,14,0.0,False,0.894873,False
5,49,23,14,1,14,0.0,False,0.894854,False
5,49,24,14,1,14,0.0,False,0.894835,False
5,49,25,14,3,10,0.0,False,0.8948160000000001,False
5,49,26,10,2,11,0.0,False,0.894797,False
5,49,27,11,2,11,0.0,False,0.894778,False
5,49,28,11,0,10,0.0,False,0.894759,False
5,49,29,10,2,11,0.0,False,0.89474,False
5,49,30,11,2,11,0.0,False,0.894721,False
5,49,31,11,2,11,0.0,False,0.894702,False
5,49,32,11,1,15,1.0,True,0.894683,False
5,50,1,0,3,0,0.0,False,0.894664,False
5,50,2,0,3,0,0.0,False,0.894645,False
5,50,3,0,2,1,0.0,False,0.894626,False
5,50,4,1,1,5,0.0,False,0.894607,False
5,50,5,5,2,6,0.0,False,0.894588,False
5,50,6,6,2,7,0.0,True,0.894569,False
5,51,1,0,0,0,0.0,False,0.89455,False
5,51,2,0,3,0,0.0,False,0.894531,False
5,51,3,0,2,1,0.0,False,0.894512,False
5,51,4,1,1,5,0.0,True,0.894493,False
5,52,1,0,0,0,0.0,False,0.894474,False
5,52,2,0,0,0,0.0,False,0.894455,False
5,52,3,0,0,0,0.0,False,0.894436,False
5,52,4,0,1,4,0.0,False,0.894417,False
5,52,5,4,1,8,0.0,True,0.894398,False
5,53,1,0,0,0,0.0,False,0.894379,False
5,53,2,0,1,4,0.0,False,0.89436,False
5,53,3,4,3,0,0.0,False,0.894341,False
5,53,4,0,0,0,0.0,False,0.8943220000000001,False
5,53,5,0,3,0,0.0,False,0.894303,False
5,53,6,0,3,0,0.0,False,0.894284,False
5,53,7,0,2,1,0.0,False,0.894265,False
5,53,8,1,3,1,0.0,False,0.894246,False
5,53,9,1,1,5,0.0,True,0.894227,False
5,54,1,0,1,4,0.0,False,0.894208,False
5,54,2,4,0,4,0.0,False,0.894189,False
5,54,3,4,1,8,0.0,True,0.89417,False
5,55,1,0,3,0,0.0,False,0.894151,False
5,55,2,0,3,0,0.0,False,0.894132,False
5,55,3,0,2,1,0.0,False,0.894113,False
5,55,4,1,3,1,0.0,False,0.894094,False
5,55,5,1,3,1,0.0,False,0.894075,False
5,55,6,1,3,1,0.0,False,0.894056,False
5,55,7,1,2,2,0.0,False,0.894037,False
5,55,8,2,1,6,0.0,False,0.894018,False
5,55,9,6,2,7,0.0,False,0.893999,False
5,55,10,7,1,11,0.0,False,0.89398,False
5,55,11,11,2,11,0.0,False,0.893961,False
5,55,12,11,1,15,1.0,True,0.893942,False
5,56,1,0,1,4,0.0,True,0.893923,False
5,57,1,0,3,0,0.0,False,0.893904,False
5,57,2,0,2,1,0.0,False,0.893885,False
5,57,3,1,2,2,0.0,False,0.893866,False
5,57,4,2,2,3,0.0,False,0.8938470000000001,False
5,57,5,3,0,2,0.0,False,0.8938280000000001,False
5,57,6,2,3,2,0.0,False,0.893809,False
5,57,7,2,2,3,0.0,False,0.89379,False
5,57,8,3,1,7,0.0,False,0.893771,False
5,57,9,7,1,11,0.0,False,0.893752,False
5,57,10,11,0,10,0.0,True,0.893733,False
5,58,1,0,3,0,0.0,False,0.893714,False
5,58,2,0,0,0,0.0,False,0.893695,False
5,58,3,0,2,1,0.0,False,0.893676,False
5,58,4,1,0,0,0.0,False,0.893657,False
5,58,5,0,2,1,0.0,False,0.893638,False
5,58,6,1,0,0,0.0,False,0.893619,False
5,58,7,0,3,0,0.0,False,0.8936,False
5,58,8,0,1,4,0.0,False,0.893581,False
5,58,9,4,3,0,0.0,False,0.893562,False
5,58,10,0,3,0,0.0,False,0.893543,False
5,58,11,0,3,0,0.0,False,0.893524,False
5,58,12,0,2,1,0.0,False,0.893505,False
5,58,13,1,3,1,0.0,False,0.893486,False
5,58,14,1,1,5,0.0,True,0.893467,False
5,59,1,0,1,4,0.0,False,0.893448,False
5,59,2,4,2,5,0.0,False,0.893429,False
5,59,3,5,2,6,0.0,False,0.89341,False
5,59,4,6,2,7,0.0,False,0.893391,False
5,59,5,7,0,6,0.0,False,0.893372,False
5,59,6,6,2,7,0.0,False,0.8933530000000001,False
5,59,7,7,1,11,0.0,False,0.893334,False
5,59,8,11,2,11,0.0,False,0.893315,False
5,59,9,11,0,10,0.0,False,0.893296,False
5,59,10,10,3,6,0.0,False,0.893277,False
5,59,11,6,3,2,0.0,False,0.893258,False
5,59,12,2,0,1,0.0,True,0.893239,False
5,60,1,0,1,4,0.0,False,0.89322,False
5,60,2,4,0,4,0.0,False,0.893201,False
5,60,3,4,2,5,0.0,False,0.893182,False
5,60,4,5,1,9,0.0,True,0.893163,False
5,61,1,0,0,0,0.0,False,0.893144,False
5,61,2,0,1,4,0.0,False,0.893125,False
5,61,3,4,3,0,0.0,False,0.893106,False
5,61,4,0,1,4,0.0,False,0.893087,False
5,61,5,4,3,0,0.0,False,0.893068,False
5,61,6,0,0,0,0.0,False,0.893049,False
5,61,7,0,3,0,0.0,False,0.89303,False
5,61,8,0,2,1,0.0,False,0.893011,False
5,61,9,1,3,1,0.0,False,0.892992,False
5,61,10,1,1,5,0.0,True,0.892973,False
5,62,1,0,2,1,0.0,False,0.892954,False
5,62,2,1,1,5,0.0,False,0.892935,False
5,62,3,5,2,6,0.0,True,0.892916,False
5,63,1,0,0,0,0.0,False,0.892897,False
5,63,2,0,1,4,0.0,False,0.8928780000000001,False
5,63,3,4,1,8,0.0,False,0.892859,False
5,63,4,8,2,9,0.0,False,0.89284,False
5,63,5,9,1,13,0.0,True,0.892821,False
5,64,1,0,1,4,0.0,False,0.892802,False
5,64,2,4,1,8,0.0,False,0.892783,False
5,64,3,8,1,12,0.0,False,0.892764,False
5,64,4,12,1,12,0.0,False,0.892745,False
5,64,5,12,0,12,0.0,False,0.892726,False
5,64,6,12,3,8,0.0,False,0.892707,False
5,64,7,8,3,4,0.0,False,0.892688,False
5,64,8,4,1,8,0.0,False,0.892669,False
5,64,9,8,0,8,0.0,False,0.8926499999999999,False
5,64,10,8,1,12,0.0,False,0.892631,False
5,64,11,12,0,12,0.0,False,0.892612,False
5,64,12,12,3,8,0.0,False,0.892593,False
5,64,13,8,3,4,0.0,False,0.892574,False
5,64,14,4,1,8,0.0,False,0.892555,False
5,64,15,8,0,8,0.0,False,0.892536,False
5,64,16,8,0,8,0.0,False,0.892517,False
5,64,17,8,0,8,0.0,False,0.892498,False
5,64,18,8,3,4,0.0,False,0.892479,False
5,64,19,4,0,4,0.0,False,0.89246,False
5,64,20,4,0,4,0.0,False,0.892441,False
5,64,21,4,3,0,0.0,False,0.892422,False
5,64,22,0,2,1,0.0,True,0.8924030000000001,False
5,65,1,0,1,4,0.0,False,0.892384,False
5,65,2,4,3,0,0.0,False,0.892365,False
5,65,3,0,2,1,0.0,False,0.892346,False
5,65,4,1,3,1,0.0,False,0.892327,False
5,65,5,1,3,1,0.0,False,0.892308,False
5,65,6,1,3,1,0.0,False,0.892289,False
5,65,7,1,0,0,0.0,False,0.89227,False
5,65,8,0,0,0,0.0,False,0.892251,False
5,65,9,0,1,4,0.0,False,0.892232,False
5,65,10,4,0,4,0.0,False,0.892213,False
5,65,11,4,1,8,0.0,False,0.892194,False
5,65,12,8,0,8,0.0,False,0.8921749999999999,False
5,65,13,8,0,8,0.0,False,0.892156,False
5,65,14,8,3,4,0.0,False,0.892137,False
5,65,15,4,0,4,0.0,False,0.892118,False
5,65,16,4,3,0,0.0,False,0.892099,False
5,65,17,0,3,0,0.0,False,0.89208,False
5,65,18,0,2,1,0.0,False,0.892061,False
5,65,19,1,0,0,0.0,False,0.892042,False
5,65,20,0,2,1,0.0,False,0.892023,False
5,65,21,1,2,2,0.0,False,0.892004,False
5,65,22,2,1,6,0.0,True,0.891985,False
5,66,1,0,1,4,0.0,False,0.891966,False
5,66,2,4,3,0,0.0,False,0.891947,False
5,66,3,0,3,0,0.0,False,0.891928,False
5,66,4,0,0,0,0.0,False,0.891909,False
5,66,5,0,2,1,0.0,False,0.89189,False
5,66,6,1,0,0,0.0,False,0.891871,False
5,66,7,0,3,0,0.0,False,0.891852,False
5,66,8,0,3,0,0.0,False,0.891833,False
5,66,9,0,0,0,0.0,False,0.891814,False
5,66,10,0,1,4,0.0,False,0.891795,False
5,66,11,4,1,8,0.0,False,0.891776,False
5,66,12,8,2,9,0.0,False,0.891757,False
5,66,13,9,2,10,0.0,False,0.891738,False
5,66,14,10,2,11,0.0,True,0.891719,False
5,67,1,0,3,0,0.0,False,0.8917,False
5,67,2,0,3,0,0.0,False,0.8916810000000001,False
5,67,3,0,0,0,0.0,False,0.891662,False
5,67,4,0,1,4,0.0,False,0.891643,False
5,67,5,4,0,4,0.0,False,0.891624,False
5,67,6,4,2,5,0.0,False,0.891605,False
5,67,7,5,1,9,0.0,True,0.891586,False
5,68,1,0,0,0,0.0,False,0.891567,False
5,68,2,0,3,0,0.0,False,0.891548,False
5,68,3,0,0,0,0.0,False,0.891529,False
5,68,4,0,3,0,0.0,False,0.89151,False
5,68,5,0,2,1,0.0,False,0.891491,False
5,68,6,1,1,5,0.0,True,0.891472,False
5,69,1,0,3,0,0.0,False,0.891453,False
5,69,2,0,2,1,0.0,True,0.8914340000000001,False
5,70,1,0,2,1,0.0,False,0.8914150000000001,False
5,70,2,1,3,1,0.0,False,0.891396,False
5,70,3,1,3,1,0.0,False,0.891377,False
5,70,4,1,1,5,0.0,False,0.891358,False
5,70,5,5,1,9,0.0,True,0.891339,False
5,71,1,0,2,1,0.0,False,0.89132,False
5,71,2,1,0,0,0.0,False,0.891301,False
5,71,3,0,0,0,0.0,False,0.891282,False
5,71,4,0,1,4,0.0,False,0.891263,False
5,71,5,4,3,0,0.0,False,0.891244,False
5,71,6,0,3,0,0.0,False,0.891225,False
5,71,7,0,0,0,0.0,False,0.891206,False
5,71,8,0,2,1,0.0,False,0.891187,False
5,71,9,1,2,2,0.0,False,0.891168,False
5,71,10,2,2,3,0.0,False,0.891149,False
5,71,11,3,2,3,0.0,False,0.89113,False
5,71,12,3,0,2,0.0,False,0.891111,False
5,71,13,2,1,6,0.0,False,0.891092,False
5,71,14,6,1,10,0.0,True,0.891073,False
5,72,1,0,1,4,0.0,False,0.891054,False
5,72,2,4,1,8,0.0,False,0.891035,False
5,72,3,8,1,12,0.0,False,0.891016,False
5,72,4,12,3,8,0.0,False,0.890997,False
5,72,5,8,2,9,0.0,False,0.890978,False
5,72,6,9,0,8,0.0,False,0.8909590000000001,False
5,72,7,8,2,9,0.0,False,0.8909400000000001,False
5,72,8,9,1,13,0.0,False,0.890921,False
5,72,9,13,0,12,0.0,False,0.890902,False
5,72,10,12,0,12,0.0,False,0.890883,False
5,72,11,12,2,13,0.0,False,0.890864,False
5,72,12,13,2,14,0.0,False,0.890845,False
5,72,13,14,2,15,1.0,True,0.890826,False
5,73,1,0,0,0,0.0,False,0.890807,False
5,73,2,0,2,1,0.0,False,0.890788,False
5,73,3,1,2,2,0.0,False,0.890769,False
5,73,4,2,1,6,0.0,False,0.89075,False
5,73,5,6,3,2,0.0,False,0.890731,False
5,73,6,2,3,2,0.0,False,0.890712,False
5,73,7,2,3,2,0.0,False,0.890693,False
5,73,8,2,0,1,0.0,False,0.890674,False
5,73,9,1,1,5,0.0,False,0.890655,False
5,73,10,5,0,4,0.0,False,0.890636,False
5,73,11,4,0,4,0.0,False,0.890617,False
5,73,12,4,0,4,0.0,False,0.890598,False
5,73,13,4,3,0,0.0,False,0.890579,False
5,73,14,0,2,1,0.0,False,0.89056,False
5,73,15,1,3,1,0.0,False,0.890541,False
5,73,16,1,3,1,0.0,False,0.890522,False
5,73,17,1,1,5,0.0,False,0.890503,False
5,73,18,5,2,6,0.0,False,0.890484,False
5,73,19,6,0,5,0.0,False,0.8904650000000001,False
5,73,20,5,3,1,0.0,False,0.890446,False
5,73,21,1,3,1,0.0,False,0.890427,False
5,73,22,1,0,0,0.0,False,0.890408,False
5,73,23,0,2,1,0.0,False,0.890389,False
5,73,24,1,3,1,0.0,False,0.89037,False
5,73,25,1,2,2,0.0,False,0.890351,False
5,73,26,2,2,3,0.0,False,0.890332,False
5,73,27,3,2,3,0.0,False,0.890313,False
5,73,28,3,3,3,0.0,False,0.890294,False
5,73,29,3,3,3,0.0,False,0.890275,False
5,73,30,3,2,3,0.0,False,0.890256,False
5,73,31,3,0,2,0.0,False,0.890237,False
5,73,32,2,1,6,0.0,False,0.890218,False
5,73,33,6,2,7,0.0,False,0.890199,False
5,73,34,7,1,11,0.0,False,0.89018,False
5,73,35,11,2,11,0.0,False,0.890161,False
5,73,36,11,1,15,1.0,True,0.890142,False
5,74,1,0,3,0,0.0,False,0.890123,False
5,74,2,0,0,0,0.0,False,0.890104,False
5,74,3,0,2,1,0.0,False,0.890085,False
5,74,4,1,0,0,0.0,False,0.890066,False
5,74,5,0,3,0,0.0,False,0.890047,False
5,74,6,0,0,0,0.0,False,0.890028,False
5,74,7,0,2,1,0.0,False,0.890009,False
5,74,8,1,3,1,0.0,False,0.8899900000000001,False
5,74,9,1,2,2,0.0,True,0.889971,False
5,75,1,0,2,1,0.0,False,0.889952,False
5,75,2,1,0,0,0.0,False,0.889933,False
5,75,3,0,1,4,0.0,False,0.889914,False
5,75,4,4,0,4,0.0,False,0.889895,False
5,75,5,4,0,4,0.0,False,0.889876,False
5,75,6,4,2,5,0.0,False,0.889857,False
5,75,7,5,1,9,0.0,False,0.889838,False
5,75,8,9,3,5,0.0,False,0.889819,False
5,75,9,5,0,4,0.0,False,0.8898,False
5,75,10,4,0,4,0.0,False,0.889781,False
5,75,11,4,3,0,0.0,False,0.8897619999999999,False
5,75,12,0,2,1,0.0,False,0.889743,False
5,75,13,1,3,1,0.0,False,0.889724,False
5,75,14,1,1,5,0.0,False,0.889705,False
5,75,15,5,0,4,0.0,False,0.889686,False
5,75,16,4,2,5,0.0,False,0.889667,False
5,75,17,5,1,9,0.0,False,0.889648,False
5,75,18,9,0,8,0.0,False,0.889629,False
5,75,19,8,1,12,0.0,False,0.88961,False
5,75,20,12,1,12,0.0,False,0.889591,False
5,75,21,12,1,12,0.0,False,0.889572,False
5,75,22,12,2,13,0.0,True,0.889553,False
5,76,1,0,0,0,0.0,False,0.889534,False
5,76,2,0,2,1,0.0,True,0.8895150000000001,False
5,77,1,0,0,0,0.0,False,0.889496,False
5,77,2,0,3,0,0.0,False,0.889477,False
5,77,3,0,2,1,0.0,False,0.889458,False
5,77,4,1,3,1,0.0,False,0.889439,False
5,77,5,1,1,5,0.0,False,0.88942,False
5,77,6,5,0,4,0.0,True,0.889401,False
5,78,1,0,0,0,0.0,False,0.889382,False
5,78,2,0,1,4,0.0,True,0.889363,False
5,79,1,0,1,4,0.0,False,0.889344,False
5,79,2,4,1,8,0.0,True,0.889325,False
5,80,1,0,2,1,0.0,False,0.889306,False
5,80,2,1,3,1,0.0,False,0.8892869999999999,False
5,80,3,1,3,1,0.0,False,0.889268,False
5,80,4,1,1,5,0.0,False,0.889249,False
5,80,5,5,0,4,0.0,False,0.88923,False
5,80,6,4,2,5,0.0,False,0.889211,False
5,80,7,5,2,6,0.0,True,0.889192,False
5,81,1,0,1,4,0.0,False,0.889173,False
5,81,2,4,0,4,0.0,False,0.889154,False
5,81,3,4,2,5,0.0,False,0.889135,False
5,81,4,5,2,6,0.0,False,0.889116,False
5,81,5,6,3,2,0.0,False,0.889097,False
5,81,6,2,1,6,0.0,False,0.889078,False
5,81,7,6,2,7,0.0,False,0.889059,False
5,81,8,7,1,11,0.0,False,0.88904,False
5,81,9,11,0,10,0.0,True,0.8890210000000001,False
5,82,1,0,2,1,0.0,False,0.889002,False
5,82,2,1,0,0,0.0,False,0.888983,False
5,82,3,0,2,1,0.0,False,0.888964,False
5,82,4,1,3,1,0.0,False,0.888945,False
5,82,5,1,3,1,0.0,False,0.888926,False
5,82,6,1,2,2,0.0,True,0.888907,False
5,83,1,0,0,0,0.0,False,0.888888,False
5,83,2,0,0,0,0.0,False,0.888869,False
5,83,3,0,0,0,0.0,False,0.88885,False
5,83,4,0,1,4,0.0,False,0.888831,False
5,83,5,4,1,8,0.0,False,0.888812,False
5,83,6,8,1,12,0.0,False,0.888793,False
5,83,7,12,2,13,0.0,False,0.888774,False
5,83,8,13,2,14,0.0,False,0.888755,False
5,83,9,14,0,13,0.0,False,0.888736,False
5,83,10,13,2,14,0.0,False,0.888717,False
5,83,11,14,0,13,0.0,False,0.888698,False
5,83,12,13,2,14,0.0,False,0.888679,False
5,83,13,14,3,10,0.0,False,0.88866,False
5,83,14,10,0,9,0.0,False,0.888641,False
5,83,15,9,1,13,0.0,False,0.888622,False
5,83,16,13,2,14,0.0,False,0.888603,False
5,83,17,14,1,14,0.0,False,0.888584,False
5,83,18,14,0,13,0.0,False,0.888565,False
5,83,19,13,0,12,0.0,False,0.8885460000000001,False
5,83,20,12,2,13,0.0,False,0.8885270000000001,False
5,83,21,13,2,14,0.0,False,0.888508,False
5,83,22,14,2,15,1.0,True,0.888489,False
5,84,1,0,1,4,0.0,False,0.88847,False
5,84,2,4,0,4,0.0,False,0.888451,False
5,84,3,4,3,0,0.0,False,0.888432,False
5,84,4,0,0,0,0.0,False,0.888413,False
5,84,5,0,3,0,0.0,False,0.888394,False
5,84,6,0,2,1,0.0,False,0.888375,False
5,84,7,1,1,5,0.0,False,0.888356,False
5,84,8,5,2,6,0.0,False,0.888337,False
5,84,9,6,1,10,0.0,True,0.888318,False
5,85,1,0,1,4,0.0,False,0.888299,False
5,85,2,4,0,4,0.0,False,0.88828,False
5,85,3,4,3,0,0.0,False,0.888261,False
5,85,4,0,0,0,0.0,False,0.888242,False
5,85,5,0,1,4,0.0,False,0.888223,False
5,85,6,4,2,5,0.0,False,0.888204,False
5,85,7,5,2,6,0.0,False,0.888185,False
5,85,8,6,0,5,0.0,False,0.888166,False
5,85,9,5,3,1,0.0,False,0.888147,False
5,85,10,1,0,0,0.0,False,0.888128,False
5,85,11,0,0,0,0.0,False,0.888109,False
5,85,12,0,2,1,0.0,False,0.88809,False
5,85,13,1,2,2,0.0,False,0.888071,False
5,85,14,2,1,6,0.0,False,0.8880520000000001,False
5,85,15,6,3,2,0.0,False,0.888033,False
5,85,16,2,2,3,0.0,False,0.888014,False
5,85,17,3,3,3,0.0,False,0.887995,False
5,85,18,3,2,3,0.0,False,0.887976,False
5,85,19,3,3,3,0.0,False,0.887957,False
5,85,20,3,2,3,0.0,False,0.887938,False
5,85,21,3,0,2,0.0,False,0.887919,False
5,85,22,2,1,6,0.0,False,0.8879,False
5,85,23,6,0,5,0.0,False,0.887881,False
5,85,24,5,3,1,0.0,False,0.887862,False
5,85,25,1,1,5,0.0,False,0.887843,False
5,85,26,5,0,4,0.0,False,0.887824,False
5,85,27,4,0,4,0.0,False,0.887805,False
5,85,28,4,3,0,0.0,False,0.887786,False
5,85,29,0,1,4,0.0,False,0.887767,False
5,85,30,4,1,8,0.0,False,0.887748,False
5,85,31,8,1,12,0.0,False,0.887729,False
5,85,32,12,2,13,0.0,False,0.88771,False
5,85,33,13,3,9,0.0,False,0.887691,False
5,85,34,9,0,8,0.0,False,0.887672,False
5,85,35,8,2,9,0.0,False,0.887653,False
5,85,36,9,3,5,0.0,False,0.887634,False
5,85,37,5,0,4,0.0,False,0.887615,False
5,85,38,4,0,4,0.0,False,0.887596,False
5,85,39,4,3,0,0.0,False,0.8875770000000001,False
5,85,40,0,1,4,0.0,False,0.887558,False
5,85,41,4,3,0,0.0,False,0.887539,False
5,85,42,0,3,0,0.0,False,0.88752,False
5,85,43,0,1,4,0.0,False,0.887501,False
5,85,44,4,2,5,0.0,False,0.887482,False
5,85,45,5,2,6,0.0,False,0.887463,False
5,85,46,6,0,5,0.0,False,0.887444,False
5,85,47,5,3,1,0.0,False,0.887425,False
5,85,48,1,0,0,0.0,False,0.887406,False
5,85,49,0,3,0,0.0,False,0.887387,False
5,85,50,0,2,1,0.0,False,0.887368,False
5,86,1,0,1,4,0.0,True,0.8873489999999999,False
5,87,1,0,3,0,0.0,False,0.88733,False
5,87,2,0,0,0,0.0,False,0.887311,False
5,87,3,0,3,0,0.0,False,0.887292,False
5,87,4,0,2,1,0.0,True,0.887273,False
5,88,1,0,3,0,0.0,False,0.887254,False
5,88,2,0,3,0,0.0,False,0.887235,False
5,88,3,0,3,0,0.0,False,0.887216,False
5,88,4,0,1,4,0.0,True,0.887197,False
5,89,1,0,0,0,0.0,False,0.887178,False
5,89,2,0,0,0,0.0,False,0.887159,False
5,89,3,0,3,0,0.0,False,0.88714,False
5,89,4,0,1,4,0.0,False,0.887121,False
5,89,5,4,1,8,0.0,False,0.8871020000000001,False
5,89,6,8,3,4,0.0,False,0.8870830000000001,False
5,89,7,4,3,0,0.0,False,0.887064,False
5,89,8,0,0,0,0.0,False,0.887045,False
5,89,9,0,2,1,0.0,True,0.887026,False
5,90,1,0,3,0,0.0,False,0.887007,False
5,90,2,0,1,4,0.0,False,0.886988,False
5,90,3,4,3,0,0.0,False,0.886969,False
5,90,4,0,0,0,0.0,False,0.88695,False
5,90,5,0,3,0,0.0,False,0.886931,False
5,90,6,0,2,1,0.0,True,0.886912,False
5,91,1,0,3,0,0.0,False,0.886893,False
5,91,2,0,1,4,0.0,False,0.8868739999999999,False
5,91,3,4,3,0,0.0,False,0.886855,False
5,91,4,0,3,0,0.0,False,0.886836,False
5,91,5,0,1,4,0.0,False,0.886817,False
5,91,6,4,0,4,0.0,False,0.886798,False
5,91,7,4,1,8,0.0,False,0.886779,False
5,91,8,8,2,9,0.0,False,0.88676,False
5,91,9,9,2,10,0.0,False,0.886741,False
5,91,10,10,1,14,0.0,False,0.886722,False
5,91,11,14,2,15,1.0,True,0.886703,False
5,92,1,0,3,0,0.0,False,0.886684,False
5,92,2,0,1,4,0.0,False,0.886665,False
5,92,3,4,3,0,0.0,False,0.886646,False
5,92,4,0,2,1,0.0,True,0.886627,False
5,93,1,0,3,0,0.0,False,0.8866080000000001,False
5,93,2,0,0,0,0.0,False,0.886589,False
5,93,3,0,2,1,0.0,False,0.88657,False
5,93,4,1,2,2,0.0,False,0.886551,False
5,93,5,2,2,3,0.0,False,0.886532,False
5,93,6,3,2,3,0.0,False,0.886513,False
5,93,7,3,0,2,0.0,False,0.886494,False
5,93,8,2,1,6,0.0,False,0.886475,False
5,93,9,6,1,10,0.0,False,0.886456,False
5,93,10,10,3,6,0.0,False,0.886437,False
5,93,11,6,3,2,0.0,False,0.886418,False
5,93,12,2,2,3,0.0,False,0.886399,False
5,93,13,3,1,7,0.0,False,0.88638,False
5,93,14,7,2,7,0.0,False,0.886361,False
5,93,15,7,1,11,0.0,False,0.886342,False
5,93,16,11,1,15,1.0,True,0.886323,False
5,94,1,0,3,0,0.0,False,0.886304,False
5,94,2,0,1,4,0.0,False,0.886285,False
5,94,3,4,0,4,0.0,False,0.886266,False
5,94,4,4,3,0,0.0,False,0.886247,False
5,94,5,0,2,1,0.0,False,0.886228,False
5,94,6,1,2,2,0.0,False,0.886209,False
5,94,7,2,3,2,0.0,False,0.88619,False
5,94,8,2,3,2,0.0,False,0.886171,False
5,94,9,2,2,3,0.0,False,0.886152,False
5,94,10,3,3,3,0.0,False,0.8861330000000001,False
5,94,11,3,2,3,0.0,False,0.886114,False
5,94,12,3,1,7,0.0,False,0.886095,False
5,94,13,7,3,3,0.0,False,0.886076,False
5,94,14,3,1,7,0.0,False,0.886057,False
5,94,15,7,3,3,0.0,False,0.886038,False
5,94,16,3,0,2,0.0,False,0.886019,False
5,94,17,2,3,2,0.0,False,0.886,False
5,94,18,2,3,2,0.0,False,0.885981,False
5,94,19,2,3,2,0.0,False,0.885962,False
5,94,20,2,1,6,0.0,True,0.885943,False
5,95,1,0,0,0,0.0,False,0.885924,False
5,95,2,0,2,1,0.0,False,0.885905,False
5,95,3,1,3,1,0.0,False,0.885886,False
5,95,4,1,0,0,0.0,False,0.885867,False
5,95,5,0,3,0,0.0,False,0.885848,False
5,95,6,0,3,0,0.0,False,0.885829,False
5,95,7,0,0,0,0.0,False,0.88581,False
5,95,8,0,3,0,0.0,False,0.885791,False
5,95,9,0,2,1,0.0,False,0.885772,False
5,95,10,1,1,5,0.0,False,0.885753,False
5,95,11,5,0,4,0.0,False,0.885734,False
5,95,12,4,0,4,0.0,False,0.885715,False
5,95,13,4,2,5,0.0,False,0.885696,False
5,95,14,5,3,1,0.0,False,0.885677,False
5,95,15,1,1,5,0.0,False,0.8856580000000001,False
5,95,16,5,1,9,0.0,False,0.8856390000000001,False
5,95,17,9,2,10,0.0,False,0.8856200000000001,False
5,95,18,10,0,9,0.0,False,0.885601,False
5,95,19,9,2,10,0.0,False,0.885582,False
5,95,20,10,3,6,0.0,True,0.885563,False
5,96,1,0,3,0,0.0,False,0.885544,False
5,96,2,0,1,4,0.0,False,0.885525,False
5,96,3,4,3,0,0.0,False,0.885506,False
5,96,4,0,0,0,0.0,False,0.885487,False
5,96,5,0,1,4,0.0,False,0.885468,False
5,96,6,4,2,5,0.0,False,0.885449,False
5,96,7,5,2,6,0.0,False,0.88543,False
5,96,8,6,2,7,0.0,False,0.885411,False
5,96,9,7,1,11,0.0,False,0.885392,False
5,96,10,11,2,11,0.0,False,0.885373,False
5,96,11,11,2,11,0.0,False,0.885354,False
5,96,12,11,0,10,0.0,False,0.885335,False
5,96,13,10,0,9,0.0,False,0.885316,False
5,96,14,9,0,8,0.0,True,0.885297,False
5,97,1,0,0,0,0.0,False,0.885278,False
5,97,2,0,3,0,0.0,False,0.885259,False
5,97,3,0,1,4,0.0,False,0.88524,False
5,97,4,4,0,4,0.0,False,0.885221,False
5,97,5,4,3,0,0.0,False,0.885202,False
5,97,6,0,1,4,0.0,False,0.885183,False
5,97,7,4,2,5,0.0,False,0.8851640000000001,False
5,97,8,5,3,1,0.0,False,0.8851450000000001,False
5,97,9,1,0,0,0.0,False,0.885126,False
5,97,10,0,3,0,0.0,False,0.885107,False
5,97,11,0,2,1,0.0,False,0.885088,False
5,97,12,1,3,1,0.0,False,0.885069,False
5,97,13,1,0,0,0.0,False,0.88505,False
5,97,14,0,3,0,0.0,False,0.885031,False
5,97,15,0,2,1,0.0,False,0.885012,False
5,97,16,1,1,5,0.0,False,0.884993,False
5,97,17,5,3,1,0.0,False,0.884974,False
5,97,18,1,1,5,0.0,False,0.884955,False
5,97,19,5,2,6,0.0,False,0.884936,False
5,97,20,6,3,2,0.0,False,0.884917,False
5,97,21,2,1,6,0.0,False,0.884898,False
5,97,22,6,3,2,0.0,False,0.884879,False
5,97,23,2,0,1,0.0,False,0.88486,False
5,97,24,1,3,1,0.0,False,0.884841,False
5,97,25,1,0,0,0.0,False,0.884822,False
5,97,26,0,3,0,0.0,False,0.884803,False
5,97,27,0,2,1,0.0,False,0.884784,False
5,97,28,1,3,1,0.0,False,0.884765,False
5,97,29,1,2,2,0.0,False,0.884746,False
5,97,30,2,2,3,0.0,True,0.884727,False
5,98,1,0,0,0,0.0,False,0.884708,False
5,98,2,0,3,0,0.0,False,0.8846890000000001,False
5,98,3,0,0,0,0.0,False,0.8846700000000001,False
5,98,4,0,1,4,0.0,True,0.884651,False
5,99,1,0,1,4,0.0,False,0.884632,False
5,99,2,4,1,8,0.0,False,0.884613,False
5,99,3,8,3,4,0.0,False,0.884594,False
5,99,4,4,2,5,0.0,False,0.884575,False
5,99,5,5,1,9,0.0,False,0.884556,False
5,99,6,9,3,5,0.0,False,0.884537,False
5,99,7,5,2,6,0.0,False,0.884518,False
5,99,8,6,2,7,0.0,True,0.884499,False
5,100,1,0,2,1,0.0,False,0.88448,False
5,100,2,1,0,0,0.0,False,0.8844609999999999,False
5,100,3,0,2,1,0.0,False,0.884442,False
5,100,4,1,3,1,0.0,False,0.884423,False
5,100,5,1,1,5,0.0,False,0.884404,False
5,100,6,5,3,1,0.0,False,0.884385,False
5,100,7,1,1,5,0.0,False,0.884366,False
5,100,8,5,3,1,0.0,False,0.884347,False
5,100,9,1,1,5,0.0,False,0.884328,False
5,100,10,5,1,9,0.0,False,0.884309,False
5,100,11,9,1,13,0.0,False,0.88429,False
5,100,12,13,2,14,0.0,False,0.884271,False
5,100,13,14,2,15,1.0,True,0.884252,False
6,1,1,0,0,0,0.0,False,0.884233,False
6,1,2,0,0,0,0.0,False,0.884214,False
6,1,3,0,2,1,0.0,False,0.8841950000000001,False
6,1,4,1,1,5,0.0,True,0.884176,False
6,2,1,0,0,0,0.0,False,0.884157,False
6,2,2,0,2,1,0.0,False,0.884138,False
6,2,3,1,1,5,0.0,True,0.884119,False
6,3,1,0,0,0,0.0,False,0.8841,False
6,3,2,0,3,0,0.0,False,0.884081,False
6,3,3,0,0,0,0.0,False,0.884062,False
6,3,4,0,3,0,0.0,False,0.884043,False
6,3,5,0,0,0,0.0,False,0.884024,False
6,3,6,0,3,0,0.0,False,0.884005,False
6,3,7,0,2,1,0.0,False,0.8839859999999999,False
6,3,8,1,3,1,0.0,False,0.883967,False
6,3,9,1,2,2,0.0,False,0.883948,False
6,3,10,2,2,3,0.0,False,0.883929,False
6,3,11,3,0,2,0.0,False,0.88391,False
6,3,12,2,0,1,0.0,False,0.883891,False
6,3,13,1,0,0,0.0,False,0.883872,False
6,3,14,0,3,0,0.0,False,0.883853,False
6,3,15,0,3,0,0.0,False,0.883834,False
6,3,16,0,3,0,0.0,False,0.883815,False
6,3,17,0,3,0,0.0,False,0.883796,False
6,3,18,0,1,4,0.0,False,0.883777,False
6,3,19,4,1,8,0.0,False,0.883758,False
6,3,20,8,0,8,0.0,False,0.883739,False
6,3,21,8,2,9,0.0,False,0.8837200000000001,False
6,3,22,9,0,8,0.0,False,0.883701,False
6,3,23,8,0,8,0.0,False,0.883682,False
6,3,24,8,2,9,0.0,False,0.883663,False
6,3,25,9,0,8,0.0,False,0.883644,False
6,3,26,8,1,12,0.0,True,0.883625,False
6,4,1,0,2,1,0.0,False,0.883606,False
6,4,2,1,0,0,0.0,False,0.883587,False
6,4,3,0,1,4,0.0,True,0.883568,False
6,5,1,0,0,0,0.0,False,0.883549,False
6,5,2,0,2,1,0.0,False,0.88353,False
6,5,3,1,2,2,0.0,False,0.883511,False
6,5,4,2,3,2,0.0,False,0.8834919999999999,False
6,5,5,2,3,2,0.0,False,0.883473,False
6,5,6,2,2,3,0.0,False,0.883454,False
6,5,7,3,3,3,0.0,False,0.883435,False
6,5,8,3,1,7,0.0,False,0.883416,False
6,5,9,7,1,11,0.0,False,0.883397,False
6,5,10,11,1,15,1.0,True,0.883378,False
6,6,1,0,1,4,0.0,False,0.883359,False
6,6,2,4,0,4,0.0,False,0.88334,False
6,6,3,4,1,8,0.0,False,0.883321,False
6,6,4,8,3,4,0.0,False,0.883302,False
6,6,5,4,1,8,0.0,False,0.883283,False
6,6,6,8,1,12,0.0,False,0.883264,False
6,6,7,12,3,8,0.0,False,0.8832450000000001,False
6,6,8,8,0,8,0.0,False,0.883226,False
6,6,9,8,0,8,0.0,False,0.883207,False
6,6,10,8,3,4,0.0,False,0.883188,False
6,6,11,4,1,8,0.0,False,0.883169,False
6,6,12,8,1,12,0.0,False,0.88315,False
6,6,13,12,1,12,0.0,False,0.883131,False
6,6,14,12,1,12,0.0,False,0.883112,False
6,6,15,12,2,13,0.0,True,0.883093,False
6,7,1,0,1,4,0.0,False,0.883074,False
6,7,2,4,2,5,0.0,False,0.883055,False
6,7,3,5,0,4,0.0,False,0.883036,False
6,7,4,4,1,8,0.0,True,0.883017,False
6,8,1,0,1,4,0.0,True,0.882998,False
6,9,1,0,2,1,0.0,False,0.882979,False
6,9,2,1,2,2,0.0,False,0.88296,False
6,9,3,2,2,3,0.0,False,0.882941,False
6,9,4,3,3,3,0.0,False,0.882922,False
6,9,5,3,1,7,0.0,False,0.882903,False
6,9,6,7,0,6,0.0,True,0.882884,False
6,10,1,0,0,0,0.0,False,0.882865,False
6,10,2,0,2,1,0.0,True,0.882846,False
6,11,1,0,3,0,0.0,False,0.882827,False
6,11,2,0,0,0,0.0,False,0.882808,False
6,11,3,0,2,1,0.0,False,0.882789,False
6,11,4,1,2,2,0.0,False,0.88277,False
6,11,5,2,3,2,0.0,False,0.8827510000000001,False
6,11,6,2,2,3,0.0,False,0.8827320000000001,False
6,11,7,3,3,3,0.0,False,0.882713,False
6,11,8,3,1,7,0.0,True,0.882694,False
6,12,1,0,1,4,0.0,False,0.882675,False
6,12,2,4,2,5,0.0,False,0.882656,False
6,12,3,5,0,4,0.0,False,0.882637,False
6,12,4,4,1,8,0.0,True,0.882618,False
6,13,1,0,0,0,0.0,False,0.882599,False
6,13,2,0,0,0,0.0,False,0.88258,False
6,13,3,0,3,0,0.0,False,0.882561,False
6,13,4,0,1,4,0.0,False,0.882542,False
6,13,5,4,3,0,0.0,False,0.882523,False
6,13,6,0,0,0,0.0,False,0.882504,False
6,13,7,0,0,0,0.0,False,0.882485,False
6,13,8,0,2,1,0.0,False,0.882466,False
6,13,9,1,1,5,0.0,False,0.882447,False
6,13,10,5,3,1,0.0,False,0.882428,False
6,13,11,1,2,2,0.0,False,0.882409,False
6,13,12,2,1,6,0.0,False,0.88239,False
6,13,13,6,3,2,0.0,False,0.882371,False
6,13,14,2,0,1,0.0,False,0.882352,False
6,13,15,1,0,0,0.0,False,0.882333,False
6,13,16,0,2,1,0.0,False,0.882314,False
6,13,17,1,3,1,0.0,False,0.882295,False
6,13,18,1,2,2,0.0,False,0.8822760000000001,False
6,13,19,2,2,3,0.0,False,0.8822570000000001,False
6,13,20,3,1,7,0.0,False,0.882238,False
6,13,21,7,2,7,0.0,False,0.882219,False
6,13,22,7,1,11,0.0,False,0.8822,False
6,13,23,11,1,15,1.0,True,0.882181,False
6,14,1,0,1,4,0.0,False,0.882162,False
6,14,2,4,0,4,0.0,False,0.882143,False
6,14,3,4,2,5,0.0,True,0.882124,False
6,15,1,0,3,0,0.0,False,0.882105,False
6,15,2,0,3,0,0.0,False,0.882086,False
6,15,3,0,3,0,0.0,False,0.882067,False
6,15,4,0,3,0,0.0,False,0.8820479999999999,False
6,15,5,0,3,0,0.0,False,0.882029,False
6,15,6,0,2,1,0.0,False,0.88201,False
6,15,7,1,1,5,0.0,False,0.881991,False
6,15,8,5,0,4,0.0,False,0.881972,False
6,15,9,4,2,5,0.0,False,0.881953,False
6,15,10,5,0,4,0.0,False,0.881934,False
6,15,11,4,3,0,0.0,False,0.881915,False
6,15,12,0,1,4,0.0,False,0.881896,False
6,15,13,4,1,8,0.0,False,0.881877,False
6,15,14,8,3,4,0.0,False,0.881858,False
6,15,15,4,3,0,0.0,False,0.881839,False
6,15,16,0,0,0,0.0,False,0.88182,False
6,15,17,0,1,4,0.0,False,0.8818010000000001,False
6,15,18,4,0,4,0.0,False,0.8817820000000001,False
6,15,19,4,1,8,0.0,False,0.881763,False
6,15,20,8,0,8,0.0,False,0.881744,False
6,15,21,8,3,4,0.0,False,0.881725,False
6,15,22,4,1,8,0.0,False,0.881706,False
6,15,23,8,0,8,0.0,False,0.881687,False
6,15,24,8,0,8,0.0,False,0.881668,False
6,15,25,8,1,12,0.0,False,0.881649,False
6,15,26,12,2,13,0.0,False,0.88163,False
6,15,27,13,0,12,0.0,False,0.881611,False
6,15,28,12,2,13,0.0,False,0.881592,False
6,15,29,13,0,12,0.0,False,0.8815729999999999,False
6,15,30,12,3,8,0.0,False,0.881554,False
6,15,31,8,0,8,0.0,False,0.881535,False
6,15,32,8,1,12,0.0,False,0.881516,False
6,15,33,12,3,8,0.0,False,0.881497,False
6,15,34,8,0,8,0.0,False,0.881478,False
6,15,35,8,2,9,0.0,False,0.881459,False
6,15,36,9,2,10,0.0,False,0.88144,False
6,15,37,10,3,6,0.0,True,0.881421,False
6,16,1,0,2,1,0.0,False,0.881402,False
6,16,2,1,2,2,0.0,False,0.881383,False
6,16,3,2,1,6,0.0,False,0.881364,False
6,16,4,6,1,10,0.0,True,0.881345,False
6,17,1,0,3,0,0.0,False,0.881326,False
6,17,2,0,0,0,0.0,False,0.8813070000000001,False
6,17,3,0,0,0,0.0,False,0.881288,False
6,17,4,0,2,1,0.0,False,0.881269,False
6,17,5,1,2,2,0.0,False,0.88125,False
6,17,6,2,3,2,0.0,False,0.881231,False
6,17,7,2,1,6,0.0,False,0.881212,False
6,17,8,6,3,2,0.0,False,0.881193,False
6,17,9,2,3,2,0.0,False,0.881174,False
6,17,10,2,1,6,0.0,False,0.881155,False
6,17,11,6,2,7,0.0,False,0.881136,False
6,17,12,7,3,3,0.0,False,0.881117,False
6,17,13,3,3,3,0.0,False,0.881098,False
6,17,14,3,0,2,0.0,False,0.881079,False
6,17,15,2,1,6,0.0,False,0.88106,False
6,17,16,6,1,10,0.0,False,0.881041,False
6,17,17,10,3,6,0.0,False,0.881022,False
6,17,18,6,1,10,0.0,False,0.881003,False
6,17,19,10,2,11,0.0,False,0.880984,False
6,17,20,11,2,11,0.0,False,0.880965,False
6,17,21,11,2,11,0.0,False,0.880946,False
6,17,22,11,3,7,0.0,False,0.880927,False
6,17,23,7,1,11,0.0,False,0.880908,False
6,17,24,11,0,10,0.0,False,0.880889,False
6,17,25,10,1,14,0.0,False,0.88087,False
6,17,26,14,0,13,0.0,False,0.880851,False
6,17,27,13,3,9,0.0,False,0.8808320000000001,False
6,17,28,9,2,10,0.0,False,0.8808130000000001,False
6,17,29,10,2,11,0.0,False,0.880794,False
6,17,30,11,1,15,1.0,True,0.880775,False
6,18,1,0,2,1,0.0,False,0.880756,False
6,18,2,1,1,5,0.0,True,0.880737,False
6,19,1,0,3,0,0.0,False,0.880718,False
6,19,2,0,1,4,0.0,False,0.880699,False
6,19,3,4,1,8,0.0,False,0.88068,False
6,19,4,8,3,4,0.0,False,0.880661,False
6,19,5,4,2,5,0.0,False,0.880642,False
6,19,6,5,2,6,0.0,False,0.880623,False
6,19,7,6,3,2,0.0,False,0.880604,False
6,19,8,2,1,6,0.0,False,0.880585,False
6,19,9,6,1,10,0.0,False,0.880566,False
6,19,10,10,1,14,0.0,False,0.880547,False
6,19,11,14,1,14,0.0,False,0.880528,False
6,19,12,14,1,14,0.0,False,0.880509,False
6,19,13,14,1,14,0.0,False,0.88049,False
6,19,14,14,3,10,0.0,False,0.880471,False
6,19,15,10,2,11,0.0,False,0.880452,False
6,19,16,11,3,7,0.0,True,0.880433,False
6,20,1,0,1,4,0.0,False,0.880414,False
6,20,2,4,3,0,0.0,False,0.880395,False
6,20,3,0,2,1,0.0,False,0.880376,False
6,20,4,1,1,5,0.0,True,0.8803570000000001,False
6,21,1,0,0,0,0.0,False,0.8803380000000001,False
6,21,2,0,2,1,0.0,False,0.880319,False
6,21,3,1,3,1,0.0,False,0.8803,False
6,21,4,1,3,1,0.0,False,0.880281,False
6,21,5,1,3,1,0.0,False,0.880262,False
6,21,6,1,3,1,0.0,False,0.880243,False
6,21,7,1,1,5,0.0,False,0.880224,False
6,21,8,5,0,4,0.0,True,0.880205,False
6,22,1,0,3,0,0.0,False,0.880186,False
6,22,2,0,0,0,0.0,False,0.880167,False
6,22,3,0,3,0,0.0,False,0.880148,False
6,22,4,0,3,0,0.0,False,0.880129,False
6,22,5,0,3,0,0.0,False,0.88011,False
6,22,6,0,0,0,0.0,False,0.880091,False
6,22,7,0,0,0,0.0,False,0.880072,False
6,22,8,0,0,0,0.0,False,0.880053,False
6,22,9,0,0,0,0.0,False,0.880034,False
6,22,10,0,0,0,0.0,False,0.880015,False
6,22,11,0,3,0,0.0,False,0.879996,False
6,22,12,0,2,1,0.0,False,0.879977,False
6,22,13,1,0,0,0.0,False,0.879958,False
6,22,14,0,0,0,0.0,False,0.879939,False
6,22,15,0,0,0,0.0,False,0.87992,False
6,22,16,0,2,1,0.0,False,0.879901,False
6,22,17,1,0,0,0.0,False,0.879882,False
6,22,18,0,1,4,0.0,True,0.8798630000000001,False
6,23,1,0,3,0,0.0,False,0.879844,False
6,23,2,0,3,0,0.0,False,0.879825,False
6,23,3,0,0,0,0.0,False,0.879806,False
6,23,4,0,3,0,0.0,False,0.879787,False
6,23,5,0,1,4,0.0,False,0.879768,False
6,23,6,4,1,8,0.0,False,0.879749,False
6,23,7,8,1,12,0.0,False,0.87973,False
6,23,8,12,2,13,0.0,True,0.879711,False
6,24,1,0,0,0,0.0,False,0.879692,False
6,24,2,0,2,1,0.0,False,0.879673,False
6,24,3,1,1,5,0.0,False,0.879654,False
6,24,4,5,0,4,0.0,False,0.879635,False
6,24,5,4,2,5,0.0,False,0.879616,False
6,24,6,5,2,6,0.0,False,0.879597,False
6,24,7,6,3,2,0.0,False,0.879578,False
6,24,8,2,1,6,0.0,False,0.879559,False
6,24,9,6,0,5,0.0,False,0.87954,False
6,24,10,5,2,6,0.0,False,0.879521,False
6,24,11,6,3,2,0.0,False,0.879502,False
6,24,12,2,2,3,0.0,False,0.879483,False
6,24,13,3,1,7,0.0,True,0.879464,False
6,25,1,0,2,1,0.0,True,0.879445,False
6,26,1,0,0,0,0.0,False,0.879426,False
6,26,2,0,0,0,0.0,False,0.879407,False
6,26,3,0,0,0,0.0,False,0.8793880000000001,False
6,26,4,0,3,0,0.0,False,0.879369,False
6,26,5,0,1,4,0.0,True,0.87935,False
6,27,1,0,1,4,0.0,False,0.879331,False
6,27,2,4,3,0,0.0,False,0.879312,False
6,27,3,0,0,0,0.0,False,0.879293,False
6,27,4,0,2,1,0.0,False,0.879274,False
6,27,5,1,2,2,0.0,False,0.879255,False
6,27,6,2,3,2,0.0,False,0.879236,False
6,27,7,2,0,1,0.0,False,0.879217,False
6,27,8,1,2,2,0.0,False,0.879198,False
6,27,9,2,1,6,0.0,False,0.879179,False
6,27,10,6,2,7,0.0,True,0.8791599999999999,False
6,28,1,0,3,0,0.0,False,0.879141,False
6,28,2,0,0,0,0.0,False,0.879122,False
6,28,3,0,3,0,0.0,False,0.879103,False
6,28,4,0,1,4,0.0,True,0.879084,False
6,29,1,0,2,1,0.0,False,0.879065,False
6,29,2,1,0,0,0.0,False,0.879046,False
6,29,3,0,3,0,0.0,False,0.879027,False
6,29,4,0,3,0,0.0,False,0.879008,False
6,29,5,0,2,1,0.0,False,0.878989,False
6,29,6,1,0,0,0.0,False,0.87897,False
6,29,7,0,3,0,0.0,False,0.878951,False
6,29,8,0,2,1,0.0,False,0.878932,False
6,29,9,1,2,2,0.0,False,0.878913,False
6,29,10,2,3,2,0.0,False,0.878894,False
6,29,11,2,1,6,0.0,True,0.878875,False
6,30,1,0,2,1,0.0,True,0.878856,False
6,31,1,0,1,4,0.0,False,0.878837,False
6,31,2,4,2,5,0.0,False,0.878818,False
6,31,3,5,2,6,0.0,False,0.878799,False
6,31,4,6,1,10,0.0,False,0.87878,False
6,31,5,10,2,11,0.0,False,0.878761,False
6,31,6,11,3,7,0.0,False,0.878742,False
6,31,7,7,1,11,0.0,False,0.878723,False
6,31,8,11,0,10,0.0,False,0.878704,False
6,31,9,10,2,11,0.0,False,0.8786849999999999,False
6,31,10,11,1,15,1.0,True,0.878666,False
6,32,1,0,1,4,0.0,False,0.878647,False
6,32,2,4,2,5,0.0,False,0.878628,False
6,32,3,5,2,6,0.0,False,0.878609,False
6,32,4,6,2,7,0.0,False,0.87859,False
6,32,5,7,3,3,0.0,True,0.878571,False
6,33,1,0,3,0,0.0,False,0.878552,False
6,33,2,0,2,1,0.0,False,0.878533,False
6,33,3,1,3,1,0.0,False,0.878514,False
6,33,4,1,2,2,0.0,True,0.878495,False
6,34,1,0,1,4,0.0,False,0.878476,False
6,34,2,4,0,4,0.0,False,0.878457,False
6,34,3,4,0,4,0.0,False,0.878438,False
6,34,4,4,3,0,0.0,False,0.878419,False
6,34,5,0,0,0,0.0,False,0.8784,False
6,34,6,0,0,0,0.0,False,0.878381,False
6,34,7,0,0,0,0.0,False,0.878362,False
6,34,8,0,3,0,0.0,False,0.878343,False
6,34,9,0,1,4,0.0,False,0.878324,False
6,34,10,4,1,8,0.0,False,0.878305,False
6,34,11,8,2,9,0.0,False,0.878286,False
6,34,12,9,1,13,0.0,False,0.878267,False
6,34,13,13,2,14,0.0,False,0.878248,False
6,34,14,14,0,13,0.0,False,0.878229,False
6,34,15,13,2,14,0.0,False,0.87821,False
6,34,16,14,2,15,1.0,True,0.8781909999999999,False
6,35,1,0,3,0,0.0,False,0.878172,False
6,35,2,0,1,4,0.0,False,0.878153,False
6,35,3,4,3,0,0.0,False,0.878134,False
6,35,4,0,0,0,0.0,False,0.878115,False
6,35,5,0,1,4,0.0,False,0.878096,False
6,35,6,4,0,4,0.0,False,0.878077,False
6,35,7,4,3,0,0.0,False,0.878058,False
6,35,8,0,1,4,0.0,False,0.878039,False
6,35,9,4,3,0,0.0,False,0.87802,False
6,35,10,0,1,4,0.0,False,0.878001,False
6,35,11,4,3,0,0.0,False,0.877982,False
6,35,12,0,3,0,0.0,False,0.877963,False
6,35,13,0,3,0,0.0,False,0.8779440000000001,False
6,35,14,0,0,0,0.0,False,0.877925,False
6,35,15,0,0,0,0.0,False,0.877906,False
6,35,16,0,0,0,0.0,False,0.877887,False
6,35,17,0,3,0,0.0,False,0.877868,False
6,35,18,0,3,0,0.0,False,0.877849,False
6,35,19,0,3,0,0.0,False,0.87783,False
6,35,20,0,1,4,0.0,False,0.877811,False
6,35,21,4,0,4,0.0,False,0.877792,False
6,35,22,4,0,4,0.0,False,0.877773,False
6,35,23,4,1,8,0.0,True,0.877754,False
6,36,1,0,3,0,0.0,False,0.877735,False
6,36,2,0,3,0,0.0,False,0.877716,False
6,36,3,0,0,0,0.0,False,0.8776970000000001,False
6,36,4,0,1,4,0.0,False,0.877678,False
6,36,5,4,2,5,0.0,False,0.877659,False
6,36,6,5,2,6,0.0,False,0.87764,False
6,36,7,6,2,7,0.0,False,0.877621,False
6,36,8,7,0,6,0.0,False,0.877602,False
6,36,9,6,1,10,0.0,False,0.877583,False
6,36,10,10,3,6,0.0,False,0.877564,False
6,36,11,6,2,7,0.0,False,0.877545,False
6,36,12,7,3,3,0.0,True,0.877526,False
6,37,1,0,0,0,0.0,False,0.877507,False
6,37,2,0,0,0,0.0,False,0.877488,False
6,37,3,0,2,1,0.0,False,0.877469,False
6,37,4,1,1,5,0.0,True,0.8774500000000001,False
6,38,1,0,3,0,0.0,False,0.8774310000000001,False
6,38,2,0,3,0,0.0,False,0.877412,False
6,38,3,0,0,0,0.0,False,0.877393,False
6,38,4,0,3,0,0.0,False,0.877374,False
6,38,5,0,3,0,0.0,False,0.877355,False
6,38,6,0,3,0,0.0,False,0.877336,False
6,38,7,0,0,0,0.0,False,0.877317,False
6,38,8,0,3,0,0.0,False,0.877298,False
6,38,9,0,0,0,0.0,False,0.877279,False
6,38,10,0,1,4,0.0,False,0.87726,False
6,38,11,4,2,5,0.0,False,0.877241,False
6,38,12,5,3,1,0.0,False,0.8772220000000001,False
6,38,13,1,1,5,0.0,False,0.877203,False
6,38,14,5,2,6,0.0,False,0.877184,False
6,38,15,6,1,10,0.0,False,0.877165,False
6,38,16,10,1,14,0.0,False,0.877146,False
6,38,17,14,2,15,1.0,True,0.877127,False
6,39,1,0,0,0,0.0,False,0.877108,False
6,39,2,0,0,0,0.0,False,0.877089,False
6,39,3,0,2,1,0.0,False,0.87707,False
6,39,4,1,2,2,0.0,False,0.877051,False
6,39,5,2,0,1,0.0,False,0.877032,False
6,39,6,1,2,2,0.0,False,0.877013,False
6,39,7,2,0,1,0.0,False,0.876994,False
6,39,8,1,0,0,0.0,False,0.8769750000000001,False
6,39,9,0,3,0,0.0,False,0.8769560000000001,False
6,39,10,0,3,0,0.0,False,0.8769370000000001,False
6,39,11,0,1,4,0.0,False,0.876918,False
6,39,12,4,1,8,0.0,False,0.876899,False
6,39,13,8,3,4,0.0,False,0.87688,False
6,39,14,4,3,0,0.0,False,0.876861,False
6,39,15,0,0,0,0.0,False,0.876842,False
6,39,16,0,1,4,0.0,False,0.876823,False
6,39,17,4,1,8,0.0,False,0.876804,False
6,39,18,8,0,8,0.0,False,0.876785,False
6,39,19,8,3,4,0.0,False,0.876766,False
6,39,20,4,2,5,0.0,False,0.876747,False
6,39,21,5,2,6,0.0,False,0.8767280000000001,False
6,39,22,6,3,2,0.0,False,0.876709,False
6,39,23,2,2,3,0.0,False,0.87669,False
6,39,24,3,2,3,0.0,False,0.876671,False
6,39,25,3,3,3,0.0,False,0.876652,False
6,39,26,3,3,3,0.0,False,0.876633,False
6,39,27,3,2,3,0.0,False,0.876614,False
6,39,28,3,1,7,0.0,True,0.876595,False
6,40,1,0,3,0,0.0,False,0.876576,False
6,40,2,0,0,0,0.0,False,0.876557,False
6,40,3,0,3,0,0.0,False,0.876538,False
6,40,4,0,1,4,0.0,False,0.876519,False
6,40,5,4,1,8,0.0,False,0.8765000000000001,False
6,40,6,8,0,8,0.0,False,0.8764810000000001,False
6,40,7,8,1,12,0.0,True,0.8764620000000001,False
6,41,1,0,1,4,0.0,True,0.876443,False
6,42,1,0,2,1,0.0,True,0.876424,False
6,43,1,0,0,0,0.0,False,0.876405,False
6,43,2,0,0,0,0.0,False,0.876386,False
6,43,3,0,2,1,0.0,False,0.876367,False
6,43,4,1,0,0,0.0,False,0.876348,False
6,43,5,0,3,0,0.0,False,0.876329,False
6,43,6,0,2,1,0.0,False,0.87631,False
6,43,7,1,0,0,0.0,False,0.876291,False
6,43,8,0,1,4,0.0,False,0.876272,False
6,43,9,4,3,0,0.0,False,0.8762530000000001,False
6,43,10,0,1,4,0.0,False,0.876234,False
6,43,11,4,2,5,0.0,True,0.876215,False
6,44,1,0,1,4,0.0,False,0.876196,False
6,44,2,4,1,8,0.0,True,0.876177,False
6,45,1,0,1,4,0.0,False,0.876158,False
6,45,2,4,2,5,0.0,True,0.876139,False
6,46,1,0,1,4,0.0,False,0.87612,False
6,46,2,4,3,0,0.0,False,0.876101,False
6,46,3,0,1,4,0.0,False,0.876082,False
6,46,4,4,3,0,0.0,False,0.876063,False
6,46,5,0,1,4,0.0,False,0.876044,False
6,46,6,4,1,8,0.0,False,0.876025,False
6,46,7,8,0,8,0.0,False,0.8760060000000001,False
6,46,8,8,2,9,0.0,False,0.8759870000000001,False
6,46,9,9,1,13,0.0,False,0.875968,False
6,46,10,13,1,13,0.0,False,0.875949,False
6,46,11,13,0,12,0.0,False,0.87593,False
6,46,12,12,2,13,0.0,False,0.875911,False
6,46,13,13,3,9,0.0,False,0.875892,False
6,46,14,9,1,13,0.0,False,0.875873,False
6,46,15,13,0,12,0.0,False,0.875854,False
6,46,16,12,1,12,0.0,False,0.875835,False
6,46,17,12,3,8,0.0,False,0.875816,False
6,46,18,8,1,12,0.0,False,0.875797,False
6,46,19,12,0,12,0.0,False,0.8757780000000001,False
6,46,20,12,3,8,0.0,False,0.875759,False
6,46,21,8,2,9,0.0,False,0.87574,False
6,46,22,9,2,10,0.0,False,0.875721,False
6,46,23,10,1,14,0.0,False,0.875702,False
6,46,24,14,1,14,0.0,False,0.875683,False
6,46,25,14,2,15,1.0,True,0.875664,False
6,47,1,0,1,4,0.0,False,0.875645,False
6,47,2,4,3,0,0.0,False,0.875626,False
6,47,3,0,0,0,0.0,False,0.875607,False
6,47,4,0,3,0,0.0,False,0.875588,False
6,47,5,0,1,4,0.0,False,0.875569,False
6,47,6,4,0,4,0.0,False,0.87555,False
6,47,7,4,0,4,0.0,False,0.8755310000000001,False
6,47,8,4,1,8,0.0,False,0.8755120000000001,False
6,47,9,8,1,12,0.0,False,0.875493,False
6,47,10,12,2,13,0.0,False,0.875474,False
6,47,11,13,2,14,0.0,False,0.875455,False
6,47,12,14,0,13,0.0,False,0.875436,False
6,47,13,13,2,14,0.0,False,0.875417,False
6,47,14,14,2,15,1.0,True,0.875398,False
6,48,1,0,2,1,0.0,False,0.875379,False
6,48,2,1,0,0,0.0,False,0.87536,False
6,48,3,0,1,4,0.0,False,0.875341,False
6,48,4,4,1,8,0.0,False,0.875322,False
6,48,5,8,2,9,0.0,False,0.875303,False
6,48,6,9,0,8,0.0,False,0.875284,False
6,48,7,8,0,8,0.0,False,0.875265,False
6,48,8,8,0,8,0.0,False,0.875246,False
6,48,9,8,3,4,0.0,False,0.875227,False
6,48,10,4,2,5,0.0,False,0.875208,False
6,48,11,5,2,6,0.0,False,0.875189,False
6,48,12,6,1,10,0.0,False,0.87517,False
6,48,13,10,0,9,0.0,False,0.875151,False
6,48,14,9,1,13,0.0,True,0.875132,False
6,49,1,0,3,0,0.0,False,0.875113,False
6,49,2,0,0,0,0.0,False,0.875094,False
6,49,3,0,2,1,0.0,False,0.875075,False
6,49,4,1,3,1,0.0,False,0.8750560000000001,False
6,49,5,1,1,5,0.0,False,0.8750370000000001,False
6,49,6,5,3,1,0.0,False,0.875018,False
6,49,7,1,3,1,0.0,False,0.874999,False
6,49,8,1,2,2,0.0,False,0.87498,False
6,49,9,2,0,1,0.0,False,0.874961,False
6,49,10,1,2,2,0.0,False,0.874942,False
6,49,11,2,0,1,0.0,False,0.874923,False
6,49,12,1,1,5,0.0,False,0.874904,False
6,49,13,5,1,9,0.0,False,0.874885,False
6,49,14,9,2,10,0.0,False,0.874866,False
6,49,15,10,2,11,0.0,False,0.874847,False
6,49,16,11,0,10,0.0,False,0.874828,False
6,49,17,10,1,14,0.0,True,0.874809,False
6,50,1,0,0,0,0.0,False,0.87479,False
6,50,2,0,2,1,0.0,False,0.874771,False
6,50,3,1,3,1,0.0,False,0.874752,False
6,50,4,1,2,2,0.0,False,0.874733,False
6,50,5,2,3,2,0.0,False,0.874714,False
6,50,6,2,3,2,0.0,False,0.874695,False
6,50,7,2,0,1,0.0,False,0.874676,False
6,50,8,1,1,5,0.0,False,0.874657,False
6,50,9,5,2,6,0.0,False,0.874638,False
6,50,10,6,1,10,0.0,False,0.874619,False
6,50,11,10,2,11,0.0,False,0.8746,False
6,50,12,11,3,7,0.0,False,0.874581,False
6,50,13,7,2,7,0.0,False,0.8745620000000001,False
6,50,14,7,3,3,0.0,False,0.874543,False
6,50,15,3,2,3,0.0,False,0.874524,False
6,50,16,3,1,7,0.0,False,0.874505,False
6,50,17,7,1,11,0.0,False,0.874486,False
6,50,18,11,1,15,1.0,True,0.874467,False
6,51,1,0,3,0,0.0,False,0.874448,False
6,51,2,0,1,4,0.0,True,0.874429,False
6,52,1,0,0,0,0.0,False,0.87441,False
6,52,2,0,3,0,0.0,False,0.874391,False
6,52,3,0,1,4,0.0,False,0.874372,False
6,52,4,4,0,4,0.0,False,0.874353,False
6,52,5,4,2,5,0.0,False,0.874334,False
6,52,6,5,2,6,0.0,False,0.874315,False
6,52,7,6,0,5,0.0,False,0.874296,False
6,52,8,5,1,9,0.0,False,0.874277,False
6,52,9,9,3,5,0.0,False,0.874258,False
6,52,10,5,1,9,0.0,False,0.874239,False
6,52,11,9,3,5,0.0,False,0.87422,False
6,52,12,5,1,9,0.0,False,0.874201,False
6,52,13,9,3,5,0.0,False,0.874182,False
6,52,14,5,2,6,0.0,False,0.874163,False
6,52,15,6,3,2,0.0,False,0.874144,False
6,52,16,2,1,6,0.0,False,0.874125,False
6,52,17,6,3,2,0.0,False,0.874106,False
6,52,18,2,0,1,0.0,True,0.8740870000000001,False
6,53,1,0,2,1,0.0,False,0.874068,False
6,53,2,1,3,1,0.0,False,0.874049,False
6,53,3,1,3,1,0.0,False,0.87403,False
6,53,4,1,0,0,0.0,False,0.874011,False
6,53,5,0,2,1,0.0,False,0.873992,False
6,53,6,1,1,5,0.0,False,0.873973,False
6,53,7,5,2,6,0.0,False,0.873954,False
6,53,8,6,2,7,0.0,True,0.873935,False
6,54,1,0,1,4,0.0,False,0.873916,False
6,54,2,4,2,5,0.0,False,0.873897,False
6,54,3,5,2,6,0.0,False,0.873878,False
6,54,4,6,3,2,0.0,False,0.8738589999999999,False
6,54,5,2,1,6,0.0,False,0.87384,False
6,54,6,6,1,10,0.0,False,0.873821,False
6,54,7,10,0,9,0.0,True,0.873802,False
6,55,1,0,3,0,0.0,False,0.873783,False
6,55,2,0,0,0,0.0,False,0.873764,False
6,55,3,0,3,0,0.0,False,0.873745,False
6,55,4,0,3,0,0.0,False,0.873726,False
6,55,5,0,3,0,0.0,False,0.873707,False
6,55,6,0,2,1,0.0,False,0.873688,False
6,55,7,1,0,0,0.0,False,0.873669,False
6,55,8,0,2,1,0.0,False,0.87365,False
6,55,9,1,1,5,0.0,False,0.873631,False
6,55,10,5,1,9,0.0,False,0.873612,False
6,55,11,9,2,10,0.0,False,0.8735930000000001,False
6,55,12,10,2,11,0.0,False,0.873574,False
6,55,13,11,3,7,0.0,False,0.873555,False
6,55,14,7,3,3,0.0,False,0.873536,False
6,55,15,3,2,3,0.0,False,0.873517,False
6,55,16,3,0,2,0.0,False,0.873498,False
6,55,17,2,1,6,0.0,False,0.873479,False
6,55,18,6,0,5,0.0,False,0.87346,False
6,55,19,5,3,1,0.0,False,0.873441,False
6,55,20,1,0,0,0.0,False,0.873422,False
6,55,21,0,3,0,0.0,False,0.873403,False
6,55,22,0,0,0,0.0,False,0.8733839999999999,False
6,55,23,0,0,0,0.0,False,0.873365,False
6,55,24,0,3,0,0.0,False,0.873346,False
6,55,25,0,1,4,0.0,False,0.873327,False
6,55,26,4,3,0,0.0,False,0.873308,False
6,55,27,0,3,0,0.0,False,0.873289,False
6,55,28,0,2,1,0.0,False,0.87327,False
6,55,29,1,0,0,0.0,False,0.873251,False
6,55,30,0,1,4,0.0,False,0.873232,False
6,55,31,4,2,5,0.0,False,0.873213,False
6,55,32,5,0,4,0.0,False,0.873194,False
6,55,33,4,1,8,0.0,False,0.873175,False
6,55,34,8,2,9,0.0,False,0.873156,False
6,55,35,9,3,5,0.0,False,0.873137,False
6,55,36,5,0,4,0.0,False,0.8731180000000001,False
6,55,37,4,1,8,0.0,False,0.8730990000000001,False
6,55,38,8,3,4,0.0,False,0.8730800000000001,False
6,55,39,4,1,8,0.0,False,0.873061,False
6,55,40,8,0,8,0.0,False,0.873042,False
6,55,41,8,0,8,0.0,False,0.873023,False
6,55,42,8,3,4,0.0,False,0.873004,False
6,55,43,4,2,5,0.0,False,0.872985,False
6,55,44,5,1,9,0.0,False,0.872966,False
6,55,45,9,1,13,0.0,False,0.872947,False
6,55,46,13,2,14,0.0,True,0.872928,False
6,56,1,0,0,0,0.0,False,0.8729089999999999,False
6,56,2,0,0,0,0.0,False,0.8728899999999999,False
6,56,3,0,0,0,0.0,False,0.872871,False
6,56,4,0,3,0,0.0,False,0.872852,False
6,56,5,0,2,1,0.0,False,0.872833,False
6,56,6,1,1,5,0.0,False,0.872814,False
6,56,7,5,1,9,0.0,False,0.872795,False
6,56,8,9,3,5,0.0,False,0.872776,False
6,56,9,5,0,4,0.0,False,0.872757,False
6,56,10,4,2,5,0.0,False,0.872738,False
6,56,11,5,1,9,0.0,False,0.872719,False
6,56,12,9,3,5,0.0,False,0.8727,False
6,56,13,5,1,9,0.0,False,0.872681,False
6,56,14,9,1,13,0.0,True,0.872662,False
6,57,1,0,3,0,0.0,False,0.8726430000000001,False
6,57,2,0,0,0,0.0,False,0.8726240000000001,False
6,57,3,0,3,0,0.0,False,0.8726050000000001,False
6,57,4,0,0,0,0.0,False,0.8725860000000001,False
6,57,5,0,2,1,0.0,False,0.872567,False
6,57,6,1,1,5,0.0,False,0.872548,False
6,57,7,5,3,1,0.0,False,0.872529,False
6,57,8,1,2,2,0.0,False,0.87251,False
6,57,9,2,1,6,0.0,False,0.872491,False
6,57,10,6,1,10,0.0,False,0.872472,False
6,57,11,10,0,9,0.0,False,0.872453,False
6,57,12,9,0,8,0.0,False,0.8724339999999999,False
6,57,13,8,0,8,0.0,False,0.8724149999999999,False
6,57,14,8,1,12,0.0,False,0.872396,False
6,57,15,12,1,12,0.0,False,0.872377,False
6,57,16,12,0,12,0.0,False,0.872358,False
6,57,17,12,3,8,0.0,False,0.872339,False
6,57,18,8,0,8,0.0,False,0.87232,False
6,57,19,8,3,4,0.0,False,0.872301,False
6,57,20,4,0,4,0.0,False,0.872282,False
6,57,21,4,3,0,0.0,False,0.872263,False
6,57,22,0,3,0,0.0,False,0.872244,False
6,57,23,0,0,0,0.0,False,0.872225,False
6,57,24,0,2,1,0.0,False,0.872206,False
6,57,25,1,1,5,0.0,False,0.872187,False
6,57,26,5,3,1,0.0,False,0.872168,False
6,57,27,1,2,2,0.0,False,0.8721490000000001,False
6,57,28,2,1,6,0.0,False,0.8721300000000001,False
6,57,29,6,2,7,0.0,False,0.8721110000000001,False
6,57,30,7,1,11,0.0,False,0.872092,False
6,57,31,11,2,11,0.0,False,0.872073,False
6,57,32,11,2,11,0.0,False,0.872054,False
6,57,33,11,3,7,0.0,False,0.872035,False
6,57,34,7,1,11,0.0,False,0.872016,False
6,57,35,11,1,15,1.0,True,0.871997,False
6,58,1,0,3,0,0.0,False,0.871978,False
6,58,2,0,1,4,0.0,False,0.8719589999999999,False
6,58,3,4,1,8,0.0,False,0.8719399999999999,False
6,58,4,8,0,8,0.0,False,0.871921,False
6,58,5,8,0,8,0.0,False,0.871902,False
6,58,6,8,2,9,0.0,True,0.871883,False
6,59,1,0,1,4,0.0,False,0.871864,False
6,59,2,4,2,5,0.0,False,0.871845,False
6,59,3,5,1,9,0.0,False,0.871826,False
6,59,4,9,1,13,0.0,False,0.871807,False
6,59,5,13,1,13,0.0,False,0.871788,False
6,59,6,13,3,9,0.0,False,0.871769,False
6,59,7,9,3,5,0.0,False,0.87175,False
6,59,8,5,2,6,0.0,False,0.871731,False
6,59,9,6,1,10,0.0,False,0.871712,False
6,59,10,10,1,14,0.0,False,0.871693,False
6,59,11,14,0,13,0.0,False,0.8716740000000001,False
6,59,12,13,2,14,0.0,False,0.8716550000000001,False
6,59,13,14,3,10,0.0,False,0.8716360000000001,False
6,59,14,10,0,9,0.0,False,0.871617,False
6,59,15,9,0,8,0.0,True,0.871598,False
6,60,1,0,2,1,0.0,False,0.871579,False
6,60,2,1,3,1,0.0,False,0.87156,False
6,60,3,1,0,0,0.0,False,0.871541,False
6,60,4,0,2,1,0.0,False,0.871522,False
6,60,5,1,0,0,0.0,False,0.871503,False
6,60,6,0,3,0,0.0,False,0.871484,False
6,60,7,0,2,1,0.0,False,0.8714649999999999,False
6,60,8,1,1,5,0.0,False,0.8714459999999999,False
6,60,9,5,1,9,0.0,True,0.871427,False
6,61,1,0,0,0,0.0,False,0.871408,False
6,61,2,0,3,0,0.0,False,0.871389,False
6,61,3,0,0,0,0.0,False,0.87137,False
6,61,4,0,3,0,0.0,False,0.871351,False
6,61,5,0,3,0,0.0,False,0.871332,False
6,61,6,0,3,0,0.0,False,0.871313,False
6,61,7,0,0,0,0.0,False,0.871294,False
6,61,8,0,1,4,0.0,False,0.871275,False
6,61,9,4,1,8,0.0,False,0.871256,False
6,61,10,8,1,12,0.0,False,0.871237,False
6,61,11,12,2,13,0.0,True,0.871218,False
6,62,1,0,1,4,0.0,False,0.8711990000000001,False
6,62,2,4,3,0,0.0,False,0.8711800000000001,False
6,62,3,0,1,4,0.0,False,0.8711610000000001,False
6,62,4,4,0,4,0.0,False,0.871142,False
6,62,5,4,2,5,0.0,False,0.871123,False
6,62,6,5,0,4,0.0,False,0.871104,False
6,62,7,4,1,8,0.0,False,0.871085,False
6,62,8,8,1,12,0.0,True,0.871066,False
6,63,1,0,0,0,0.0,False,0.871047,False
6,63,2,0,2,1,0.0,False,0.871028,False
6,63,3,1,1,5,0.0,False,0.871009,False
6,63,4,5,2,6,0.0,True,0.87099,False
6,64,1,0,2,1,0.0,False,0.870971,False
6,64,2,1,2,2,0.0,False,0.870952,False
6,64,3,2,0,1,0.0,False,0.870933,False
6,64,4,1,1,5,0.0,True,0.870914,False
6,65,1,0,0,0,0.0,False,0.870895,False
6,65,2,0,2,1,0.0,False,0.870876,False
6,65,3,1,3,1,0.0,False,0.870857,False
6,65,4,1,2,2,0.0,False,0.870838,False
6,65,5,2,2,3,0.0,True,0.870819,False
6,66,1,0,3,0,0.0,False,0.8708,False
6,66,2,0,2,1,0.0,False,0.870781,False
6,66,3,1,1,5,0.0,False,0.870762,False
6,66,4,5,3,1,0.0,False,0.870743,False
6,66,5,1,0,0,0.0,False,0.870724,False
6,66,6,0,0,0,0.0,False,0.8707050000000001,False
6,66,7,0,0,0,0.0,False,0.8706860000000001,False
6,66,8,0,0,0,0.0,False,0.870667,False
6,66,9,0,1,4,0.0,True,0.870648,False
6,67,1,0,3,0,0.0,False,0.870629,False
6,67,2,0,3,0,0.0,False,0.87061,False
6,67,3,0,3,0,0.0,False,0.870591,False
6,67,4,0,3,0,0.0,False,0.870572,False
6,67,5,0,0,0,0.0,False,0.870553,False
6,67,6,0,3,0,0.0,False,0.870534,False
6,67,7,0,2,1,0.0,True,0.870515,False
6,68,1,0,0,0,0.0,False,0.870496,False
6,68,2,0,1,4,0.0,False,0.8704770000000001,False
6,68,3,4,3,0,0.0,False,0.870458,False
6,68,4,0,2,1,0.0,False,0.870439,False
6,68,5,1,0,0,0.0,False,0.87042,False
6,68,6,0,1,4,0.0,False,0.870401,False
6,68,7,4,2,5,0.0,False,0.870382,False
6,68,8,5,3,1,0.0,False,0.870363,False
6,68,9,1,1,5,0.0,False,0.870344,False
6,68,10,5,1,9,0.0,False,0.870325,False
6,68,11,9,1,13,0.0,True,0.870306,False
6,69,1,0,2,1,0.0,False,0.870287,False
6,69,2,1,1,5,0.0,False,0.870268,False
6,69,3,5,1,9,0.0,False,0.870249,False
6,69,4,9,3,5,0.0,False,0.8702300000000001,False
6,69,5,5,2,6,0.0,False,0.8702110000000001,False
6,69,6,6,1,10,0.0,False,0.870192,False
6,69,7,10,1,14,0.0,False,0.870173,False
6,69,8,14,0,13,0.0,True,0.870154,False
6,70,1,0,3,0,0.0,False,0.870135,False
6,70,2,0,3,0,0.0,False,0.870116,False
6,70,3,0,3,0,0.0,False,0.870097,False
6,70,4,0,3,0,0.0,False,0.870078,False
6,70,5,0,0,0,0.0,False,0.870059,False
6,70,6,0,1,4,0.0,False,0.87004,False
6,70,7,4,1,8,0.0,False,0.870021,False
6,70,8,8,1,12,0.0,False,0.870002,False
6,70,9,12,2,13,0.0,False,0.869983,False
6,70,10,13,2,14,0.0,False,0.869964,False
6,70,11,14,2,15,1.0,True,0.869945,False
6,71,1,0,0,0,0.0,False,0.869926,False
6,71,2,0,3,0,0.0,False,0.869907,False
6,71,3,0,0,0,0.0,False,0.869888,False
6,71,4,0,3,0,0.0,False,0.869869,False
6,71,5,0,2,1,0.0,False,0.86985,False
6,71,6,1,3,1,0.0,False,0.869831,False
6,71,7,1,1,5,0.0,False,0.869812,False
6,71,8,5,3,1,0.0,False,0.869793,False
6,71,9,1,2,2,0.0,True,0.869774,False
6,72,1,0,0,0,0.0,False,0.8697550000000001,False
6,72,2,0,2,1,0.0,False,0.8697360000000001,False
6,72,3,1,3,1,0.0,False,0.869717,False
6,72,4,1,0,0,0.0,False,0.869698,False
6,72,5,0,1,4,0.0,False,0.869679,False
6,72,6,4,1,8,0.0,False,0.86966,False
6,72,7,8,2,9,0.0,False,0.869641,False
6,72,8,9,1,13,0.0,False,0.869622,False
6,72,9,13,2,14,0.0,False,0.869603,False
6,72,10,14,1,14,0.0,False,0.869584,False
6,72,11,14,3,10,0.0,False,0.869565,False
6,72,12,10,1,14,0.0,False,0.869546,False
6,72,13,14,3,10,0.0,False,0.869527,False
6,72,14,10,2,11,0.0,False,0.869508,False
6,72,15,11,0,10,0.0,False,0.869489,False
6,72,16,10,1,14,0.0,False,0.86947,False
6,72,17,14,3,10,0.0,False,0.869451,False
6,72,18,10,2,11,0.0,False,0.869432,False
6,72,19,11,1,15,1.0,True,0.869413,False
6,73,1,0,1,4,0.0,False,0.869394,False
6,73,2,4,3,0,0.0,False,0.869375,False
6,73,3,0,0,0,0.0,False,0.869356,False
6,73,4,0,2,1,0.0,False,0.869337,False
6,73,5,1,3,1,0.0,False,0.869318,False
6,73,6,1,2,2,0.0,True,0.869299,False
6,74,1,0,0,0,0.0,False,0.86928,False
6,74,2,0,2,1,0.0,False,0.8692610000000001,False
6,74,3,1,0,0,0.0,False,0.869242,False
6,74,4,0,1,4,0.0,False,0.869223,False
6,74,5,4,2,5,0.0,False,0.869204,False
6,74,6,5,0,4,0.0,False,0.869185,False
6,74,7,4,1,8,0.0,False,0.869166,False
6,74,8,8,1,12,0.0,False,0.869147,False
6,74,9,12,2,13,0.0,True,0.869128,False
6,75,1,0,2,1,0.0,False,0.869109,False
6,75,2,1,1,5,0.0,False,0.86909,False
6,75,3,5,2,6,0.0,False,0.869071,False
6,75,4,6,2,7,0.0,False,0.869052,False
6,75,5,7,1,11,0.0,False,0.8690329999999999,False
6,75,6,11,0,10,0.0,True,0.869014,False
6,76,1,0,1,4,0.0,False,0.868995,False
6,76,2,4,2,5,0.0,False,0.868976,False
6,76,3,5,2,6,0.0,False,0.868957,False
6,76,4,6,1,10,0.0,False,0.868938,False
6,76,5,10,2,11,0.0,True,0.868919,False
6,77,1,0,2,1,0.0,False,0.8689,False
6,77,2,1,0,0,0.0,False,0.868881,False
6,77,3,0,1,4,0.0,False,0.868862,False
6,77,4,4,1,8,0.0,True,0.868843,False
6,78,1,0,3,0,0.0,False,0.868824,False
6,78,2,0,1,4,0.0,False,0.868805,False
6,78,3,4,0,4,0.0,False,0.8687860000000001,False
6,78,4,4,0,4,0.0,False,0.868767,False
6,78,5,4,3,0,0.0,False,0.868748,False
6,78,6,0,3,0,0.0,False,0.868729,False
6,78,7,0,3,0,0.0,False,0.86871,False
6,78,8,0,2,1,0.0,False,0.868691,False
6,78,9,1,1,5,0.0,False,0.868672,False
6,78,10,5,2,6,0.0,False,0.868653,False
6,78,11,6,0,5,0.0,False,0.868634,False
6,78,12,5,1,9,0.0,True,0.868615,False
6,79,1,0,3,0,0.0,False,0.868596,False
6,79,2,0,3,0,0.0,False,0.868577,False
6,79,3,0,3,0,0.0,False,0.8685579999999999,False
6,79,4,0,1,4,0.0,False,0.868539,False
6,79,5,4,0,4,0.0,False,0.86852,False
6,79,6,4,3,0,0.0,False,0.868501,False
6,79,7,0,3,0,0.0,False,0.868482,False
6,79,8,0,3,0,0.0,False,0.868463,False
6,79,9,0,2,1,0.0,False,0.868444,False
6,79,10,1,2,2,0.0,False,0.868425,False
6,79,11,2,3,2,0.0,False,0.868406,False
6,79,12,2,1,6,0.0,True,0.868387,False
6,80,1,0,3,0,0.0,False,0.868368,False
6,80,2,0,3,0,0.0,False,0.868349,False
6,80,3,0,3,0,0.0,False,0.86833,False
6,80,4,0,1,4,0.0,False,0.868311,False
6,80,5,4,1,8,0.0,False,0.868292,False
6,80,6,8,3,4,0.0,False,0.868273,False
6,80,7,4,0,4,0.0,False,0.868254,False
6,80,8,4,1,8,0.0,False,0.868235,False
6,80,9,8,0,8,0.0,False,0.868216,False
6,80,10,8,2,9,0.0,True,0.868197,False
6,81,1,0,3,0,0.0,False,0.868178,False
6,81,2,0,1,4,0.0,True,0.868159,False
6,82,1,0,2,1,0.0,False,0.86814,False
6,82,2,1,0,0,0.0,False,0.868121,False
6,82,3,0,3,0,0.0,False,0.868102,False
6,82,4,0,2,1,0.0,False,0.8680829999999999,False
6,82,5,1,3,1,0.0,False,0.868064,False
6,82,6,1,0,0,0.0,False,0.868045,False
6,82,7,0,1,4,0.0,False,0.868026,False
6,82,8,4,0,4,0.0,False,0.868007,False
6,82,9,4,3,0,0.0,False,0.867988,False
6,82,10,0,0,0,0.0,False,0.867969,False
6,82,11,0,0,0,0.0,False,0.86795,False
6,82,12,0,0,0,0.0,False,0.867931,False
6,82,13,0,2,1,0.0,False,0.867912,False
6,82,14,1,2,2,0.0,False,0.867893,False
6,82,15,2,3,2,0.0,False,0.867874,False
6,82,16,2,1,6,0.0,False,0.867855,False
6,82,17,6,3,2,0.0,False,0.867836,False
6,82,18,2,2,3,0.0,True,0.8678170000000001,False
6,83,1,0,2,1,0.0,False,0.8677980000000001,False
6,83,2,1,0,0,0.0,False,0.867779,False
6,83,3,0,0,0,0.0,False,0.86776,False
6,83,4,0,3,0,0.0,False,0.867741,False
6,83,5,0,0,0,0.0,False,0.867722,False
6,83,6,0,0,0,0.0,False,0.867703,False
6,83,7,0,3,0,0.0,False,0.867684,False
6,83,8,0,0,0,0.0,False,0.867665,False
6,83,9,0,0,0,0.0,False,0.867646,False
6,83,10,0,2,1,0.0,False,0.867627,False
6,83,11,1,2,2,0.0,False,0.8676079999999999,False
6,83,12,2,0,1,0.0,False,0.8675889999999999,False
6,83,13,1,1,5,0.0,False,0.86757,False
6,83,14,5,1,9,0.0,False,0.867551,False
6,83,15,9,2,10,0.0,False,0.867532,False
6,83,16,10,0,9,0.0,False,0.867513,False
6,83,17,9,3,5,0.0,False,0.867494,False
6,83,18,5,3,1,0.0,False,0.867475,False
6,83,19,1,2,2,0.0,False,0.867456,False
6,83,20,2,3,2,0.0,False,0.867437,False
6,83,21,2,2,3,0.0,True,0.867418,False
6,84,1,0,3,0,0.0,False,0.867399,False
6,84,2,0,2,1,0.0,False,0.86738,False
6,84,3,1,1,5,0.0,True,0.867361,False
6,85,1,0,3,0,0.0,False,0.8673420000000001,False
6,85,2,0,2,1,0.0,False,0.8673230000000001,False
6,85,3,1,2,2,0.0,False,0.8673040000000001,False
6,85,4,2,1,6,0.0,False,0.8672850000000001,False
6,85,5,6,0,5,0.0,True,0.867266,False
6,86,1,0,1,4,0.0,False,0.867247,False
6,86,2,4,0,4,0.0,False,0.867228,False
6,86,3,4,1,8,0.0,False,0.867209,False
6,86,4,8,1,12,0.0,True,0.86719,False
6,87,1,0,0,0,0.0,False,0.867171,False
6,87,2,0,3,0,0.0,False,0.867152,False
6,87,3,0,0,0,0.0,False,0.8671329999999999,False
6,87,4,0,2,1,0.0,False,0.8671139999999999,False
6,87,5,1,3,1,0.0,False,0.867095,False
6,87,6,1,3,1,0.0,False,0.867076,False
6,87,7,1,0,0,0.0,False,0.867057,False
6,87,8,0,0,0,0.0,False,0.867038,False
6,87,9,0,3,0,0.0,False,0.867019,False
6,87,10,0,0,0,0.0,False,0.867,False
6,87,11,0,3,0,0.0,False,0.866981,False
6,87,12,0,3,0,0.0,False,0.866962,False
6,87,13,0,2,1,0.0,False,0.866943,False
6,87,14,1,2,2,0.0,False,0.866924,False
6,87,15,2,2,3,0.0,False,0.866905,False
6,87,16,3,2,3,0.0,False,0.866886,False
6,87,17,3,1,7,0.0,True,0.866867,False
6,88,1,0,1,4,0.0,False,0.8668480000000001,False
6,88,2,4,1,8,0.0,True,0.8668290000000001,False
6,89,1,0,2,1,0.0,False,0.8668100000000001,False
6,89,2,1,1,5,0.0,False,0.866791,False
6,89,3,5,0,4,0.0,False,0.866772,False
6,89,4,4,2,5,0.0,False,0.866753,False
6,89,5,5,1,9,0.0,False,0.866734,False
6,89,6,9,1,13,0.0,False,0.866715,False
6,89,7,13,2,14,0.0,False,0.866696,False
6,89,8,14,1,14,0.0,False,0.866677,False
6,89,9,14,2,15,1.0,True,0.8666579999999999,False
6,90,1,0,1,4,0.0,False,0.8666389999999999,False
6,90,2,4,2,5,0.0,False,0.86662,False
6,90,3,5,0,4,0.0,False,0.866601,False
6,90,4,4,1,8,0.0,True,0.866582,False
6,91,1,0,2,1,0.0,False,0.866563,False
6,91,2,1,3,1,0.0,False,0.866544,False
6,91,3,1,2,2,0.0,True,0.866525,False
6,92,1,0,1,4,0.0,False,0.866506,False
6,92,2,4,1,8,0.0,False,0.866487,False
6,92,3,8,2,9,0.0,False,0.866468,False
6,92,4,9,2,10,0.0,False,0.866449,False
6,92,5,10,3,6,0.0,False,0.86643,False
6,92,6,6,2,7,0.0,False,0.866411,False
6,92,7,7,0,6,0.0,False,0.866392,False
6,92,8,6,0,5,0.0,False,0.8663730000000001,False
6,92,9,5,2,6,0.0,False,0.8663540000000001,False
6,92,10,6,3,2,0.0,False,0.8663350000000001,False
6,92,11,2,2,3,0.0,False,0.866316,False
6,92,12,3,0,2,0.0,False,0.866297,False
6,92,13,2,0,1,0.0,False,0.866278,False
6,92,14,1,3,1,0.0,False,0.866259,False
6,92,15,1,1,5,0.0,False,0.86624,False
6,92,16,5,2,6,0.0,False,0.866221,False
6,92,17,6,0,5,0.0,False,0.866202,False
6,92,18,5,2,6,0.0,False,0.8661829999999999,False
6,92,19,6,1,10,0.0,False,0.8661639999999999,False
6,92,20,10,1,14,0.0,False,0.8661449999999999,False
6,92,21,14,1,14,0.0,False,0.866126,False
6,92,22,14,2,15,1.0,True,0.866107,False
6,93,1,0,0,0,0.0,False,0.866088,False
6,93,2,0,1,4,0.0,False,0.866069,False
6,93,3,4,2,5,0.0,False,0.86605,False
6,93,4,5,1,9,0.0,False,0.866031,False
6,93,5,9,0,8,0.0,False,0.866012,False
6,93,6,8,1,12,0.0,True,0.865993,False
6,94,1,0,0,0,0.0,False,0.865974,False
6,94,2,0,3,0,0.0,False,0.865955,False
6,94,3,0,3,0,0.0,False,0.865936,False
6,94,4,0,1,4,0.0,True,0.865917,False
6,95,1,0,0,0,0.0,False,0.8658980000000001,False
6,95,2,0,2,1,0.0,False,0.8658790000000001,False
6,95,3,1,0,0,0.0,False,0.8658600000000001,False
6,95,4,0,2,1,0.0,False,0.865841,False
6,95,5,1,1,5,0.0,False,0.865822,False
6,95,6,5,1,9,0.0,False,0.865803,False
6,95,7,9,2,10,0.0,False,0.865784,False
6,95,8,10,2,11,0.0,False,0.865765,False
6,95,9,11,1,15,1.0,True,0.865746,False
6,96,1,0,1,4,0.0,False,0.865727,False
6,96,2,4,0,4,0.0,False,0.865708,False
6,96,3,4,1,8,0.0,False,0.865689,False
6,96,4,8,3,4,0.0,False,0.8656699999999999,False
6,96,5,4,1,8,0.0,False,0.865651,False
6,96,6,8,0,8,0.0,False,0.865632,False
6,96,7,8,0,8,0.0,False,0.865613,False
6,96,8,8,2,9,0.0,False,0.865594,False
6,96,9,9,2,10,0.0,False,0.865575,False
6,96,10,10,2,11,0.0,False,0.865556,False
6,96,11,11,0,10,0.0,False,0.865537,False
6,96,12,10,2,11,0.0,False,0.865518,False
6,96,13,11,0,10,0.0,False,0.865499,False
6,96,14,10,1,14,0.0,False,0.86548,False
6,96,15,14,0,13,0.0,False,0.865461,False
6,96,16,13,2,14,0.0,False,0.865442,False
6,96,17,14,1,14,0.0,False,0.865423,False
6,96,18,14,0,13,0.0,False,0.8654040000000001,False
6,96,19,13,2,14,0.0,False,0.8653850000000001,False
6,96,20,14,2,15,1.0,True,0.865366,False
6,97,1,0,2,1,0.0,False,0.865347,False
6,97,2,1,1,5,0.0,False,0.865328,False
6,97,3,5,3,1,0.0,False,0.865309,False
6,97,4,1,1,5,0.0,False,0.86529,False
6,97,5,5,0,4,0.0,True,0.865271,False
6,98,1,0,3,0,0.0,False,0.865252,False
6,98,2,0,3,0,0.0,False,0.865233,False
6,98,3,0,3,0,0.0,False,0.865214,False
6,98,4,0,2,1,0.0,True,0.865195,False
6,99,1,0,1,4,0.0,False,0.8651760000000001,False
6,99,2,4,1,8,0.0,False,0.865157,False
6,99,3,8,1,12,0.0,False,0.865138,False
6,99,4,12,3,8,0.0,False,0.865119,False
6,99,5,8,2,9,0.0,False,0.8651,False
6,99,6,9,0,8,0.0,False,0.865081,False
6,99,7,8,3,4,0.0,False,0.865062,False
6,99,8,4,3,0,0.0,False,0.865043,False
6,99,9,0,1,4,0.0,False,0.865024,False
6,99,10,4,2,5,0.0,False,0.865005,False
6,99,11,5,2,6,0.0,False,0.864986,False
6,99,12,6,2,7,0.0,False,0.864967,False
6,99,13,7,3,3,0.0,False,0.864948,False
6,99,14,3,0,2,0.0,False,0.8649290000000001,False
6,99,15,2,1,6,0.0,False,0.8649100000000001,False
6,99,16,6,2,7,0.0,False,0.864891,False
6,99,17,7,1,11,0.0,True,0.864872,False
6,100,1,0,3,0,0.0,False,0.864853,False
6,100,2,0,0,0,0.0,False,0.864834,False
6,100,3,0,1,4,0.0,False,0.864815,False
6,100,4,4,0,4,0.0,False,0.864796,False
6,100,5,4,1,8,0.0,False,0.864777,False
6,100,6,8,3,4,0.0,False,0.864758,False
6,100,7,4,1,8,0.0,False,0.864739,False
6,100,8,8,2,9,0.0,True,0.86472,False
7,1,1,0,1,4,0.0,False,0.864701,False
7,1,2,4,3,0,0.0,False,0.864682,False
7,1,3,0,3,0,0.0,False,0.864663,False
7,1,4,0,2,1,0.0,True,0.864644,False
7,2,1,0,0,0,0.0,False,0.864625,False
7,2,2,0,0,0,0.0,False,0.864606,False
7,2,3,0,1,4,0.0,False,0.864587,False
7,2,4,4,2,5,0.0,False,0.864568,False
7,2,5,5,2,6,0.0,False,0.864549,False
7,2,6,6,2,7,0.0,False,0.86453,False
7,2,7,7,1,11,0.0,False,0.864511,False
7,2,8,11,1,15,1.0,True,0.864492,False
7,3,1,0,0,0,0.0,False,0.864473,False
7,3,2,0,2,1,0.0,False,0.8644540000000001,False
7,3,3,1,1,5,0.0,False,0.8644350000000001,False
7,3,4,5,3,1,0.0,False,0.864416,False
7,3,5,1,3,1,0.0,False,0.864397,False
7,3,6,1,2,2,0.0,False,0.864378,False
7,3,7,2,2,3,0.0,False,0.864359,False
7,3,8,3,3,3,0.0,False,0.86434,False
7,3,9,3,1,7,0.0,False,0.864321,False
7,3,10,7,1,11,0.0,True,0.864302,False
7,4,1,0,3,0,0.0,False,0.864283,False
7,4,2,0,1,4,0.0,False,0.864264,False
7,4,3,4,2,5,0.0,False,0.864245,False
7,4,4,5,2,6,0.0,False,0.864226,False
7,4,5,6,2,7,0.0,True,0.864207,False
7,5,1,0,3,0,0.0,False,0.864188,False
7,5,2,0,0,0,0.0,False,0.864169,False
7,5,3,0,0,0,0.0,False,0.86415,False
7,5,4,0,0,0,0.0,False,0.864131,False
7,5,5,0,2,1,0.0,False,0.864112,False
7,5,6,1,3,1,0.0,False,0.864093,False
7,5,7,1,1,5,0.0,False,0.864074,False
7,5,8,5,1,9,0.0,False,0.864055,False
7,5,9,9,2,10,0.0,False,0.864036,False
7,5,10,10,3,6,0.0,False,0.864017,False
7,5,11,6,2,7,0.0,False,0.863998,False
7,5,12,7,2,7,0.0,False,0.863979,False
7,5,13,7,1,11,0.0,False,0.8639600000000001,False
7,5,14,11,3,7,0.0,False,0.8639410000000001,False
7,5,15,7,1,11,0.0,False,0.863922,False
7,5,16,11,2,11,0.0,False,0.863903,False
7,5,17,11,0,10,0.0,False,0.863884,False
7,5,18,10,3,6,0.0,False,0.863865,False
7,5,19,6,0,5,0.0,False,0.863846,False
7,5,20,5,2,6,0.0,False,0.863827,False
7,5,21,6,2,7,0.0,False,0.863808,False
7,5,22,7,2,7,0.0,False,0.863789,False
7,5,23,7,0,6,0.0,False,0.86377,False
7,5,24,6,0,5,0.0,False,0.863751,False
7,5,25,5,0,4,0.0,False,0.8637319999999999,False
7,5,26,4,3,0,0.0,False,0.863713,False
7,5,27,0,1,4,0.0,False,0.863694,False
7,5,28,4,1,8,0.0,False,0.863675,False
7,5,29,8,2,9,0.0,False,0.863656,False
7,5,30,9,2,10,0.0,False,0.863637,False
7,5,31,10,2,11,0.0,False,0.863618,False
7,5,32,11,3,7,0.0,False,0.863599,False
7,5,33,7,2,7,0.0,False,0.86358,False
7,5,34,7,3,3,0.0,False,0.863561,False
7,5,35,3,1,7,0.0,False,0.863542,False
7,5,36,7,0,6,0.0,False,0.863523,False
7,5,37,6,3,2,0.0,False,0.863504,False
7,5,38,2,2,3,0.0,False,0.8634850000000001,False
7,5,39,3,3,3,0.0,False,0.8634660000000001,False
7,5,40,3,0,2,0.0,False,0.863447,False
7,5,41,2,2,3,0.0,False,0.863428,False
7,5,42,3,1,7,0.0,False,0.863409,False
7,5,43,7,3,3,0.0,False,0.86339,False
7,5,44,3,2,3,0.0,False,0.863371,False
7,5,45,3,0,2,0.0,False,0.863352,False
7,5,46,2,0,1,0.0,False,0.863333,False
7,5,47,1,2,2,0.0,False,0.863314,False
7,5,48,2,2,3,0.0,False,0.863295,False
7,5,49,3,1,7,0.0,False,0.863276,False
7,5,50,7,0,6,0.0,False,0.8632569999999999,False
7,6,1,0,1,4,0.0,False,0.863238,False
7,6,2,4,1,8,0.0,False,0.863219,False
7,6,3,8,2,9,0.0,False,0.8632,False
7,6,4,9,3,5,0.0,False,0.863181,False
7,6,5,5,1,9,0.0,False,0.863162,False
7,6,6,9,3,5,0.0,False,0.863143,False
7,6,7,5,1,9,0.0,False,0.863124,False
7,6,8,9,2,10,0.0,True,0.863105,False
7,7,1,0,2,1,0.0,False,0.863086,False
7,7,2,1,0,0,0.0,False,0.863067,False
7,7,3,0,2,1,0.0,False,0.863048,False
7,7,4,1,2,2,0.0,False,0.863029,False
7,7,5,2,3,2,0.0,False,0.86301,False
7,7,6,2,3,2,0.0,False,0.8629910000000001,False
7,7,7,2,1,6,0.0,False,0.862972,False
7,7,8,6,1,10,0.0,False,0.862953,False
7,7,9,10,0,9,0.0,False,0.862934,False
7,7,10,9,2,10,0.0,False,0.862915,False
7,7,11,10,2,11,0.0,False,0.862896,False
7,7,12,11,1,15,1.0,True,0.862877,False
7,8,1,0,3,0,0.0,False,0.862858,False
7,8,2,0,3,0,0.0,False,0.862839,False
7,8,3,0,2,1,0.0,False,0.86282,False
7,8,4,1,0,0,0.0,False,0.862801,False
7,8,5,0,0,0,0.0,False,0.8627819999999999,False
7,8,6,0,0,0,0.0,False,0.862763,False
7,8,7,0,2,1,0.0,False,0.862744,False
7,8,8,1,2,2,0.0,False,0.862725,False
7,8,9,2,3,2,0.0,False,0.862706,False
7,8,10,2,2,3,0.0,False,0.862687,False
7,8,11,3,0,2,0.0,False,0.862668,False
7,8,12,2,2,3,0.0,False,0.862649,False
7,8,13,3,1,7,0.0,False,0.86263,False
7,8,14,7,1,11,0.0,False,0.862611,False
7,8,15,11,3,7,0.0,False,0.862592,False
7,8,16,7,1,11,0.0,False,0.862573,False
7,8,17,11,2,11,0.0,False,0.862554,False
7,8,18,11,1,15,1.0,True,0.862535,False
7,9,1,0,1,4,0.0,False,0.8625160000000001,False
7,9,2,4,2,5,0.0,False,0.862497,False
7,9,3,5,2,6,0.0,False,0.862478,False
7,9,4,6,3,2,0.0,False,0.862459,False
7,9,5,2,2,3,0.0,False,0.86244,False
7,9,6,3,2,3,0.0,False,0.862421,False
7,9,7,3,1,7,0.0,False,0.862402,False
7,9,8,7,3,3,0.0,False,0.862383,False
7,9,9,3,3,3,0.0,False,0.862364,False
7,9,10,3,3,3,0.0,False,0.862345,False
7,9,11,3,0,2,0.0,False,0.862326,False
7,9,12,2,1,6,0.0,False,0.8623069999999999,False
7,9,13,6,3,2,0.0,False,0.8622879999999999,False
7,9,14,2,3,2,0.0,False,0.862269,False
7,9,15,2,1,6,0.0,False,0.86225,False
7,9,16,6,3,2,0.0,False,0.862231,False
7,9,17,2,1,6,0.0,False,0.862212,False
7,9,18,6,1,10,0.0,False,0.862193,False
7,9,19,10,2,11,0.0,True,0.862174,False
7,10,1,0,0,0,0.0,False,0.862155,False
7,10,2,0,1,4,0.0,False,0.862136,False
7,10,3,4,3,0,0.0,False,0.862117,False
7,10,4,0,1,4,0.0,False,0.862098,False
7,10,5,4,0,4,0.0,False,0.862079,False
7,10,6,4,2,5,0.0,False,0.86206,False
7,10,7,5,0,4,0.0,False,0.8620410000000001,False
7,10,8,4,0,4,0.0,False,0.8620220000000001,False
7,10,9,4,2,5,0.0,False,0.8620030000000001,False
7,10,10,5,1,9,0.0,False,0.861984,False
7,10,11,9,3,5,0.0,False,0.861965,False
7,10,12,5,1,9,0.0,False,0.861946,False
7,10,13,9,1,13,0.0,False,0.861927,False
7,10,14,13,2,14,0.0,False,0.861908,False
7,10,15,14,2,15,1.0,True,0.861889,False
7,11,1,0,2,1,0.0,False,0.86187,False
7,11,2,1,2,2,0.0,False,0.861851,False
7,11,3,2,1,6,0.0,False,0.8618319999999999,False
7,11,4,6,1,10,0.0,False,0.8618129999999999,False
7,11,5,10,0,9,0.0,True,0.861794,False
7,12,1,0,1,4,0.0,False,0.861775,False
7,12,2,4,0,4,0.0,False,0.861756,False
7,12,3,4,1,8,0.0,False,0.861737,False
7,12,4,8,0,8,0.0,False,0.861718,False
7,12,5,8,2,9,0.0,False,0.861699,False
7,12,6,9,3,5,0.0,True,0.86168,False
7,13,1,0,1,4,0.0,False,0.861661,False
7,13,2,4,3,0,0.0,False,0.861642,False
7,13,3,0,3,0,0.0,False,0.861623,False
7,13,4,0,3,0,0.0,False,0.861604,False
7,13,5,0,3,0,0.0,False,0.861585,False
7,13,6,0,2,1,0.0,False,0.861566,False
7,13,7,1,3,1,0.0,False,0.8615470000000001,False
7,13,8,1,2,2,0.0,True,0.8615280000000001,False
7,14,1,0,0,0,0.0,False,0.8615090000000001,False
7,14,2,0,2,1,0.0,False,0.86149,False
7,14,3,1,1,5,0.0,False,0.861471,False
7,14,4,5,2,6,0.0,False,0.861452,False
7,14,5,6,1,10,0.0,False,0.861433,False
7,14,6,10,0,9,0.0,True,0.861414,False
7,15,1,0,3,0,0.0,False,0.861395,False
7,15,2,0,1,4,0.0,False,0.861376,False
7,15,3,4,1,8,0.0,False,0.861357,False
7,15,4,8,3,4,0.0,False,0.8613379999999999,False
7,15,5,4,2,5,0.0,False,0.861319,False
7,15,6,5,2,6,0.0,False,0.8613,False
7,15,7,6,3,2,0.0,False,0.861281,False
7,15,8,2,3,2,0.0,False,0.861262,False
7,15,9,2,3,2,0.0,False,0.861243,False
7,15,10,2,1,6,0.0,False,0.861224,False
7,15,11,6,0,5,0.0,False,0.861205,False
7,15,12,5,2,6,0.0,False,0.861186,False
7,15,13,6,0,5,0.0,False,0.861167,False
7,15,14,5,1,9,0.0,True,0.861148,False
7,16,1,0,0,0,0.0,False,0.861129,False
7,16,2,0,1,4,0.0,False,0.86111,False
7,16,3,4,2,5,0.0,False,0.861091,False
7,16,4,5,1,9,0.0,False,0.8610720000000001,False
7,16,5,9,1,13,0.0,True,0.8610530000000001,False
7,17,1,0,1,4,0.0,False,0.8610340000000001,False
7,17,2,4,3,0,0.0,False,0.861015,False
7,17,3,0,2,1,0.0,False,0.860996,False
7,17,4,1,1,5,0.0,False,0.860977,False
7,17,5,5,1,9,0.0,False,0.860958,False
7,17,6,9,1,13,0.0,True,0.860939,False
7,18,1,0,3,0,0.0,False,0.86092,False
7,18,2,0,3,0,0.0,False,0.860901,False
7,18,3,0,0,0,0.0,False,0.860882,False
7,18,4,0,3,0,0.0,False,0.8608629999999999,False
7,18,5,0,3,0,0.0,False,0.8608439999999999,False
7,18,6,0,3,0,0.0,False,0.860825,False
7,18,7,0,1,4,0.0,False,0.860806,False
7,18,8,4,2,5,0.0,True,0.860787,False
7,19,1,0,3,0,0.0,False,0.860768,False
7,19,2,0,2,1,0.0,False,0.860749,False
7,19,3,1,0,0,0.0,False,0.86073,False
7,19,4,0,3,0,0.0,False,0.860711,False
7,19,5,0,3,0,0.0,False,0.860692,False
7,19,6,0,0,0,0.0,False,0.860673,False
7,19,7,0,1,4,0.0,True,0.860654,False
7,20,1,0,2,1,0.0,False,0.860635,False
7,20,2,1,2,2,0.0,False,0.860616,False
7,20,3,2,0,1,0.0,False,0.8605970000000001,False
7,20,4,1,1,5,0.0,True,0.8605780000000001,False
7,21,1,0,1,4,0.0,False,0.8605590000000001,False
7,21,2,4,3,0,0.0,False,0.86054,False
7,21,3,0,1,4,0.0,False,0.860521,False
7,21,4,4,0,4,0.0,False,0.860502,False
7,21,5,4,0,4,0.0,False,0.860483,False
7,21,6,4,1,8,0.0,False,0.860464,False
7,21,7,8,0,8,0.0,False,0.860445,False
7,21,8,8,2,9,0.0,False,0.860426,False
7,21,9,9,0,8,0.0,False,0.860407,False
7,21,10,8,2,9,0.0,False,0.8603879999999999,False
7,21,11,9,0,8,0.0,False,0.8603689999999999,False
7,21,12,8,1,12,0.0,False,0.86035,False
7,21,13,12,3,8,0.0,False,0.860331,False
7,21,14,8,1,12,0.0,False,0.860312,False
7,21,15,12,2,13,0.0,False,0.860293,False
7,21,16,13,1,13,0.0,False,0.860274,False
7,21,17,13,2,14,0.0,False,0.860255,False
7,21,18,14,3,10,0.0,False,0.860236,False
7,21,19,10,3,6,0.0,False,0.860217,False
7,21,20,6,2,7,0.0,False,0.860198,False
7,21,21,7,0,6,0.0,False,0.860179,False
7,21,22,6,2,7,0.0,False,0.86016,False
7,21,23,7,0,6,0.0,False,0.860141,False
7,21,24,6,1,10,0.0,False,0.860122,False
7,21,25,10,3,6,0.0,False,0.8601030000000001,False
7,21,26,6,2,7,0.0,False,0.8600840000000001,False
7,21,27,7,1,11,0.0,False,0.8600650000000001,False
7,21,28,11,0,10,0.0,False,0.860046,False
7,21,29,10,0,9,0.0,False,0.860027,False
7,21,30,9,0,8,0.0,False,0.860008,False
7,21,31,8,0,8,0.0,False,0.859989,False
7,21,32,8,1,12,0.0,False,0.85997,False
7,21,33,12,1,12,0.0,False,0.859951,False
7,21,34,12,1,12,0.0,False,0.859932,False
7,21,35,12,1,12,0.0,False,0.859913,False
7,21,36,12,2,13,0.0,False,0.859894,False
7,21,37,13,2,14,0.0,False,0.859875,False
7,21,38,14,3,10,0.0,False,0.859856,False
7,21,39,10,3,6,0.0,False,0.859837,False
7,21,40,6,3,2,0.0,False,0.859818,False
7,21,41,2,1,6,0.0,False,0.859799,False
7,21,42,6,2,7,0.0,False,0.85978,False
7,21,43,7,2,7,0.0,False,0.859761,False
7,21,44,7,0,6,0.0,False,0.859742,False
7,21,45,6,2,7,0.0,False,0.859723,False
7,21,46,7,2,7,0.0,False,0.859704,False
7,21,47,7,3,3,0.0,False,0.859685,False
7,21,48,3,1,7,0.0,False,0.859666,False
7,21,49,7,1,11,0.0,False,0.859647,False
7,21,50,11,3,7,0.0,False,0.8596280000000001,False
7,22,1,0,3,0,0.0,False,0.8596090000000001,False
7,22,2,0,0,0,0.0,False,0.8595900000000001,False
7,22,3,0,2,1,0.0,True,0.859571,False
7,23,1,0,1,4,0.0,False,0.859552,False
7,23,2,4,1,8,0.0,False,0.859533,False
7,23,3,8,2,9,0.0,False,0.859514,False
7,23,4,9,0,8,0.0,False,0.859495,False
7,23,5,8,3,4,0.0,False,0.859476,False
7,23,6,4,2,5,0.0,False,0.859457,False
7,23,7,5,1,9,0.0,False,0.859438,False
7,23,8,9,2,10,0.0,True,0.859419,False
7,24,1,0,1,4,0.0,False,0.8594,False
7,24,2,4,3,0,0.0,False,0.859381,False
7,24,3,0,1,4,0.0,False,0.859362,False
7,24,4,4,1,8,0.0,False,0.859343,False
7,24,5,8,3,4,0.0,False,0.859324,False
7,24,6,4,1,8,0.0,False,0.859305,False
7,24,7,8,2,9,0.0,False,0.859286,False
7,24,8,9,1,13,0.0,False,0.859267,False
7,24,9,13,1,13,0.0,False,0.859248,False
7,24,10,13,3,9,0.0,False,0.859229,False
7,24,11,9,0,8,0.0,False,0.85921,False
7,24,12,8,0,8,0.0,False,0.859191,False
7,24,13,8,3,4,0.0,False,0.859172,False
7,24,14,4,3,0,0.0,False,0.8591530000000001,False
7,24,15,0,3,0,0.0,False,0.8591340000000001,False
7,24,16,0,0,0,0.0,False,0.8591150000000001,False
7,24,17,0,1,4,0.0,False,0.859096,False
7,24,18,4,0,4,0.0,False,0.859077,False
7,24,19,4,1,8,0.0,False,0.859058,False
7,24,20,8,1,12,0.0,False,0.859039,False
7,24,21,12,1,12,0.0,False,0.85902,False
7,24,22,12,3,8,0.0,False,0.859001,False
7,24,23,8,2,9,0.0,False,0.858982,False
7,24,24,9,2,10,0.0,False,0.858963,False
7,24,25,10,0,9,0.0,False,0.858944,False
7,24,26,9,2,10,0.0,False,0.858925,False
7,24,27,10,2,11,0.0,False,0.858906,False
7,24,28,11,3,7,0.0,False,0.858887,False
7,24,29,7,1,11,0.0,False,0.858868,False
7,24,30,11,3,7,0.0,False,0.858849,False
7,24,31,7,3,3,0.0,False,0.85883,False
7,24,32,3,3,3,0.0,False,0.858811,False
7,24,33,3,3,3,0.0,False,0.858792,False
7,24,34,3,1,7,0.0,False,0.858773,False
7,24,35,7,1,11,0.0,False,0.858754,False
7,24,36,11,1,15,1.0,True,0.858735,False
7,25,1,0,2,1,0.0,False,0.858716,False
7,25,2,1,3,1,0.0,False,0.858697,False
7,25,3,1,0,0,0.0,False,0.858678,False
7,25,4,0,3,0,0.0,False,0.8586590000000001,False
7,25,5,0,2,1,0.0,False,0.8586400000000001,False
7,25,6,1,3,1,0.0,False,0.858621,False
7,25,7,1,1,5,0.0,False,0.858602,False
7,25,8,5,3,1,0.0,False,0.858583,False
7,25,9,1,3,1,0.0,False,0.858564,False
7,25,10,1,3,1,0.0,False,0.858545,False
7,25,11,1,0,0,0.0,False,0.858526,False
7,25,12,0,2,1,0.0,False,0.858507,False
7,25,13,1,0,0,0.0,False,0.858488,False
7,25,14,0,3,0,0.0,False,0.858469,False
7,25,15,0,1,4,0.0,False,0.85845,False
7,25,16,4,2,5,0.0,False,0.8584309999999999,False
7,25,17,5,1,9,0.0,False,0.858412,False
7,25,18,9,3,5,0.0,False,0.858393,False
7,25,19,5,1,9,0.0,False,0.858374,False
7,25,20,9,1,13,0.0,True,0.858355,False
7,26,1,0,1,4,0.0,False,0.858336,False
7,26,2,4,3,0,0.0,False,0.858317,False
7,26,3,0,0,0,0.0,False,0.858298,False
7,26,4,0,2,1,0.0,False,0.858279,False
7,26,5,1,1,5,0.0,False,0.85826,False
7,26,6,5,3,1,0.0,False,0.858241,False
7,26,7,1,1,5,0.0,False,0.858222,False
7,26,8,5,3,1,0.0,False,0.858203,False
7,26,9,1,3,1,0.0,False,0.8581840000000001,False
7,26,10,1,2,2,0.0,False,0.8581650000000001,False
7,26,11,2,1,6,0.0,False,0.858146,False
7,26,12,6,1,10,0.0,True,0.858127,False
7,27,1,0,0,0,0.0,False,0.858108,False
7,27,2,0,1,4,0.0,False,0.858089,False
7,27,3,4,2,5,0.0,False,0.85807,False
7,27,4,5,0,4,0.0,False,0.858051,False
7,27,5,4,2,5,0.0,False,0.858032,False
7,27,6,5,2,6,0.0,False,0.858013,False
7,27,7,6,1,10,0.0,False,0.857994,False
7,27,8,10,2,11,0.0,True,0.857975,False
7,28,1,0,1,4,0.0,False,0.857956,False
7,28,2,4,0,4,0.0,False,0.857937,False
7,28,3,4,0,4,0.0,False,0.857918,False
7,28,4,4,0,4,0.0,False,0.857899,False
7,28,5,4,0,4,0.0,False,0.85788,False
7,28,6,4,1,8,0.0,False,0.857861,False
7,28,7,8,1,12,0.0,False,0.857842,False
7,28,8,12,1,12,0.0,False,0.857823,False
7,28,9,12,0,12,0.0,False,0.857804,False
7,28,10,12,2,13,0.0,True,0.857785,False
7,29,1,0,2,1,0.0,False,0.857766,False
7,29,2,1,3,1,0.0,False,0.857747,False
7,29,3,1,1,5,0.0,False,0.857728,False
7,29,4,5,3,1,0.0,False,0.857709,False
7,29,5,1,2,2,0.0,False,0.8576900000000001,False
7,29,6,2,2,3,0.0,False,0.857671,False
7,29,7,3,3,3,0.0,False,0.857652,False
7,29,8,3,3,3,0.0,False,0.857633,False
7,29,9,3,1,7,0.0,True,0.857614,False
7,30,1,0,1,4,0.0,False,0.857595,False
7,30,2,4,3,0,0.0,False,0.857576,False
7,30,3,0,3,0,0.0,False,0.857557,False
7,30,4,0,0,0,0.0,False,0.857538,False
7,30,5,0,3,0,0.0,False,0.857519,False
7,30,6,0,1,4,0.0,False,0.8575,False
7,30,7,4,3,0,0.0,False,0.857481,False
7,30,8,0,2,1,0.0,True,0.857462,False
7,31,1,0,0,0,0.0,False,0.857443,False
7,31,2,0,0,0,0.0,False,0.857424,False
7,31,3,0,3,0,0.0,False,0.857405,False
7,31,4,0,3,0,0.0,False,0.857386,False
7,31,5,0,2,1,0.0,False,0.857367,False
7,31,6,1,2,2,0.0,False,0.857348,False
7,31,7,2,0,1,0.0,False,0.857329,False
7,31,8,1,1,5,0.0,False,0.85731,False
7,31,9,5,0,4,0.0,False,0.857291,False
7,31,10,4,1,8,0.0,True,0.857272,False
7,32,1,0,2,1,0.0,False,0.857253,False
7,32,2,1,2,2,0.0,True,0.857234,False
7,33,1,0,2,1,0.0,False,0.8572150000000001,False
7,33,2,1,2,2,0.0,False,0.857196,False
7,33,3,2,0,1,0.0,False,0.857177,False
7,33,4,1,1,5,0.0,True,0.857158,False
7,34,1,0,1,4,0.0,False,0.857139,False
7,34,2,4,2,5,0.0,False,0.85712,False
7,34,3,5,2,6,0.0,False,0.857101,False
7,34,4,6,2,7,0.0,False,0.857082,False
7,34,5,7,3,3,0.0,False,0.857063,False
7,34,6,3,3,3,0.0,False,0.857044,False
7,34,7,3,2,3,0.0,False,0.857025,False
7,34,8,3,2,3,0.0,False,0.857006,False
7,34,9,3,0,2,0.0,False,0.8569869999999999,False
7,34,10,2,0,1,0.0,False,0.856968,False
7,34,11,1,3,1,0.0,False,0.856949,False
7,34,12,1,0,0,0.0,False,0.85693,False
7,34,13,0,2,1,0.0,False,0.856911,False
7,34,14,1,2,2,0.0,False,0.856892,False
7,34,15,2,2,3,0.0,False,0.856873,False
7,34,16,3,3,3,0.0,False,0.856854,False
7,34,17,3,0,2,0.0,False,0.856835,False
7,34,18,2,1,6,0.0,False,0.856816,False
7,34,19,6,3,2,0.0,False,0.856797,False
7,34,20,2,3,2,0.0,False,0.856778,False
7,34,21,2,2,3,0.0,False,0.856759,False
7,34,22,3,1,7,0.0,False,0.8567400000000001,False
7,34,23,7,0,6,0.0,False,0.8567210000000001,False
7,34,24,6,1,10,0.0,True,0.856702,False
7,35,1,0,0,0,0.0,False,0.856683,False
7,35,2,0,0,0,0.0,False,0.856664,False
7,35,3,0,3,0,0.0,False,0.856645,False
7,35,4,0,1,4,0.0,False,0.856626,False
7,35,5,4,3,0,0.0,False,0.856607,False
7,35,6,0,1,4,0.0,False,0.856588,False
7,35,7,4,1,8,0.0,False,0.856569,False
7,35,8,8,3,4,0.0,False,0.85655,False
7,35,9,4,3,0,0.0,False,0.856531,False
7,35,10,0,3,0,0.0,False,0.8565119999999999,False
7,35,11,0,2,1,0.0,False,0.856493,False
7,35,12,1,1,5,0.0,False,0.856474,False
7,35,13,5,2,6,0.0,False,0.856455,False
7,35,14,6,1,10,0.0,True,0.856436,False
7,36,1,0,0,0,0.0,False,0.856417,False
7,36,2,0,1,4,0.0,False,0.856398,False
7,36,3,4,0,4,0.0,False,0.856379,False
7,36,4,4,3,0,0.0,False,0.85636,False
7,36,5,0,1,4,0.0,False,0.856341,False
7,36,6,4,0,4,0.0,False,0.856322,False
7,36,7,4,2,5,0.0,False,0.856303,False
7,36,8,5,3,1,0.0,True,0.856284,False
7,37,1,0,2,1,0.0,False,0.856265,False
7,37,2,1,2,2,0.0,False,0.8562460000000001,False
7,37,3,2,2,3,0.0,False,0.8562270000000001,False
7,37,4,3,1,7,0.0,False,0.8562080000000001,False
7,37,5,7,0,6,0.0,False,0.856189,False
7,37,6,6,3,2,0.0,False,0.85617,False
7,37,7,2,2,3,0.0,False,0.856151,False
7,37,8,3,3,3,0.0,False,0.856132,False
7,37,9,3,0,2,0.0,False,0.856113,False
7,37,10,2,1,6,0.0,False,0.856094,False
7,37,11,6,0,5,0.0,False,0.856075,False
7,37,12,5,2,6,0.0,False,0.856056,False
7,37,13,6,2,7,0.0,False,0.8560369999999999,False
7,37,14,7,0,6,0.0,False,0.856018,False
7,37,15,6,0,5,0.0,False,0.855999,False
7,37,16,5,2,6,0.0,False,0.85598,False
7,37,17,6,1,10,0.0,False,0.855961,False
7,37,18,10,3,6,0.0,False,0.855942,False
7,37,19,6,0,5,0.0,False,0.855923,False
7,37,20,5,2,6,0.0,False,0.855904,False
7,37,21,6,0,5,0.0,False,0.855885,False
7,37,22,5,2,6,0.0,False,0.855866,False
7,37,23,6,1,10,0.0,False,0.855847,False
7,37,24,10,3,6,0.0,False,0.855828,False
7,37,25,6,0,5,0.0,False,0.855809,False
7,37,26,5,0,4,0.0,False,0.85579,False
7,37,27,4,3,0,0.0,False,0.8557710000000001,False
7,37,28,0,2,1,0.0,False,0.8557520000000001,False
7,37,29,1,3,1,0.0,False,0.8557330000000001,False
7,37,30,1,3,1,0.0,False,0.8557140000000001,False
7,37,31,1,3,1,0.0,False,0.855695,False
7,37,32,1,0,0,0.0,False,0.855676,False
7,37,33,0,2,1,0.0,False,0.855657,False
7,37,34,1,2,2,0.0,False,0.855638,False
7,37,35,2,1,6,0.0,False,0.855619,False
7,37,36,6,0,5,0.0,False,0.8556,False
7,37,37,5,1,9,0.0,False,0.855581,False
7,37,38,9,0,8,0.0,False,0.8555619999999999,False
7,37,39,8,3,4,0.0,False,0.8555429999999999,False
7,37,40,4,1,8,0.0,False,0.855524,False
7,37,41,8,1,12,0.0,False,0.855505,False
7,37,42,12,0,12,0.0,False,0.855486,False
7,37,43,12,2,13,0.0,False,0.855467,False
7,37,44,13,3,9,0.0,False,0.855448,False
7,37,45,9,1,13,0.0,False,0.855429,False
7,37,46,13,2,14,0.0,False,0.85541,False
7,37,47,14,1,14,0.0,False,0.855391,False
7,37,48,14,0,13,0.0,False,0.855372,False
7,37,49,13,0,12,0.0,False,0.855353,False
7,37,50,12,3,8,0.0,False,0.855334,False
7,38,1,0,2,1,0.0,False,0.855315,False
7,38,2,1,0,0,0.0,False,0.8552960000000001,False
7,38,3,0,2,1,0.0,False,0.8552770000000001,False
7,38,4,1,1,5,0.0,False,0.8552580000000001,False
7,38,5,5,3,1,0.0,False,0.8552390000000001,False
7,38,6,1,2,2,0.0,False,0.85522,False
7,38,7,2,1,6,0.0,False,0.855201,False
7,38,8,6,0,5,0.0,False,0.855182,False
7,38,9,5,2,6,0.0,False,0.855163,False
7,38,10,6,3,2,0.0,False,0.855144,False
7,38,11,2,1,6,0.0,False,0.855125,False
7,38,12,6,1,10,0.0,False,0.855106,False
7,38,13,10,0,9,0.0,False,0.8550869999999999,False
7,38,14,9,3,5,0.0,False,0.8550679999999999,False
7,38,15,5,1,9,0.0,False,0.855049,False
7,38,16,9,3,5,0.0,False,0.85503,False
7,38,17,5,3,1,0.0,False,0.855011,False
7,38,18,1,1,5,0.0,False,0.854992,False
7,38,19,5,0,4,0.0,False,0.854973,False
7,38,20,4,1,8,0.0,False,0.854954,False
7,38,21,8,0,8,0.0,False,0.854935,False
7,38,22,8,2,9,0.0,False,0.854916,False
7,38,23,9,3,5,0.0,False,0.854897,False
7,38,24,5,1,9,0.0,False,0.854878,False
7,38,25,9,3,5,0.0,False,0.854859,False
7,38,26,5,2,6,0.0,False,0.85484,False
7,38,27,6,1,10,0.0,False,0.854821,False
7,38,28,10,2,11,0.0,False,0.8548020000000001,False
7,38,29,11,1,15,1.0,True,0.8547830000000001,False
7,39,1,0,3,0,0.0,False,0.8547640000000001,False
7,39,2,0,3,0,0.0,False,0.854745,False
7,39,3,0,0,0,0.0,False,0.854726,False
7,39,4,0,2,1,0.0,False,0.854707,False
7,39,5,1,2,2,0.0,False,0.854688,False
7,39,6,2,3,2,0.0,False,0.854669,False
7,39,7,2,1,6,0.0,False,0.85465,False
7,39,8,6,0,5,0.0,False,0.854631,False
7,39,9,5,0,4,0.0,False,0.854612,False
7,39,10,4,1,8,0.0,False,0.8545929999999999,False
7,39,11,8,1,12,0.0,True,0.854574,False
7,40,1,0,0,0,0.0,False,0.854555,False
7,40,2,0,3,0,0.0,False,0.854536,False
7,40,3,0,0,0,0.0,False,0.854517,False
7,40,4,0,1,4,0.0,False,0.854498,False
7,40,5,4,0,4,0.0,False,0.854479,False
7,40,6,4,0,4,0.0,False,0.85446,False
7,40,7,4,0,4,0.0,False,0.854441,False
7,40,8,4,1,8,0.0,False,0.854422,False
7,40,9,8,2,9,0.0,False,0.854403,False
7,40,10,9,0,8,0.0,False,0.854384,False
7,40,11,8,1,12,0.0,False,0.854365,False
7,40,12,12,3,8,0.0,False,0.854346,False
7,40,13,8,1,12,0.0,False,0.8543270000000001,False
7,40,14,12,3,8,0.0,False,0.8543080000000001,False
7,40,15,8,2,9,0.0,False,0.8542890000000001,False
7,40,16,9,2,10,0.0,False,0.85427,False
7,40,17,10,2,11,0.0,False,0.854251,False
7,40,18,11,2,11,0.0,False,0.854232,False
7,40,19,11,0,10,0.0,False,0.854213,False
7,40,20,10,2,11,0.0,False,0.854194,False
7,40,21,11,3,7,0.0,False,0.854175,False
7,40,22,7,1,11,0.0,False,0.854156,False
7,40,23,11,2,11,0.0,False,0.854137,False
7,40,24,11,1,15,1.0,True,0.854118,False
7,41,1,0,2,1,0.0,False,0.854099,False
7,41,2,1,2,2,0.0,False,0.85408,False
7,41,3,2,0,1,0.0,False,0.854061,False
7,41,4,1,2,2,0.0,False,0.854042,False
7,41,5,2,1,6,0.0,False,0.854023,False
7,41,6,6,1,10,0.0,True,0.854004,False
7,42,1,0,0,0,0.0,False,0.853985,False
7,42,2,0,1,4,0.0,False,0.853966,False
7,42,3,4,1,8,0.0,False,0.853947,False
7,42,4,8,2,9,0.0,False,0.853928,False
7,42,5,9,1,13,0.0,False,0.853909,False
7,42,6,13,0,12,0.0,False,0.85389,False
7,42,7,12,0,12,0.0,False,0.853871,False
7,42,8,12,1,12,0.0,False,0.853852,False
7,42,9,12,0,12,0.0,False,0.8538330000000001,False
7,42,10,12,2,13,0.0,False,0.8538140000000001,False
7,42,11,13,2,14,0.0,False,0.853795,False
7,42,12,14,3,10,0.0,False,0.853776,False
7,42,13,10,1,14,0.0,False,0.853757,False
7,42,14,14,3,10,0.0,False,0.853738,False
7,42,15,10,2,11,0.0,False,0.853719,False
7,42,16,11,3,7,0.0,False,0.8537,False
7,42,17,7,3,3,0.0,True,0.853681,False
7,43,1,0,2,1,0.0,False,0.853662,False
7,43,2,1,2,2,0.0,True,0.853643,False
7,44,1,0,3,0,0.0,False,0.853624,False
7,44,2,0,1,4,0.0,False,0.8536050000000001,False
7,44,3,4,1,8,0.0,False,0.853586,False
7,44,4,8,3,4,0.0,False,0.853567,False
7,44,5,4,0,4,0.0,False,0.853548,False
7,44,6,4,3,0,0.0,False,0.853529,False
7,44,7,0,2,1,0.0,False,0.85351,False
7,44,8,1,1,5,0.0,False,0.853491,False
7,44,9,5,1,9,0.0,False,0.853472,False
7,44,10,9,0,8,0.0,False,0.853453,False
7,44,11,8,3,4,0.0,False,0.853434,False
7,44,12,4,1,8,0.0,False,0.853415,False
7,44,13,8,3,4,0.0,False,0.853396,False
7,44,14,4,0,4,0.0,False,0.853377,False
7,44,15,4,0,4,0.0,False,0.8533580000000001,False
7,44,16,4,1,8,0.0,False,0.8533390000000001,False
7,44,17,8,3,4,0.0,False,0.85332,False
7,44,18,4,3,0,0.0,False,0.853301,False
7,44,19,0,3,0,0.0,False,0.853282,False
7,44,20,0,0,0,0.0,False,0.853263,False
7,44,21,0,2,1,0.0,False,0.853244,False
7,44,22,1,2,2,0.0,False,0.853225,False
7,44,23,2,2,3,0.0,False,0.853206,False
7,44,24,3,2,3,0.0,False,0.853187,False
7,44,25,3,3,3,0.0,False,0.853168,False
7,44,26,3,1,7,0.0,False,0.853149,False
7,44,27,7,2,7,0.0,False,0.85313,False
7,44,28,7,0,6,0.0,False,0.853111,False
7,44,29,6,2,7,0.0,False,0.853092,False
7,44,30,7,0,6,0.0,False,0.853073,False
7,44,31,6,0,5,0.0,False,0.853054,False
7,44,32,5,0,4,0.0,False,0.853035,False
7,44,33,4,0,4,0.0,False,0.853016,False
7,44,34,4,2,5,0.0,False,0.852997,False
7,44,35,5,2,6,0.0,False,0.852978,False
7,44,36,6,0,5,0.0,False,0.852959,False
7,44,37,5,1,9,0.0,False,0.85294,False
7,44,38,9,0,8,0.0,False,0.852921,False
7,44,39,8,0,8,0.0,False,0.852902,False
7,44,40,8,2,9,0.0,False,0.8528830000000001,False
7,44,41,9,3,5,0.0,False,0.8528640000000001,False
7,44,42,5,3,1,0.0,False,0.852845,False
7,44,43,1,1,5,0.0,False,0.852826,False
7,44,44,5,2,6,0.0,False,0.852807,False
7,44,45,6,1,10,0.0,False,0.852788,False
7,44,46,10,3,6,0.0,False,0.852769,False
7,44,47,6,3,2,0.0,False,0.85275,False
7,44,48,2,2,3,0.0,False,0.852731,False
7,44,49,3,1,7,0.0,False,0.852712,False
7,44,50,7,2,7,0.0,False,0.852693,False
7,45,1,0,0,0,0.0,False,0.852674,False
7,45,2,0,0,0,0.0,False,0.852655,False
7,45,3,0,0,0,0.0,False,0.852636,False
7,45,4,0,1,4,0.0,False,0.852617,False
7,45,5,4,2,5,0.0,False,0.852598,False
7,45,6,5,3,1,0.0,True,0.852579,False
7,46,1,0,2,1,0.0,False,0.85256,False
7,46,2,1,2,2,0.0,False,0.852541,False
7,46,3,2,1,6,0.0,False,0.852522,False
7,46,4,6,1,10,0.0,True,0.852503,False
7,47,1,0,2,1,0.0,False,0.852484,False
7,47,2,1,2,2,0.0,False,0.852465,False
7,47,3,2,2,3,0.0,False,0.852446,False
7,47,4,3,1,7,0.0,False,0.852427,False
7,47,5,7,1,11,0.0,False,0.852408,False
7,47,6,11,1,15,1.0,True,0.8523890000000001,False
7,48,1,0,3,0,0.0,False,0.85237,False
7,48,2,0,1,4,0.0,False,0.852351,False
7,48,3,4,3,0,0.0,False,0.852332,False
7,48,4,0,2,1,0.0,False,0.852313,False
7,48,5,1,1,5,0.0,False,0.852294,False
7,48,6,5,2,6,0.0,False,0.852275,False
7,48,7,6,1,10,0.0,True,0.852256,False
7,49,1,0,1,4,0.0,False,0.852237,False
7,49,2,4,1,8,0.0,False,0.852218,False
7,49,3,8,2,9,0.0,False,0.852199,False
7,49,4,9,0,8,0.0,False,0.85218,False
7,49,5,8,3,4,0.0,False,0.852161,False
7,49,6,4,1,8,0.0,False,0.852142,False
7,49,7,8,1,12,0.0,False,0.852123,False
7,49,8,12,2,13,0.0,False,0.852104,False
7,49,9,13,1,13,0.0,False,0.852085,False
7,49,10,13,0,12,0.0,False,0.852066,False
7,49,11,12,2,13,0.0,False,0.852047,False
7,49,12,13,2,14,0.0,False,0.852028,False
7,49,13,14,2,15,1.0,True,0.852009,False
7,50,1,0,0,0,0.0,False,0.85199,False
7,50,2,0,1,4,0.0,False,0.851971,False
7,50,3,4,1,8,0.0,False,0.851952,False
7,50,4,8,0,8,0.0,False,0.851933,False
7,50,5,8,3,4,0.0,False,0.8519140000000001,False
7,50,6,4,1,8,0.0,False,0.851895,False
7,50,7,8,1,12,0.0,False,0.851876,False
7,50,8,12,2,13,0.0,False,0.851857,False
7,50,9,13,1,13,0.0,False,0.851838,False
7,50,10,13,3,9,0.0,False,0.851819,False
7,50,11,9,1,13,0.0,False,0.8518,False
7,50,12,13,0,12,0.0,False,0.851781,False
7,50,13,12,2,13,0.0,False,0.851762,False
7,50,14,13,2,14,0.0,False,0.851743,False
7,50,15,14,1,14,0.0,False,0.851724,False
7,50,16,14,2,15,1.0,True,0.851705,False
7,51,1,0,1,4,0.0,False,0.8516859999999999,False
7,51,2,4,2,5,0.0,False,0.851667,False
7,51,3,5,1,9,0.0,False,0.851648,False
7,51,4,9,3,5,0.0,False,0.851629,False
7,51,5,5,3,1,0.0,False,0.85161,False
7,51,6,1,0,0,0.0,False,0.851591,False
7,51,7,0,3,0,0.0,False,0.851572,False
7,51,8,0,0,0,0.0,False,0.851553,False
7,51,9,0,1,4,0.0,False,0.851534,False
7,51,10,4,0,4,0.0,False,0.851515,False
7,51,11,4,3,0,0.0,False,0.851496,False
7,51,12,0,1,4,0.0,False,0.851477,False
7,51,13,4,1,8,0.0,False,0.851458,False
7,51,14,8,2,9,0.0,False,0.8514390000000001,False
7,51,15,9,0,8,0.0,False,0.8514200000000001,False
7,51,16,8,2,9,0.0,False,0.851401,False
7,51,17,9,3,5,0.0,False,0.851382,False
7,51,18,5,0,4,0.0,False,0.851363,False
7,51,19,4,3,0,0.0,False,0.851344,False
7,51,20,0,0,0,0.0,False,0.851325,False
7,51,21,0,1,4,0.0,False,0.851306,False
7,51,22,4,2,5,0.0,False,0.851287,False
7,51,23,5,3,1,0.0,False,0.851268,False
7,51,24,1,3,1,0.0,False,0.851249,False
7,51,25,1,3,1,0.0,False,0.85123,False
7,51,26,1,3,1,0.0,False,0.8512109999999999,False
7,51,27,1,3,1,0.0,False,0.851192,False
7,51,28,1,3,1,0.0,False,0.851173,False
7,51,29,1,3,1,0.0,False,0.851154,False
7,51,30,1,3,1,0.0,False,0.851135,False
7,51,31,1,1,5,0.0,False,0.851116,False
7,51,32,5,2,6,0.0,False,0.851097,False
7,51,33,6,0,5,0.0,False,0.851078,False
7,51,34,5,3,1,0.0,False,0.851059,False
7,51,35,1,2,2,0.0,False,0.85104,False
7,51,36,2,2,3,0.0,False,0.851021,False
7,51,37,3,0,2,0.0,False,0.851002,False
7,51,38,2,0,1,0.0,False,0.850983,False
7,51,39,1,3,1,0.0,False,0.850964,False
7,51,40,1,2,2,0.0,False,0.8509450000000001,False
7,51,41,2,0,1,0.0,False,0.8509260000000001,False
7,51,42,1,2,2,0.0,False,0.8509070000000001,False
7,51,43,2,2,3,0.0,False,0.850888,False
7,51,44,3,2,3,0.0,False,0.850869,False
7,51,45,3,3,3,0.0,False,0.85085,False
7,51,46,3,3,3,0.0,False,0.850831,False
7,51,47,3,1,7,0.0,False,0.850812,False
7,51,48,7,0,6,0.0,False,0.850793,False
7,51,49,6,0,5,0.0,False,0.850774,False
7,51,50,5,1,9,0.0,False,0.850755,False
7,52,1,0,2,1,0.0,False,0.8507359999999999,False
7,52,2,1,3,1,0.0,False,0.850717,False
7,52,3,1,1,5,0.0,False,0.850698,False
7,52,4,5,1,9,0.0,False,0.850679,False
7,52,5,9,3,5,0.0,False,0.85066,False
7,52,6,5,0,4,0.0,False,0.850641,False
7,52,7,4,2,5,0.0,False,0.850622,False
7,52,8,5,3,1,0.0,False,0.850603,False
7,52,9,1,1,5,0.0,False,0.850584,False
7,52,10,5,1,9,0.0,False,0.850565,False
7,52,11,9,2,10,0.0,False,0.850546,False
7,52,12,10,0,9,0.0,False,0.850527,False
7,52,13,9,2,10,0.0,False,0.850508,False
7,52,14,10,1,14,0.0,False,0.850489,False
7,52,15,14,2,15,1.0,True,0.8504700000000001,False
7,53,1,0,0,0,0.0,False,0.8504510000000001,False
7,53,2,0,3,0,0.0,False,0.8504320000000001,False
7,53,3,0,2,1,0.0,False,0.8504130000000001,False
7,53,4,1,2,2,0.0,True,0.850394,False
7,54,1,0,1,4,0.0,False,0.850375,False
7,54,2,4,2,5,0.0,False,0.850356,False
7,54,3,5,3,1,0.0,False,0.850337,False
7,54,4,1,1,5,0.0,False,0.850318,False
7,54,5,5,1,9,0.0,False,0.850299,False
7,54,6,9,2,10,0.0,False,0.85028,False
7,54,7,10,2,11,0.0,False,0.8502609999999999,False
7,54,8,11,1,15,1.0,True,0.8502419999999999,False
7,55,1,0,1,4,0.0,False,0.850223,False
7,55,2,4,3,0,0.0,False,0.850204,False
7,55,3,0,0,0,0.0,False,0.850185,False
7,55,4,0,1,4,0.0,False,0.850166,False
7,55,5,4,3,0,0.0,False,0.850147,False
7,55,6,0,3,0,0.0,False,0.850128,False
7,55,7,0,2,1,0.0,False,0.850109,False
7,55,8,1,3,1,0.0,False,0.85009,False
7,55,9,1,1,5,0.0,False,0.850071,False
7,55,10,5,0,4,0.0,False,0.850052,False
7,55,11,4,0,4,0.0,False,0.850033,False
7,55,12,4,2,5,0.0,False,0.850014,False
7,55,13,5,1,9,0.0,False,0.8499950000000001,False
7,55,14,9,2,10,0.0,False,0.8499760000000001,False
7,55,15,10,2,11,0.0,False,0.8499570000000001,False
7,55,16,11,3,7,0.0,False,0.8499380000000001,False
7,55,17,7,2,7,0.0,False,0.849919,False
7,55,18,7,0,6,0.0,False,0.8499,False
7,55,19,6,2,7,0.0,False,0.849881,False
7,55,20,7,3,3,0.0,False,0.849862,False
7,55,21,3,0,2,0.0,False,0.849843,False
7,55,22,2,2,3,0.0,False,0.849824,False
7,55,23,3,2,3,0.0,False,0.849805,False
7,55,24,3,3,3,0.0,False,0.8497859999999999,False
7,55,25,3,1,7,0.0,False,0.8497669999999999,False
7,55,26,7,3,3,0.0,False,0.849748,False
7,55,27,3,2,3,0.0,False,0.849729,False
7,55,28,3,1,7,0.0,False,0.84971,False
7,55,29,7,0,6,0.0,False,0.849691,False
7,55,30,6,2,7,0.0,False,0.849672,False
7,55,31,7,1,11,0.0,False,0.849653,False
7,55,32,11,0,10,0.0,False,0.849634,False
7,55,33,10,2,11,0.0,False,0.849615,False
7,55,34,11,1,15,1.0,True,0.849596,False
7,56,1,0,3,0,0.0,False,0.849577,False
7,56,2,0,1,4,0.0,True,0.849558,False
7,57,1,0,1,4,0.0,False,0.849539,False
7,57,2,4,2,5,0.0,False,0.84952,False
7,57,3,5,2,6,0.0,False,0.8495010000000001,False
7,57,4,6,2,7,0.0,True,0.8494820000000001,False
7,58,1,0,2,1,0.0,False,0.8494630000000001,False
7,58,2,1,3,1,0.0,False,0.849444,False
7,58,3,1,0,0,0.0,False,0.849425,False
7,58,4,0,2,1,0.0,False,0.849406,False
7,58,5,1,3,1,0.0,False,0.849387,False
7,58,6,1,2,2,0.0,False,0.849368,False
7,58,7,2,0,1,0.0,False,0.849349,False
7,58,8,1,1,5,0.0,False,0.84933,False
7,58,9,5,3,1,0.0,False,0.849311,False
7,58,10,1,0,0,0.0,False,0.8492919999999999,False
7,58,11,0,2,1,0.0,False,0.849273,False
7,58,12,1,0,0,0.0,False,0.849254,False
7,58,13,0,2,1,0.0,False,0.849235,False
7,58,14,1,2,2,0.0,False,0.849216,False
7,58,15,2,2,3,0.0,True,0.849197,False
7,59,1,0,2,1,0.0,False,0.849178,False
7,59,2,1,1,5,0.0,False,0.849159,False
7,59,3,5,0,4,0.0,False,0.84914,False
7,59,4,4,3,0,0.0,False,0.849121,False
7,59,5,0,3,0,0.0,False,0.849102,False
7,59,6,0,2,1,0.0,False,0.849083,False
7,59,7,1,2,2,0.0,True,0.849064,False
7,60,1,0,1,4,0.0,False,0.849045,False
7,60,2,4,3,0,0.0,False,0.8490260000000001,False
7,60,3,0,0,0,0.0,False,0.8490070000000001,False
7,60,4,0,2,1,0.0,True,0.8489880000000001,False
7,61,1,0,1,4,0.0,False,0.848969,False
7,61,2,4,2,5,0.0,False,0.84895,False
7,61,3,5,0,4,0.0,False,0.848931,False
7,61,4,4,3,0,0.0,False,0.848912,False
7,61,5,0,3,0,0.0,False,0.848893,False
7,61,6,0,1,4,0.0,False,0.848874,False
7,61,7,4,2,5,0.0,False,0.848855,False
7,61,8,5,1,9,0.0,False,0.848836,False
7,61,9,9,3,5,0.0,False,0.848817,False
7,61,10,5,3,1,0.0,False,0.848798,False
7,61,11,1,0,0,0.0,False,0.848779,False
7,61,12,0,3,0,0.0,False,0.84876,False
7,61,13,0,3,0,0.0,False,0.848741,False
7,61,14,0,1,4,0.0,False,0.848722,False
7,61,15,4,2,5,0.0,False,0.848703,False
7,61,16,5,2,6,0.0,True,0.848684,False
7,62,1,0,3,0,0.0,False,0.848665,False
7,62,2,0,1,4,0.0,False,0.848646,False
7,62,3,4,1,8,0.0,False,0.848627,False
7,62,4,8,0,8,0.0,False,0.848608,False
7,62,5,8,1,12,0.0,True,0.848589,False
7,63,1,0,0,0,0.0,False,0.84857,False
7,63,2,0,2,1,0.0,False,0.848551,False
7,63,3,1,2,2,0.0,False,0.8485320000000001,False
7,63,4,2,2,3,0.0,False,0.8485130000000001,False
7,63,5,3,2,3,0.0,False,0.848494,False
7,63,6,3,3,3,0.0,False,0.848475,False
7,63,7,3,0,2,0.0,False,0.848456,False
7,63,8,2,3,2,0.0,False,0.848437,False
7,63,9,2,2,3,0.0,False,0.848418,False
7,63,10,3,0,2,0.0,False,0.848399,False
7,63,11,2,0,1,0.0,False,0.84838,False
7,63,12,1,0,0,0.0,False,0.848361,False
7,63,13,0,0,0,0.0,False,0.848342,False
7,63,14,0,2,1,0.0,False,0.848323,False
7,63,15,1,1,5,0.0,False,0.8483040000000001,False
7,63,16,5,2,6,0.0,False,0.848285,False
7,63,17,6,2,7,0.0,False,0.848266,False
7,63,18,7,0,6,0.0,False,0.848247,False
7,63,19,6,1,10,0.0,False,0.848228,False
7,63,20,10,0,9,0.0,False,0.848209,False
7,63,21,9,0,8,0.0,False,0.84819,False
7,63,22,8,2,9,0.0,False,0.848171,False
7,63,23,9,1,13,0.0,False,0.848152,False
7,63,24,13,0,12,0.0,False,0.848133,False
7,63,25,12,3,8,0.0,False,0.848114,False
7,63,26,8,0,8,0.0,False,0.848095,False
7,63,27,8,3,4,0.0,True,0.848076,False
7,64,1,0,2,1,0.0,False,0.8480570000000001,False
7,64,2,1,1,5,0.0,False,0.8480380000000001,False
7,64,3,5,0,4,0.0,False,0.848019,False
7,64,4,4,3,0,0.0,False,0.848,False
7,64,5,0,2,1,0.0,False,0.847981,False
7,64,6,1,3,1,0.0,False,0.847962,False
7,64,7,1,2,2,0.0,False,0.847943,False
7,64,8,2,2,3,0.0,False,0.847924,False
7,64,9,3,1,7,0.0,True,0.847905,False
7,65,1,0,3,0,0.0,False,0.847886,False
7,65,2,0,3,0,0.0,False,0.847867,False
7,65,3,0,1,4,0.0,True,0.847848,False
7,66,1,0,2,1,0.0,True,0.847829,False
7,67,1,0,1,4,0.0,False,0.84781,False
7,67,2,4,2,5,0.0,False,0.847791,False
7,67,3,5,0,4,0.0,False,0.847772,False
7,67,4,4,1,8,0.0,False,0.847753,False
7,67,5,8,0,8,0.0,False,0.847734,False
7,67,6,8,3,4,0.0,False,0.847715,False
7,67,7,4,0,4,0.0,False,0.847696,False
7,67,8,4,3,0,0.0,False,0.847677,False
7,67,9,0,1,4,0.0,False,0.847658,False
7,67,10,4,2,5,0.0,False,0.847639,False
7,67,11,5,2,6,0.0,False,0.84762,False
7,67,12,6,1,10,0.0,False,0.847601,False
7,67,13,10,2,11,0.0,False,0.8475820000000001,False
7,67,14,11,3,7,0.0,False,0.8475630000000001,False
7,67,15,7,0,6,0.0,False,0.847544,False
7,67,16,6,0,5,0.0,False,0.847525,False
7,67,17,5,0,4,0.0,False,0.847506,False
7,67,18,4,0,4,0.0,False,0.847487,False
7,67,19,4,0,4,0.0,False,0.847468,False
7,67,20,4,2,5,0.0,False,0.847449,False
7,67,21,5,0,4,0.0,False,0.84743,False
7,67,22,4,2,5,0.0,False,0.847411,False
7,67,23,5,2,6,0.0,False,0.847392,False
7,67,24,6,0,5,0.0,False,0.847373,False
7,67,25,5,1,9,0.0,False,0.847354,False
7,67,26,9,2,10,0.0,False,0.847335,False
7,67,27,10,3,6,0.0,False,0.847316,False
7,67,28,6,3,2,0.0,False,0.847297,False
7,67,29,2,0,1,0.0,False,0.847278,False
7,67,30,1,0,0,0.0,False,0.847259,False
7,67,31,0,1,4,0.0,False,0.84724,False
7,67,32,4,2,5,0.0,False,0.847221,False
7,67,33,5,2,6,0.0,False,0.847202,False
7,67,34,6,0,5,0.0,False,0.847183,False
7,67,35,5,2,6,0.0,False,0.847164,False
7,67,36,6,2,7,0.0,False,0.847145,False
7,67,37,7,0,6,0.0,False,0.847126,False
7,67,38,6,0,5,0.0,False,0.847107,False
7,67,39,5,2,6,0.0,False,0.8470880000000001,False
7,67,40,6,0,5,0.0,False,0.847069,False
7,67,41,5,3,1,0.0,False,0.84705,False
7,67,42,1,1,5,0.0,False,0.847031,False
7,67,43,5,2,6,0.0,False,0.847012,False
7,67,44,6,2,7,0.0,False,0.846993,False
7,67,45,7,0,6,0.0,False,0.846974,False
7,67,46,6,0,5,0.0,False,0.846955,False
7,67,47,5,2,6,0.0,False,0.846936,False
7,67,48,6,1,10,0.0,False,0.846917,False
7,67,49,10,0,9,0.0,False,0.846898,False
7,67,50,9,3,5,0.0,False,0.846879,False
7,68,1,0,0,0,0.0,False,0.84686,False
7,68,2,0,0,0,0.0,False,0.846841,False
7,68,3,0,0,0,0.0,False,0.846822,False
7,68,4,0,3,0,0.0,False,0.846803,False
7,68,5,0,0,0,0.0,False,0.846784,False
7,68,6,0,0,0,0.0,False,0.846765,False
7,68,7,0,2,1,0.0,False,0.846746,False
7,68,8,1,2,2,0.0,False,0.846727,False
7,68,9,2,3,2,0.0,False,0.846708,False
7,68,10,2,1,6,0.0,False,0.846689,False
7,68,11,6,0,5,0.0,False,0.84667,False
7,68,12,5,0,4,0.0,True,0.846651,False
7,69,1,0,3,0,0.0,False,0.846632,False
7,69,2,0,3,0,0.0,False,0.8466130000000001,False
7,69,3,0,2,1,0.0,False,0.846594,False
7,69,4,1,0,0,0.0,False,0.846575,False
7,69,5,0,0,0,0.0,False,0.846556,False
7,69,6,0,2,1,0.0,False,0.846537,False
7,69,7,1,2,2,0.0,False,0.846518,False
7,69,8,2,1,6,0.0,False,0.846499,False
7,69,9,6,3,2,0.0,False,0.84648,False
7,69,10,2,2,3,0.0,False,0.846461,False
7,69,11,3,3,3,0.0,False,0.846442,False
7,69,12,3,2,3,0.0,False,0.846423,False
7,69,13,3,3,3,0.0,False,0.846404,False
7,69,14,3,3,3,0.0,False,0.8463849999999999,False
7,69,15,3,3,3,0.0,False,0.846366,False
7,69,16,3,3,3,0.0,False,0.846347,False
7,69,17,3,0,2,0.0,False,0.846328,False
7,69,18,2,1,6,0.0,False,0.846309,False
7,69,19,6,1,10,0.0,True,0.84629,False
7,70,1,0,2,1,0.0,True,0.846271,False
7,71,1,0,1,4,0.0,True,0.846252,False
7,72,1,0,1,4,0.0,False,0.846233,False
7,72,2,4,1,8,0.0,False,0.846214,False
7,72,3,8,1,12,0.0,False,0.846195,False
7,72,4,12,2,13,0.0,True,0.846176,False
7,73,1,0,1,4,0.0,False,0.846157,False
7,73,2,4,0,4,0.0,False,0.8461380000000001,False
7,73,3,4,1,8,0.0,False,0.846119,False
7,73,4,8,1,12,0.0,False,0.8461,False
7,73,5,12,0,12,0.0,False,0.846081,False
7,73,6,12,3,8,0.0,False,0.846062,False
7,73,7,8,3,4,0.0,False,0.846043,False
7,73,8,4,1,8,0.0,False,0.846024,False
7,73,9,8,2,9,0.0,False,0.846005,False
7,73,10,9,2,10,0.0,False,0.845986,False
7,73,11,10,2,11,0.0,False,0.845967,False
7,73,12,11,2,11,0.0,False,0.845948,False
7,73,13,11,2,11,0.0,False,0.845929,False
7,73,14,11,3,7,0.0,False,0.8459099999999999,False
7,73,15,7,3,3,0.0,True,0.845891,False
7,74,1,0,1,4,0.0,False,0.845872,False
7,74,2,4,0,4,0.0,False,0.845853,False
7,74,3,4,1,8,0.0,False,0.845834,False
7,74,4,8,0,8,0.0,False,0.845815,False
7,74,5,8,3,4,0.0,False,0.845796,False
7,74,6,4,3,0,0.0,False,0.845777,False
7,74,7,0,0,0,0.0,False,0.845758,False
7,74,8,0,1,4,0.0,False,0.845739,False
7,74,9,4,3,0,0.0,False,0.84572,False
7,74,10,0,0,0,0.0,False,0.845701,False
7,74,11,0,3,0,0.0,False,0.845682,False
7,74,12,0,3,0,0.0,False,0.845663,False
7,74,13,0,0,0,0.0,False,0.8456440000000001,False
7,74,14,0,0,0,0.0,False,0.8456250000000001,False
7,74,15,0,3,0,0.0,False,0.845606,False
7,74,16,0,3,0,0.0,False,0.845587,False
7,74,17,0,3,0,0.0,False,0.845568,False
7,74,18,0,2,1,0.0,True,0.845549,False
7,75,1,0,2,1,0.0,False,0.84553,False
7,75,2,1,1,5,0.0,False,0.845511,False
7,75,3,5,1,9,0.0,False,0.845492,False
7,75,4,9,1,13,0.0,False,0.845473,False
7,75,5,13,0,12,0.0,True,0.845454,False
7,76,1,0,2,1,0.0,False,0.8454349999999999,False
7,76,2,1,2,2,0.0,True,0.845416,False
7,77,1,0,0,0,0.0,False,0.845397,False
7,77,2,0,2,1,0.0,False,0.845378,False
7,77,3,1,2,2,0.0,False,0.845359,False
7,77,4,2,1,6,0.0,False,0.84534,False
7,77,5,6,2,7,0.0,False,0.845321,False
7,77,6,7,0,6,0.0,False,0.845302,False
7,77,7,6,3,2,0.0,False,0.845283,False
7,77,8,2,2,3,0.0,True,0.845264,False
7,78,1,0,3,0,0.0,False,0.845245,False
7,78,2,0,2,1,0.0,True,0.845226,False
7,79,1,0,1,4,0.0,False,0.845207,False
7,79,2,4,0,4,0.0,False,0.845188,False
7,79,3,4,3,0,0.0,False,0.8451690000000001,False
7,79,4,0,1,4,0.0,False,0.8451500000000001,False
7,79,5,4,1,8,0.0,False,0.8451310000000001,False
7,79,6,8,2,9,0.0,False,0.8451120000000001,False
7,79,7,9,2,10,0.0,False,0.845093,False
7,79,8,10,1,14,0.0,False,0.845074,False
7,79,9,14,1,14,0.0,False,0.845055,False
7,79,10,14,1,14,0.0,False,0.845036,False
7,79,11,14,0,13,0.0,True,0.845017,False
7,80,1,0,1,4,0.0,False,0.844998,False
7,80,2,4,1,8,0.0,False,0.844979,False
7,80,3,8,1,12,0.0,True,0.8449599999999999,False
7,81,1,0,3,0,0.0,False,0.8449409999999999,False
7,81,2,0,1,4,0.0,False,0.844922,False
7,81,3,4,0,4,0.0,False,0.844903,False
7,81,4,4,3,0,0.0,False,0.844884,False
7,81,5,0,1,4,0.0,False,0.844865,False
7,81,6,4,0,4,0.0,False,0.844846,False
7,81,7,4,1,8,0.0,True,0.844827,False
7,82,1,0,1,4,0.0,False,0.844808,False
7,82,2,4,1,8,0.0,False,0.844789,False
7,82,3,8,2,9,0.0,False,0.84477,False
7,82,4,9,0,8,0.0,False,0.844751,False
7,82,5,8,3,4,0.0,False,0.844732,False
7,82,6,4,3,0,0.0,False,0.844713,False
7,82,7,0,1,4,0.0,False,0.8446940000000001,False
7,82,8,4,0,4,0.0,False,0.8446750000000001,False
7,82,9,4,3,0,0.0,False,0.8446560000000001,False
7,82,10,0,3,0,0.0,False,0.8446370000000001,False
7,82,11,0,0,0,0.0,False,0.844618,False
7,82,12,0,3,0,0.0,False,0.844599,False
7,82,13,0,1,4,0.0,False,0.84458,False
7,82,14,4,1,8,0.0,False,0.844561,False
7,82,15,8,1,12,0.0,False,0.844542,False
7,82,16,12,0,12,0.0,False,0.844523,False
7,82,17,12,2,13,0.0,False,0.844504,False
7,82,18,13,3,9,0.0,False,0.8444849999999999,False
7,82,19,9,1,13,0.0,False,0.8444659999999999,False
7,82,20,13,3,9,0.0,False,0.844447,False
7,82,21,9,1,13,0.0,False,0.844428,False
7,82,22,13,0,12,0.0,False,0.844409,False
7,82,23,12,0,12,0.0,False,0.84439,False
7,82,24,12,1,12,0.0,False,0.844371,False
7,82,25,12,2,13,0.0,False,0.844352,False
7,82,26,13,2,14,0.0,False,0.844333,False
7,82,27,14,3,10,0.0,False,0.844314,False
7,82,28,10,0,9,0.0,False,0.844295,False
7,82,29,9,1,13,0.0,False,0.844276,False
7,82,30,13,0,12,0.0,False,0.844257,False
7,82,31,12,2,13,0.0,False,0.844238,False
7,82,32,13,3,9,0.0,False,0.844219,False
7,82,33,9,1,13,0.0,False,0.8442000000000001,False
7,82,34,13,3,9,0.0,False,0.8441810000000001,False
7,82,35,9,1,13,0.0,False,0.8441620000000001,False
7,82,36,13,0,12,0.0,False,0.844143,False
7,82,37,12,3,8,0.0,False,0.844124,False
7,82,38,8,2,9,0.0,False,0.844105,False
7,82,39,9,3,5,0.0,True,0.844086,False
7,83,1,0,1,4,0.0,True,0.844067,False
7,84,1,0,1,4,0.0,False,0.844048,False
7,84,2,4,3,0,0.0,False,0.844029,False
7,84,3,0,1,4,0.0,False,0.8440099999999999,False
7,84,4,4,1,8,0.0,True,0.8439909999999999,False
7,85,1,0,1,4,0.0,False,0.8439719999999999,False
7,85,2,4,3,0,0.0,False,0.843953,False
7,85,3,0,0,0,0.0,False,0.843934,False
7,85,4,0,2,1,0.0,False,0.843915,False
7,85,5,1,0,0,0.0,False,0.843896,False
7,85,6,0,1,4,0.0,False,0.843877,False
7,85,7,4,2,5,0.0,True,0.843858,False
7,86,1,0,2,1,0.0,False,0.843839,False
7,86,2,1,2,2,0.0,False,0.84382,False
7,86,3,2,2,3,0.0,True,0.843801,False
7,87,1,0,3,0,0.0,False,0.843782,False
7,87,2,0,2,1,0.0,False,0.843763,False
7,87,3,1,2,2,0.0,False,0.843744,False
7,87,4,2,1,6,0.0,False,0.8437250000000001,False
7,87,5,6,1,10,0.0,False,0.8437060000000001,False
7,87,6,10,2,11,0.0,True,0.8436870000000001,False
7,88,1,0,2,1,0.0,False,0.843668,False
7,88,2,1,3,1,0.0,False,0.843649,False
7,88,3,1,2,2,0.0,False,0.84363,False
7,88,4,2,1,6,0.0,False,0.843611,False
7,88,5,6,2,7,0.0,False,0.843592,False
7,88,6,7,1,11,0.0,False,0.843573,False
7,88,7,11,1,15,1.0,True,0.843554,False
7,89,1,0,3,0,0.0,False,0.843535,False
7,89,2,0,2,1,0.0,False,0.843516,False
7,89,3,1,2,2,0.0,False,0.8434969999999999,False
7,89,4,2,2,3,0.0,False,0.843478,False
7,89,5,3,2,3,0.0,False,0.843459,False
7,89,6,3,1,7,0.0,False,0.84344,False
7,89,7,7,2,7,0.0,False,0.843421,False
7,89,8,7,2,7,0.0,False,0.843402,False
7,89,9,7,2,7,0.0,False,0.843383,False
7,89,10,7,2,7,0.0,False,0.843364,False
7,89,11,7,3,3,0.0,False,0.843345,False
7,89,12,3,1,7,0.0,False,0.843326,False
7,89,13,7,2,7,0.0,False,0.843307,False
7,89,14,7,2,7,0.0,False,0.843288,False
7,89,15,7,1,11,0.0,True,0.843269,False
7,90,1,0,1,4,0.0,False,0.84325,False
7,90,2,4,2,5,0.0,True,0.8432310000000001,False
7,91,1,0,3,0,0.0,False,0.8432120000000001,False
7,91,2,0,1,4,0.0,False,0.843193,False
7,91,3,4,1,8,0.0,False,0.843174,False
7,91,4,8,1,12,0.0,False,0.843155,False
7,91,5,12,2,13,0.0,False,0.843136,False
7,91,6,13,2,14,0.0,False,0.843117,False
7,91,7,14,3,10,0.0,False,0.843098,False
7,91,8,10,3,6,0.0,True,0.843079,False
7,92,1,0,1,4,0.0,False,0.84306,False
7,92,2,4,1,8,0.0,False,0.843041,False
7,92,3,8,1,12,0.0,False,0.843022,False
7,92,4,12,2,13,0.0,True,0.8430030000000001,False
7,93,1,0,2,1,0.0,False,0.842984,False
7,93,2,1,2,2,0.0,False,0.842965,False
7,93,3,2,1,6,0.0,False,0.842946,False
7,93,4,6,0,5,0.0,False,0.842927,False
7,93,5,5,1,9,0.0,True,0.842908,False
7,94,1,0,0,0,0.0,False,0.842889,False
7,94,2,0,1,4,0.0,False,0.84287,False
7,94,3,4,2,5,0.0,False,0.842851,False
7,94,4,5,2,6,0.0,True,0.842832,False
7,95,1,0,0,0,0.0,False,0.842813,False
7,95,2,0,1,4,0.0,True,0.842794,False
7,96,1,0,1,4,0.0,False,0.842775,False
7,96,2,4,0,4,0.0,False,0.8427560000000001,False
7,96,3,4,2,5,0.0,False,0.8427370000000001,False
7,96,4,5,2,6,0.0,True,0.842718,False
7,97,1,0,2,1,0.0,False,0.842699,False
7,97,2,1,2,2,0.0,False,0.84268,False
7,97,3,2,2,3,0.0,False,0.842661,False
7,97,4,3,1,7,0.0,False,0.842642,False
7,97,5,7,0,6,0.0,True,0.842623,False
7,98,1,0,1,4,0.0,False,0.842604,False
7,98,2,4,3,0,0.0,False,0.842585,False
7,98,3,0,1,4,0.0,False,0.842566,False
7,98,4,4,0,4,0.0,False,0.842547,False
7,98,5,4,2,5,0.0,False,0.842528,False
7,98,6,5,2,6,0.0,False,0.842509,False
7,98,7,6,3,2,0.0,False,0.84249,False
7,98,8,2,2,3,0.0,False,0.842471,False
7,98,9,3,1,7,0.0,False,0.842452,False
7,98,10,7,1,11,0.0,False,0.842433,False
7,98,11,11,2,11,0.0,False,0.842414,False
7,98,12,11,1,15,1.0,True,0.842395,False
7,99,1,0,1,4,0.0,False,0.842376,False
7,99,2,4,0,4,0.0,False,0.842357,False
7,99,3,4,2,5,0.0,False,0.842338,False
7,99,4,5,1,9,0.0,False,0.842319,False
7,99,5,9,1,13,0.0,False,0.8423,False
7,99,6,13,0,12,0.0,True,0.8422810000000001,False
7,100,1,0,3,0,0.0,False,0.8422620000000001,False
7,100,2,0,1,4,0.0,False,0.842243,False
7,100,3,4,0,4,0.0,False,0.842224,False
7,100,4,4,3,0,0.0,False,0.842205,False
7,100,5,0,1,4,0.0,False,0.842186,False
7,100,6,4,2,5,0.0,False,0.842167,False
7,100,7,5,1,9,0.0,False,0.842148,False
7,100,8,9,1,13,0.0,False,0.842129,False
7,100,9,13,2,14,0.0,False,0.84211,False
7,100,10,14,1,14,0.0,False,0.842091,False
7,100,11,14,1,14,0.0,False,0.842072,False
7,100,12,14,0,13,0.0,False,0.842053,False
7,100,13,13,0,12,0.0,False,0.842034,False
7,100,14,12,0,12,0.0,False,0.842015,False
7,100,15,12,0,12,0.0,False,0.841996,False
7,100,16,12,0,12,0.0,False,0.841977,False
7,100,17,12,2,13,0.0,False,0.841958,False
7,100,18,13,2,14,0.0,False,0.841939,False
7,100,19,14,3,10,0.0,False,0.84192,False
7,100,20,10,2,11,0.0,False,0.841901,False
7,100,21,11,2,11,0.0,False,0.841882,False
7,100,22,11,1,15,1.0,True,0.841863,False
8,1,1,0,1,4,0.0,False,0.841844,False
8,1,2,4,2,5,0.0,False,0.841825,False
8,1,3,5,1,9,0.0,False,0.841806,False
8,1,4,9,0,8,0.0,False,0.8417870000000001,False
8,1,5,8,1,12,0.0,False,0.841768,False
8,1,6,12,0,12,0.0,False,0.841749,False
8,1,7,12,1,12,0.0,False,0.84173,False
8,1,8,12,3,8,0.0,False,0.841711,False
8,1,9,8,3,4,0.0,False,0.841692,False
8,1,10,4,2,5,0.0,False,0.841673,False
8,1,11,5,0,4,0.0,False,0.841654,False
8,1,12,4,1,8,0.0,False,0.841635,False
8,1,13,8,2,9,0.0,False,0.841616,False
8,1,14,9,2,10,0.0,False,0.841597,False
8,1,15,10,1,14,0.0,False,0.841578,False
8,1,16,14,0,13,0.0,True,0.841559,False
8,2,1,0,0,0,0.0,False,0.84154,False
8,2,2,0,0,0,0.0,False,0.841521,False
8,2,3,0,0,0,0.0,False,0.841502,False
8,2,4,0,0,0,0.0,False,0.841483,False
8,2,5,0,2,1,0.0,False,0.841464,False
8,2,6,1,1,5,0.0,False,0.841445,False
8,2,7,5,2,6,0.0,False,0.841426,False
8,2,8,6,3,2,0.0,False,0.841407,False
8,2,9,2,1,6,0.0,False,0.841388,False
8,2,10,6,1,10,0.0,False,0.841369,False
8,2,11,10,1,14,0.0,False,0.84135,False
8,2,12,14,0,13,0.0,True,0.841331,False
8,3,1,0,3,0,0.0,False,0.8413120000000001,False
8,3,2,0,0,0,0.0,False,0.8412930000000001,False
8,3,3,0,3,0,0.0,False,0.841274,False
8,3,4,0,1,4,0.0,False,0.841255,False
8,3,5,4,2,5,0.0,False,0.841236,False
8,3,6,5,2,6,0.0,False,0.841217,False
8,3,7,6,1,10,0.0,False,0.841198,False
8,3,8,10,1,14,0.0,False,0.841179,False
8,3,9,14,0,13,0.0,True,0.84116,False
8,4,1,0,1,4,0.0,False,0.841141,False
8,4,2,4,2,5,0.0,True,0.841122,False
8,5,1,0,1,4,0.0,False,0.841103,False
8,5,2,4,0,4,0.0,False,0.8410839999999999,False
8,5,3,4,1,8,0.0,False,0.841065,False
8,5,4,8,0,8,0.0,False,0.841046,False
8,5,5,8,1,12,0.0,False,0.841027,False
8,5,6,12,0,12,0.0,False,0.841008,False
8,5,7,12,0,12,0.0,False,0.840989,False
8,5,8,12,2,13,0.0,False,0.84097,False
8,5,9,13,3,9,0.0,False,0.840951,False
8,5,10,9,0,8,0.0,False,0.840932,False
8,5,11,8,0,8,0.0,False,0.840913,False
8,5,12,8,3,4,0.0,False,0.840894,False
8,5,13,4,2,5,0.0,False,0.840875,False
8,5,14,5,1,9,0.0,False,0.840856,False
8,5,15,9,2,10,0.0,False,0.8408370000000001,False
8,5,16,10,2,11,0.0,False,0.8408180000000001,False
8,5,17,11,1,15,1.0,True,0.840799,False
8,6,1,0,1,4,0.0,False,0.84078,False
8,6,2,4,2,5,0.0,False,0.840761,False
8,6,3,5,3,1,0.0,False,0.840742,False
8,6,4,1,3,1,0.0,False,0.840723,False
8,6,5,1,2,2,0.0,False,0.840704,False
8,6,6,2,2,3,0.0,False,0.840685,False
8,6,7,3,0,2,0.0,False,0.840666,False
8,6,8,2,0,1,0.0,False,0.840647,False
8,6,9,1,2,2,0.0,False,0.840628,False
8,6,10,2,0,1,0.0,False,0.8406089999999999,False
8,6,11,1,0,0,0.0,False,0.84059,False
8,6,12,0,3,0,0.0,False,0.840571,False
8,6,13,0,1,4,0.0,False,0.840552,False
8,6,14,4,1,8,0.0,True,0.840533,False
8,7,1,0,1,4,0.0,False,0.840514,False
8,7,2,4,0,4,0.0,False,0.840495,False
8,7,3,4,1,8,0.0,False,0.840476,False
8,7,4,8,1,12,0.0,False,0.840457,False
8,7,5,12,3,8,0.0,False,0.840438,False
8,7,6,8,3,4,0.0,False,0.840419,False
8,7,7,4,1,8,0.0,False,0.8404,False
8,7,8,8,1,12,0.0,False,0.840381,False
8,7,9,12,1,12,0.0,False,0.840362,False
8,7,10,12,2,13,0.0,False,0.8403430000000001,False
8,7,11,13,0,12,0.0,False,0.840324,False
8,7,12,12,2,13,0.0,False,0.840305,False
8,7,13,13,1,13,0.0,False,0.840286,False
8,7,14,13,0,12,0.0,False,0.840267,False
8,7,15,12,0,12,0.0,False,0.840248,False
8,7,16,12,2,13,0.0,False,0.840229,False
8,7,17,13,1,13,0.0,False,0.84021,False
8,7,18,13,2,14,0.0,False,0.840191,False
8,7,19,14,1,14,0.0,False,0.840172,False
8,7,20,14,2,15,1.0,True,0.840153,False
8,8,1,0,3,0,0.0,False,0.8401339999999999,False
8,8,2,0,0,0,0.0,False,0.840115,False
8,8,3,0,1,4,0.0,False,0.840096,False
8,8,4,4,2,5,0.0,False,0.840077,False
8,8,5,5,0,4,0.0,False,0.840058,False
8,8,6,4,2,5,0.0,False,0.840039,False
8,8,7,5,2,6,0.0,False,0.84002,False
8,8,8,6,2,7,0.0,False,0.840001,False
8,8,9,7,2,7,0.0,False,0.839982,False
8,8,10,7,2,7,0.0,False,0.839963,False
8,8,11,7,1,11,0.0,False,0.839944,False
8,8,12,11,2,11,0.0,False,0.839925,False
8,8,13,11,2,11,0.0,False,0.839906,False
8,8,14,11,1,15,1.0,True,0.839887,False
8,9,1,0,1,4,0.0,False,0.8398680000000001,False
8,9,2,4,3,0,0.0,False,0.8398490000000001,False
8,9,3,0,3,0,0.0,False,0.8398300000000001,False
8,9,4,0,0,0,0.0,False,0.839811,False
8,9,5,0,1,4,0.0,False,0.839792,False
8,9,6,4,1,8,0.0,False,0.839773,False
8,9,7,8,2,9,0.0,False,0.839754,False
8,9,8,9,3,5,0.0,True,0.839735,False
8,10,1,0,2,1,0.0,False,0.839716,False
8,10,2,1,1,5,0.0,False,0.839697,False
8,10,3,5,2,6,0.0,False,0.839678,False
8,10,4,6,1,10,0.0,False,0.8396589999999999,False
8,10,5,10,1,14,0.0,False,0.8396399999999999,False
8,10,6,14,2,15,1.0,True,0.839621,False
8,11,1,0,2,1,0.0,False,0.839602,False
8,11,2,1,3,1,0.0,False,0.839583,False
8,11,3,1,2,2,0.0,False,0.839564,False
8,11,4,2,1,6,0.0,False,0.839545,False
8,11,5,6,0,5,0.0,False,0.839526,False
8,11,6,5,3,1,0.0,False,0.839507,False
8,11,7,1,1,5,0.0,False,0.839488,False
8,11,8,5,2,6,0.0,False,0.839469,False
8,11,9,6,3,2,0.0,False,0.83945,False
8,11,10,2,3,2,0.0,False,0.839431,False
8,11,11,2,2,3,0.0,False,0.839412,False
8,11,12,3,0,2,0.0,False,0.8393930000000001,False
8,11,13,2,0,1,0.0,False,0.8393740000000001,False
8,11,14,1,2,2,0.0,False,0.8393550000000001,False
8,11,15,2,1,6,0.0,False,0.8393360000000001,False
8,11,16,6,1,10,0.0,False,0.839317,False
8,11,17,10,0,9,0.0,False,0.839298,False
8,11,18,9,3,5,0.0,False,0.839279,False
8,11,19,5,3,1,0.0,False,0.83926,False
8,11,20,1,2,2,0.0,False,0.839241,False
8,11,21,2,1,6,0.0,False,0.839222,False
8,11,22,6,0,5,0.0,False,0.839203,False
8,11,23,5,2,6,0.0,False,0.8391839999999999,False
8,11,24,6,1,10,0.0,False,0.8391649999999999,False
8,11,25,10,3,6,0.0,False,0.839146,False
8,11,26,6,3,2,0.0,False,0.839127,False
8,11,27,2,1,6,0.0,False,0.839108,False
8,11,28,6,3,2,0.0,False,0.839089,False
8,11,29,2,2,3,0.0,False,0.83907,False
8,11,30,3,3,3,0.0,False,0.839051,False
8,11,31,3,3,3,0.0,False,0.839032,False
8,11,32,3,0,2,0.0,False,0.839013,False
8,11,33,2,3,2,0.0,False,0.838994,False
8,11,34,2,1,6,0.0,False,0.838975,False
8,11,35,6,1,10,0.0,False,0.838956,False
8,11,36,10,1,14,0.0,False,0.838937,False
8,11,37,14,3,10,0.0,False,0.838918,False
8,11,38,10,1,14,0.0,False,0.8388990000000001,False
8,11,39,14,1,14,0.0,False,0.8388800000000001,False
8,11,40,14,2,15,1.0,True,0.8388610000000001,False
8,12,1,0,0,0,0.0,False,0.838842,False
8,12,2,0,1,4,0.0,False,0.838823,False
8,12,3,4,1,8,0.0,False,0.838804,False
8,12,4,8,2,9,0.0,False,0.838785,False
8,12,5,9,3,5,0.0,False,0.838766,False
8,12,6,5,3,1,0.0,False,0.838747,False
8,12,7,1,3,1,0.0,False,0.838728,False
8,12,8,1,1,5,0.0,False,0.838709,False
8,12,9,5,0,4,0.0,False,0.8386899999999999,False
8,12,10,4,2,5,0.0,False,0.8386709999999999,False
8,12,11,5,1,9,0.0,False,0.838652,False
8,12,12,9,2,10,0.0,False,0.838633,False
8,12,13,10,0,9,0.0,False,0.838614,False
8,12,14,9,3,5,0.0,False,0.838595,False
8,12,15,5,2,6,0.0,False,0.838576,False
8,12,16,6,3,2,0.0,False,0.838557,False
8,12,17,2,2,3,0.0,True,0.838538,False
8,13,1,0,2,1,0.0,False,0.838519,False
8,13,2,1,3,1,0.0,False,0.8385,False
8,13,3,1,2,2,0.0,True,0.838481,False
8,14,1,0,0,0,0.0,False,0.838462,False
8,14,2,0,2,1,0.0,False,0.838443,False
8,14,3,1,2,2,0.0,False,0.8384240000000001,False
8,14,4,2,2,3,0.0,True,0.8384050000000001,False
8,15,1,0,1,4,0.0,False,0.8383860000000001,False
8,15,2,4,1,8,0.0,False,0.838367,False
8,15,3,8,2,9,0.0,False,0.838348,False
8,15,4,9,1,13,0.0,False,0.838329,False
8,15,5,13,0,12,0.0,True,0.83831,False
8,16,1,0,0,0,0.0,False,0.838291,False
8,16,2,0,1,4,0.0,False,0.838272,False
8,16,3,4,0,4,0.0,False,0.838253,False
8,16,4,4,3,0,0.0,False,0.838234,False
8,16,5,0,0,0,0.0,False,0.8382149999999999,False
8,16,6,0,3,0,0.0,False,0.8381959999999999,False
8,16,7,0,1,4,0.0,False,0.838177,False
8,16,8,4,2,5,0.0,False,0.838158,False
8,16,9,5,2,6,0.0,False,0.838139,False
8,16,10,6,3,2,0.0,False,0.83812,False
8,16,11,2,0,1,0.0,False,0.838101,False
8,16,12,1,3,1,0.0,False,0.838082,False
8,16,13,1,3,1,0.0,False,0.838063,False
8,16,14,1,1,5,0.0,False,0.838044,False
8,16,15,5,0,4,0.0,False,0.838025,False
8,16,16,4,1,8,0.0,False,0.838006,False
8,16,17,8,0,8,0.0,False,0.837987,False
8,16,18,8,3,4,0.0,False,0.837968,False
8,16,19,4,3,0,0.0,False,0.837949,False
8,16,20,0,3,0,0.0,False,0.8379300000000001,False
8,16,21,0,3,0,0.0,False,0.8379110000000001,False
8,16,22,0,1,4,0.0,False,0.8378920000000001,False
8,16,23,4,1,8,0.0,False,0.837873,False
8,16,24,8,0,8,0.0,False,0.837854,False
8,16,25,8,2,9,0.0,False,0.837835,False
8,16,26,9,1,13,0.0,False,0.837816,False
8,16,27,13,1,13,0.0,False,0.837797,False
8,16,28,13,2,14,0.0,False,0.837778,False
8,16,29,14,2,15,1.0,True,0.837759,False
8,17,1,0,1,4,0.0,False,0.83774,False
8,17,2,4,2,5,0.0,False,0.837721,False
8,17,3,5,1,9,0.0,False,0.837702,False
8,17,4,9,1,13,0.0,False,0.837683,False
8,17,5,13,2,14,0.0,False,0.837664,False
8,17,6,14,3,10,0.0,True,0.837645,False
8,18,1,0,0,0,0.0,False,0.837626,False
8,18,2,0,0,0,0.0,False,0.837607,False
8,18,3,0,1,4,0.0,False,0.837588,False
8,18,4,4,1,8,0.0,False,0.837569,False
8,18,5,8,0,8,0.0,False,0.83755,False
8,18,6,8,1,12,0.0,True,0.837531,False
8,19,1,0,2,1,0.0,False,0.837512,False
8,19,2,1,2,2,0.0,False,0.837493,False
8,19,3,2,1,6,0.0,False,0.837474,False
8,19,4,6,3,2,0.0,False,0.8374550000000001,False
8,19,5,2,2,3,0.0,True,0.8374360000000001,False
8,20,1,0,2,1,0.0,True,0.8374170000000001,False
8,21,1,0,1,4,0.0,False,0.837398,False
8,21,2,4,0,4,0.0,False,0.837379,False
8,21,3,4,3,0,0.0,False,0.83736,False
8,21,4,0,1,4,0.0,False,0.837341,False
8,21,5,4,3,0,0.0,False,0.837322,False
8,21,6,0,1,4,0.0,False,0.837303,False
8,21,7,4,0,4,0.0,False,0.837284,False
8,21,8,4,3,0,0.0,False,0.837265,False
8,21,9,0,2,1,0.0,False,0.837246,False
8,21,10,1,2,2,0.0,False,0.837227,False
8,21,11,2,0,1,0.0,False,0.837208,False
8,21,12,1,1,5,0.0,False,0.837189,False
8,21,13,5,2,6,0.0,False,0.83717,False
8,21,14,6,2,7,0.0,False,0.837151,False
8,21,15,7,1,11,0.0,False,0.837132,False
8,21,16,11,2,11,0.0,False,0.837113,False
8,21,17,11,2,11,0.0,False,0.837094,False
8,21,18,11,2,11,0.0,False,0.837075,False
8,21,19,11,0,10,0.0,False,0.837056,False
8,21,20,10,2,11,0.0,False,0.837037,False
8,21,21,11,0,10,0.0,False,0.837018,False
8,21,22,10,0,9,0.0,True,0.836999,False
8,22,1,0,3,0,0.0,False,0.8369800000000001,False
8,22,2,0,2,1,0.0,False,0.8369610000000001,False
8,22,3,1,1,5,0.0,False,0.8369420000000001,False
8,22,4,5,0,4,0.0,False,0.836923,False
8,22,5,4,0,4,0.0,False,0.836904,False
8,22,6,4,2,5,0.0,False,0.836885,False
8,22,7,5,1,9,0.0,False,0.836866,False
8,22,8,9,1,13,0.0,False,0.836847,False
8,22,9,13,3,9,0.0,False,0.836828,False
8,22,10,9,1,13,0.0,False,0.836809,False
8,22,11,13,2,14,0.0,False,0.83679,False
8,22,12,14,0,13,0.0,False,0.836771,False
8,22,13,13,0,12,0.0,False,0.836752,False
8,22,14,12,2,13,0.0,False,0.836733,False
8,22,15,13,2,14,0.0,False,0.836714,False
8,22,16,14,0,13,0.0,False,0.836695,False
8,22,17,13,0,12,0.0,False,0.836676,False
8,22,18,12,3,8,0.0,False,0.836657,False
8,22,19,8,1,12,0.0,False,0.836638,False
8,22,20,12,0,12,0.0,False,0.836619,False
8,22,21,12,0,12,0.0,False,0.8366,False
8,22,22,12,2,13,0.0,False,0.836581,False
8,22,23,13,2,14,0.0,False,0.836562,False
8,22,24,14,0,13,0.0,False,0.836543,False
8,22,25,13,2,14,0.0,False,0.836524,False
8,22,26,14,2,15,1.0,True,0.836505,False
8,23,1,0,1,4,0.0,False,0.8364860000000001,False
8,23,2,4,0,4,0.0,False,0.8364670000000001,False
8,23,3,4,2,5,0.0,False,0.836448,False
8,23,4,5,1,9,0.0,False,0.836429,False
8,23,5,9,2,10,0.0,False,0.83641,False
8,23,6,10,2,11,0.0,False,0.836391,False
8,23,7,11,1,15,1.0,True,0.836372,False
8,24,1,0,1,4,0.0,False,0.836353,False
8,24,2,4,0,4,0.0,False,0.836334,False
8,24,3,4,1,8,0.0,False,0.836315,False
8,24,4,8,2,9,0.0,False,0.836296,False
8,24,5,9,3,5,0.0,True,0.836277,False
8,25,1,0,3,0,0.0,False,0.836258,False
8,25,2,0,0,0,0.0,False,0.836239,False
8,25,3,0,0,0,0.0,False,0.83622,False
8,25,4,0,2,1,0.0,False,0.836201,False
8,25,5,1,2,2,0.0,False,0.836182,False
8,25,6,2,0,1,0.0,False,0.836163,False
8,25,7,1,3,1,0.0,False,0.836144,False
8,25,8,1,2,2,0.0,False,0.836125,False
8,25,9,2,0,1,0.0,False,0.836106,False
8,25,10,1,3,1,0.0,False,0.836087,False
8,25,11,1,0,0,0.0,False,0.836068,False
8,25,12,0,3,0,0.0,False,0.836049,False
8,25,13,0,2,1,0.0,False,0.83603,False
8,25,14,1,1,5,0.0,True,0.8360110000000001,False
8,26,1,0,1,4,0.0,True,0.8359920000000001,False
8,27,1,0,3,0,0.0,False,0.835973,False
8,27,2,0,3,0,0.0,False,0.835954,False
8,27,3,0,3,0,0.0,False,0.835935,False
8,27,4,0,2,1,0.0,True,0.835916,False
8,28,1,0,1,4,0.0,True,0.835897,False
8,29,1,0,3,0,0.0,False,0.835878,False
8,29,2,0,3,0,0.0,False,0.835859,False
8,29,3,0,0,0,0.0,False,0.83584,False
8,29,4,0,2,1,0.0,False,0.835821,False
8,29,5,1,2,2,0.0,False,0.835802,False
8,29,6,2,2,3,0.0,False,0.8357829999999999,False
8,29,7,3,3,3,0.0,False,0.835764,False
8,29,8,3,1,7,0.0,False,0.835745,False
8,29,9,7,1,11,0.0,False,0.835726,False
8,29,10,11,2,11,0.0,False,0.835707,False
8,29,11,11,0,10,0.0,False,0.835688,False
8,29,12,10,2,11,0.0,False,0.835669,False
8,29,13,11,2,11,0.0,False,0.83565,False
8,29,14,11,1,15,1.0,True,0.835631,False
8,30,1,0,2,1,0.0,False,0.835612,False
8,30,2,1,2,2,0.0,False,0.835593,False
8,30,3,2,1,6,0.0,False,0.835574,False
8,30,4,6,2,7,0.0,False,0.835555,False
8,30,5,7,0,6,0.0,False,0.8355360000000001,False
8,30,6,6,0,5,0.0,True,0.8355170000000001,False
8,31,1,0,3,0,0.0,False,0.835498,False
8,31,2,0,3,0,0.0,False,0.835479,False
8,31,3,0,3,0,0.0,False,0.83546,False
8,31,4,0,0,0,0.0,False,0.835441,False
8,31,5,0,2,1,0.0,False,0.835422,False
8,31,6,1,2,2,0.0,False,0.835403,False
8,31,7,2,0,1,0.0,False,0.835384,False
8,31,8,1,1,5,0.0,False,0.835365,False
8,31,9,5,2,6,0.0,False,0.835346,False
8,31,10,6,3,2,0.0,False,0.835327,False
8,31,11,2,1,6,0.0,False,0.835308,False
8,31,12,6,2,7,0.0,False,0.835289,False
8,31,13,7,1,11,0.0,False,0.83527,False
8,31,14,11,3,7,0.0,False,0.835251,False
8,31,15,7,1,11,0.0,False,0.835232,False
8,31,16,11,3,7,0.0,False,0.835213,False
8,31,17,7,3,3,0.0,True,0.835194,False
8,32,1,0,3,0,0.0,False,0.835175,False
8,32,2,0,2,1,0.0,True,0.835156,False
8,33,1,0,0,0,0.0,False,0.835137,False
8,33,2,0,0,0,0.0,False,0.835118,False
8,33,3,0,2,1,0.0,False,0.835099,False
8,33,4,1,2,2,0.0,True,0.83508,False
8,34,1,0,2,1,0.0,True,0.835061,False
8,35,1,0,3,0,0.0,False,0.8350420000000001,False
8,35,2,0,1,4,0.0,False,0.835023,False
8,35,3,4,0,4,0.0,False,0.835004,False
8,35,4,4,2,5,0.0,False,0.834985,False
8,35,5,5,3,1,0.0,True,0.834966,False
8,36,1,0,0,0,0.0,False,0.834947,False
8,36,2,0,2,1,0.0,False,0.834928,False
8,36,3,1,0,0,0.0,False,0.834909,False
8,36,4,0,1,4,0.0,False,0.83489,False
8,36,5,4,2,5,0.0,False,0.834871,False
8,36,6,5,1,9,0.0,False,0.834852,False
8,36,7,9,1,13,0.0,False,0.834833,False
8,36,8,13,1,13,0.0,False,0.834814,False
8,36,9,13,3,9,0.0,False,0.834795,False
8,36,10,9,2,10,0.0,False,0.834776,False
8,36,11,10,2,11,0.0,False,0.834757,False
8,36,12,11,1,15,1.0,True,0.834738,False
8,37,1,0,1,4,0.0,False,0.834719,False
8,37,2,4,2,5,0.0,False,0.8347,False
8,37,3,5,2,6,0.0,False,0.834681,False
8,37,4,6,1,10,0.0,False,0.834662,False
8,37,5,10,0,9,0.0,False,0.834643,False
8,37,6,9,3,5,0.0,False,0.834624,False
8,37,7,5,1,9,0.0,False,0.834605,False
8,37,8,9,3,5,0.0,False,0.834586,False
8,37,9,5,2,6,0.0,False,0.8345670000000001,False
8,37,10,6,0,5,0.0,False,0.8345480000000001,False
8,37,11,5,1,9,0.0,False,0.834529,False
8,37,12,9,1,13,0.0,False,0.83451,False
8,37,13,13,2,14,0.0,True,0.834491,False
8,38,1,0,1,4,0.0,False,0.834472,False
8,38,2,4,3,0,0.0,False,0.834453,False
8,38,3,0,3,0,0.0,False,0.834434,False
8,38,4,0,1,4,0.0,False,0.834415,False
8,38,5,4,2,5,0.0,False,0.834396,False
8,38,6,5,2,6,0.0,False,0.834377,False
8,38,7,6,1,10,0.0,False,0.834358,False
8,38,8,10,2,11,0.0,False,0.8343389999999999,False
8,38,9,11,3,7,0.0,True,0.83432,False
8,39,1,0,1,4,0.0,False,0.834301,False
8,39,2,4,2,5,0.0,False,0.834282,False
8,39,3,5,0,4,0.0,False,0.834263,False
8,39,4,4,2,5,0.0,False,0.834244,False
8,39,5,5,2,6,0.0,False,0.834225,False
8,39,6,6,2,7,0.0,False,0.834206,False
8,39,7,7,1,11,0.0,False,0.834187,False
8,39,8,11,3,7,0.0,False,0.834168,False
8,39,9,7,3,3,0.0,True,0.834149,False
8,40,1,0,2,1,0.0,False,0.83413,False
8,40,2,1,2,2,0.0,False,0.834111,False
8,40,3,2,2,3,0.0,False,0.8340920000000001,False
8,40,4,3,3,3,0.0,False,0.8340730000000001,False
8,40,5,3,2,3,0.0,False,0.8340540000000001,False
8,40,6,3,2,3,0.0,False,0.8340350000000001,False
8,40,7,3,2,3,0.0,False,0.834016,False
8,40,8,3,1,7,0.0,False,0.833997,False
8,40,9,7,0,6,0.0,False,0.833978,False
8,40,10,6,0,5,0.0,True,0.833959,False
8,41,1,0,1,4,0.0,False,0.83394,False
8,41,2,4,1,8,0.0,False,0.833921,False
8,41,3,8,3,4,0.0,False,0.833902,False
8,41,4,4,2,5,0.0,False,0.833883,False
8,41,5,5,0,4,0.0,False,0.8338639999999999,False
8,41,6,4,2,5,0.0,False,0.833845,False
8,41,7,5,3,1,0.0,False,0.833826,False
8,41,8,1,1,5,0.0,False,0.833807,False
8,41,9,5,1,9,0.0,True,0.833788,False
8,42,1,0,1,4,0.0,False,0.833769,False
8,42,2,4,0,4,0.0,False,0.83375,False
8,42,3,4,0,4,0.0,False,0.833731,False
8,42,4,4,0,4,0.0,False,0.833712,False
8,42,5,4,3,0,0.0,False,0.833693,False
8,42,6,0,3,0,0.0,False,0.833674,False
8,42,7,0,2,1,0.0,False,0.833655,False
8,42,8,1,1,5,0.0,False,0.833636,False
8,42,9,5,0,4,0.0,False,0.833617,False
8,42,10,4,0,4,0.0,False,0.8335980000000001,False
8,42,11,4,1,8,0.0,False,0.8335790000000001,False
8,42,12,8,1,12,0.0,False,0.8335600000000001,False
8,42,13,12,1,12,0.0,False,0.8335410000000001,False
8,42,14,12,3,8,0.0,False,0.833522,False
8,42,15,8,0,8,0.0,False,0.833503,False
8,42,16,8,1,12,0.0,False,0.833484,False
8,42,17,12,3,8,0.0,False,0.833465,False
8,42,18,8,3,4,0.0,False,0.833446,False
8,42,19,4,0,4,0.0,False,0.833427,False
8,42,20,4,2,5,0.0,False,0.833408,False
8,42,21,5,2,6,0.0,False,0.8333889999999999,False
8,42,22,6,3,2,0.0,False,0.8333699999999999,False
8,42,23,2,0,1,0.0,False,0.833351,False
8,42,24,1,0,0,0.0,False,0.833332,False
8,42,25,0,2,1,0.0,False,0.833313,False
8,42,26,1,2,2,0.0,False,0.833294,False
8,42,27,2,0,1,0.0,False,0.833275,False
8,42,28,1,2,2,0.0,False,0.833256,False
8,42,29,2,1,6,0.0,False,0.833237,False
8,42,30,6,3,2,0.0,False,0.833218,False
8,42,31,2,1,6,0.0,False,0.833199,False
8,42,32,6,3,2,0.0,False,0.83318,False
8,42,33,2,2,3,0.0,False,0.833161,False
8,42,34,3,1,7,0.0,False,0.833142,False
8,42,35,7,2,7,0.0,False,0.8331230000000001,False
8,42,36,7,3,3,0.0,False,0.8331040000000001,False
8,42,37,3,2,3,0.0,False,0.8330850000000001,False
8,42,38,3,0,2,0.0,False,0.8330660000000001,False
8,42,39,2,2,3,0.0,False,0.833047,False
8,42,40,3,0,2,0.0,False,0.833028,False
8,42,41,2,1,6,0.0,False,0.833009,False
8,42,42,6,1,10,0.0,False,0.83299,False
8,42,43,10,1,14,0.0,True,0.832971,False
8,43,1,0,3,0,0.0,False,0.832952,False
8,43,2,0,3,0,0.0,False,0.832933,False
8,43,3,0,2,1,0.0,False,0.8329139999999999,False
8,43,4,1,1,5,0.0,False,0.8328949999999999,False
8,43,5,5,1,9,0.0,True,0.832876,False
8,44,1,0,1,4,0.0,True,0.832857,False
8,45,1,0,1,4,0.0,False,0.832838,False
8,45,2,4,0,4,0.0,False,0.832819,False
8,45,3,4,0,4,0.0,False,0.8328,False
8,45,4,4,3,0,0.0,False,0.832781,False
8,45,5,0,3,0,0.0,False,0.832762,False
8,45,6,0,3,0,0.0,False,0.832743,False
8,45,7,0,2,1,0.0,False,0.832724,False
8,45,8,1,1,5,0.0,False,0.832705,False
8,45,9,5,1,9,0.0,False,0.832686,False
8,45,10,9,0,8,0.0,False,0.832667,False
8,45,11,8,2,9,0.0,False,0.832648,False
8,45,12,9,3,5,0.0,False,0.8326290000000001,False
8,45,13,5,0,4,0.0,False,0.8326100000000001,False
8,45,14,4,2,5,0.0,False,0.8325910000000001,False
8,45,15,5,3,1,0.0,False,0.832572,False
8,45,16,1,2,2,0.0,False,0.832553,False
8,45,17,2,3,2,0.0,False,0.832534,False
8,45,18,2,2,3,0.0,False,0.832515,False
8,45,19,3,2,3,0.0,False,0.832496,False
8,45,20,3,2,3,0.0,False,0.832477,False
8,45,21,3,2,3,0.0,False,0.832458,False
8,45,22,3,1,7,0.0,True,0.832439,False
8,46,1,0,3,0,0.0,False,0.8324199999999999,False
8,46,2,0,1,4,0.0,False,0.832401,False
8,46,3,4,2,5,0.0,True,0.832382,False
8,47,1,0,3,0,0.0,False,0.832363,False
8,47,2,0,0,0,0.0,False,0.832344,False
8,47,3,0,2,1,0.0,False,0.832325,False
8,47,4,1,2,2,0.0,False,0.832306,False
8,47,5,2,0,1,0.0,False,0.832287,False
8,47,6,1,0,0,0.0,False,0.832268,False
8,47,7,0,3,0,0.0,False,0.832249,False
8,47,8,0,0,0,0.0,False,0.83223,False
8,47,9,0,3,0,0.0,False,0.832211,False
8,47,10,0,1,4,0.0,False,0.832192,False
8,47,11,4,3,0,0.0,False,0.832173,False
8,47,12,0,1,4,0.0,False,0.8321540000000001,False
8,47,13,4,3,0,0.0,False,0.8321350000000001,False
8,47,14,0,1,4,0.0,False,0.8321160000000001,False
8,47,15,4,2,5,0.0,False,0.832097,False
8,47,16,5,2,6,0.0,True,0.832078,False
8,48,1,0,1,4,0.0,False,0.832059,False
8,48,2,4,2,5,0.0,False,0.83204,False
8,48,3,5,1,9,0.0,False,0.832021,False
8,48,4,9,1,13,0.0,False,0.832002,False
8,48,5,13,2,14,0.0,False,0.831983,False
8,48,6,14,1,14,0.0,False,0.831964,False
8,48,7,14,2,15,1.0,True,0.831945,False
8,49,1,0,3,0,0.0,False,0.831926,False
8,49,2,0,0,0,0.0,False,0.831907,False
8,49,3,0,1,4,0.0,False,0.831888,False
8,49,4,4,3,0,0.0,False,0.831869,False
8,49,5,0,1,4,0.0,False,0.83185,False
8,49,6,4,0,4,0.0,False,0.831831,False
8,49,7,4,0,4,0.0,False,0.831812,False
8,49,8,4,3,0,0.0,False,0.831793,False
8,49,9,0,3,0,0.0,False,0.831774,False
8,49,10,0,3,0,0.0,False,0.831755,False
8,49,11,0,3,0,0.0,False,0.831736,False
8,49,12,0,1,4,0.0,False,0.831717,False
8,49,13,4,2,5,0.0,False,0.831698,False
8,49,14,5,2,6,0.0,False,0.8316790000000001,False
8,49,15,6,1,10,0.0,False,0.8316600000000001,False
8,49,16,10,2,11,0.0,False,0.8316410000000001,False
8,49,17,11,0,10,0.0,False,0.831622,False
8,49,18,10,1,14,0.0,False,0.831603,False
8,49,19,14,3,10,0.0,False,0.831584,False
8,49,20,10,2,11,0.0,False,0.831565,False
8,49,21,11,2,11,0.0,False,0.831546,False
8,49,22,11,3,7,0.0,True,0.831527,False
8,50,1,0,1,4,0.0,False,0.831508,False
8,50,2,4,2,5,0.0,False,0.831489,False
8,50,3,5,2,6,0.0,False,0.83147,False
8,50,4,6,1,10,0.0,True,0.831451,False
8,51,1,0,0,0,0.0,False,0.8314320000000001,False
8,51,2,0,1,4,0.0,False,0.831413,False
8,51,3,4,1,8,0.0,False,0.831394,False
8,51,4,8,2,9,0.0,False,0.831375,False
8,51,5,9,0,8,0.0,False,0.831356,False
8,51,6,8,2,9,0.0,False,0.831337,False
8,51,7,9,2,10,0.0,False,0.831318,False
8,51,8,10,3,6,0.0,False,0.831299,False
8,51,9,6,3,2,0.0,True,0.83128,False
8,52,1,0,3,0,0.0,False,0.831261,False
8,52,2,0,3,0,0.0,False,0.831242,False
8,52,3,0,3,0,0.0,False,0.831223,False
8,52,4,0,2,1,0.0,True,0.831204,False
8,53,1,0,3,0,0.0,False,0.8311850000000001,False
8,53,2,0,2,1,0.0,False,0.8311660000000001,False
8,53,3,1,0,0,0.0,False,0.831147,False
8,53,4,0,0,0,0.0,False,0.831128,False
8,53,5,0,3,0,0.0,False,0.831109,False
8,53,6,0,3,0,0.0,False,0.83109,False
8,53,7,0,2,1,0.0,False,0.831071,False
8,53,8,1,2,2,0.0,False,0.831052,False
8,53,9,2,0,1,0.0,False,0.831033,False
8,53,10,1,2,2,0.0,False,0.831014,False
8,53,11,2,1,6,0.0,False,0.830995,False
8,53,12,6,0,5,0.0,False,0.830976,False
8,53,13,5,3,1,0.0,False,0.8309570000000001,False
8,53,14,1,3,1,0.0,False,0.830938,False
8,53,15,1,0,0,0.0,False,0.830919,False
8,53,16,0,3,0,0.0,False,0.8309,False
8,53,17,0,1,4,0.0,False,0.830881,False
8,53,18,4,2,5,0.0,False,0.830862,False
8,53,19,5,2,6,0.0,False,0.830843,False
8,53,20,6,3,2,0.0,False,0.830824,False
8,53,21,2,1,6,0.0,False,0.830805,False
8,53,22,6,2,7,0.0,False,0.830786,False
8,53,23,7,1,11,0.0,False,0.830767,False
8,53,24,11,2,11,0.0,False,0.830748,False
8,53,25,11,2,11,0.0,False,0.830729,False
8,53,26,11,1,15,1.0,True,0.8307100000000001,False
8,54,1,0,1,4,0.0,False,0.8306910000000001,False
8,54,2,4,0,4,0.0,False,0.830672,False
8,54,3,4,1,8,0.0,False,0.830653,False
8,54,4,8,1,12,0.0,False,0.830634,False
8,54,5,12,3,8,0.0,False,0.830615,False
8,54,6,8,3,4,0.0,False,0.830596,False
8,54,7,4,3,0,0.0,False,0.830577,False
8,54,8,0,3,0,0.0,False,0.830558,False
8,54,9,0,3,0,0.0,False,0.830539,False
8,54,10,0,1,4,0.0,False,0.83052,False
8,54,11,4,2,5,0.0,False,0.830501,False
8,54,12,5,0,4,0.0,False,0.830482,False
8,54,13,4,3,0,0.0,False,0.830463,False
8,54,14,0,3,0,0.0,False,0.830444,False
8,54,15,0,3,0,0.0,False,0.830425,False
8,54,16,0,3,0,0.0,False,0.830406,False
8,54,17,0,1,4,0.0,False,0.830387,False
8,54,18,4,2,5,0.0,False,0.830368,False
8,54,19,5,2,6,0.0,False,0.830349,False
8,54,20,6,3,2,0.0,True,0.83033,False
8,55,1,0,2,1,0.0,False,0.830311,False
8,55,2,1,1,5,0.0,False,0.830292,False
8,55,3,5,2,6,0.0,False,0.830273,False
8,55,4,6,1,10,0.0,False,0.830254,False
8,55,5,10,2,11,0.0,False,0.8302350000000001,False
8,55,6,11,3,7,0.0,False,0.8302160000000001,False
8,55,7,7,1,11,0.0,False,0.830197,False
8,55,8,11,2,11,0.0,False,0.830178,False
8,55,9,11,0,10,0.0,False,0.830159,False
8,55,10,10,2,11,0.0,False,0.83014,False
8,55,11,11,2,11,0.0,False,0.830121,False
8,55,12,11,2,11,0.0,False,0.830102,False
8,55,13,11,3,7,0.0,False,0.830083,False
8,55,14,7,2,7,0.0,False,0.830064,False
8,55,15,7,2,7,0.0,False,0.830045,False
8,55,16,7,0,6,0.0,False,0.830026,False
8,55,17,6,1,10,0.0,False,0.830007,False
8,55,18,10,2,11,0.0,False,0.829988,False
8,55,19,11,2,11,0.0,False,0.829969,False
8,55,20,11,0,10,0.0,False,0.82995,False
8,55,21,10,1,14,0.0,False,0.829931,False
8,55,22,14,0,13,0.0,False,0.829912,False
8,55,23,13,2,14,0.0,False,0.829893,False
8,55,24,14,2,15,1.0,True,0.829874,False
8,56,1,0,1,4,0.0,False,0.829855,False
8,56,2,4,3,0,0.0,False,0.829836,False
8,56,3,0,3,0,0.0,False,0.829817,False
8,56,4,0,3,0,0.0,False,0.829798,False
8,56,5,0,1,4,0.0,False,0.829779,False
8,56,6,4,2,5,0.0,False,0.82976,False
8,56,7,5,3,1,0.0,False,0.8297410000000001,False
8,56,8,1,1,5,0.0,False,0.829722,False
8,56,9,5,1,9,0.0,False,0.829703,False
8,56,10,9,1,13,0.0,False,0.829684,False
8,56,11,13,3,9,0.0,False,0.829665,False
8,56,12,9,0,8,0.0,False,0.829646,False
8,56,13,8,0,8,0.0,False,0.829627,False
8,56,14,8,2,9,0.0,False,0.829608,False
8,56,15,9,1,13,0.0,False,0.829589,False
8,56,16,13,0,12,0.0,False,0.82957,False
8,56,17,12,1,12,0.0,False,0.829551,False
8,56,18,12,2,13,0.0,False,0.829532,False
8,56,19,13,2,14,0.0,False,0.829513,False
8,56,20,14,2,15,1.0,True,0.829494,False
8,57,1,0,2,1,0.0,False,0.829475,False
8,57,2,1,2,2,0.0,False,0.829456,False
8,57,3,2,1,6,0.0,False,0.829437,False
8,57,4,6,0,5,0.0,False,0.829418,False
8,57,5,5,2,6,0.0,False,0.829399,False
8,57,6,6,3,2,0.0,False,0.82938,False
8,57,7,2,0,1,0.0,False,0.829361,False
8,57,8,1,1,5,0.0,False,0.829342,False
8,57,9,5,0,4,0.0,False,0.829323,False
8,57,10,4,2,5,0.0,False,0.829304,False
8,57,11,5,0,4,0.0,False,0.829285,False
8,57,12,4,2,5,0.0,False,0.8292660000000001,False
8,57,13,5,3,1,0.0,False,0.829247,False
8,57,14,1,2,2,0.0,False,0.829228,False
8,57,15,2,0,1,0.0,False,0.829209,False
8,57,16,1,1,5,0.0,False,0.82919,False
8,57,17,5,0,4,0.0,False,0.829171,False
8,57,18,4,3,0,0.0,False,0.829152,False
8,57,19,0,0,0,0.0,False,0.829133,False
8,57,20,0,2,1,0.0,False,0.829114,False
8,57,21,1,0,0,0.0,False,0.829095,False
8,57,22,0,0,0,0.0,False,0.829076,False
8,57,23,0,1,4,0.0,False,0.829057,False
8,57,24,4,3,0,0.0,False,0.8290379999999999,False
8,57,25,0,1,4,0.0,False,0.829019,False
8,57,26,4,0,4,0.0,False,0.829,False
8,57,27,4,1,8,0.0,True,0.828981,False
8,58,1,0,2,1,0.0,False,0.828962,False
8,58,2,1,2,2,0.0,False,0.828943,False
8,58,3,2,2,3,0.0,True,0.828924,False
8,59,1,0,0,0,0.0,False,0.828905,False
8,59,2,0,1,4,0.0,False,0.828886,False
8,59,3,4,1,8,0.0,False,0.828867,False
8,59,4,8,1,12,0.0,False,0.828848,False
8,59,5,12,3,8,0.0,False,0.828829,False
8,59,6,8,1,12,0.0,False,0.82881,False
8,59,7,12,3,8,0.0,False,0.828791,False
8,59,8,8,1,12,0.0,False,0.8287720000000001,False
8,59,9,12,0,12,0.0,False,0.8287530000000001,False
8,59,10,12,2,13,0.0,False,0.828734,False
8,59,11,13,2,14,0.0,False,0.828715,False
8,59,12,14,3,10,0.0,False,0.828696,False
8,59,13,10,3,6,0.0,False,0.828677,False
8,59,14,6,1,10,0.0,False,0.828658,False
8,59,15,10,2,11,0.0,False,0.828639,False
8,59,16,11,2,11,0.0,False,0.82862,False
8,59,17,11,3,7,0.0,False,0.828601,False
8,59,18,7,3,3,0.0,True,0.828582,False
8,60,1,0,3,0,0.0,False,0.8285629999999999,False
8,60,2,0,0,0,0.0,False,0.828544,False
8,60,3,0,1,4,0.0,False,0.828525,False
8,60,4,4,3,0,0.0,False,0.828506,False
8,60,5,0,2,1,0.0,False,0.828487,False
8,60,6,1,1,5,0.0,False,0.828468,False
8,60,7,5,1,9,0.0,False,0.828449,False
8,60,8,9,1,13,0.0,True,0.82843,False
8,61,1,0,1,4,0.0,False,0.828411,False
8,61,2,4,3,0,0.0,False,0.828392,False
8,61,3,0,3,0,0.0,False,0.828373,False
8,61,4,0,1,4,0.0,False,0.828354,False
8,61,5,4,3,0,0.0,False,0.828335,False
8,61,6,0,1,4,0.0,False,0.828316,False
8,61,7,4,2,5,0.0,False,0.8282970000000001,False
8,61,8,5,1,9,0.0,False,0.8282780000000001,False
8,61,9,9,1,13,0.0,False,0.8282590000000001,False
8,61,10,13,0,12,0.0,True,0.8282400000000001,False
8,62,1,0,3,0,0.0,False,0.828221,False
8,62,2,0,0,0,0.0,False,0.828202,False
8,62,3,0,0,0,0.0,False,0.828183,False
8,62,4,0,2,1,0.0,False,0.828164,False
8,62,5,1,3,1,0.0,False,0.828145,False
8,62,6,1,1,5,0.0,False,0.828126,False
8,62,7,5,0,4,0.0,False,0.828107,False
8,62,8,4,2,5,0.0,False,0.8280879999999999,False
8,62,9,5,2,6,0.0,False,0.8280689999999999,False
8,62,10,6,1,10,0.0,False,0.82805,False
8,62,11,10,2,11,0.0,False,0.828031,False
8,62,12,11,1,15,1.0,True,0.828012,False
8,63,1,0,1,4,0.0,False,0.827993,False
8,63,2,4,1,8,0.0,False,0.827974,False
8,63,3,8,3,4,0.0,False,0.827955,False
8,63,4,4,0,4,0.0,False,0.827936,False
8,63,5,4,0,4,0.0,False,0.827917,False
8,63,6,4,2,5,0.0,False,0.827898,False
8,63,7,5,2,6,0.0,True,0.827879,False
8,64,1,0,0,0,0.0,False,0.82786,False
8,64,2,0,0,0,0.0,False,0.827841,False
8,64,3,0,2,1,0.0,False,0.8278220000000001,False
8,64,4,1,1,5,0.0,False,0.8278030000000001,False
8,64,5,5,2,6,0.0,False,0.8277840000000001,False
8,64,6,6,1,10,0.0,True,0.8277650000000001,False
8,65,1,0,1,4,0.0,False,0.827746,False
8,65,2,4,2,5,0.0,False,0.827727,False
8,65,3,5,0,4,0.0,False,0.827708,False
8,65,4,4,2,5,0.0,False,0.827689,False
8,65,5,5,1,9,0.0,False,0.82767,False
8,65,6,9,1,13,0.0,False,0.827651,False
8,65,7,13,0,12,0.0,False,0.827632,False
8,65,8,12,1,12,0.0,False,0.8276129999999999,False
8,65,9,12,3,8,0.0,False,0.8275939999999999,False
8,65,10,8,3,4,0.0,False,0.827575,False
8,65,11,4,1,8,0.0,False,0.827556,False
8,65,12,8,2,9,0.0,False,0.827537,False
8,65,13,9,2,10,0.0,True,0.827518,False
8,66,1,0,3,0,0.0,False,0.827499,False
8,66,2,0,3,0,0.0,False,0.82748,False
8,66,3,0,3,0,0.0,False,0.827461,False
8,66,4,0,1,4,0.0,False,0.827442,False
8,66,5,4,1,8,0.0,False,0.827423,False
8,66,6,8,1,12,0.0,False,0.827404,False
8,66,7,12,3,8,0.0,False,0.827385,False
8,66,8,8,0,8,0.0,False,0.827366,False
8,66,9,8,3,4,0.0,False,0.827347,False
8,66,10,4,2,5,0.0,False,0.8273280000000001,False
8,66,11,5,2,6,0.0,False,0.8273090000000001,False
8,66,12,6,1,10,0.0,False,0.8272900000000001,False
8,66,13,10,3,6,0.0,False,0.827271,False
8,66,14,6,2,7,0.0,False,0.827252,False
8,66,15,7,3,3,0.0,False,0.827233,False
8,66,16,3,1,7,0.0,False,0.827214,False
8,66,17,7,3,3,0.0,False,0.827195,False
8,66,18,3,2,3,0.0,False,0.827176,False
8,66,19,3,2,3,0.0,False,0.827157,False
8,66,20,3,1,7,0.0,False,0.8271379999999999,False
8,66,21,7,1,11,0.0,False,0.8271189999999999,False
8,66,22,11,2,11,0.0,False,0.8271,False
8,66,23,11,1,15,1.0,True,0.827081,False
8,67,1,0,3,0,0.0,False,0.827062,False
8,67,2,0,1,4,0.0,False,0.827043,False
8,67,3,4,3,0,0.0,False,0.827024,False
8,67,4,0,3,0,0.0,False,0.827005,False
8,67,5,0,2,1,0.0,True,0.826986,False
8,68,1,0,2,1,0.0,False,0.826967,False
8,68,2,1,3,1,0.0,False,0.826948,False
8,68,3,1,1,5,0.0,False,0.826929,False
8,68,4,5,1,9,0.0,False,0.82691,False
8,68,5,9,0,8,0.0,False,0.826891,False
8,68,6,8,2,9,0.0,False,0.826872,False
8,68,7,9,2,10,0.0,False,0.8268530000000001,False
8,68,8,10,1,14,0.0,False,0.8268340000000001,False
8,68,9,14,3,10,0.0,False,0.8268150000000001,False
8,68,10,10,0,9,0.0,False,0.826796,False
8,68,11,9,0,8,0.0,False,0.826777,False
8,68,12,8,1,12,0.0,False,0.826758,False
8,68,13,12,3,8,0.0,False,0.826739,False
8,68,14,8,1,12,0.0,False,0.82672,False
8,68,15,12,0,12,0.0,False,0.826701,False
8,68,16,12,2,13,0.0,False,0.826682,False
8,68,17,13,1,13,0.0,False,0.826663,False
8,68,18,13,3,9,0.0,False,0.826644,False
8,68,19,9,2,10,0.0,False,0.8266249999999999,False
8,68,20,10,1,14,0.0,False,0.826606,False
8,68,21,14,3,10,0.0,False,0.826587,False
8,68,22,10,1,14,0.0,False,0.826568,False
8,68,23,14,3,10,0.0,False,0.826549,False
8,68,24,10,1,14,0.0,False,0.82653,False
8,68,25,14,3,10,0.0,False,0.826511,False
8,68,26,10,0,9,0.0,False,0.826492,False
8,68,27,9,1,13,0.0,False,0.826473,False
8,68,28,13,1,13,0.0,False,0.826454,False
8,68,29,13,1,13,0.0,False,0.826435,False
8,68,30,13,2,14,0.0,False,0.826416,False
8,68,31,14,2,15,1.0,True,0.826397,False
8,69,1,0,0,0,0.0,False,0.8263780000000001,False
8,69,2,0,0,0,0.0,False,0.8263590000000001,False
8,69,3,0,3,0,0.0,False,0.8263400000000001,False
8,69,4,0,1,4,0.0,False,0.826321,False
8,69,5,4,1,8,0.0,False,0.826302,False
8,69,6,8,0,8,0.0,False,0.826283,False
8,69,7,8,2,9,0.0,False,0.826264,False
8,69,8,9,0,8,0.0,False,0.826245,False
8,69,9,8,2,9,0.0,False,0.826226,False
8,69,10,9,0,8,0.0,False,0.826207,False
8,69,11,8,1,12,0.0,False,0.826188,False
8,69,12,12,2,13,0.0,False,0.826169,False
8,69,13,13,2,14,0.0,True,0.82615,False
8,70,1,0,1,4,0.0,True,0.8261310000000001,False
8,71,1,0,0,0,0.0,False,0.826112,False
8,71,2,0,3,0,0.0,False,0.826093,False
8,71,3,0,0,0,0.0,False,0.826074,False
8,71,4,0,1,4,0.0,False,0.826055,False
8,71,5,4,1,8,0.0,False,0.826036,False
8,71,6,8,0,8,0.0,False,0.826017,False
8,71,7,8,0,8,0.0,False,0.825998,False
8,71,8,8,0,8,0.0,False,0.825979,False
8,71,9,8,0,8,0.0,False,0.82596,False
8,71,10,8,3,4,0.0,False,0.825941,False
8,71,11,4,2,5,0.0,False,0.825922,False
8,71,12,5,1,9,0.0,False,0.825903,False
8,71,13,9,3,5,0.0,False,0.8258840000000001,False
8,71,14,5,1,9,0.0,False,0.8258650000000001,False
8,71,15,9,2,10,0.0,False,0.825846,False
8,71,16,10,2,11,0.0,False,0.825827,False
8,71,17,11,1,15,1.0,True,0.825808,False
8,72,1,0,2,1,0.0,False,0.825789,False
8,72,2,1,3,1,0.0,False,0.82577,False
8,72,3,1,1,5,0.0,False,0.825751,False
8,72,4,5,1,9,0.0,False,0.825732,False
8,72,5,9,2,10,0.0,False,0.825713,False
8,72,6,10,0,9,0.0,False,0.825694,False
8,72,7,9,1,13,0.0,False,0.825675,False
8,72,8,13,3,9,0.0,False,0.8256560000000001,False
8,72,9,9,0,8,0.0,False,0.825637,False
8,72,10,8,1,12,0.0,False,0.825618,False
8,72,11,12,0,12,0.0,False,0.825599,False
8,72,12,12,1,12,0.0,False,0.82558,False
8,72,13,12,2,13,0.0,False,0.825561,False
8,72,14,13,0,12,0.0,False,0.825542,False
8,72,15,12,2,13,0.0,False,0.825523,False
8,72,16,13,2,14,0.0,False,0.825504,False
8,72,17,14,0,13,0.0,False,0.825485,False
8,72,18,13,0,12,0.0,False,0.825466,False
8,72,19,12,1,12,0.0,False,0.825447,False
8,72,20,12,1,12,0.0,False,0.825428,False
8,72,21,12,2,13,0.0,False,0.8254090000000001,False
8,72,22,13,2,14,0.0,False,0.8253900000000001,False
8,72,23,14,0,13,0.0,False,0.825371,False
8,72,24,13,1,13,0.0,False,0.825352,False
8,72,25,13,3,9,0.0,False,0.825333,False
8,72,26,9,1,13,0.0,False,0.825314,False
8,72,27,13,2,14,0.0,False,0.825295,False
8,72,28,14,0,13,0.0,False,0.825276,False
8,72,29,13,1,13,0.0,False,0.825257,False
8,72,30,13,0,12,0.0,False,0.825238,False
8,72,31,12,1,12,0.0,False,0.825219,False
8,72,32,12,0,12,0.0,False,0.8252,False
8,72,33,12,2,13,0.0,False,0.825181,False
8,72,34,13,3,9,0.0,False,0.825162,False
8,72,35,9,2,10,0.0,False,0.825143,False
8,72,36,10,3,6,0.0,False,0.825124,False
8,72,37,6,2,7,0.0,False,0.825105,False
8,72,38,7,1,11,0.0,False,0.825086,False
8,72,39,11,0,10,0.0,False,0.825067,False
8,72,40,10,1,14,0.0,False,0.825048,False
8,72,41,14,3,10,0.0,False,0.825029,False
8,72,42,10,0,9,0.0,False,0.82501,False
8,72,43,9,0,8,0.0,False,0.824991,False
8,72,44,8,0,8,0.0,False,0.824972,False
8,72,45,8,0,8,0.0,False,0.824953,False
8,72,46,8,1,12,0.0,False,0.8249340000000001,False
8,72,47,12,2,13,0.0,False,0.8249150000000001,False
8,72,48,13,0,12,0.0,False,0.824896,False
8,72,49,12,2,13,0.0,False,0.824877,False
8,72,50,13,2,14,0.0,False,0.824858,False
8,73,1,0,1,4,0.0,True,0.824839,False
8,74,1,0,1,4,0.0,False,0.82482,False
8,74,2,4,1,8,0.0,False,0.824801,False
8,74,3,8,1,12,0.0,False,0.824782,False
8,74,4,12,2,13,0.0,False,0.824763,False
8,74,5,13,0,12,0.0,False,0.824744,False
8,74,6,12,1,12,0.0,False,0.824725,False
8,74,7,12,2,13,0.0,False,0.824706,False
8,74,8,13,1,13,0.0,False,0.824687,False
8,74,9,13,1,13,0.0,False,0.824668,False
8,74,10,13,2,14,0.0,False,0.824649,False
8,74,11,14,0,13,0.0,False,0.82463,False
8,74,12,13,1,13,0.0,False,0.824611,False
8,74,13,13,3,9,0.0,False,0.824592,False
8,74,14,9,2,10,0.0,True,0.824573,False
8,75,1,0,1,4,0.0,False,0.824554,False
8,75,2,4,1,8,0.0,True,0.824535,False
8,76,1,0,3,0,0.0,False,0.824516,False
8,76,2,0,3,0,0.0,False,0.824497,False
8,76,3,0,2,1,0.0,False,0.824478,False
8,76,4,1,2,2,0.0,False,0.824459,False
8,76,5,2,1,6,0.0,False,0.8244400000000001,False
8,76,6,6,3,2,0.0,False,0.824421,False
8,76,7,2,0,1,0.0,False,0.824402,False
8,76,8,1,2,2,0.0,False,0.824383,False
8,76,9,2,1,6,0.0,False,0.824364,False
8,76,10,6,1,10,0.0,False,0.824345,False
8,76,11,10,3,6,0.0,False,0.824326,False
8,76,12,6,1,10,0.0,False,0.824307,False
8,76,13,10,3,6,0.0,False,0.824288,False
8,76,14,6,3,2,0.0,False,0.824269,False
8,76,15,2,2,3,0.0,False,0.82425,False
8,76,16,3,3,3,0.0,False,0.824231,False
8,76,17,3,1,7,0.0,False,0.824212,False
8,76,18,7,0,6,0.0,False,0.824193,False
8,76,19,6,3,2,0.0,False,0.824174,False
8,76,20,2,1,6,0.0,False,0.824155,False
8,76,21,6,1,10,0.0,False,0.824136,False
8,76,22,10,3,6,0.0,False,0.824117,False
8,76,23,6,2,7,0.0,False,0.824098,False
8,76,24,7,1,11,0.0,False,0.824079,False
8,76,25,11,0,10,0.0,False,0.82406,False
8,76,26,10,2,11,0.0,False,0.824041,False
8,76,27,11,1,15,1.0,True,0.824022,False
8,77,1,0,3,0,0.0,False,0.824003,False
8,77,2,0,2,1,0.0,False,0.823984,False
8,77,3,1,1,5,0.0,False,0.8239650000000001,False
8,77,4,5,0,4,0.0,False,0.823946,False
8,77,5,4,2,5,0.0,False,0.823927,False
8,77,6,5,0,4,0.0,False,0.823908,False
8,77,7,4,2,5,0.0,False,0.823889,False
8,77,8,5,0,4,0.0,False,0.82387,False
8,77,9,4,2,5,0.0,False,0.823851,False
8,77,10,5,3,1,0.0,False,0.823832,False
8,77,11,1,3,1,0.0,False,0.823813,False
8,77,12,1,3,1,0.0,False,0.823794,False
8,77,13,1,0,0,0.0,False,0.823775,False
8,77,14,0,1,4,0.0,False,0.823756,False
8,77,15,4,1,8,0.0,False,0.8237369999999999,False
8,77,16,8,1,12,0.0,False,0.823718,False
8,77,17,12,2,13,0.0,True,0.823699,False
8,78,1,0,3,0,0.0,False,0.82368,False
8,78,2,0,1,4,0.0,False,0.823661,False
8,78,3,4,2,5,0.0,False,0.823642,False
8,78,4,5,2,6,0.0,False,0.823623,False
8,78,5,6,1,10,0.0,False,0.823604,False
8,78,6,10,1,14,0.0,False,0.823585,False
8,78,7,14,3,10,0.0,False,0.823566,False
8,78,8,10,1,14,0.0,False,0.823547,False
8,78,9,14,2,15,1.0,True,0.823528,False
8,79,1,0,2,1,0.0,False,0.823509,False
8,79,2,1,1,5,0.0,False,0.82349,False
8,79,3,5,1,9,0.0,False,0.8234710000000001,False
8,79,4,9,3,5,0.0,False,0.823452,False
8,79,5,5,1,9,0.0,False,0.823433,False
8,79,6,9,1,13,0.0,False,0.823414,False
8,79,7,13,3,9,0.0,False,0.823395,False
8,79,8,9,1,13,0.0,False,0.823376,False
8,79,9,13,2,14,0.0,False,0.823357,False
8,79,10,14,0,13,0.0,False,0.823338,False
8,79,11,13,2,14,0.0,False,0.823319,False
8,79,12,14,2,15,1.0,True,0.8233,False
8,80,1,0,0,0,0.0,False,0.823281,False
8,80,2,0,3,0,0.0,False,0.8232619999999999,False
8,80,3,0,0,0,0.0,False,0.823243,False
8,80,4,0,1,4,0.0,False,0.823224,False
8,80,5,4,0,4,0.0,False,0.823205,False
8,80,6,4,0,4,0.0,False,0.823186,False
8,80,7,4,1,8,0.0,False,0.823167,False
8,80,8,8,3,4,0.0,False,0.823148,False
8,80,9,4,3,0,0.0,False,0.823129,False
8,80,10,0,2,1,0.0,False,0.82311,False
8,80,11,1,1,5,0.0,False,0.823091,False
8,80,12,5,0,4,0.0,False,0.823072,False
8,80,13,4,0,4,0.0,False,0.823053,False
8,80,14,4,3,0,0.0,False,0.823034,False
8,80,15,0,3,0,0.0,False,0.823015,False
8,80,16,0,1,4,0.0,False,0.8229960000000001,False
8,80,17,4,1,8,0.0,False,0.8229770000000001,False
8,80,18,8,2,9,0.0,False,0.8229580000000001,False
8,80,19,9,1,13,0.0,False,0.822939,False
8,80,20,13,3,9,0.0,False,0.82292,False
8,80,21,9,2,10,0.0,False,0.822901,False
8,80,22,10,2,11,0.0,False,0.822882,False
8,80,23,11,2,11,0.0,False,0.822863,False
8,80,24,11,2,11,0.0,False,0.822844,False
8,80,25,11,2,11,0.0,False,0.822825,False
8,80,26,11,3,7,0.0,False,0.822806,False
8,80,27,7,2,7,0.0,False,0.8227869999999999,False
8,80,28,7,1,11,0.0,False,0.8227679999999999,False
8,80,29,11,3,7,0.0,False,0.822749,False
8,80,30,7,2,7,0.0,False,0.82273,False
8,80,31,7,3,3,0.0,False,0.822711,False
8,80,32,3,1,7,0.0,False,0.822692,False
8,80,33,7,3,3,0.0,False,0.822673,False
8,80,34,3,1,7,0.0,False,0.822654,False
8,80,35,7,2,7,0.0,False,0.822635,False
8,80,36,7,1,11,0.0,False,0.822616,False
8,80,37,11,1,15,1.0,True,0.822597,False
8,81,1,0,2,1,0.0,False,0.822578,False
8,81,2,1,0,0,0.0,False,0.822559,False
8,81,3,0,1,4,0.0,False,0.82254,False
8,81,4,4,2,5,0.0,False,0.8225210000000001,False
8,81,5,5,2,6,0.0,False,0.8225020000000001,False
8,81,6,6,0,5,0.0,False,0.8224830000000001,False
8,81,7,5,3,1,0.0,False,0.8224640000000001,False
8,81,8,1,1,5,0.0,False,0.822445,False
8,81,9,5,2,6,0.0,False,0.822426,False
8,81,10,6,0,5,0.0,False,0.822407,False
8,81,11,5,2,6,0.0,False,0.822388,False
8,81,12,6,2,7,0.0,False,0.822369,False
8,81,13,7,3,3,0.0,False,0.82235,False
8,81,14,3,2,3,0.0,False,0.822331,False
8,81,15,3,0,2,0.0,True,0.8223119999999999,False
8,82,1,0,1,4,0.0,False,0.8222929999999999,False
8,82,2,4,0,4,0.0,False,0.822274,False
8,82,3,4,0,4,0.0,False,0.822255,False
8,82,4,4,3,0,0.0,False,0.822236,False
8,82,5,0,0,0,0.0,False,0.822217,False
8,82,6,0,1,4,0.0,False,0.822198,False
8,82,7,4,0,4,0.0,False,0.822179,False
8,82,8,4,2,5,0.0,False,0.82216,False
8,82,9,5,1,9,0.0,True,0.822141,False
8,83,1,0,3,0,0.0,False,0.822122,False
8,83,2,0,3,0,0.0,False,0.822103,False
8,83,3,0,2,1,0.0,False,0.822084,False
8,83,4,1,2,2,0.0,False,0.822065,False
8,83,5,2,2,3,0.0,False,0.822046,False
8,83,6,3,3,3,0.0,False,0.8220270000000001,False
8,83,7,3,0,2,0.0,False,0.8220080000000001,False
8,83,8,2,1,6,0.0,False,0.8219890000000001,False
8,83,9,6,0,5,0.0,False,0.82197,False
8,83,10,5,0,4,0.0,True,0.821951,False
8,84,1,0,1,4,0.0,True,0.821932,False
8,85,1,0,2,1,0.0,False,0.821913,False
8,85,2,1,3,1,0.0,False,0.821894,False
8,85,3,1,1,5,0.0,True,0.821875,False
8,86,1,0,2,1,0.0,True,0.821856,False
8,87,1,0,1,4,0.0,False,0.8218369999999999,False
8,87,2,4,0,4,0.0,False,0.8218179999999999,False
8,87,3,4,0,4,0.0,False,0.821799,False
8,87,4,4,0,4,0.0,False,0.82178,False
8,87,5,4,3,0,0.0,False,0.821761,False
8,87,6,0,2,1,0.0,False,0.821742,False
8,87,7,1,0,0,0.0,False,0.821723,False
8,87,8,0,2,1,0.0,False,0.821704,False
8,87,9,1,2,2,0.0,True,0.821685,False
8,88,1,0,1,4,0.0,True,0.821666,False
8,89,1,0,1,4,0.0,False,0.821647,False
8,89,2,4,1,8,0.0,False,0.821628,False
8,89,3,8,2,9,0.0,False,0.821609,False
8,89,4,9,2,10,0.0,False,0.82159,False
8,89,5,10,0,9,0.0,False,0.821571,False
8,89,6,9,2,10,0.0,False,0.8215520000000001,False
8,89,7,10,2,11,0.0,False,0.8215330000000001,False
8,89,8,11,1,15,1.0,True,0.8215140000000001,False
8,90,1,0,2,1,0.0,False,0.821495,False
8,90,2,1,1,5,0.0,False,0.821476,False
8,90,3,5,1,9,0.0,False,0.821457,False
8,90,4,9,1,13,0.0,False,0.821438,False
8,90,5,13,1,13,0.0,False,0.821419,False
8,90,6,13,0,12,0.0,True,0.8214,False
8,91,1,0,2,1,0.0,False,0.821381,False
8,91,2,1,2,2,0.0,False,0.821362,False
8,91,3,2,0,1,0.0,False,0.821343,False
8,91,4,1,1,5,0.0,False,0.8213239999999999,False
8,91,5,5,0,4,0.0,False,0.821305,False
8,91,6,4,3,0,0.0,False,0.821286,False
8,91,7,0,0,0,0.0,False,0.821267,False
8,91,8,0,0,0,0.0,False,0.821248,False
8,91,9,0,1,4,0.0,False,0.821229,False
8,91,10,4,1,8,0.0,True,0.82121,False
8,92,1,0,1,4,0.0,True,0.821191,False
8,93,1,0,0,0,0.0,False,0.821172,False
8,93,2,0,2,1,0.0,False,0.821153,False
8,93,3,1,2,2,0.0,False,0.821134,False
8,93,4,2,0,1,0.0,False,0.821115,False
8,93,5,1,1,5,0.0,False,0.821096,False
8,93,6,5,2,6,0.0,False,0.8210770000000001,False
8,93,7,6,2,7,0.0,False,0.8210580000000001,False
8,93,8,7,0,6,0.0,False,0.8210390000000001,False
8,93,9,6,1,10,0.0,False,0.82102,False
8,93,10,10,1,14,0.0,False,0.821001,False
8,93,11,14,0,13,0.0,False,0.820982,False
8,93,12,13,0,12,0.0,False,0.820963,False
8,93,13,12,1,12,0.0,False,0.820944,False
8,93,14,12,2,13,0.0,False,0.820925,False
8,93,15,13,1,13,0.0,False,0.820906,False
8,93,16,13,2,14,0.0,False,0.820887,False
8,93,17,14,0,13,0.0,False,0.820868,False
8,93,18,13,3,9,0.0,False,0.820849,False
8,93,19,9,3,5,0.0,False,0.8208300000000001,False
8,93,20,5,2,6,0.0,False,0.820811,False
8,93,21,6,1,10,0.0,False,0.820792,False
8,93,22,10,1,14,0.0,False,0.820773,False
8,93,23,14,1,14,0.0,False,0.820754,False
8,93,24,14,0,13,0.0,False,0.820735,False
8,93,25,13,0,12,0.0,False,0.820716,False
8,93,26,12,1,12,0.0,False,0.820697,False
8,93,27,12,1,12,0.0,False,0.820678,False
8,93,28,12,1,12,0.0,False,0.820659,False
8,93,29,12,2,13,0.0,False,0.82064,False
8,93,30,13,2,14,0.0,False,0.820621,False
8,93,31,14,1,14,0.0,False,0.820602,False
8,93,32,14,2,15,1.0,True,0.8205830000000001,False
8,94,1,0,0,0,0.0,False,0.8205640000000001,False
8,94,2,0,2,1,0.0,False,0.820545,False
8,94,3,1,1,5,0.0,True,0.820526,False
8,95,1,0,3,0,0.0,False,0.820507,False
8,95,2,0,3,0,0.0,False,0.820488,False
8,95,3,0,2,1,0.0,False,0.820469,False
8,95,4,1,3,1,0.0,False,0.82045,False
8,95,5,1,1,5,0.0,True,0.820431,False
8,96,1,0,1,4,0.0,False,0.820412,False
8,96,2,4,1,8,0.0,False,0.820393,False
8,96,3,8,0,8,0.0,False,0.820374,False
8,96,4,8,1,12,0.0,False,0.8203550000000001,False
8,96,5,12,0,12,0.0,False,0.820336,False
8,96,6,12,0,12,0.0,False,0.820317,False
8,96,7,12,0,12,0.0,False,0.820298,False
8,96,8,12,1,12,0.0,False,0.820279,False
8,96,9,12,0,12,0.0,False,0.82026,False
8,96,10,12,1,12,0.0,False,0.820241,False
8,96,11,12,2,13,0.0,False,0.820222,False
8,96,12,13,0,12,0.0,False,0.820203,False
8,96,13,12,1,12,0.0,False,0.820184,False
8,96,14,12,0,12,0.0,False,0.820165,False
8,96,15,12,2,13,0.0,False,0.820146,False
8,96,16,13,2,14,0.0,False,0.820127,False
8,96,17,14,3,10,0.0,False,0.8201080000000001,False
8,96,18,10,0,9,0.0,False,0.8200890000000001,False
8,96,19,9,2,10,0.0,False,0.82007,False
8,96,20,10,3,6,0.0,False,0.820051,False
8,96,21,6,1,10,0.0,False,0.820032,False
8,96,22,10,2,11,0.0,False,0.820013,False
8,96,23,11,2,11,0.0,False,0.819994,False
8,96,24,11,2,11,0.0,False,0.819975,False
8,96,25,11,2,11,0.0,False,0.819956,False
8,96,26,11,2,11,0.0,False,0.819937,False
8,96,27,11,3,7,0.0,False,0.819918,False
8,96,28,7,1,11,0.0,False,0.819899,False
8,96,29,11,2,11,0.0,False,0.81988,False
8,96,30,11,1,15,1.0,True,0.819861,False
8,97,1,0,1,4,0.0,False,0.819842,False
8,97,2,4,1,8,0.0,False,0.819823,False
8,97,3,8,1,12,0.0,False,0.819804,False
8,97,4,12,0,12,0.0,False,0.819785,False
8,97,5,12,1,12,0.0,False,0.819766,False
8,97,6,12,3,8,0.0,False,0.819747,False
8,97,7,8,1,12,0.0,False,0.819728,False
8,97,8,12,2,13,0.0,False,0.819709,False
8,97,9,13,3,9,0.0,False,0.81969,False
8,97,10,9,1,13,0.0,False,0.819671,False
8,97,11,13,3,9,0.0,False,0.819652,False
8,97,12,9,3,5,0.0,False,0.8196330000000001,False
8,97,13,5,0,4,0.0,False,0.8196140000000001,False
8,97,14,4,1,8,0.0,False,0.819595,False
8,97,15,8,3,4,0.0,False,0.819576,False
8,97,16,4,0,4,0.0,False,0.819557,False
8,97,17,4,1,8,0.0,False,0.819538,False
8,97,18,8,1,12,0.0,False,0.819519,False
8,97,19,12,3,8,0.0,False,0.8195,False
8,97,20,8,1,12,0.0,False,0.819481,False
8,97,21,12,3,8,0.0,False,0.819462,False
8,97,22,8,1,12,0.0,False,0.819443,False
8,97,23,12,1,12,0.0,False,0.819424,False
8,97,24,12,3,8,0.0,False,0.819405,False
8,97,25,8,1,12,0.0,False,0.819386,False
8,97,26,12,2,13,0.0,False,0.819367,False
8,97,27,13,0,12,0.0,False,0.819348,False
8,97,28,12,0,12,0.0,False,0.819329,False
8,97,29,12,3,8,0.0,False,0.81931,False
8,97,30,8,3,4,0.0,False,0.819291,False
8,97,31,4,0,4,0.0,False,0.819272,False
8,97,32,4,3,0,0.0,False,0.819253,False
8,97,33,0,0,0,0.0,False,0.819234,False
8,97,34,0,2,1,0.0,True,0.819215,False
8,98,1,0,3,0,0.0,False,0.819196,False
8,98,2,0,1,4,0.0,False,0.819177,False
8,98,3,4,3,0,0.0,False,0.819158,False
8,98,4,0,0,0,0.0,False,0.8191390000000001,False
8,98,5,0,1,4,0.0,False,0.81912,False
8,98,6,4,2,5,0.0,False,0.819101,False
8,98,7,5,1,9,0.0,False,0.819082,False
8,98,8,9,2,10,0.0,False,0.819063,False
8,98,9,10,3,6,0.0,True,0.819044,False
8,99,1,0,2,1,0.0,False,0.819025,False
8,99,2,1,3,1,0.0,False,0.819006,False
8,99,3,1,2,2,0.0,False,0.818987,False
8,99,4,2,0,1,0.0,False,0.818968,False
8,99,5,1,3,1,0.0,False,0.818949,False
8,99,6,1,3,1,0.0,False,0.81893,False
8,99,7,1,0,0,0.0,False,0.818911,False
8,99,8,0,2,1,0.0,False,0.818892,False
8,99,9,1,2,2,0.0,False,0.818873,False
8,99,10,2,3,2,0.0,False,0.818854,False
8,99,11,2,0,1,0.0,False,0.818835,False
8,99,12,1,2,2,0.0,False,0.818816,False
8,99,13,2,0,1,0.0,False,0.818797,False
8,99,14,1,2,2,0.0,False,0.818778,False
8,99,15,2,3,2,0.0,False,0.818759,False
8,99,16,2,2,3,0.0,True,0.81874,False
8,100,1,0,3,0,0.0,False,0.818721,False
8,100,2,0,2,1,0.0,False,0.818702,False
8,100,3,1,0,0,0.0,False,0.818683,False
8,100,4,0,3,0,0.0,False,0.8186640000000001,False
8,100,5,0,1,4,0.0,True,0.8186450000000001,False
9,1,1,0,3,0,0.0,False,0.818626,False
9,1,2,0,1,4,0.0,False,0.818607,False
9,1,3,4,1,8,0.0,False,0.818588,False
9,1,4,8,3,4,0.0,False,0.818569,False
9,1,5,4,1,8,0.0,False,0.81855,False
9,1,6,8,2,9,0.0,False,0.818531,False
9,1,7,9,3,5,0.0,True,0.818512,False
9,2,1,0,1,4,0.0,False,0.818493,False
9,2,2,4,3,0,0.0,False,0.818474,False
9,2,3,0,1,4,0.0,False,0.818455,False
9,2,4,4,0,4,0.0,False,0.8184359999999999,False
9,2,5,4,1,8,0.0,False,0.818417,False
9,2,6,8,1,12,0.0,True,0.818398,False
9,3,1,0,2,1,0.0,False,0.818379,False
9,3,2,1,2,2,0.0,False,0.81836,False
9,3,3,2,1,6,0.0,False,0.818341,False
9,3,4,6,0,5,0.0,False,0.818322,False
9,3,5,5,3,1,0.0,False,0.818303,False
9,3,6,1,0,0,0.0,False,0.818284,False
9,3,7,0,3,0,0.0,False,0.818265,False
9,3,8,0,0,0,0.0,False,0.818246,False
9,3,9,0,2,1,0.0,False,0.818227,False
9,3,10,1,3,1,0.0,False,0.818208,False
9,3,11,1,1,5,0.0,False,0.818189,False
9,3,12,5,1,9,0.0,False,0.8181700000000001,False
9,3,13,9,1,13,0.0,False,0.818151,False
9,3,14,13,3,9,0.0,False,0.818132,False
9,3,15,9,3,5,0.0,False,0.818113,False
9,3,16,5,1,9,0.0,False,0.818094,False
9,3,17,9,1,13,0.0,False,0.818075,False
9,3,18,13,0,12,0.0,False,0.818056,False
9,3,19,12,1,12,0.0,False,0.818037,False
9,3,20,12,1,12,0.0,False,0.818018,False
9,3,21,12,2,13,0.0,False,0.817999,False
9,3,22,13,3,9,0.0,False,0.81798,False
9,3,23,9,1,13,0.0,False,0.8179609999999999,False
9,3,24,13,0,12,0.0,False,0.817942,False
9,3,25,12,2,13,0.0,False,0.817923,False
9,3,26,13,1,13,0.0,False,0.817904,False
9,3,27,13,1,13,0.0,False,0.817885,False
9,3,28,13,2,14,0.0,False,0.817866,False
9,3,29,14,2,15,1.0,True,0.817847,False
9,4,1,0,3,0,0.0,False,0.817828,False
9,4,2,0,2,1,0.0,False,0.817809,False
9,4,3,1,3,1,0.0,False,0.81779,False
9,4,4,1,2,2,0.0,False,0.817771,False
9,4,5,2,1,6,0.0,False,0.817752,False
9,4,6,6,0,5,0.0,False,0.817733,False
9,4,7,5,0,4,0.0,False,0.817714,False
9,4,8,4,1,8,0.0,False,0.8176950000000001,False
9,4,9,8,2,9,0.0,False,0.8176760000000001,False
9,4,10,9,0,8,0.0,False,0.8176570000000001,False
9,4,11,8,1,12,0.0,False,0.817638,False
9,4,12,12,3,8,0.0,False,0.817619,False
9,4,13,8,3,4,0.0,False,0.8176,False
9,4,14,4,1,8,0.0,False,0.817581,False
9,4,15,8,0,8,0.0,False,0.817562,False
9,4,16,8,2,9,0.0,False,0.817543,False
9,4,17,9,1,13,0.0,False,0.817524,False
9,4,18,13,1,13,0.0,False,0.817505,False
9,4,19,13,1,13,0.0,False,0.8174859999999999,False
9,4,20,13,2,14,0.0,False,0.8174669999999999,False
9,4,21,14,2,15,1.0,True,0.817448,False
9,5,1,0,2,1,0.0,True,0.817429,False
9,6,1,0,3,0,0.0,False,0.81741,False
9,6,2,0,3,0,0.0,False,0.817391,False
9,6,3,0,1,4,0.0,False,0.817372,False
9,6,4,4,2,5,0.0,False,0.817353,False
9,6,5,5,2,6,0.0,False,0.817334,False
9,6,6,6,0,5,0.0,False,0.817315,False
9,6,7,5,2,6,0.0,False,0.817296,False
9,6,8,6,1,10,0.0,False,0.817277,False
9,6,9,10,3,6,0.0,False,0.817258,False
9,6,10,6,2,7,0.0,False,0.817239,False
9,6,11,7,0,6,0.0,False,0.8172200000000001,False
9,6,12,6,0,5,0.0,False,0.8172010000000001,False
9,6,13,5,3,1,0.0,False,0.8171820000000001,False
9,6,14,1,1,5,0.0,False,0.8171630000000001,False
9,6,15,5,2,6,0.0,False,0.817144,False
9,6,16,6,2,7,0.0,False,0.817125,False
9,6,17,7,0,6,0.0,False,0.817106,False
9,6,18,6,1,10,0.0,False,0.817087,False
9,6,19,10,2,11,0.0,True,0.817068,False
9,7,1,0,3,0,0.0,False,0.817049,False
9,7,2,0,2,1,0.0,False,0.81703,False
9,7,3,1,2,2,0.0,False,0.8170109999999999,False
9,7,4,2,2,3,0.0,False,0.8169919999999999,False
9,7,5,3,1,7,0.0,False,0.816973,False
9,7,6,7,2,7,0.0,False,0.816954,False
9,7,7,7,1,11,0.0,False,0.816935,False
9,7,8,11,2,11,0.0,False,0.816916,False
9,7,9,11,1,15,1.0,True,0.816897,False
9,8,1,0,1,4,0.0,False,0.816878,False
9,8,2,4,0,4,0.0,False,0.816859,False
9,8,3,4,2,5,0.0,False,0.81684,False
9,8,4,5,1,9,0.0,False,0.816821,False
9,8,5,9,2,10,0.0,False,0.816802,False
9,8,6,10,1,14,0.0,False,0.816783,False
9,8,7,14,0,13,0.0,False,0.816764,False
9,8,8,13,0,12,0.0,False,0.816745,False
9,8,9,12,1,12,0.0,False,0.8167260000000001,False
9,8,10,12,0,12,0.0,False,0.8167070000000001,False
9,8,11,12,1,12,0.0,False,0.8166880000000001,False
9,8,12,12,0,12,0.0,False,0.816669,False
9,8,13,12,1,12,0.0,False,0.81665,False
9,8,14,12,0,12,0.0,False,0.816631,False
9,8,15,12,0,12,0.0,False,0.816612,False
9,8,16,12,1,12,0.0,False,0.816593,False
9,8,17,12,1,12,0.0,False,0.816574,False
9,8,18,12,3,8,0.0,False,0.816555,False
9,8,19,8,3,4,0.0,False,0.8165359999999999,False
9,8,20,4,0,4,0.0,False,0.8165169999999999,False
9,8,21,4,3,0,0.0,False,0.816498,False
9,8,22,0,3,0,0.0,False,0.816479,False
9,8,23,0,0,0,0.0,False,0.81646,False
9,8,24,0,1,4,0.0,False,0.816441,False
9,8,25,4,1,8,0.0,False,0.816422,False
9,8,26,8,1,12,0.0,False,0.816403,False
9,8,27,12,3,8,0.0,False,0.816384,False
9,8,28,8,2,9,0.0,False,0.816365,False
9,8,29,9,1,13,0.0,False,0.816346,False
9,8,30,13,3,9,0.0,False,0.816327,False
9,8,31,9,2,10,0.0,False,0.816308,False
9,8,32,10,2,11,0.0,True,0.816289,False
9,9,1,0,2,1,0.0,False,0.81627,False
9,9,2,1,3,1,0.0,False,0.8162510000000001,False
9,9,3,1,3,1,0.0,False,0.8162320000000001,False
9,9,4,1,3,1,0.0,False,0.8162130000000001,False
9,9,5,1,2,2,0.0,False,0.816194,False
9,9,6,2,3,2,0.0,False,0.816175,False
9,9,7,2,2,3,0.0,False,0.816156,False
9,9,8,3,0,2,0.0,False,0.816137,False
9,9,9,2,2,3,0.0,False,0.816118,False
9,9,10,3,1,7,0.0,False,0.816099,False
9,9,11,7,3,3,0.0,False,0.81608,False
9,9,12,3,2,3,0.0,False,0.816061,False
9,9,13,3,1,7,0.0,False,0.8160419999999999,False
9,9,14,7,1,11,0.0,False,0.8160229999999999,False
9,9,15,11,3,7,0.0,False,0.816004,False
9,9,16,7,1,11,0.0,False,0.815985,False
9,9,17,11,3,7,0.0,False,0.815966,False
9,9,18,7,0,6,0.0,False,0.815947,False
9,9,19,6,3,2,0.0,False,0.815928,False
9,9,20,2,1,6,0.0,False,0.815909,False
9,9,21,6,3,2,0.0,False,0.81589,False
9,9,22,2,3,2,0.0,False,0.815871,False
9,9,23,2,3,2,0.0,False,0.815852,False
9,9,24,2,0,1,0.0,False,0.815833,False
9,9,25,1,3,1,0.0,False,0.815814,False
9,9,26,1,1,5,0.0,True,0.815795,False
9,10,1,0,1,4,0.0,False,0.8157760000000001,False
9,10,2,4,1,8,0.0,False,0.8157570000000001,False
9,10,3,8,2,9,0.0,False,0.8157380000000001,False
9,10,4,9,0,8,0.0,False,0.815719,False
9,10,5,8,2,9,0.0,False,0.8157,False
9,10,6,9,3,5,0.0,True,0.815681,False
9,11,1,0,1,4,0.0,False,0.815662,False
9,11,2,4,2,5,0.0,False,0.815643,False
9,11,3,5,1,9,0.0,False,0.815624,False
9,11,4,9,0,8,0.0,False,0.815605,False
9,11,5,8,0,8,0.0,False,0.815586,False
9,11,6,8,3,4,0.0,False,0.815567,False
9,11,7,4,2,5,0.0,False,0.815548,False
9,11,8,5,2,6,0.0,True,0.815529,False
9,12,1,0,2,1,0.0,False,0.81551,False
9,12,2,1,0,0,0.0,False,0.815491,False
9,12,3,0,0,0,0.0,False,0.815472,False
9,12,4,0,1,4,0.0,False,0.815453,False
9,12,5,4,0,4,0.0,False,0.815434,False
9,12,6,4,0,4,0.0,False,0.815415,False
9,12,7,4,1,8,0.0,True,0.815396,False
9,13,1,0,1,4,0.0,False,0.815377,False
9,13,2,4,3,0,0.0,False,0.815358,False
9,13,3,0,3,0,0.0,False,0.815339,False
9,13,4,0,1,4,0.0,False,0.81532,False
9,13,5,4,1,8,0.0,True,0.815301,False
9,14,1,0,2,1,0.0,False,0.8152820000000001,False
9,14,2,1,1,5,0.0,False,0.8152630000000001,False
9,14,3,5,2,6,0.0,False,0.8152440000000001,False
9,14,4,6,2,7,0.0,False,0.815225,False
9,14,5,7,0,6,0.0,False,0.815206,False
9,14,6,6,2,7,0.0,False,0.815187,False
9,14,7,7,2,7,0.0,False,0.815168,False
9,14,8,7,0,6,0.0,False,0.815149,False
9,14,9,6,1,10,0.0,False,0.81513,False
9,14,10,10,1,14,0.0,False,0.815111,False
9,14,11,14,2,15,1.0,True,0.815092,False
9,15,1,0,1,4,0.0,True,0.815073,False
9,16,1,0,0,0,0.0,False,0.8150540000000001,False
9,16,2,0,3,0,0.0,False,0.815035,False
9,16,3,0,2,1,0.0,False,0.815016,False
9,16,4,1,0,0,0.0,False,0.814997,False
9,16,5,0,0,0,0.0,False,0.814978,False
9,16,6,0,1,4,0.0,False,0.814959,False
9,16,7,4,3,0,0.0,False,0.81494,False
9,16,8,0,2,1,0.0,False,0.814921,False
9,16,9,1,2,2,0.0,False,0.814902,False
9,16,10,2,3,2,0.0,False,0.814883,False
9,16,11,2,0,1,0.0,False,0.814864,False
9,16,12,1,2,2,0.0,False,0.814845,False
9,16,13,2,3,2,0.0,False,0.814826,False
9,16,14,2,1,6,0.0,True,0.8148070000000001,False
9,17,1,0,2,1,0.0,False,0.8147880000000001,False
9,17,2,1,2,2,0.0,False,0.8147690000000001,False
9,17,3,2,2,3,0.0,False,0.81475,False
9,17,4,3,1,7,0.0,False,0.814731,False
9,17,5,7,1,11,0.0,False,0.814712,False
9,17,6,11,2,11,0.0,False,0.814693,False
9,17,7,11,3,7,0.0,False,0.814674,False
9,17,8,7,1,11,0.0,False,0.814655,False
9,17,9,11,0,10,0.0,False,0.814636,False
9,17,10,10,2,11,0.0,False,0.814617,False
9,17,11,11,1,15,1.0,True,0.814598,False
9,18,1,0,1,4,0.0,True,0.814579,False
9,19,1,0,2,1,0.0,False,0.81456,False
9,19,2,1,3,1,0.0,False,0.814541,False
9,19,3,1,1,5,0.0,False,0.814522,False
9,19,4,5,3,1,0.0,False,0.814503,False
9,19,5,1,0,0,0.0,False,0.814484,False
9,19,6,0,1,4,0.0,False,0.814465,False
9,19,7,4,1,8,0.0,False,0.814446,False
9,19,8,8,1,12,0.0,True,0.814427,False
9,20,1,0,1,4,0.0,False,0.814408,False
9,20,2,4,0,4,0.0,False,0.814389,False
9,20,3,4,2,5,0.0,False,0.81437,False
9,20,4,5,1,9,0.0,False,0.814351,False
9,20,5,9,0,8,0.0,False,0.8143320000000001,False
9,20,6,8,2,9,0.0,False,0.8143130000000001,False
9,20,7,9,2,10,0.0,False,0.8142940000000001,False
9,20,8,10,2,11,0.0,False,0.814275,False
9,20,9,11,0,10,0.0,False,0.814256,False
9,20,10,10,2,11,0.0,False,0.814237,False
9,20,11,11,0,10,0.0,False,0.814218,False
9,20,12,10,2,11,0.0,False,0.814199,False
9,20,13,11,2,11,0.0,False,0.81418,False
9,20,14,11,2,11,0.0,False,0.814161,False
9,20,15,11,2,11,0.0,False,0.814142,False
9,20,16,11,0,10,0.0,False,0.814123,False
9,20,17,10,1,14,0.0,True,0.814104,False
9,21,1,0,0,0,0.0,False,0.814085,False
9,21,2,0,2,1,0.0,False,0.814066,False
9,21,3,1,1,5,0.0,True,0.814047,False
9,22,1,0,2,1,0.0,False,0.814028,False
9,22,2,1,2,2,0.0,False,0.814009,False
9,22,3,2,1,6,0.0,False,0.81399,False
9,22,4,6,3,2,0.0,False,0.813971,False
9,22,5,2,1,6,0.0,False,0.813952,False
9,22,6,6,3,2,0.0,False,0.813933,False
9,22,7,2,1,6,0.0,False,0.813914,False
9,22,8,6,1,10,0.0,False,0.813895,False
9,22,9,10,2,11,0.0,True,0.813876,False
9,23,1,0,3,0,0.0,False,0.813857,False
9,23,2,0,2,1,0.0,False,0.8138380000000001,False
9,23,3,1,1,5,0.0,False,0.8138190000000001,False
9,23,4,5,3,1,0.0,False,0.8138,False
9,23,5,1,2,2,0.0,False,0.813781,False
9,23,6,2,0,1,0.0,False,0.813762,False
9,23,7,1,2,2,0.0,False,0.813743,False
9,23,8,2,2,3,0.0,False,0.813724,False
9,23,9,3,0,2,0.0,False,0.813705,False
9,23,10,2,3,2,0.0,False,0.813686,False
9,23,11,2,3,2,0.0,False,0.813667,False
9,23,12,2,2,3,0.0,False,0.813648,False
9,23,13,3,3,3,0.0,False,0.813629,False
9,23,14,3,3,3,0.0,False,0.8136099999999999,False
9,23,15,3,2,3,0.0,False,0.813591,False
9,23,16,3,2,3,0.0,False,0.813572,False
9,23,17,3,0,2,0.0,False,0.813553,False
9,23,18,2,0,1,0.0,False,0.813534,False
9,23,19,1,0,0,0.0,False,0.813515,False
9,23,20,0,0,0,0.0,False,0.813496,False
9,23,21,0,2,1,0.0,False,0.813477,False
9,23,22,1,3,1,0.0,False,0.813458,False
9,23,23,1,2,2,0.0,False,0.813439,False
9,23,24,2,2,3,0.0,False,0.81342,False
9,23,25,3,0,2,0.0,False,0.813401,False
9,23,26,2,3,2,0.0,False,0.813382,False
9,23,27,2,0,1,0.0,False,0.8133630000000001,False
9,23,28,1,3,1,0.0,False,0.8133440000000001,False
9,23,29,1,3,1,0.0,False,0.813325,False
9,23,30,1,2,2,0.0,False,0.813306,False
9,23,31,2,2,3,0.0,False,0.813287,False
9,23,32,3,3,3,0.0,False,0.813268,False
9,23,33,3,1,7,0.0,False,0.813249,False
9,23,34,7,2,7,0.0,False,0.81323,False
9,23,35,7,1,11,0.0,False,0.813211,False
9,23,36,11,3,7,0.0,False,0.813192,False
9,23,37,7,1,11,0.0,False,0.813173,False
9,23,38,11,2,11,0.0,False,0.813154,False
9,23,39,11,1,15,1.0,True,0.8131349999999999,False
9,24,1,0,2,1,0.0,False,0.813116,False
9,24,2,1,1,5,0.0,False,0.813097,False
9,24,3,5,1,9,0.0,True,0.813078,False
9,25,1,0,0,0,0.0,False,0.813059,False
9,25,2,0,2,1,0.0,False,0.81304,False
9,25,3,1,1,5,0.0,False,0.813021,False
9,25,4,5,0,4,0.0,False,0.813002,False
9,25,5,4,0,4,0.0,False,0.812983,False
9,25,6,4,3,0,0.0,False,0.812964,False
9,25,7,0,3,0,0.0,False,0.812945,False
9,25,8,0,2,1,0.0,False,0.812926,False
9,25,9,1,2,2,0.0,False,0.812907,False
9,25,10,2,1,6,0.0,False,0.812888,False
9,25,11,6,0,5,0.0,False,0.8128690000000001,False
9,25,12,5,1,9,0.0,False,0.81285,False
9,25,13,9,2,10,0.0,False,0.812831,False
9,25,14,10,2,11,0.0,False,0.812812,False
9,25,15,11,1,15,1.0,True,0.812793,False
9,26,1,0,2,1,0.0,False,0.812774,False
9,26,2,1,3,1,0.0,False,0.812755,False
9,26,3,1,2,2,0.0,True,0.812736,False
9,27,1,0,2,1,0.0,False,0.812717,False
9,27,2,1,3,1,0.0,False,0.812698,False
9,27,3,1,0,0,0.0,False,0.812679,False
9,27,4,0,2,1,0.0,False,0.81266,False
9,27,5,1,1,5,0.0,True,0.812641,False
9,28,1,0,0,0,0.0,False,0.812622,False
9,28,2,0,3,0,0.0,False,0.812603,False
9,28,3,0,1,4,0.0,False,0.812584,False
9,28,4,4,2,5,0.0,False,0.812565,False
9,28,5,5,2,6,0.0,False,0.812546,False
9,28,6,6,3,2,0.0,False,0.812527,False
9,28,7,2,3,2,0.0,False,0.812508,False
9,28,8,2,3,2,0.0,False,0.812489,False
9,28,9,2,3,2,0.0,False,0.81247,False
9,28,10,2,1,6,0.0,False,0.812451,False
9,28,11,6,1,10,0.0,False,0.812432,False
9,28,12,10,2,11,0.0,True,0.812413,False
9,29,1,0,0,0,0.0,False,0.8123940000000001,False
9,29,2,0,1,4,0.0,False,0.8123750000000001,False
9,29,3,4,0,4,0.0,False,0.812356,False
9,29,4,4,2,5,0.0,False,0.812337,False
9,29,5,5,1,9,0.0,False,0.812318,False
9,29,6,9,3,5,0.0,False,0.812299,False
9,29,7,5,1,9,0.0,False,0.81228,False
9,29,8,9,0,8,0.0,False,0.812261,False
9,29,9,8,2,9,0.0,False,0.812242,False
9,29,10,9,3,5,0.0,False,0.812223,False
9,29,11,5,3,1,0.0,False,0.812204,False
9,29,12,1,2,2,0.0,False,0.812185,False
9,29,13,2,3,2,0.0,False,0.8121659999999999,False
9,29,14,2,1,6,0.0,False,0.812147,False
9,29,15,6,1,10,0.0,False,0.812128,False
9,29,16,10,2,11,0.0,False,0.812109,False
9,29,17,11,1,15,1.0,True,0.81209,False
9,30,1,0,3,0,0.0,False,0.812071,False
9,30,2,0,1,4,0.0,False,0.812052,False
9,30,3,4,2,5,0.0,False,0.812033,False
9,30,4,5,2,6,0.0,False,0.812014,False
9,30,5,6,1,10,0.0,False,0.811995,False
9,30,6,10,2,11,0.0,False,0.811976,False
9,30,7,11,1,15,1.0,True,0.811957,False
9,31,1,0,2,1,0.0,False,0.811938,False
9,31,2,1,0,0,0.0,False,0.8119190000000001,False
9,31,3,0,3,0,0.0,False,0.8119000000000001,False
9,31,4,0,3,0,0.0,False,0.8118810000000001,False
9,31,5,0,3,0,0.0,False,0.8118620000000001,False
9,31,6,0,0,0,0.0,False,0.811843,False
9,31,7,0,3,0,0.0,False,0.811824,False
9,31,8,0,2,1,0.0,False,0.811805,False
9,31,9,1,3,1,0.0,False,0.811786,False
9,31,10,1,0,0,0.0,False,0.811767,False
9,31,11,0,0,0,0.0,False,0.811748,False
9,31,12,0,2,1,0.0,False,0.811729,False
9,31,13,1,3,1,0.0,False,0.81171,False
9,31,14,1,0,0,0.0,False,0.8116909999999999,False
9,31,15,0,3,0,0.0,False,0.811672,False
9,31,16,0,3,0,0.0,False,0.811653,False
9,31,17,0,2,1,0.0,False,0.811634,False
9,31,18,1,3,1,0.0,False,0.811615,False
9,31,19,1,0,0,0.0,False,0.811596,False
9,31,20,0,3,0,0.0,False,0.811577,False
9,31,21,0,3,0,0.0,False,0.811558,False
9,31,22,0,1,4,0.0,False,0.811539,False
9,31,23,4,1,8,0.0,False,0.81152,False
9,31,24,8,2,9,0.0,False,0.811501,False
9,31,25,9,3,5,0.0,False,0.811482,False
9,31,26,5,0,4,0.0,False,0.811463,False
9,31,27,4,1,8,0.0,False,0.811444,False
9,31,28,8,0,8,0.0,False,0.8114250000000001,False
9,31,29,8,0,8,0.0,False,0.8114060000000001,False
9,31,30,8,3,4,0.0,False,0.8113870000000001,False
9,31,31,4,3,0,0.0,False,0.8113680000000001,False
9,31,32,0,2,1,0.0,False,0.811349,False
9,31,33,1,2,2,0.0,False,0.81133,False
9,31,34,2,2,3,0.0,False,0.811311,False
9,31,35,3,0,2,0.0,False,0.811292,False
9,31,36,2,3,2,0.0,False,0.811273,False
9,31,37,2,2,3,0.0,False,0.811254,False
9,31,38,3,0,2,0.0,False,0.811235,False
9,31,39,2,2,3,0.0,False,0.8112159999999999,False
9,31,40,3,2,3,0.0,False,0.811197,False
9,31,41,3,1,7,0.0,False,0.811178,False
9,31,42,7,1,11,0.0,False,0.811159,False
9,31,43,11,3,7,0.0,False,0.81114,False
9,31,44,7,1,11,0.0,False,0.811121,False
9,31,45,11,1,15,1.0,True,0.811102,False
9,32,1,0,2,1,0.0,False,0.811083,False
9,32,2,1,2,2,0.0,False,0.811064,False
9,32,3,2,1,6,0.0,False,0.811045,False
9,32,4,6,2,7,0.0,False,0.811026,False
9,32,5,7,0,6,0.0,False,0.811007,False
9,32,6,6,0,5,0.0,False,0.810988,False
9,32,7,5,1,9,0.0,False,0.810969,False
9,32,8,9,2,10,0.0,False,0.8109500000000001,False
9,32,9,10,2,11,0.0,False,0.8109310000000001,False
9,32,10,11,2,11,0.0,False,0.8109120000000001,False
9,32,11,11,2,11,0.0,False,0.8108930000000001,False
9,32,12,11,2,11,0.0,False,0.810874,False
9,32,13,11,2,11,0.0,False,0.810855,False
9,32,14,11,2,11,0.0,False,0.810836,False
9,32,15,11,0,10,0.0,False,0.810817,False
9,32,16,10,1,14,0.0,False,0.810798,False
9,32,17,14,2,15,1.0,True,0.810779,False
9,33,1,0,1,4,0.0,False,0.81076,False
9,33,2,4,1,8,0.0,False,0.8107409999999999,False
9,33,3,8,2,9,0.0,False,0.8107219999999999,False
9,33,4,9,1,13,0.0,True,0.810703,False
9,34,1,0,0,0,0.0,False,0.810684,False
9,34,2,0,3,0,0.0,False,0.810665,False
9,34,3,0,2,1,0.0,False,0.810646,False
9,34,4,1,3,1,0.0,False,0.810627,False
9,34,5,1,3,1,0.0,False,0.810608,False
9,34,6,1,0,0,0.0,False,0.810589,False
9,34,7,0,0,0,0.0,False,0.81057,False
9,34,8,0,0,0,0.0,False,0.810551,False
9,34,9,0,3,0,0.0,False,0.810532,False
9,34,10,0,3,0,0.0,False,0.810513,False
9,34,11,0,3,0,0.0,False,0.810494,False
9,34,12,0,2,1,0.0,False,0.8104750000000001,False
9,34,13,1,0,0,0.0,False,0.8104560000000001,False
9,34,14,0,2,1,0.0,False,0.8104370000000001,False
9,34,15,1,3,1,0.0,False,0.8104180000000001,False
9,34,16,1,3,1,0.0,False,0.810399,False
9,34,17,1,3,1,0.0,False,0.81038,False
9,34,18,1,0,0,0.0,False,0.810361,False
9,34,19,0,0,0,0.0,False,0.810342,False
9,34,20,0,0,0,0.0,False,0.810323,False
9,34,21,0,2,1,0.0,False,0.810304,False
9,34,22,1,2,2,0.0,False,0.810285,False
9,34,23,2,3,2,0.0,False,0.810266,False
9,34,24,2,0,1,0.0,False,0.8102469999999999,False
9,34,25,1,0,0,0.0,False,0.810228,False
9,34,26,0,3,0,0.0,False,0.810209,False
9,34,27,0,1,4,0.0,False,0.81019,False
9,34,28,4,2,5,0.0,True,0.810171,False
9,35,1,0,0,0,0.0,False,0.810152,False
9,35,2,0,1,4,0.0,False,0.810133,False
9,35,3,4,1,8,0.0,False,0.810114,False
9,35,4,8,1,12,0.0,False,0.810095,False
9,35,5,12,1,12,0.0,False,0.810076,False
9,35,6,12,0,12,0.0,False,0.810057,False
9,35,7,12,3,8,0.0,False,0.810038,False
9,35,8,8,0,8,0.0,False,0.810019,False
9,35,9,8,2,9,0.0,True,0.81,False
9,36,1,0,3,0,0.0,False,0.8099810000000001,False
9,36,2,0,0,0,0.0,False,0.8099620000000001,False
9,36,3,0,2,1,0.0,False,0.8099430000000001,False
9,36,4,1,2,2,0.0,False,0.809924,False
9,36,5,2,1,6,0.0,False,0.809905,False
9,36,6,6,3,2,0.0,False,0.809886,False
9,36,7,2,3,2,0.0,False,0.809867,False
9,36,8,2,0,1,0.0,False,0.809848,False
9,36,9,1,2,2,0.0,False,0.809829,False
9,36,10,2,3,2,0.0,False,0.80981,False
9,36,11,2,1,6,0.0,False,0.809791,False
9,36,12,6,2,7,0.0,False,0.809772,False
9,36,13,7,1,11,0.0,False,0.8097530000000001,False
9,36,14,11,3,7,0.0,False,0.809734,False
9,36,15,7,3,3,0.0,False,0.809715,False
9,36,16,3,0,2,0.0,False,0.809696,False
9,36,17,2,1,6,0.0,False,0.809677,False
9,36,18,6,3,2,0.0,False,0.809658,False
9,36,19,2,1,6,0.0,False,0.809639,False
9,36,20,6,1,10,0.0,False,0.80962,False
9,36,21,10,1,14,0.0,False,0.809601,False
9,36,22,14,3,10,0.0,False,0.809582,False
9,36,23,10,1,14,0.0,False,0.809563,False
9,36,24,14,1,14,0.0,False,0.809544,False
9,36,25,14,2,15,1.0,True,0.809525,False
9,37,1,0,1,4,0.0,False,0.8095060000000001,False
9,37,2,4,2,5,0.0,False,0.8094870000000001,False
9,37,3,5,1,9,0.0,False,0.8094680000000001,False
9,37,4,9,1,13,0.0,False,0.809449,False
9,37,5,13,3,9,0.0,False,0.80943,False
9,37,6,9,1,13,0.0,False,0.809411,False
9,37,7,13,1,13,0.0,False,0.809392,False
9,37,8,13,3,9,0.0,False,0.809373,False
9,37,9,9,3,5,0.0,False,0.809354,False
9,37,10,5,0,4,0.0,False,0.809335,False
9,37,11,4,1,8,0.0,False,0.809316,False
9,37,12,8,1,12,0.0,False,0.809297,False
9,37,13,12,2,13,0.0,False,0.809278,False
9,37,14,13,0,12,0.0,False,0.8092590000000001,False
9,37,15,12,0,12,0.0,False,0.80924,False
9,37,16,12,1,12,0.0,False,0.809221,False
9,37,17,12,0,12,0.0,False,0.809202,False
9,37,18,12,0,12,0.0,False,0.809183,False
9,37,19,12,0,12,0.0,False,0.809164,False
9,37,20,12,0,12,0.0,False,0.809145,False
9,37,21,12,0,12,0.0,False,0.809126,False
9,37,22,12,2,13,0.0,False,0.809107,False
9,37,23,13,0,12,0.0,False,0.809088,False
9,37,24,12,0,12,0.0,False,0.809069,False
9,37,25,12,0,12,0.0,False,0.80905,False
9,37,26,12,1,12,0.0,False,0.8090310000000001,False
9,37,27,12,0,12,0.0,False,0.8090120000000001,False
9,37,28,12,3,8,0.0,False,0.8089930000000001,False
9,37,29,8,0,8,0.0,False,0.808974,False
9,37,30,8,3,4,0.0,False,0.808955,False
9,37,31,4,2,5,0.0,False,0.808936,False
9,37,32,5,2,6,0.0,True,0.808917,False
9,38,1,0,3,0,0.0,False,0.808898,False
9,38,2,0,1,4,0.0,False,0.808879,False
9,38,3,4,3,0,0.0,False,0.80886,False
9,38,4,0,3,0,0.0,False,0.808841,False
9,38,5,0,2,1,0.0,False,0.808822,False
9,38,6,1,3,1,0.0,False,0.808803,False
9,38,7,1,3,1,0.0,False,0.8087840000000001,False
9,38,8,1,0,0,0.0,False,0.808765,False
9,38,9,0,0,0,0.0,False,0.808746,False
9,38,10,0,3,0,0.0,False,0.808727,False
9,38,11,0,1,4,0.0,False,0.808708,False
9,38,12,4,1,8,0.0,False,0.808689,False
9,38,13,8,3,4,0.0,False,0.80867,False
9,38,14,4,0,4,0.0,False,0.808651,False
9,38,15,4,3,0,0.0,False,0.808632,False
9,38,16,0,2,1,0.0,False,0.808613,False
9,38,17,1,0,0,0.0,False,0.808594,False
9,38,18,0,3,0,0.0,False,0.808575,False
9,38,19,0,2,1,0.0,False,0.808556,False
9,38,20,1,1,5,0.0,False,0.8085370000000001,False
9,38,21,5,3,1,0.0,False,0.8085180000000001,False
9,38,22,1,3,1,0.0,False,0.808499,False
9,38,23,1,2,2,0.0,True,0.80848,False
9,39,1,0,3,0,0.0,False,0.808461,False
9,39,2,0,1,4,0.0,False,0.808442,False
9,39,3,4,1,8,0.0,False,0.808423,False
9,39,4,8,2,9,0.0,False,0.808404,False
9,39,5,9,3,5,0.0,False,0.808385,False
9,39,6,5,0,4,0.0,False,0.808366,False
9,39,7,4,2,5,0.0,False,0.808347,False
9,39,8,5,3,1,0.0,False,0.808328,False
9,39,9,1,3,1,0.0,False,0.808309,False
9,39,10,1,1,5,0.0,False,0.80829,False
9,39,11,5,3,1,0.0,False,0.808271,False
9,39,12,1,2,2,0.0,False,0.808252,False
9,39,13,2,1,6,0.0,False,0.808233,False
9,39,14,6,1,10,0.0,False,0.808214,False
9,39,15,10,3,6,0.0,False,0.808195,False
9,39,16,6,2,7,0.0,False,0.808176,False
9,39,17,7,1,11,0.0,True,0.808157,False
9,40,1,0,0,0,0.0,False,0.808138,False
9,40,2,0,1,4,0.0,False,0.808119,False
9,40,3,4,2,5,0.0,False,0.8081,False
9,40,4,5,1,9,0.0,False,0.808081,False
9,40,5,9,2,10,0.0,False,0.8080620000000001,False
9,40,6,10,0,9,0.0,False,0.8080430000000001,False
9,40,7,9,1,13,0.0,False,0.808024,False
9,40,8,13,1,13,0.0,False,0.808005,False
9,40,9,13,3,9,0.0,False,0.807986,False
9,40,10,9,2,10,0.0,False,0.807967,False
9,40,11,10,2,11,0.0,True,0.807948,False
9,41,1,0,0,0,0.0,False,0.807929,False
9,41,2,0,1,4,0.0,False,0.80791,False
9,41,3,4,2,5,0.0,False,0.807891,False
9,41,4,5,1,9,0.0,False,0.807872,False
9,41,5,9,2,10,0.0,False,0.807853,False
9,41,6,10,2,11,0.0,False,0.807834,False
9,41,7,11,1,15,1.0,True,0.807815,False
9,42,1,0,2,1,0.0,True,0.807796,False
9,43,1,0,2,1,0.0,False,0.807777,False
9,43,2,1,0,0,0.0,False,0.807758,False
9,43,3,0,0,0,0.0,False,0.807739,False
9,43,4,0,2,1,0.0,False,0.80772,False
9,43,5,1,3,1,0.0,False,0.807701,False
9,43,6,1,3,1,0.0,False,0.807682,False
9,43,7,1,1,5,0.0,True,0.807663,False
9,44,1,0,1,4,0.0,False,0.807644,False
9,44,2,4,2,5,0.0,False,0.807625,False
9,44,3,5,1,9,0.0,True,0.807606,False
9,45,1,0,2,1,0.0,True,0.807587,False
9,46,1,0,2,1,0.0,False,0.8075680000000001,False
9,46,2,1,1,5,0.0,False,0.807549,False
9,46,3,5,0,4,0.0,False,0.80753,False
9,46,4,4,0,4,0.0,False,0.807511,False
9,46,5,4,3,0,0.0,False,0.807492,False
9,46,6,0,3,0,0.0,False,0.807473,False
9,46,7,0,2,1,0.0,False,0.807454,False
9,46,8,1,2,2,0.0,False,0.807435,False
9,46,9,2,0,1,0.0,False,0.807416,False
9,46,10,1,1,5,0.0,False,0.807397,False
9,46,11,5,0,4,0.0,False,0.807378,False
9,46,12,4,2,5,0.0,False,0.807359,False
9,46,13,5,1,9,0.0,False,0.80734,False
9,46,14,9,1,13,0.0,False,0.807321,False
9,46,15,13,2,14,0.0,False,0.807302,False
9,46,16,14,2,15,1.0,True,0.807283,False
9,47,1,0,2,1,0.0,False,0.807264,False
9,47,2,1,0,0,0.0,False,0.807245,False
9,47,3,0,0,0,0.0,False,0.807226,False
9,47,4,0,1,4,0.0,False,0.807207,False
9,47,5,4,3,0,0.0,False,0.807188,False
9,47,6,0,2,1,0.0,False,0.807169,False
9,47,7,1,2,2,0.0,False,0.80715,False
9,47,8,2,0,1,0.0,False,0.807131,False
9,47,9,1,3,1,0.0,False,0.807112,False
9,47,10,1,1,5,0.0,False,0.8070930000000001,False
9,47,11,5,2,6,0.0,False,0.807074,False
9,47,12,6,0,5,0.0,False,0.807055,False
9,47,13,5,1,9,0.0,False,0.807036,False
9,47,14,9,1,13,0.0,False,0.807017,False
9,47,15,13,2,14,0.0,False,0.806998,False
9,47,16,14,0,13,0.0,False,0.806979,False
9,47,17,13,0,12,0.0,False,0.80696,False
9,47,18,12,2,13,0.0,False,0.806941,False
9,47,19,13,3,9,0.0,False,0.806922,False
9,47,20,9,1,13,0.0,False,0.806903,False
9,47,21,13,2,14,0.0,False,0.806884,False
9,47,22,14,0,13,0.0,False,0.8068649999999999,False
9,47,23,13,2,14,0.0,False,0.806846,False
9,47,24,14,1,14,0.0,False,0.806827,False
9,47,25,14,3,10,0.0,True,0.806808,False
9,48,1,0,2,1,0.0,False,0.806789,False
9,48,2,1,0,0,0.0,False,0.80677,False
9,48,3,0,2,1,0.0,False,0.806751,False
9,48,4,1,1,5,0.0,True,0.806732,False
9,49,1,0,0,0,0.0,False,0.806713,False
9,49,2,0,1,4,0.0,False,0.806694,False
9,49,3,4,2,5,0.0,False,0.806675,False
9,49,4,5,0,4,0.0,False,0.806656,False
9,49,5,4,3,0,0.0,False,0.806637,False
9,49,6,0,0,0,0.0,False,0.8066180000000001,False
9,49,7,0,3,0,0.0,False,0.8065990000000001,False
9,49,8,0,1,4,0.0,False,0.8065800000000001,False
9,49,9,4,2,5,0.0,False,0.806561,False
9,49,10,5,0,4,0.0,False,0.806542,False
9,49,11,4,2,5,0.0,False,0.806523,False
9,49,12,5,3,1,0.0,True,0.806504,False
9,50,1,0,1,4,0.0,False,0.806485,False
9,50,2,4,2,5,0.0,False,0.806466,False
9,50,3,5,1,9,0.0,False,0.806447,False
9,50,4,9,0,8,0.0,True,0.806428,False
9,51,1,0,3,0,0.0,False,0.806409,False
9,51,2,0,2,1,0.0,False,0.8063899999999999,False
9,51,3,1,0,0,0.0,False,0.806371,False
9,51,4,0,2,1,0.0,False,0.806352,False
9,51,5,1,1,5,0.0,False,0.806333,False
9,51,6,5,0,4,0.0,False,0.806314,False
9,51,7,4,2,5,0.0,False,0.806295,False
9,51,8,5,1,9,0.0,False,0.806276,False
9,51,9,9,1,13,0.0,False,0.806257,False
9,51,10,13,0,12,0.0,True,0.806238,False
9,52,1,0,0,0,0.0,False,0.806219,False
9,52,2,0,1,4,0.0,False,0.8062,False
9,52,3,4,2,5,0.0,False,0.806181,False
9,52,4,5,1,9,0.0,False,0.806162,False
9,52,5,9,2,10,0.0,False,0.806143,False
9,52,6,10,3,6,0.0,False,0.8061240000000001,False
9,52,7,6,3,2,0.0,False,0.8061050000000001,False
9,52,8,2,3,2,0.0,False,0.8060860000000001,False
9,52,9,2,3,2,0.0,False,0.8060670000000001,False
9,52,10,2,3,2,0.0,False,0.806048,False
9,52,11,2,2,3,0.0,False,0.806029,False
9,52,12,3,1,7,0.0,False,0.80601,False
9,52,13,7,0,6,0.0,False,0.805991,False
9,52,14,6,3,2,0.0,False,0.805972,False
9,52,15,2,3,2,0.0,False,0.805953,False
9,52,16,2,3,2,0.0,False,0.805934,False
9,52,17,2,0,1,0.0,False,0.8059149999999999,False
9,52,18,1,1,5,0.0,False,0.805896,False
9,52,19,5,2,6,0.0,False,0.805877,False
9,52,20,6,0,5,0.0,False,0.805858,False
9,52,21,5,1,9,0.0,False,0.805839,False
9,52,22,9,1,13,0.0,False,0.80582,False
9,52,23,13,1,13,0.0,False,0.805801,False
9,52,24,13,3,9,0.0,False,0.805782,False
9,52,25,9,3,5,0.0,False,0.805763,False
9,52,26,5,3,1,0.0,False,0.805744,False
9,52,27,1,0,0,0.0,False,0.805725,False
9,52,28,0,0,0,0.0,False,0.805706,False
9,52,29,0,2,1,0.0,False,0.805687,False
9,52,30,1,2,2,0.0,False,0.805668,False
9,52,31,2,0,1,0.0,False,0.8056490000000001,False
9,52,32,1,1,5,0.0,False,0.8056300000000001,False
9,52,33,5,3,1,0.0,False,0.8056110000000001,False
9,52,34,1,1,5,0.0,False,0.8055920000000001,False
9,52,35,5,0,4,0.0,False,0.805573,False
9,52,36,4,0,4,0.0,False,0.805554,False
9,52,37,4,2,5,0.0,False,0.805535,False
9,52,38,5,3,1,0.0,False,0.805516,False
9,52,39,1,3,1,0.0,False,0.805497,False
9,52,40,1,1,5,0.0,False,0.805478,False
9,52,41,5,3,1,0.0,False,0.805459,False
9,52,42,1,1,5,0.0,False,0.8054399999999999,False
9,52,43,5,1,9,0.0,False,0.8054209999999999,False
9,52,44,9,3,5,0.0,False,0.805402,False
9,52,45,5,0,4,0.0,False,0.805383,False
9,52,46,4,0,4,0.0,False,0.805364,False
9,52,47,4,2,5,0.0,False,0.805345,False
9,52,48,5,2,6,0.0,False,0.805326,False
9,52,49,6,1,10,0.0,False,0.805307,False
9,52,50,10,1,14,0.0,False,0.805288,False
9,53,1,0,3,0,0.0,False,0.805269,False
9,53,2,0,0,0,0.0,False,0.80525,False
9,53,3,0,3,0,0.0,False,0.805231,False
9,53,4,0,2,1,0.0,False,0.805212,False
9,53,5,1,2,2,0.0,False,0.805193,False
9,53,6,2,2,3,0.0,False,0.8051740000000001,False
9,53,7,3,2,3,0.0,False,0.8051550000000001,False
9,53,8,3,3,3,0.0,False,0.8051360000000001,False
9,53,9,3,0,2,0.0,False,0.8051170000000001,False
9,53,10,2,3,2,0.0,False,0.805098,False
9,53,11,2,2,3,0.0,False,0.805079,False
9,53,12,3,3,3,0.0,False,0.80506,False
9,53,13,3,1,7,0.0,True,0.805041,False
9,54,1,0,3,0,0.0,False,0.805022,False
9,54,2,0,3,0,0.0,False,0.805003,False
9,54,3,0,1,4,0.0,False,0.804984,False
9,54,4,4,2,5,0.0,False,0.8049649999999999,False
9,54,5,5,3,1,0.0,False,0.8049459999999999,False
9,54,6,1,2,2,0.0,False,0.804927,False
9,54,7,2,3,2,0.0,False,0.804908,False
9,54,8,2,0,1,0.0,False,0.804889,False
9,54,9,1,3,1,0.0,False,0.80487,False
9,54,10,1,2,2,0.0,False,0.804851,False
9,54,11,2,1,6,0.0,False,0.804832,False
9,54,12,6,1,10,0.0,False,0.804813,False
9,54,13,10,0,9,0.0,False,0.804794,False
9,54,14,9,3,5,0.0,False,0.804775,False
9,54,15,5,0,4,0.0,False,0.804756,False
9,54,16,4,3,0,0.0,False,0.804737,False
9,54,17,0,3,0,0.0,False,0.804718,False
9,54,18,0,1,4,0.0,False,0.804699,False
9,54,19,4,1,8,0.0,False,0.8046800000000001,False
9,54,20,8,0,8,0.0,False,0.8046610000000001,False
9,54,21,8,2,9,0.0,False,0.8046420000000001,False
9,54,22,9,1,13,0.0,True,0.804623,False
9,55,1,0,2,1,0.0,False,0.804604,False
9,55,2,1,0,0,0.0,False,0.804585,False
9,55,3,0,2,1,0.0,False,0.804566,False
9,55,4,1,1,5,0.0,True,0.804547,False
9,56,1,0,1,4,0.0,False,0.804528,False
9,56,2,4,1,8,0.0,False,0.804509,False
9,56,3,8,2,9,0.0,False,0.80449,False
9,56,4,9,3,5,0.0,False,0.804471,False
9,56,5,5,2,6,0.0,True,0.804452,False
9,57,1,0,3,0,0.0,False,0.804433,False
9,57,2,0,2,1,0.0,False,0.804414,False
9,57,3,1,3,1,0.0,False,0.804395,False
9,57,4,1,1,5,0.0,False,0.804376,False
9,57,5,5,1,9,0.0,False,0.804357,False
9,57,6,9,2,10,0.0,False,0.804338,False
9,57,7,10,3,6,0.0,False,0.804319,False
9,57,8,6,3,2,0.0,True,0.8043,False
9,58,1,0,2,1,0.0,False,0.804281,False
9,58,2,1,1,5,0.0,False,0.804262,False
9,58,3,5,0,4,0.0,False,0.804243,False
9,58,4,4,1,8,0.0,False,0.804224,False
9,58,5,8,1,12,0.0,False,0.8042050000000001,False
9,58,6,12,3,8,0.0,False,0.8041860000000001,False
9,58,7,8,2,9,0.0,False,0.8041670000000001,False
9,58,8,9,2,10,0.0,False,0.804148,False
9,58,9,10,0,9,0.0,False,0.804129,False
9,58,10,9,2,10,0.0,False,0.80411,False
9,58,11,10,1,14,0.0,False,0.804091,False
9,58,12,14,1,14,0.0,False,0.804072,False
9,58,13,14,0,13,0.0,False,0.804053,False
9,58,14,13,3,9,0.0,False,0.804034,False
9,58,15,9,3,5,0.0,False,0.804015,False
9,58,16,5,1,9,0.0,False,0.803996,False
9,58,17,9,2,10,0.0,False,0.803977,False
9,58,18,10,3,6,0.0,False,0.8039580000000001,False
9,58,19,6,1,10,0.0,False,0.803939,False
9,58,20,10,1,14,0.0,False,0.80392,False
9,58,21,14,0,13,0.0,False,0.803901,False
9,58,22,13,1,13,0.0,False,0.803882,False
9,58,23,13,0,12,0.0,False,0.803863,False
9,58,24,12,0,12,0.0,False,0.803844,False
9,58,25,12,2,13,0.0,False,0.803825,False
9,58,26,13,2,14,0.0,False,0.803806,False
9,58,27,14,0,13,0.0,False,0.803787,False
9,58,28,13,2,14,0.0,False,0.803768,False
9,58,29,14,2,15,1.0,True,0.803749,False
9,59,1,0,0,0,0.0,False,0.80373,False
9,59,2,0,2,1,0.0,False,0.8037110000000001,False
9,59,3,1,1,5,0.0,False,0.8036920000000001,False
9,59,4,5,1,9,0.0,True,0.803673,False
9,60,1,0,2,1,0.0,False,0.803654,False
9,60,2,1,0,0,0.0,False,0.803635,False
9,60,3,0,3,0,0.0,False,0.803616,False
9,60,4,0,2,1,0.0,False,0.803597,False
9,60,5,1,3,1,0.0,False,0.803578,False
9,60,6,1,2,2,0.0,False,0.803559,False
9,60,7,2,0,1,0.0,False,0.80354,False
9,60,8,1,0,0,0.0,False,0.803521,False
9,60,9,0,3,0,0.0,False,0.803502,False
9,60,10,0,2,1,0.0,False,0.8034830000000001,False
9,60,11,1,3,1,0.0,False,0.803464,False
9,60,12,1,3,1,0.0,False,0.803445,False
9,60,13,1,2,2,0.0,False,0.803426,False
9,60,14,2,0,1,0.0,False,0.803407,False
9,60,15,1,2,2,0.0,False,0.803388,False
9,60,16,2,2,3,0.0,False,0.803369,False
9,60,17,3,1,7,0.0,False,0.80335,False
9,60,18,7,3,3,0.0,False,0.803331,False
9,60,19,3,1,7,0.0,False,0.803312,False
9,60,20,7,1,11,0.0,False,0.803293,False
9,60,21,11,1,15,1.0,True,0.803274,False
9,61,1,0,0,0,0.0,False,0.803255,False
9,61,2,0,2,1,0.0,True,0.8032360000000001,False
9,62,1,0,3,0,0.0,False,0.8032170000000001,False
9,62,2,0,0,0,0.0,False,0.803198,False
9,62,3,0,2,1,0.0,False,0.803179,False
9,62,4,1,3,1,0.0,False,0.80316,False
9,62,5,1,0,0,0.0,False,0.803141,False
9,62,6,0,1,4,0.0,True,0.803122,False
9,63,1,0,2,1,0.0,False,0.803103,False
9,63,2,1,0,0,0.0,False,0.803084,False
9,63,3,0,2,1,0.0,False,0.803065,False
9,63,4,1,2,2,0.0,False,0.803046,False
9,63,5,2,2,3,0.0,False,0.803027,False
9,63,6,3,2,3,0.0,False,0.803008,False
9,63,7,3,3,3,0.0,False,0.802989,False
9,63,8,3,0,2,0.0,False,0.80297,False
9,63,9,2,2,3,0.0,False,0.802951,False
9,63,10,3,1,7,0.0,False,0.802932,False
9,63,11,7,3,3,0.0,False,0.802913,False
9,63,12,3,3,3,0.0,False,0.802894,False
9,63,13,3,1,7,0.0,False,0.802875,False
9,63,14,7,2,7,0.0,False,0.802856,False
9,63,15,7,0,6,0.0,False,0.802837,False
9,63,16,6,1,10,0.0,False,0.802818,False
9,63,17,10,3,6,0.0,False,0.802799,False
9,63,18,6,1,10,0.0,False,0.80278,False
9,63,19,10,0,9,0.0,True,0.8027610000000001,False
9,64,1,0,2,1,0.0,False,0.8027420000000001,False
9,64,2,1,1,5,0.0,False,0.802723,False
9,64,3,5,3,1,0.0,False,0.802704,False
9,64,4,1,1,5,0.0,False,0.802685,False
9,64,5,5,1,9,0.0,False,0.802666,False
9,64,6,9,3,5,0.0,False,0.802647,False
9,64,7,5,1,9,0.0,False,0.802628,False
9,64,8,9,0,8,0.0,False,0.802609,False
9,64,9,8,2,9,0.0,False,0.80259,False
9,64,10,9,3,5,0.0,False,0.802571,False
9,64,11,5,3,1,0.0,False,0.802552,False
9,64,12,1,1,5,0.0,False,0.802533,False
9,64,13,5,3,1,0.0,False,0.802514,False
9,64,14,1,1,5,0.0,False,0.802495,False
9,64,15,5,1,9,0.0,False,0.802476,False
9,64,16,9,1,13,0.0,False,0.802457,False
9,64,17,13,2,14,0.0,False,0.802438,False
9,64,18,14,1,14,0.0,False,0.802419,False
9,64,19,14,0,13,0.0,False,0.8024,False
9,64,20,13,2,14,0.0,False,0.802381,False
9,64,21,14,3,10,0.0,True,0.802362,False
9,65,1,0,1,4,0.0,False,0.802343,False
9,65,2,4,2,5,0.0,False,0.802324,False
9,65,3,5,2,6,0.0,False,0.802305,False
9,65,4,6,0,5,0.0,False,0.802286,False
9,65,5,5,2,6,0.0,False,0.8022670000000001,False
9,65,6,6,1,10,0.0,False,0.802248,False
9,65,7,10,1,14,0.0,False,0.802229,False
9,65,8,14,3,10,0.0,False,0.80221,False
9,65,9,10,0,9,0.0,False,0.802191,False
9,65,10,9,1,13,0.0,True,0.802172,False
9,66,1,0,0,0,0.0,False,0.802153,False
9,66,2,0,3,0,0.0,False,0.802134,False
9,66,3,0,1,4,0.0,False,0.802115,False
9,66,4,4,3,0,0.0,False,0.802096,False
9,66,5,0,0,0,0.0,False,0.802077,False
9,66,6,0,3,0,0.0,False,0.802058,False
9,66,7,0,1,4,0.0,False,0.802039,False
9,66,8,4,1,8,0.0,False,0.80202,False
9,66,9,8,3,4,0.0,False,0.802001,False
9,66,10,4,1,8,0.0,False,0.801982,False
9,66,11,8,0,8,0.0,False,0.801963,False
9,66,12,8,1,12,0.0,True,0.801944,False
9,67,1,0,2,1,0.0,False,0.801925,False
9,67,2,1,3,1,0.0,False,0.801906,False
9,67,3,1,3,1,0.0,False,0.801887,False
9,67,4,1,1,5,0.0,False,0.801868,False
9,67,5,5,1,9,0.0,False,0.801849,False
9,67,6,9,2,10,0.0,True,0.80183,False
9,68,1,0,0,0,0.0,False,0.801811,False
9,68,2,0,2,1,0.0,True,0.8017920000000001,False
9,69,1,0,2,1,0.0,True,0.801773,False
9,70,1,0,0,0,0.0,False,0.801754,False
9,70,2,0,1,4,0.0,False,0.801735,False
9,70,3,4,0,4,0.0,False,0.801716,False
9,70,4,4,3,0,0.0,False,0.801697,False
9,70,5,0,1,4,0.0,False,0.801678,False
9,70,6,4,1,8,0.0,False,0.801659,False
9,70,7,8,1,12,0.0,False,0.80164,False
9,70,8,12,1,12,0.0,False,0.801621,False
9,70,9,12,1,12,0.0,False,0.801602,False
9,70,10,12,2,13,0.0,False,0.801583,False
9,70,11,13,3,9,0.0,True,0.8015639999999999,False
9,71,1,0,1,4,0.0,False,0.801545,False
9,71,2,4,0,4,0.0,False,0.801526,False
9,71,3,4,0,4,0.0,False,0.801507,False
9,71,4,4,2,5,0.0,True,0.801488,False
9,72,1,0,1,4,0.0,False,0.801469,False
9,72,2,4,1,8,0.0,False,0.80145,False
9,72,3,8,2,9,0.0,False,0.801431,False
9,72,4,9,0,8,0.0,False,0.801412,False
9,72,5,8,2,9,0.0,False,0.801393,False
9,72,6,9,1,13,0.0,False,0.801374,False
9,72,7,13,2,14,0.0,False,0.801355,False
9,72,8,14,3,10,0.0,False,0.801336,False
9,72,9,10,1,14,0.0,False,0.8013170000000001,False
9,72,10,14,1,14,0.0,False,0.8012980000000001,False
9,72,11,14,1,14,0.0,False,0.801279,False
9,72,12,14,2,15,1.0,True,0.80126,False
9,73,1,0,2,1,0.0,False,0.801241,False
9,73,2,1,3,1,0.0,False,0.801222,False
9,73,3,1,0,0,0.0,False,0.801203,False
9,73,4,0,2,1,0.0,False,0.801184,False
9,73,5,1,0,0,0.0,False,0.801165,False
9,73,6,0,3,0,0.0,False,0.801146,False
9,73,7,0,0,0,0.0,False,0.801127,False
9,73,8,0,0,0,0.0,False,0.801108,False
9,73,9,0,2,1,0.0,False,0.8010889999999999,False
9,73,10,1,3,1,0.0,False,0.80107,False
9,73,11,1,1,5,0.0,False,0.801051,False
9,73,12,5,2,6,0.0,False,0.801032,False
9,73,13,6,2,7,0.0,False,0.801013,False
9,73,14,7,1,11,0.0,False,0.800994,False
9,73,15,11,1,15,1.0,True,0.800975,False
9,74,1,0,1,4,0.0,False,0.800956,False
9,74,2,4,1,8,0.0,False,0.800937,False
9,74,3,8,2,9,0.0,False,0.800918,False
9,74,4,9,0,8,0.0,False,0.800899,False
9,74,5,8,0,8,0.0,False,0.80088,False
9,74,6,8,2,9,0.0,False,0.800861,False
9,74,7,9,2,10,0.0,True,0.800842,False
9,75,1,0,3,0,0.0,False,0.8008230000000001,False
9,75,2,0,1,4,0.0,False,0.8008040000000001,False
9,75,3,4,2,5,0.0,False,0.8007850000000001,False
9,75,4,5,1,9,0.0,False,0.800766,False
9,75,5,9,1,13,0.0,False,0.800747,False
9,75,6,13,3,9,0.0,False,0.800728,False
9,75,7,9,2,10,0.0,False,0.800709,False
9,75,8,10,1,14,0.0,False,0.80069,False
9,75,9,14,2,15,1.0,True,0.800671,False
9,76,1,0,0,0,0.0,False,0.800652,False
9,76,2,0,2,1,0.0,False,0.800633,False
9,76,3,1,2,2,0.0,False,0.8006139999999999,False
9,76,4,2,3,2,0.0,False,0.800595,False
9,76,5,2,1,6,0.0,False,0.800576,False
9,76,6,6,0,5,0.0,False,0.800557,False
9,76,7,5,2,6,0.0,False,0.800538,False
9,76,8,6,3,2,0.0,False,0.800519,False
9,76,9,2,3,2,0.0,False,0.8005,False
9,76,10,2,3,2,0.0,False,0.800481,False
9,76,11,2,1,6,0.0,False,0.800462,False
9,76,12,6,1,10,0.0,False,0.800443,False
9,76,13,10,2,11,0.0,False,0.800424,False
9,76,14,11,3,7,0.0,False,0.800405,False
9,76,15,7,0,6,0.0,False,0.800386,False
9,76,16,6,1,10,0.0,False,0.800367,False
9,76,17,10,2,11,0.0,False,0.8003480000000001,False
9,76,18,11,2,11,0.0,False,0.8003290000000001,False
9,76,19,11,3,7,0.0,False,0.8003100000000001,False
9,76,20,7,1,11,0.0,False,0.8002910000000001,False
9,76,21,11,2,11,0.0,False,0.800272,False
9,76,22,11,3,7,0.0,False,0.800253,False
9,76,23,7,1,11,0.0,False,0.800234,False
9,76,24,11,0,10,0.0,False,0.800215,False
9,76,25,10,0,9,0.0,False,0.800196,False
9,76,26,9,2,10,0.0,False,0.800177,False
9,76,27,10,2,11,0.0,False,0.800158,False
9,76,28,11,0,10,0.0,False,0.8001389999999999,False
9,76,29,10,3,6,0.0,False,0.8001199999999999,False
9,76,30,6,1,10,0.0,False,0.800101,False
9,76,31,10,0,9,0.0,False,0.800082,False
9,76,32,9,2,10,0.0,False,0.800063,False
9,76,33,10,0,9,0.0,False,0.800044,False
9,76,34,9,1,13,0.0,False,0.800025,False
9,76,35,13,1,13,0.0,False,0.800006,False
9,76,36,13,1,13,0.0,False,0.799987,False
9,76,37,13,1,13,0.0,False,0.799968,False
9,76,38,13,1,13,0.0,False,0.799949,False
9,76,39,13,3,9,0.0,False,0.79993,False
9,76,40,9,3,5,0.0,False,0.799911,False
9,76,41,5,3,1,0.0,False,0.799892,False
9,76,42,1,1,5,0.0,False,0.7998730000000001,False
9,76,43,5,1,9,0.0,False,0.7998540000000001,False
9,76,44,9,2,10,0.0,False,0.7998350000000001,False
9,76,45,10,2,11,0.0,False,0.7998160000000001,False
9,76,46,11,1,15,1.0,True,0.799797,False
9,77,1,0,1,4,0.0,False,0.799778,False
9,77,2,4,1,8,0.0,False,0.799759,False
9,77,3,8,0,8,0.0,False,0.79974,False
9,77,4,8,2,9,0.0,False,0.799721,False
9,77,5,9,1,13,0.0,False,0.799702,False
9,77,6,13,0,12,0.0,False,0.799683,False
9,77,7,12,2,13,0.0,False,0.7996639999999999,False
9,77,8,13,3,9,0.0,False,0.7996449999999999,False
9,77,9,9,2,10,0.0,False,0.799626,False
9,77,10,10,0,9,0.0,False,0.799607,False
9,77,11,9,2,10,0.0,False,0.799588,False
9,77,12,10,0,9,0.0,False,0.799569,False
9,77,13,9,0,8,0.0,False,0.79955,False
9,77,14,8,2,9,0.0,False,0.799531,False
9,77,15,9,2,10,0.0,False,0.799512,False
9,77,16,10,3,6,0.0,False,0.799493,False
9,77,17,6,1,10,0.0,False,0.799474,False
9,77,18,10,1,14,0.0,False,0.799455,False
9,77,19,14,0,13,0.0,False,0.799436,False
9,77,20,13,2,14,0.0,False,0.799417,False
9,77,21,14,2,15,1.0,True,0.799398,False
9,78,1,0,3,0,0.0,False,0.7993790000000001,False
9,78,2,0,2,1,0.0,False,0.7993600000000001,False
9,78,3,1,0,0,0.0,False,0.7993410000000001,False
9,78,4,0,2,1,0.0,False,0.799322,False
9,78,5,1,2,2,0.0,False,0.799303,False
9,78,6,2,1,6,0.0,False,0.799284,False
9,78,7,6,2,7,0.0,False,0.799265,False
9,78,8,7,1,11,0.0,False,0.799246,False
9,78,9,11,2,11,0.0,False,0.799227,False
9,78,10,11,1,15,1.0,True,0.799208,False
9,79,1,0,0,0,0.0,False,0.799189,False
9,79,2,0,2,1,0.0,False,0.7991699999999999,False
9,79,3,1,0,0,0.0,False,0.799151,False
9,79,4,0,2,1,0.0,False,0.799132,False
9,79,5,1,1,5,0.0,False,0.799113,False
9,79,6,5,0,4,0.0,False,0.799094,False
9,79,7,4,0,4,0.0,False,0.799075,False
9,79,8,4,0,4,0.0,False,0.799056,False
9,79,9,4,3,0,0.0,False,0.799037,False
9,79,10,0,2,1,0.0,False,0.799018,False
9,79,11,1,2,2,0.0,False,0.798999,False
9,79,12,2,0,1,0.0,False,0.79898,False
9,79,13,1,1,5,0.0,False,0.798961,False
9,79,14,5,3,1,0.0,False,0.798942,False
9,79,15,1,1,5,0.0,False,0.798923,False
9,79,16,5,2,6,0.0,True,0.7989040000000001,False
9,80,1,0,1,4,0.0,False,0.7988850000000001,False
9,80,2,4,1,8,0.0,False,0.7988660000000001,False
9,80,3,8,0,8,0.0,False,0.798847,False
9,80,4,8,1,12,0.0,False,0.798828,False
9,80,5,12,3,8,0.0,False,0.798809,False
9,80,6,8,0,8,0.0,False,0.79879,False
9,80,7,8,1,12,0.0,False,0.798771,False
9,80,8,12,2,13,0.0,False,0.798752,False
9,80,9,13,0,12,0.0,False,0.798733,False
9,80,10,12,0,12,0.0,False,0.798714,False
9,80,11,12,3,8,0.0,False,0.798695,False
9,80,12,8,1,12,0.0,False,0.798676,False
9,80,13,12,0,12,0.0,False,0.798657,False
9,80,14,12,0,12,0.0,False,0.798638,False
9,80,15,12,2,13,0.0,False,0.798619,False
9,80,16,13,3,9,0.0,True,0.7986,False
9,81,1,0,0,0,0.0,False,0.798581,False
9,81,2,0,0,0,0.0,False,0.798562,False
9,81,3,0,2,1,0.0,False,0.798543,False
9,81,4,1,2,2,0.0,False,0.798524,False
9,81,5,2,2,3,0.0,False,0.798505,False
9,81,6,3,0,2,0.0,False,0.798486,False
9,81,7,2,0,1,0.0,False,0.798467,False
9,81,8,1,0,0,0.0,False,0.798448,False
9,81,9,0,2,1,0.0,False,0.798429,False
9,81,10,1,2,2,0.0,False,0.7984100000000001,False
9,81,11,2,1,6,0.0,False,0.7983910000000001,False
9,81,12,6,0,5,0.0,False,0.798372,False
9,81,13,5,0,4,0.0,False,0.798353,False
9,81,14,4,2,5,0.0,False,0.798334,False
9,81,15,5,1,9,0.0,False,0.798315,False
9,81,16,9,3,5,0.0,False,0.798296,False
9,81,17,5,1,9,0.0,False,0.798277,False
9,81,18,9,0,8,0.0,True,0.798258,False
9,82,1,0,1,4,0.0,False,0.798239,False
9,82,2,4,2,5,0.0,False,0.79822,False
9,82,3,5,2,6,0.0,False,0.798201,False
9,82,4,6,2,7,0.0,False,0.7981820000000001,False
9,82,5,7,1,11,0.0,False,0.798163,False
9,82,6,11,2,11,0.0,False,0.798144,False
9,82,7,11,2,11,0.0,False,0.798125,False
9,82,8,11,1,15,1.0,True,0.798106,False
9,83,1,0,2,1,0.0,False,0.798087,False
9,83,2,1,1,5,0.0,False,0.798068,False
9,83,3,5,2,6,0.0,False,0.798049,False
9,83,4,6,3,2,0.0,False,0.79803,False
9,83,5,2,2,3,0.0,True,0.798011,False
9,84,1,0,3,0,0.0,False,0.797992,False
9,84,2,0,1,4,0.0,False,0.797973,False
9,84,3,4,1,8,0.0,False,0.797954,False
9,84,4,8,0,8,0.0,False,0.7979350000000001,False
9,84,5,8,0,8,0.0,False,0.7979160000000001,False
9,84,6,8,3,4,0.0,False,0.797897,False
9,84,7,4,3,0,0.0,False,0.797878,False
9,84,8,0,3,0,0.0,False,0.797859,False
9,84,9,0,1,4,0.0,False,0.79784,False
9,84,10,4,0,4,0.0,False,0.797821,False
9,84,11,4,1,8,0.0,False,0.797802,False
9,84,12,8,0,8,0.0,False,0.797783,False
9,84,13,8,3,4,0.0,False,0.797764,False
9,84,14,4,3,0,0.0,False,0.797745,False
9,84,15,0,3,0,0.0,False,0.797726,False
9,84,16,0,1,4,0.0,False,0.797707,False
9,84,17,4,2,5,0.0,False,0.797688,False
9,84,18,5,1,9,0.0,True,0.797669,False
9,85,1,0,3,0,0.0,False,0.79765,False
9,85,2,0,0,0,0.0,False,0.797631,False
9,85,3,0,0,0,0.0,False,0.797612,False
9,85,4,0,2,1,0.0,False,0.797593,False
9,85,5,1,1,5,0.0,False,0.797574,False
9,85,6,5,2,6,0.0,False,0.797555,False
9,85,7,6,1,10,0.0,False,0.797536,False
9,85,8,10,1,14,0.0,False,0.797517,False
9,85,9,14,1,14,0.0,False,0.797498,False
9,85,10,14,2,15,1.0,True,0.797479,False
9,86,1,0,3,0,0.0,False,0.7974600000000001,False
9,86,2,0,1,4,0.0,False,0.7974410000000001,False
9,86,3,4,1,8,0.0,False,0.797422,False
9,86,4,8,3,4,0.0,False,0.797403,False
9,86,5,4,1,8,0.0,False,0.797384,False
9,86,6,8,2,9,0.0,False,0.797365,False
9,86,7,9,0,8,0.0,False,0.797346,False
9,86,8,8,2,9,0.0,False,0.797327,False
9,86,9,9,0,8,0.0,False,0.797308,False
9,86,10,8,2,9,0.0,False,0.797289,False
9,86,11,9,0,8,0.0,False,0.79727,False
9,86,12,8,1,12,0.0,False,0.797251,False
9,86,13,12,1,12,0.0,False,0.797232,False
9,86,14,12,1,12,0.0,False,0.797213,False
9,86,15,12,0,12,0.0,False,0.797194,False
9,86,16,12,3,8,0.0,False,0.797175,False
9,86,17,8,2,9,0.0,False,0.797156,False
9,86,18,9,1,13,0.0,False,0.797137,False
9,86,19,13,1,13,0.0,False,0.797118,False
9,86,20,13,0,12,0.0,False,0.797099,False
9,86,21,12,3,8,0.0,False,0.79708,False
9,86,22,8,2,9,0.0,False,0.797061,False
9,86,23,9,2,10,0.0,False,0.797042,False
9,86,24,10,2,11,0.0,False,0.797023,False
9,86,25,11,2,11,0.0,False,0.797004,False
9,86,26,11,0,10,0.0,False,0.796985,False
9,86,27,10,0,9,0.0,False,0.7969660000000001,False
9,86,28,9,1,13,0.0,False,0.796947,False
9,86,29,13,3,9,0.0,False,0.796928,False
9,86,30,9,0,8,0.0,False,0.796909,False
9,86,31,8,0,8,0.0,False,0.79689,False
9,86,32,8,2,9,0.0,False,0.796871,False
9,86,33,9,2,10,0.0,False,0.796852,False
9,86,34,10,2,11,0.0,False,0.796833,False
9,86,35,11,1,15,1.0,True,0.796814,False
9,87,1,0,0,0,0.0,False,0.796795,False
9,87,2,0,3,0,0.0,False,0.796776,False
9,87,3,0,1,4,0.0,False,0.796757,False
9,87,4,4,1,8,0.0,False,0.796738,False
9,87,5,8,0,8,0.0,False,0.796719,False
9,87,6,8,2,9,0.0,False,0.7967,False
9,87,7,9,2,10,0.0,False,0.796681,False
9,87,8,10,3,6,0.0,False,0.796662,False
9,87,9,6,0,5,0.0,False,0.796643,False
9,87,10,5,2,6,0.0,False,0.796624,False
9,87,11,6,2,7,0.0,False,0.796605,False
9,87,12,7,3,3,0.0,True,0.796586,False
9,88,1,0,0,0,0.0,False,0.796567,False
9,88,2,0,1,4,0.0,False,0.796548,False
9,88,3,4,3,0,0.0,False,0.796529,False
9,88,4,0,1,4,0.0,False,0.79651,False
9,88,5,4,2,5,0.0,False,0.7964910000000001,False
9,88,6,5,1,9,0.0,False,0.796472,False
9,88,7,9,2,10,0.0,False,0.796453,False
9,88,8,10,2,11,0.0,False,0.796434,False
9,88,9,11,3,7,0.0,False,0.796415,False
9,88,10,7,1,11,0.0,False,0.796396,False
9,88,11,11,3,7,0.0,False,0.796377,False
9,88,12,7,3,3,0.0,True,0.796358,False
9,89,1,0,2,1,0.0,False,0.796339,False
9,89,2,1,1,5,0.0,False,0.79632,False
9,89,3,5,3,1,0.0,False,0.796301,False
9,89,4,1,1,5,0.0,False,0.796282,False
9,89,5,5,2,6,0.0,True,0.7962629999999999,False
9,90,1,0,0,0,0.0,False,0.796244,False
9,90,2,0,2,1,0.0,False,0.796225,False
9,90,3,1,2,2,0.0,False,0.796206,False
9,90,4,2,3,2,0.0,False,0.796187,False
9,90,5,2,2,3,0.0,False,0.796168,False
9,90,6,3,2,3,0.0,False,0.796149,False
9,90,7,3,1,7,0.0,False,0.79613,False
9,90,8,7,3,3,0.0,False,0.796111,False
9,90,9,3,1,7,0.0,False,0.796092,False
9,90,10,7,1,11,0.0,False,0.796073,False
9,90,11,11,1,15,1.0,True,0.796054,False
9,91,1,0,1,4,0.0,False,0.796035,False
9,91,2,4,1,8,0.0,False,0.7960160000000001,False
9,91,3,8,1,12,0.0,False,0.7959970000000001,False
9,91,4,12,2,13,0.0,True,0.795978,False
9,92,1,0,1,4,0.0,False,0.795959,False
9,92,2,4,1,8,0.0,False,0.79594,False
9,92,3,8,0,8,0.0,False,0.795921,False
9,92,4,8,2,9,0.0,False,0.795902,False
9,92,5,9,1,13,0.0,True,0.795883,False
9,93,1,0,1,4,0.0,False,0.795864,False
9,93,2,4,0,4,0.0,False,0.795845,False
9,93,3,4,0,4,0.0,False,0.795826,False
9,93,4,4,0,4,0.0,False,0.795807,False
9,93,5,4,2,5,0.0,True,0.7957879999999999,False
9,94,1,0,1,4,0.0,False,0.795769,False
9,94,2,4,1,8,0.0,False,0.79575,False
9,94,3,8,2,9,0.0,False,0.795731,False
9,94,4,9,0,8,0.0,False,0.795712,False
9,94,5,8,0,8,0.0,False,0.795693,False
9,94,6,8,3,4,0.0,False,0.795674,False
9,94,7,4,1,8,0.0,False,0.795655,False
9,94,8,8,0,8,0.0,False,0.795636,False
9,94,9,8,3,4,0.0,False,0.795617,False
9,94,10,4,2,5,0.0,False,0.795598,False
9,94,11,5,2,6,0.0,False,0.795579,False
9,94,12,6,1,10,0.0,False,0.79556,False
9,94,13,10,2,11,0.0,False,0.795541,False
9,94,14,11,0,10,0.0,False,0.7955220000000001,False
9,94,15,10,2,11,0.0,False,0.7955030000000001,False
9,94,16,11,1,15,1.0,True,0.795484,False
9,95,1,0,1,4,0.0,False,0.795465,False
9,95,2,4,3,0,0.0,False,0.795446,False
9,95,3,0,1,4,0.0,False,0.795427,False
9,95,4,4,3,0,0.0,False,0.795408,False
9,95,5,0,1,4,0.0,False,0.795389,False
9,95,6,4,0,4,0.0,False,0.79537,False
9,95,7,4,3,0,0.0,False,0.795351,False
9,95,8,0,3,0,0.0,False,0.795332,False
9,95,9,0,1,4,0.0,False,0.7953129999999999,False
9,95,10,4,1,8,0.0,False,0.795294,False
9,95,11,8,0,8,0.0,False,0.795275,False
9,95,12,8,2,9,0.0,False,0.795256,False
9,95,13,9,1,13,0.0,False,0.795237,False
9,95,14,13,0,12,0.0,False,0.795218,False
9,95,15,12,3,8,0.0,False,0.795199,False
9,95,16,8,2,9,0.0,False,0.79518,False
9,95,17,9,2,10,0.0,False,0.795161,False
9,95,18,10,3,6,0.0,False,0.795142,False
9,95,19,6,1,10,0.0,False,0.795123,False
9,95,20,10,1,14,0.0,False,0.795104,False
9,95,21,14,2,15,1.0,True,0.795085,False
9,96,1,0,3,0,0.0,False,0.795066,False
9,96,2,0,2,1,0.0,False,0.7950470000000001,False
9,96,3,1,2,2,0.0,False,0.7950280000000001,False
9,96,4,2,1,6,0.0,False,0.7950090000000001,False
9,96,5,6,1,10,0.0,False,0.7949900000000001,False
9,96,6,10,3,6,0.0,False,0.794971,False
9,96,7,6,1,10,0.0,False,0.794952,False
9,96,8,10,2,11,0.0,False,0.794933,False
9,96,9,11,3,7,0.0,False,0.794914,False
9,96,10,7,3,3,0.0,True,0.794895,False
9,97,1,0,0,0,0.0,False,0.794876,False
9,97,2,0,2,1,0.0,False,0.794857,False
9,97,3,1,2,2,0.0,False,0.7948379999999999,False
9,97,4,2,1,6,0.0,False,0.7948189999999999,False
9,97,5,6,3,2,0.0,False,0.7948,False
9,97,6,2,0,1,0.0,False,0.794781,False
9,97,7,1,3,1,0.0,False,0.794762,False
9,97,8,1,2,2,0.0,False,0.794743,False
9,97,9,2,1,6,0.0,False,0.794724,False
9,97,10,6,0,5,0.0,True,0.794705,False
9,98,1,0,2,1,0.0,False,0.794686,False
9,98,2,1,2,2,0.0,False,0.794667,False
9,98,3,2,3,2,0.0,False,0.794648,False
9,98,4,2,2,3,0.0,False,0.794629,False
9,98,5,3,3,3,0.0,False,0.79461,False
9,98,6,3,3,3,0.0,False,0.794591,False
9,98,7,3,3,3,0.0,False,0.7945720000000001,False
9,98,8,3,3,3,0.0,False,0.7945530000000001,False
9,98,9,3,1,7,0.0,False,0.7945340000000001,False
9,98,10,7,1,11,0.0,False,0.7945150000000001,False
9,98,11,11,2,11,0.0,False,0.794496,False
9,98,12,11,1,15,1.0,True,0.794477,False
9,99,1,0,1,4,0.0,False,0.794458,False
9,99,2,4,1,8,0.0,False,0.794439,False
9,99,3,8,2,9,0.0,False,0.79442,False
9,99,4,9,0,8,0.0,False,0.794401,False
9,99,5,8,1,12,0.0,False,0.794382,False
9,99,6,12,3,8,0.0,False,0.7943629999999999,False
9,99,7,8,2,9,0.0,False,0.7943439999999999,False
9,99,8,9,1,13,0.0,False,0.794325,False
9,99,9,13,3,9,0.0,False,0.794306,False
9,99,10,9,0,8,0.0,False,0.794287,False
9,99,11,8,2,9,0.0,False,0.794268,False
9,99,12,9,0,8,0.0,False,0.794249,False
9,99,13,8,1,12,0.0,False,0.79423,False
9,99,14,12,2,13,0.0,False,0.794211,False
9,99,15,13,3,9,0.0,False,0.794192,False
9,99,16,9,2,10,0.0,False,0.794173,False
9,99,17,10,3,6,0.0,False,0.794154,False
9,99,18,6,1,10,0.0,False,0.794135,False
9,99,19,10,2,11,0.0,False,0.794116,False
9,99,20,11,0,10,0.0,False,0.794097,False
9,99,21,10,1,14,0.0,False,0.7940780000000001,False
9,99,22,14,1,14,0.0,False,0.7940590000000001,False
9,99,23,14,1,14,0.0,False,0.7940400000000001,False
9,99,24,14,2,15,1.0,True,0.794021,False
9,100,1,0,1,4,0.0,False,0.794002,False
9,100,2,4,2,5,0.0,False,0.793983,False
9,100,3,5,3,1,0.0,False,0.793964,False
9,100,4,1,0,0,0.0,False,0.793945,False
9,100,5,0,3,0,0.0,False,0.793926,False
9,100,6,0,1,4,0.0,False,0.793907,False
9,100,7,4,3,0,0.0,False,0.793888,False
9,100,8,0,0,0,0.0,False,0.7938689999999999,False
9,100,9,0,3,0,0.0,False,0.79385,False
9,100,10,0,1,4,0.0,False,0.793831,False
9,100,11,4,1,8,0.0,False,0.793812,False
9,100,12,8,0,8,0.0,False,0.793793,False
9,100,13,8,2,9,0.0,False,0.793774,False
9,100,14,9,2,10,0.0,False,0.793755,False
9,100,15,10,2,11,0.0,False,0.793736,False
9,100,16,11,2,11,0.0,False,0.793717,False
9,100,17,11,3,7,0.0,True,0.793698,False
10,1,1,0,1,4,0.0,False,0.793679,False
10,1,2,4,3,0,0.0,False,0.79366,False
10,1,3,0,1,4,0.0,False,0.793641,False
10,1,4,4,2,5,0.0,False,0.793622,False
10,1,5,5,0,4,0.0,False,0.7936030000000001,False
10,1,6,4,2,5,0.0,False,0.7935840000000001,False
10,1,7,5,2,6,0.0,False,0.7935650000000001,False
10,1,8,6,1,10,0.0,True,0.793546,False
10,2,1,0,3,0,0.0,False,0.793527,False
10,2,2,0,2,1,0.0,False,0.793508,False
10,2,3,1,0,0,0.0,False,0.793489,False
10,2,4,0,0,0,0.0,False,0.79347,False
10,2,5,0,1,4,0.0,False,0.793451,False
10,2,6,4,0,4,0.0,False,0.793432,False
10,2,7,4,3,0,0.0,False,0.793413,False
10,2,8,0,3,0,0.0,False,0.793394,False
10,2,9,0,1,4,0.0,False,0.7933749999999999,False
10,2,10,4,3,0,0.0,False,0.793356,False
10,2,11,0,3,0,0.0,False,0.793337,False
10,2,12,0,1,4,0.0,False,0.793318,False
10,2,13,4,1,8,0.0,False,0.793299,False
10,2,14,8,1,12,0.0,False,0.79328,False
10,2,15,12,3,8,0.0,False,0.793261,False
10,2,16,8,1,12,0.0,False,0.793242,False
10,2,17,12,2,13,0.0,False,0.793223,False
10,2,18,13,0,12,0.0,False,0.793204,False
10,2,19,12,3,8,0.0,False,0.793185,False
10,2,20,8,1,12,0.0,False,0.793166,False
10,2,21,12,0,12,0.0,False,0.793147,False
10,2,22,12,1,12,0.0,False,0.793128,False
10,2,23,12,2,13,0.0,False,0.7931090000000001,False
10,2,24,13,1,13,0.0,False,0.7930900000000001,False
10,2,25,13,2,14,0.0,False,0.793071,False
10,2,26,14,3,10,0.0,False,0.793052,False
10,2,27,10,3,6,0.0,False,0.793033,False
10,2,28,6,1,10,0.0,False,0.793014,False
10,2,29,10,2,11,0.0,False,0.792995,False
10,2,30,11,3,7,0.0,False,0.792976,False
10,2,31,7,2,7,0.0,False,0.792957,False
10,2,32,7,1,11,0.0,False,0.792938,False
10,2,33,11,2,11,0.0,False,0.792919,False
10,2,34,11,1,15,1.0,True,0.7929,False
10,3,1,0,3,0,0.0,False,0.7928810000000001,False
10,3,2,0,2,1,0.0,False,0.792862,False
10,3,3,1,0,0,0.0,False,0.792843,False
10,3,4,0,2,1,0.0,False,0.792824,False
10,3,5,1,1,5,0.0,False,0.792805,False
10,3,6,5,0,4,0.0,True,0.792786,False
10,4,1,0,0,0,0.0,False,0.792767,False
10,4,2,0,0,0,0.0,False,0.792748,False
10,4,3,0,1,4,0.0,False,0.792729,False
10,4,4,4,2,5,0.0,False,0.79271,False
10,4,5,5,3,1,0.0,False,0.792691,False
10,4,6,1,1,5,0.0,False,0.792672,False
10,4,7,5,1,9,0.0,False,0.792653,False
10,4,8,9,3,5,0.0,False,0.7926340000000001,False
10,4,9,5,0,4,0.0,False,0.7926150000000001,False
10,4,10,4,3,0,0.0,False,0.7925960000000001,False
10,4,11,0,1,4,0.0,False,0.792577,False
10,4,12,4,2,5,0.0,False,0.792558,False
10,4,13,5,3,1,0.0,False,0.792539,False
10,4,14,1,1,5,0.0,False,0.79252,False
10,4,15,5,3,1,0.0,False,0.792501,False
10,4,16,1,1,5,0.0,False,0.792482,False
10,4,17,5,3,1,0.0,False,0.792463,False
10,4,18,1,0,0,0.0,False,0.792444,False
10,4,19,0,1,4,0.0,False,0.792425,False
10,4,20,4,0,4,0.0,False,0.792406,False
10,4,21,4,0,4,0.0,False,0.792387,False
10,4,22,4,0,4,0.0,False,0.792368,False
10,4,23,4,3,0,0.0,False,0.792349,False
10,4,24,0,0,0,0.0,False,0.79233,False
10,4,25,0,2,1,0.0,False,0.792311,False
10,4,26,1,1,5,0.0,False,0.792292,False
10,4,27,5,2,6,0.0,False,0.792273,False
10,4,28,6,2,7,0.0,False,0.792254,False
10,4,29,7,1,11,0.0,False,0.792235,False
10,4,30,11,1,15,1.0,True,0.792216,False
10,5,1,0,0,0,0.0,False,0.792197,False
10,5,2,0,3,0,0.0,False,0.792178,False
10,5,3,0,2,1,0.0,False,0.7921590000000001,False
10,5,4,1,2,2,0.0,False,0.7921400000000001,False
10,5,5,2,1,6,0.0,False,0.7921210000000001,False
10,5,6,6,3,2,0.0,False,0.792102,False
10,5,7,2,1,6,0.0,False,0.792083,False
10,5,8,6,1,10,0.0,True,0.792064,False
10,6,1,0,3,0,0.0,False,0.792045,False
10,6,2,0,1,4,0.0,False,0.792026,False
10,6,3,4,0,4,0.0,False,0.792007,False
10,6,4,4,0,4,0.0,False,0.791988,False
10,6,5,4,2,5,0.0,False,0.791969,False
10,6,6,5,2,6,0.0,False,0.79195,False
10,6,7,6,3,2,0.0,False,0.791931,False
10,6,8,2,3,2,0.0,False,0.791912,False
10,6,9,2,3,2,0.0,False,0.791893,False
10,6,10,2,3,2,0.0,False,0.791874,False
10,6,11,2,0,1,0.0,False,0.791855,False
10,6,12,1,2,2,0.0,False,0.791836,False
10,6,13,2,1,6,0.0,False,0.791817,False
10,6,14,6,1,10,0.0,False,0.791798,False
10,6,15,10,1,14,0.0,False,0.791779,False
10,6,16,14,1,14,0.0,False,0.79176,False
10,6,17,14,1,14,0.0,False,0.791741,False
10,6,18,14,1,14,0.0,False,0.791722,False
10,6,19,14,0,13,0.0,False,0.791703,False
10,6,20,13,0,12,0.0,False,0.791684,False
10,6,21,12,2,13,0.0,False,0.7916650000000001,False
10,6,22,13,0,12,0.0,False,0.7916460000000001,False
10,6,23,12,0,12,0.0,False,0.791627,False
10,6,24,12,0,12,0.0,False,0.791608,False
10,6,25,12,2,13,0.0,False,0.791589,False
10,6,26,13,0,12,0.0,False,0.79157,False
10,6,27,12,2,13,0.0,False,0.791551,False
10,6,28,13,1,13,0.0,False,0.791532,False
10,6,29,13,2,14,0.0,False,0.791513,False
10,6,30,14,0,13,0.0,False,0.791494,False
10,6,31,13,1,13,0.0,False,0.791475,False
10,6,32,13,1,13,0.0,False,0.791456,False
10,6,33,13,3,9,0.0,True,0.791437,False
10,7,1,0,3,0,0.0,False,0.791418,False
10,7,2,0,2,1,0.0,False,0.791399,False
10,7,3,1,3,1,0.0,False,0.79138,False
10,7,4,1,1,5,0.0,True,0.791361,False
10,8,1,0,0,0,0.0,False,0.791342,False
10,8,2,0,1,4,0.0,False,0.791323,False
10,8,3,4,0,4,0.0,False,0.791304,False
10,8,4,4,1,8,0.0,False,0.791285,False
10,8,5,8,2,9,0.0,False,0.791266,False
10,8,6,9,3,5,0.0,True,0.791247,False
10,9,1,0,2,1,0.0,False,0.791228,False
10,9,2,1,2,2,0.0,False,0.791209,False
10,9,3,2,0,1,0.0,False,0.7911900000000001,False
10,9,4,1,3,1,0.0,False,0.7911710000000001,False
10,9,5,1,2,2,0.0,False,0.791152,False
10,9,6,2,3,2,0.0,False,0.791133,False
10,9,7,2,2,3,0.0,True,0.791114,False
10,10,1,0,1,4,0.0,False,0.791095,False
10,10,2,4,0,4,0.0,False,0.791076,False
10,10,3,4,2,5,0.0,False,0.791057,False
10,10,4,5,1,9,0.0,False,0.791038,False
10,10,5,9,0,8,0.0,True,0.791019,False
10,11,1,0,3,0,0.0,False,0.791,False
10,11,2,0,3,0,0.0,False,0.790981,False
10,11,3,0,2,1,0.0,False,0.7909619999999999,False
10,11,4,1,0,0,0.0,False,0.790943,False
10,11,5,0,1,4,0.0,False,0.790924,False
10,11,6,4,3,0,0.0,False,0.790905,False
10,11,7,0,1,4,0.0,False,0.790886,False
10,11,8,4,2,5,0.0,False,0.790867,False
10,11,9,5,3,1,0.0,False,0.790848,False
10,11,10,1,2,2,0.0,False,0.790829,False
10,11,11,2,3,2,0.0,False,0.79081,False
10,11,12,2,1,6,0.0,False,0.790791,False
10,11,13,6,1,10,0.0,False,0.790772,False
10,11,14,10,3,6,0.0,False,0.790753,False
10,11,15,6,3,2,0.0,False,0.790734,False
10,11,16,2,0,1,0.0,False,0.7907150000000001,False
10,11,17,1,0,0,0.0,False,0.7906960000000001,False
10,11,18,0,3,0,0.0,False,0.790677,False
10,11,19,0,1,4,0.0,False,0.790658,False
10,11,20,4,3,0,0.0,False,0.790639,False
10,11,21,0,1,4,0.0,False,0.79062,False
10,11,22,4,2,5,0.0,False,0.790601,False
10,11,23,5,3,1,0.0,False,0.790582,False
10,11,24,1,1,5,0.0,False,0.790563,False
10,11,25,5,1,9,0.0,True,0.790544,False
10,12,1,0,3,0,0.0,False,0.790525,False
10,12,2,0,2,1,0.0,False,0.790506,False
10,12,3,1,1,5,0.0,False,0.7904869999999999,False
10,12,4,5,2,6,0.0,False,0.790468,False
10,12,5,6,3,2,0.0,False,0.790449,False
10,12,6,2,3,2,0.0,False,0.79043,False
10,12,7,2,3,2,0.0,False,0.790411,False
10,12,8,2,0,1,0.0,False,0.790392,False
10,12,9,1,0,0,0.0,False,0.790373,False
10,12,10,0,1,4,0.0,False,0.790354,False
10,12,11,4,3,0,0.0,False,0.790335,False
10,12,12,0,1,4,0.0,False,0.790316,False
10,12,13,4,2,5,0.0,False,0.790297,False
10,12,14,5,2,6,0.0,False,0.790278,False
10,12,15,6,0,5,0.0,False,0.790259,False
10,12,16,5,1,9,0.0,False,0.79024,False
10,12,17,9,3,5,0.0,False,0.7902210000000001,False
10,12,18,5,1,9,0.0,False,0.7902020000000001,False
10,12,19,9,3,5,0.0,False,0.790183,False
10,12,20,5,2,6,0.0,False,0.790164,False
10,12,21,6,1,10,0.0,False,0.790145,False
10,12,22,10,1,14,0.0,False,0.790126,False
10,12,23,14,2,15,1.0,True,0.790107,False
10,13,1,0,2,1,0.0,False,0.790088,False
10,13,2,1,2,2,0.0,False,0.790069,False
10,13,3,2,3,2,0.0,False,0.79005,False
10,13,4,2,2,3,0.0,False,0.790031,False
10,13,5,3,1,7,0.0,False,0.790012,False
10,13,6,7,3,3,0.0,False,0.789993,False
10,13,7,3,2,3,0.0,False,0.789974,False
10,13,8,3,2,3,0.0,False,0.789955,False
10,13,9,3,1,7,0.0,False,0.789936,False
10,13,10,7,1,11,0.0,True,0.789917,False
10,14,1,0,1,4,0.0,False,0.789898,False
10,14,2,4,2,5,0.0,True,0.789879,False
10,15,1,0,1,4,0.0,False,0.78986,False
10,15,2,4,3,0,0.0,False,0.789841,False
10,15,3,0,0,0,0.0,False,0.789822,False
10,15,4,0,1,4,0.0,False,0.789803,False
10,15,5,4,1,8,0.0,False,0.789784,False
10,15,6,8,2,9,0.0,False,0.789765,False
10,15,7,9,3,5,0.0,False,0.7897460000000001,False
10,15,8,5,3,1,0.0,True,0.7897270000000001,False
10,16,1,0,0,0,0.0,False,0.7897080000000001,False
10,16,2,0,1,4,0.0,True,0.7896890000000001,False
10,17,1,0,1,4,0.0,False,0.78967,False
10,17,2,4,3,0,0.0,False,0.789651,False
10,17,3,0,1,4,0.0,False,0.789632,False
10,17,4,4,2,5,0.0,False,0.789613,False
10,17,5,5,3,1,0.0,False,0.789594,False
10,17,6,1,3,1,0.0,False,0.789575,False
10,17,7,1,1,5,0.0,False,0.789556,False
10,17,8,5,2,6,0.0,False,0.789537,False
10,17,9,6,1,10,0.0,False,0.7895179999999999,False
10,17,10,10,1,14,0.0,True,0.789499,False
10,18,1,0,0,0,0.0,False,0.78948,False
10,18,2,0,1,4,0.0,True,0.789461,False
10,19,1,0,2,1,0.0,False,0.789442,False
10,19,2,1,2,2,0.0,True,0.789423,False
10,20,1,0,2,1,0.0,False,0.789404,False
10,20,2,1,3,1,0.0,False,0.789385,False
10,20,3,1,1,5,0.0,False,0.789366,False
10,20,4,5,3,1,0.0,False,0.789347,False
10,20,5,1,1,5,0.0,False,0.789328,False
10,20,6,5,0,4,0.0,False,0.789309,False
10,20,7,4,0,4,0.0,False,0.78929,False
10,20,8,4,0,4,0.0,False,0.7892710000000001,False
10,20,9,4,2,5,0.0,False,0.7892520000000001,False
10,20,10,5,3,1,0.0,False,0.7892330000000001,False
10,20,11,1,0,0,0.0,False,0.7892140000000001,False
10,20,12,0,2,1,0.0,False,0.7891950000000001,False
10,20,13,1,1,5,0.0,False,0.789176,False
10,20,14,5,0,4,0.0,False,0.789157,False
10,20,15,4,2,5,0.0,False,0.789138,False
10,20,16,5,2,6,0.0,False,0.789119,False
10,20,17,6,3,2,0.0,True,0.7891,False
10,21,1,0,3,0,0.0,False,0.789081,False
10,21,2,0,3,0,0.0,False,0.789062,False
10,21,3,0,1,4,0.0,False,0.7890429999999999,False
10,21,4,4,2,5,0.0,False,0.789024,False
10,21,5,5,1,9,0.0,False,0.789005,False
10,21,6,9,2,10,0.0,False,0.788986,False
10,21,7,10,0,9,0.0,False,0.788967,False
10,21,8,9,1,13,0.0,False,0.788948,False
10,21,9,13,3,9,0.0,False,0.788929,False
10,21,10,9,1,13,0.0,False,0.78891,False
10,21,11,13,1,13,0.0,False,0.788891,False
10,21,12,13,1,13,0.0,False,0.788872,False
10,21,13,13,0,12,0.0,False,0.788853,False
10,21,14,12,0,12,0.0,False,0.788834,False
10,21,15,12,1,12,0.0,False,0.788815,False
10,21,16,12,1,12,0.0,False,0.788796,False
10,21,17,12,2,13,0.0,False,0.7887770000000001,False
10,21,18,13,1,13,0.0,False,0.7887580000000001,False
10,21,19,13,1,13,0.0,False,0.7887390000000001,False
10,21,20,13,1,13,0.0,False,0.7887200000000001,False
10,21,21,13,1,13,0.0,False,0.788701,False
10,21,22,13,2,14,0.0,False,0.788682,False
10,21,23,14,2,15,1.0,True,0.788663,False
10,22,1,0,1,4,0.0,False,0.788644,False
10,22,2,4,2,5,0.0,False,0.788625,False
10,22,3,5,2,6,0.0,False,0.788606,False
10,22,4,6,0,5,0.0,False,0.788587,False
10,22,5,5,1,9,0.0,True,0.7885679999999999,False
10,23,1,0,3,0,0.0,False,0.7885489999999999,False
10,23,2,0,2,1,0.0,False,0.78853,False
10,23,3,1,3,1,0.0,False,0.788511,False
10,23,4,1,2,2,0.0,False,0.788492,False
10,23,5,2,3,2,0.0,False,0.788473,False
10,23,6,2,3,2,0.0,False,0.788454,False
10,23,7,2,0,1,0.0,False,0.788435,False
10,23,8,1,1,5,0.0,False,0.788416,False
10,23,9,5,2,6,0.0,True,0.788397,False
10,24,1,0,3,0,0.0,False,0.788378,False
10,24,2,0,1,4,0.0,False,0.788359,False
10,24,3,4,1,8,0.0,True,0.78834,False
10,25,1,0,2,1,0.0,False,0.788321,False
10,25,2,1,2,2,0.0,False,0.7883020000000001,False
10,25,3,2,3,2,0.0,False,0.7882830000000001,False
10,25,4,2,0,1,0.0,False,0.7882640000000001,False
10,25,5,1,2,2,0.0,False,0.7882450000000001,False
10,25,6,2,1,6,0.0,False,0.788226,False
10,25,7,6,0,5,0.0,False,0.788207,False
10,25,8,5,0,4,0.0,False,0.788188,False
10,25,9,4,1,8,0.0,True,0.788169,False
10,26,1,0,2,1,0.0,False,0.78815,False
10,26,2,1,2,2,0.0,False,0.788131,False
10,26,3,2,0,1,0.0,False,0.788112,False
10,26,4,1,0,0,0.0,False,0.788093,False
10,26,5,0,0,0,0.0,False,0.7880739999999999,False
10,26,6,0,2,1,0.0,False,0.788055,False
10,26,7,1,2,2,0.0,False,0.788036,False
10,26,8,2,1,6,0.0,False,0.788017,False
10,26,9,6,2,7,0.0,False,0.787998,False
10,26,10,7,1,11,0.0,False,0.787979,False
10,26,11,11,2,11,0.0,False,0.78796,False
10,26,12,11,2,11,0.0,False,0.787941,False
10,26,13,11,2,11,0.0,False,0.787922,False
10,26,14,11,1,15,1.0,True,0.787903,False
10,27,1,0,1,4,0.0,False,0.787884,False
10,27,2,4,2,5,0.0,True,0.787865,False
10,28,1,0,2,1,0.0,False,0.787846,False
10,28,2,1,0,0,0.0,False,0.787827,False
10,28,3,0,3,0,0.0,False,0.7878080000000001,False
10,28,4,0,3,0,0.0,False,0.7877890000000001,False
10,28,5,0,3,0,0.0,False,0.7877700000000001,False
10,28,6,0,1,4,0.0,False,0.787751,False
10,28,7,4,0,4,0.0,False,0.787732,False
10,28,8,4,0,4,0.0,False,0.787713,False
10,28,9,4,2,5,0.0,False,0.787694,False
10,28,10,5,3,1,0.0,False,0.787675,False
10,28,11,1,0,0,0.0,False,0.787656,False
10,28,12,0,0,0,0.0,False,0.787637,False
10,28,13,0,0,0,0.0,False,0.787618,False
10,28,14,0,1,4,0.0,False,0.787599,False
10,28,15,4,2,5,0.0,False,0.7875800000000001,False
10,28,16,5,1,9,0.0,False,0.787561,False
10,28,17,9,2,10,0.0,False,0.787542,False
10,28,18,10,3,6,0.0,True,0.787523,False
10,29,1,0,0,0,0.0,False,0.787504,False
10,29,2,0,0,0,0.0,False,0.787485,False
10,29,3,0,1,4,0.0,False,0.787466,False
10,29,4,4,2,5,0.0,False,0.787447,False
10,29,5,5,0,4,0.0,False,0.787428,False
10,29,6,4,3,0,0.0,False,0.787409,False
10,29,7,0,0,0,0.0,False,0.78739,False
10,29,8,0,2,1,0.0,False,0.787371,False
10,29,9,1,1,5,0.0,False,0.787352,False
10,29,10,5,0,4,0.0,False,0.7873330000000001,False
10,29,11,4,3,0,0.0,False,0.7873140000000001,False
10,29,12,0,0,0,0.0,False,0.7872950000000001,False
10,29,13,0,0,0,0.0,False,0.787276,False
10,29,14,0,0,0,0.0,False,0.787257,False
10,29,15,0,2,1,0.0,False,0.787238,False
10,29,16,1,2,2,0.0,False,0.787219,False
10,29,17,2,3,2,0.0,False,0.7872,False
10,29,18,2,2,3,0.0,False,0.787181,False
10,29,19,3,3,3,0.0,False,0.787162,False
10,29,20,3,0,2,0.0,False,0.787143,False
10,29,21,2,2,3,0.0,False,0.787124,False
10,29,22,3,0,2,0.0,False,0.787105,False
10,29,23,2,3,2,0.0,False,0.787086,False
10,29,24,2,3,2,0.0,False,0.787067,False
10,29,25,2,2,3,0.0,False,0.787048,False
10,29,26,3,1,7,0.0,True,0.787029,False
10,30,1,0,3,0,0.0,False,0.78701,False
10,30,2,0,1,4,0.0,False,0.786991,False
10,30,3,4,2,5,0.0,False,0.786972,False
10,30,4,5,0,4,0.0,False,0.786953,False
10,30,5,4,2,5,0.0,False,0.786934,False
10,30,6,5,0,4,0.0,False,0.786915,False
10,30,7,4,3,0,0.0,False,0.786896,False
10,30,8,0,0,0,0.0,False,0.786877,False
10,30,9,0,2,1,0.0,False,0.7868580000000001,False
10,30,10,1,1,5,0.0,False,0.7868390000000001,False
10,30,11,5,1,9,0.0,True,0.7868200000000001,False
10,31,1,0,1,4,0.0,False,0.786801,False
10,31,2,4,2,5,0.0,False,0.786782,False
10,31,3,5,1,9,0.0,False,0.786763,False
10,31,4,9,1,13,0.0,False,0.786744,False
10,31,5,13,3,9,0.0,False,0.786725,False
10,31,6,9,1,13,0.0,False,0.786706,False
10,31,7,13,3,9,0.0,False,0.786687,False
10,31,8,9,1,13,0.0,False,0.786668,False
10,31,9,13,2,14,0.0,False,0.786649,False
10,31,10,14,0,13,0.0,False,0.78663,False
10,31,11,13,3,9,0.0,False,0.7866110000000001,False
10,31,12,9,2,10,0.0,False,0.786592,False
10,31,13,10,2,11,0.0,False,0.786573,False
10,31,14,11,0,10,0.0,False,0.786554,False
10,31,15,10,1,14,0.0,False,0.786535,False
10,31,16,14,1,14,0.0,False,0.786516,False
10,31,17,14,0,13,0.0,False,0.786497,False
10,31,18,13,0,12,0.0,False,0.786478,False
10,31,19,12,2,13,0.0,False,0.786459,False
10,31,20,13,3,9,0.0,False,0.78644,False
10,31,21,9,0,8,0.0,True,0.786421,False
10,32,1,0,0,0,0.0,False,0.786402,False
10,32,2,0,3,0,0.0,False,0.786383,False
10,32,3,0,1,4,0.0,False,0.7863640000000001,False
10,32,4,4,2,5,0.0,False,0.7863450000000001,False
10,32,5,5,2,6,0.0,False,0.786326,False
10,32,6,6,1,10,0.0,False,0.786307,False
10,32,7,10,3,6,0.0,False,0.786288,False
10,32,8,6,1,10,0.0,False,0.786269,False
10,32,9,10,2,11,0.0,False,0.78625,False
10,32,10,11,3,7,0.0,False,0.786231,False
10,32,11,7,1,11,0.0,False,0.786212,False
10,32,12,11,1,15,1.0,True,0.786193,False
10,33,1,0,1,4,0.0,False,0.786174,False
10,33,2,4,2,5,0.0,False,0.786155,False
10,33,3,5,2,6,0.0,False,0.7861360000000001,False
10,33,4,6,1,10,0.0,False,0.786117,False
10,33,5,10,3,6,0.0,False,0.786098,False
10,33,6,6,2,7,0.0,False,0.786079,False
10,33,7,7,1,11,0.0,False,0.78606,False
10,33,8,11,1,15,1.0,True,0.786041,False
10,34,1,0,1,4,0.0,False,0.786022,False
10,34,2,4,3,0,0.0,False,0.786003,False
10,34,3,0,1,4,0.0,False,0.785984,False
10,34,4,4,1,8,0.0,False,0.785965,False
10,34,5,8,3,4,0.0,False,0.785946,False
10,34,6,4,0,4,0.0,False,0.785927,False
10,34,7,4,0,4,0.0,False,0.785908,False
10,34,8,4,0,4,0.0,False,0.7858890000000001,False
10,34,9,4,0,4,0.0,False,0.7858700000000001,False
10,34,10,4,1,8,0.0,False,0.785851,False
10,34,11,8,1,12,0.0,True,0.785832,False
10,35,1,0,3,0,0.0,False,0.785813,False
10,35,2,0,0,0,0.0,False,0.785794,False
10,35,3,0,2,1,0.0,False,0.785775,False
10,35,4,1,1,5,0.0,True,0.785756,False
10,36,1,0,2,1,0.0,False,0.785737,False
10,36,2,1,0,0,0.0,False,0.785718,False
10,36,3,0,3,0,0.0,False,0.785699,False
10,36,4,0,1,4,0.0,False,0.78568,False
10,36,5,4,3,0,0.0,False,0.785661,False
10,36,6,0,0,0,0.0,False,0.785642,False
10,36,7,0,1,4,0.0,False,0.785623,False
10,36,8,4,1,8,0.0,False,0.785604,False
10,36,9,8,3,4,0.0,False,0.785585,False
10,36,10,4,1,8,0.0,False,0.785566,False
10,36,11,8,2,9,0.0,False,0.785547,False
10,36,12,9,0,8,0.0,False,0.785528,False
10,36,13,8,1,12,0.0,True,0.785509,False
10,37,1,0,1,4,0.0,False,0.78549,False
10,37,2,4,3,0,0.0,False,0.785471,False
10,37,3,0,1,4,0.0,False,0.785452,False
10,37,4,4,0,4,0.0,False,0.785433,False
10,37,5,4,0,4,0.0,False,0.7854140000000001,False
10,37,6,4,3,0,0.0,False,0.7853950000000001,False
10,37,7,0,1,4,0.0,False,0.785376,False
10,37,8,4,1,8,0.0,False,0.785357,False
10,37,9,8,1,12,0.0,False,0.785338,False
10,37,10,12,0,12,0.0,False,0.785319,False
10,37,11,12,3,8,0.0,False,0.7853,False
10,37,12,8,0,8,0.0,False,0.785281,False
10,37,13,8,3,4,0.0,False,0.785262,False
10,37,14,4,1,8,0.0,False,0.785243,False
10,37,15,8,1,12,0.0,False,0.785224,False
10,37,16,12,0,12,0.0,False,0.785205,False
10,37,17,12,0,12,0.0,False,0.785186,False
10,37,18,12,0,12,0.0,False,0.785167,False
10,37,19,12,1,12,0.0,False,0.785148,False
10,37,20,12,2,13,0.0,False,0.785129,False
10,37,21,13,2,14,0.0,False,0.78511,False
10,37,22,14,3,10,0.0,True,0.785091,False
10,38,1,0,1,4,0.0,False,0.785072,False
10,38,2,4,1,8,0.0,False,0.785053,False
10,38,3,8,1,12,0.0,False,0.785034,False
10,38,4,12,2,13,0.0,False,0.785015,False
10,38,5,13,2,14,0.0,False,0.784996,False
10,38,6,14,0,13,0.0,False,0.784977,False
10,38,7,13,1,13,0.0,False,0.784958,False
10,38,8,13,2,14,0.0,False,0.784939,False
10,38,9,14,2,15,1.0,True,0.7849200000000001,False
10,39,1,0,1,4,0.0,False,0.784901,False
10,39,2,4,0,4,0.0,False,0.784882,False
10,39,3,4,3,0,0.0,False,0.784863,False
10,39,4,0,0,0,0.0,False,0.784844,False
10,39,5,0,1,4,0.0,False,0.784825,False
10,39,6,4,2,5,0.0,True,0.784806,False
10,40,1,0,0,0,0.0,False,0.784787,False
10,40,2,0,1,4,0.0,False,0.784768,False
10,40,3,4,2,5,0.0,False,0.784749,False
10,40,4,5,0,4,0.0,False,0.78473,False
10,40,5,4,0,4,0.0,False,0.784711,False
10,40,6,4,1,8,0.0,True,0.784692,False
10,41,1,0,3,0,0.0,False,0.784673,False
10,41,2,0,3,0,0.0,False,0.784654,False
10,41,3,0,1,4,0.0,False,0.784635,False
10,41,4,4,2,5,0.0,False,0.784616,False
10,41,5,5,1,9,0.0,False,0.784597,False
10,41,6,9,0,8,0.0,False,0.784578,False
10,41,7,8,3,4,0.0,False,0.784559,False
10,41,8,4,3,0,0.0,False,0.78454,False
10,41,9,0,3,0,0.0,False,0.784521,False
10,41,10,0,1,4,0.0,False,0.784502,False
10,41,11,4,1,8,0.0,False,0.784483,False
10,41,12,8,2,9,0.0,False,0.784464,False
10,41,13,9,3,5,0.0,False,0.7844450000000001,False
10,41,14,5,2,6,0.0,False,0.7844260000000001,False
10,41,15,6,1,10,0.0,False,0.7844070000000001,False
10,41,16,10,1,14,0.0,False,0.784388,False
10,41,17,14,0,13,0.0,False,0.784369,False
10,41,18,13,2,14,0.0,False,0.78435,False
10,41,19,14,0,13,0.0,False,0.784331,False
10,41,20,13,1,13,0.0,False,0.784312,False
10,41,21,13,0,12,0.0,False,0.784293,False
10,41,22,12,1,12,0.0,False,0.784274,False
10,41,23,12,2,13,0.0,False,0.784255,False
10,41,24,13,3,9,0.0,False,0.784236,False
10,41,25,9,2,10,0.0,False,0.7842169999999999,False
10,41,26,10,1,14,0.0,False,0.784198,False
10,41,27,14,3,10,0.0,False,0.784179,False
10,41,28,10,2,11,0.0,False,0.78416,False
10,41,29,11,1,15,1.0,True,0.784141,False
10,42,1,0,0,0,0.0,False,0.784122,False
10,42,2,0,2,1,0.0,False,0.784103,False
10,42,3,1,1,5,0.0,False,0.784084,False
10,42,4,5,0,4,0.0,False,0.784065,False
10,42,5,4,0,4,0.0,False,0.784046,False
10,42,6,4,0,4,0.0,False,0.784027,False
10,42,7,4,2,5,0.0,False,0.784008,False
10,42,8,5,2,6,0.0,False,0.783989,False
10,42,9,6,3,2,0.0,True,0.7839700000000001,False
10,43,1,0,2,1,0.0,False,0.7839510000000001,False
10,43,2,1,2,2,0.0,False,0.7839320000000001,False
10,43,3,2,1,6,0.0,True,0.7839130000000001,False
10,44,1,0,1,4,0.0,False,0.7838940000000001,False
10,44,2,4,3,0,0.0,False,0.783875,False
10,44,3,0,1,4,0.0,False,0.783856,False
10,44,4,4,2,5,0.0,False,0.783837,False
10,44,5,5,1,9,0.0,False,0.783818,False
10,44,6,9,2,10,0.0,False,0.783799,False
10,44,7,10,1,14,0.0,False,0.78378,False
10,44,8,14,2,15,1.0,True,0.783761,False
10,45,1,0,3,0,0.0,False,0.7837419999999999,False
10,45,2,0,2,1,0.0,True,0.783723,False
10,46,1,0,2,1,0.0,False,0.783704,False
10,46,2,1,3,1,0.0,False,0.783685,False
10,46,3,1,1,5,0.0,False,0.783666,False
10,46,4,5,3,1,0.0,False,0.783647,False
10,46,5,1,3,1,0.0,False,0.783628,False
10,46,6,1,1,5,0.0,False,0.783609,False
10,46,7,5,2,6,0.0,False,0.78359,False
10,46,8,6,0,5,0.0,False,0.783571,False
10,46,9,5,2,6,0.0,False,0.783552,False
10,46,10,6,2,7,0.0,False,0.783533,False
10,46,11,7,2,7,0.0,False,0.783514,False
10,46,12,7,1,11,0.0,False,0.783495,False
10,46,13,11,1,15,1.0,True,0.7834760000000001,False
10,47,1,0,1,4,0.0,False,0.7834570000000001,False
10,47,2,4,2,5,0.0,True,0.7834380000000001,False
10,48,1,0,2,1,0.0,False,0.7834190000000001,False
10,48,2,1,1,5,0.0,False,0.7834,False
10,48,3,5,1,9,0.0,False,0.783381,False
10,48,4,9,1,13,0.0,False,0.783362,False
10,48,5,13,0,12,0.0,True,0.783343,False
10,49,1,0,1,4,0.0,False,0.783324,False
10,49,2,4,1,8,0.0,False,0.783305,False
10,49,3,8,2,9,0.0,False,0.783286,False
10,49,4,9,1,13,0.0,False,0.7832669999999999,False
10,49,5,13,0,12,0.0,False,0.7832479999999999,False
10,49,6,12,1,12,0.0,False,0.783229,False
10,49,7,12,2,13,0.0,False,0.78321,False
10,49,8,13,1,13,0.0,False,0.783191,False
10,49,9,13,2,14,0.0,False,0.783172,False
10,49,10,14,3,10,0.0,True,0.783153,False
10,50,1,0,2,1,0.0,False,0.783134,False
10,50,2,1,2,2,0.0,False,0.783115,False
10,50,3,2,3,2,0.0,False,0.783096,False
10,50,4,2,0,1,0.0,False,0.783077,False
10,50,5,1,3,1,0.0,False,0.783058,False
10,50,6,1,2,2,0.0,False,0.783039,False
10,50,7,2,3,2,0.0,False,0.78302,False
10,50,8,2,3,2,0.0,False,0.7830010000000001,False
10,50,9,2,1,6,0.0,False,0.7829820000000001,False
10,50,10,6,1,10,0.0,False,0.7829630000000001,False
10,50,11,10,3,6,0.0,False,0.7829440000000001,False
10,50,12,6,1,10,0.0,False,0.782925,False
10,50,13,10,2,11,0.0,True,0.782906,False
10,51,1,0,3,0,0.0,False,0.782887,False
10,51,2,0,1,4,0.0,False,0.782868,False
10,51,3,4,3,0,0.0,False,0.782849,False
10,51,4,0,1,4,0.0,False,0.78283,False
10,51,5,4,2,5,0.0,False,0.782811,False
10,51,6,5,3,1,0.0,False,0.7827919999999999,False
10,51,7,1,1,5,0.0,False,0.7827729999999999,False
10,51,8,5,3,1,0.0,False,0.782754,False
10,51,9,1,2,2,0.0,False,0.782735,False
10,51,10,2,1,6,0.0,False,0.782716,False
10,51,11,6,1,10,0.0,False,0.782697,False
10,51,12,10,0,9,0.0,False,0.782678,False
10,51,13,9,1,13,0.0,False,0.782659,False
10,51,14,13,2,14,0.0,False,0.78264,False
10,51,15,14,1,14,0.0,False,0.782621,False
10,51,16,14,2,15,1.0,True,0.782602,False
10,52,1,0,2,1,0.0,True,0.782583,False
10,53,1,0,2,1,0.0,False,0.782564,False
10,53,2,1,2,2,0.0,False,0.782545,False
10,53,3,2,3,2,0.0,False,0.782526,False
10,53,4,2,1,6,0.0,False,0.7825070000000001,False
10,53,5,6,3,2,0.0,False,0.7824880000000001,False
10,53,6,2,1,6,0.0,False,0.7824690000000001,False
10,53,7,6,0,5,0.0,False,0.78245,False
10,53,8,5,1,9,0.0,False,0.782431,False
10,53,9,9,0,8,0.0,False,0.782412,False
10,53,10,8,1,12,0.0,False,0.782393,False
10,53,11,12,3,8,0.0,False,0.782374,False
10,53,12,8,2,9,0.0,False,0.782355,False
10,53,13,9,3,5,0.0,False,0.782336,False
10,53,14,5,2,6,0.0,False,0.782317,False
10,53,15,6,1,10,0.0,False,0.782298,False
10,53,16,10,2,11,0.0,False,0.782279,False
10,53,17,11,1,15,1.0,True,0.78226,False
10,54,1,0,1,4,0.0,True,0.782241,False
10,55,1,0,1,4,0.0,False,0.782222,False
10,55,2,4,1,8,0.0,False,0.782203,False
10,55,3,8,3,4,0.0,False,0.782184,False
10,55,4,4,1,8,0.0,False,0.782165,False
10,55,5,8,3,4,0.0,False,0.782146,False
10,55,6,4,0,4,0.0,False,0.782127,False
10,55,7,4,2,5,0.0,False,0.782108,False
10,55,8,5,2,6,0.0,False,0.782089,False
10,55,9,6,2,7,0.0,False,0.78207,False
10,55,10,7,0,6,0.0,False,0.782051,False
10,55,11,6,1,10,0.0,True,0.7820320000000001,False
10,56,1,0,1,4,0.0,False,0.7820130000000001,False
10,56,2,4,2,5,0.0,False,0.7819940000000001,False
10,56,3,5,0,4,0.0,False,0.781975,False
10,56,4,4,2,5,0.0,False,0.781956,False
10,56,5,5,2,6,0.0,False,0.781937,False
10,56,6,6,2,7,0.0,False,0.781918,False
10,56,7,7,1,11,0.0,False,0.781899,False
10,56,8,11,0,10,0.0,False,0.78188,False
10,56,9,10,0,9,0.0,False,0.781861,False
10,56,10,9,2,10,0.0,False,0.781842,False
10,56,11,10,3,6,0.0,False,0.781823,False
10,56,12,6,3,2,0.0,False,0.781804,False
10,56,13,2,0,1,0.0,True,0.7817850000000001,False
10,57,1,0,0,0,0.0,False,0.781766,False
10,57,2,0,0,0,0.0,False,0.781747,False
10,57,3,0,2,1,0.0,False,0.781728,False
10,57,4,1,1,5,0.0,False,0.781709,False
10,57,5,5,1,9,0.0,False,0.78169,False
10,57,6,9,2,10,0.0,True,0.781671,False
10,58,1,0,2,1,0.0,True,0.781652,False
10,59,1,0,1,4,0.0,False,0.781633,False
10,59,2,4,2,5,0.0,False,0.781614,False
10,59,3,5,2,6,0.0,False,0.781595,False
10,59,4,6,0,5,0.0,False,0.781576,False
10,59,5,5,3,1,0.0,False,0.7815570000000001,False
10,59,6,1,1,5,0.0,False,0.7815380000000001,False
10,59,7,5,0,4,0.0,False,0.7815190000000001,False
10,59,8,4,3,0,0.0,False,0.7815,False
10,59,9,0,3,0,0.0,False,0.781481,False
10,59,10,0,0,0,0.0,False,0.781462,False
10,59,11,0,1,4,0.0,False,0.781443,False
10,59,12,4,3,0,0.0,False,0.781424,False
10,59,13,0,1,4,0.0,False,0.781405,False
10,59,14,4,0,4,0.0,False,0.781386,False
10,59,15,4,1,8,0.0,True,0.781367,False
10,60,1,0,2,1,0.0,False,0.781348,False
10,60,2,1,1,5,0.0,False,0.781329,False
10,60,3,5,2,6,0.0,False,0.7813100000000001,False
10,60,4,6,0,5,0.0,False,0.781291,False
10,60,5,5,3,1,0.0,False,0.781272,False
10,60,6,1,2,2,0.0,False,0.781253,False
10,60,7,2,3,2,0.0,False,0.781234,False
10,60,8,2,2,3,0.0,False,0.781215,False
10,60,9,3,3,3,0.0,False,0.781196,False
10,60,10,3,0,2,0.0,False,0.781177,False
10,60,11,2,0,1,0.0,False,0.781158,False
10,60,12,1,0,0,0.0,False,0.781139,False
10,60,13,0,2,1,0.0,False,0.78112,False
10,60,14,1,3,1,0.0,False,0.781101,False
10,60,15,1,3,1,0.0,False,0.781082,False
10,60,16,1,2,2,0.0,False,0.7810630000000001,False
10,60,17,2,2,3,0.0,False,0.7810440000000001,False
10,60,18,3,3,3,0.0,False,0.781025,False
10,60,19,3,2,3,0.0,False,0.781006,False
10,60,20,3,2,3,0.0,False,0.780987,False
10,60,21,3,1,7,0.0,False,0.780968,False
10,60,22,7,2,7,0.0,False,0.780949,False
10,60,23,7,2,7,0.0,False,0.78093,False
10,60,24,7,2,7,0.0,False,0.780911,False
10,60,25,7,1,11,0.0,False,0.780892,False
10,60,26,11,3,7,0.0,False,0.780873,False
10,60,27,7,3,3,0.0,False,0.780854,False
10,60,28,3,1,7,0.0,False,0.7808350000000001,False
10,60,29,7,2,7,0.0,False,0.780816,False
10,60,30,7,1,11,0.0,False,0.780797,False
10,60,31,11,2,11,0.0,False,0.780778,False
10,60,32,11,1,15,1.0,True,0.780759,False
10,61,1,0,1,4,0.0,False,0.78074,False
10,61,2,4,3,0,0.0,False,0.780721,False
10,61,3,0,1,4,0.0,False,0.780702,False
10,61,4,4,1,8,0.0,False,0.780683,False
10,61,5,8,3,4,0.0,False,0.780664,False
10,61,6,4,0,4,0.0,False,0.780645,False
10,61,7,4,3,0,0.0,False,0.780626,False
10,61,8,0,1,4,0.0,False,0.780607,False
10,61,9,4,0,4,0.0,False,0.7805880000000001,False
10,61,10,4,2,5,0.0,False,0.7805690000000001,False
10,61,11,5,1,9,0.0,False,0.78055,False
10,61,12,9,1,13,0.0,False,0.780531,False
10,61,13,13,1,13,0.0,False,0.780512,False
10,61,14,13,3,9,0.0,False,0.780493,False
10,61,15,9,0,8,0.0,False,0.780474,False
10,61,16,8,3,4,0.0,False,0.780455,False
10,61,17,4,1,8,0.0,False,0.780436,False
10,61,18,8,1,12,0.0,False,0.780417,False
10,61,19,12,1,12,0.0,False,0.780398,False
10,61,20,12,0,12,0.0,False,0.780379,False
10,61,21,12,1,12,0.0,False,0.78036,False
10,61,22,12,0,12,0.0,False,0.780341,False
10,61,23,12,0,12,0.0,False,0.780322,False
10,61,24,12,0,12,0.0,False,0.780303,False
10,61,25,12,1,12,0.0,False,0.780284,False
10,61,26,12,1,12,0.0,False,0.780265,False
10,61,27,12,3,8,0.0,False,0.780246,False
10,61,28,8,2,9,0.0,False,0.780227,False
10,61,29,9,3,5,0.0,False,0.780208,False
10,61,30,5,1,9,0.0,False,0.780189,False
10,61,31,9,1,13,0.0,False,0.78017,False
10,61,32,13,1,13,0.0,False,0.780151,False
10,61,33,13,1,13,0.0,False,0.780132,False
10,61,34,13,3,9,0.0,False,0.7801130000000001,False
10,61,35,9,1,13,0.0,False,0.7800940000000001,False
10,61,36,13,2,14,0.0,False,0.780075,False
10,61,37,14,0,13,0.0,False,0.780056,False
10,61,38,13,1,13,0.0,False,0.780037,False
10,61,39,13,1,13,0.0,False,0.780018,False
10,61,40,13,0,12,0.0,False,0.779999,False
10,61,41,12,1,12,0.0,False,0.77998,False
10,61,42,12,0,12,0.0,False,0.779961,False
10,61,43,12,0,12,0.0,False,0.779942,False
10,61,44,12,1,12,0.0,False,0.779923,False
10,61,45,12,1,12,0.0,False,0.779904,False
10,61,46,12,1,12,0.0,False,0.779885,False
10,61,47,12,1,12,0.0,False,0.779866,False
10,61,48,12,0,12,0.0,False,0.779847,False
10,61,49,12,2,13,0.0,False,0.779828,False
10,61,50,13,1,13,0.0,False,0.779809,False
10,62,1,0,2,1,0.0,False,0.77979,False
10,62,2,1,3,1,0.0,False,0.779771,False
10,62,3,1,1,5,0.0,False,0.779752,False
10,62,4,5,2,6,0.0,False,0.779733,False
10,62,5,6,1,10,0.0,False,0.779714,False
10,62,6,10,0,9,0.0,False,0.779695,False
10,62,7,9,2,10,0.0,False,0.779676,False
10,62,8,10,1,14,0.0,False,0.779657,False
10,62,9,14,2,15,1.0,True,0.779638,False
10,63,1,0,1,4,0.0,False,0.7796190000000001,False
10,63,2,4,0,4,0.0,False,0.7796,False
10,63,3,4,0,4,0.0,False,0.779581,False
10,63,4,4,0,4,0.0,False,0.779562,False
10,63,5,4,2,5,0.0,True,0.779543,False
10,64,1,0,3,0,0.0,False,0.779524,False
10,64,2,0,3,0,0.0,False,0.779505,False
10,64,3,0,0,0,0.0,False,0.779486,False
10,64,4,0,0,0,0.0,False,0.779467,False
10,64,5,0,3,0,0.0,False,0.779448,False
10,64,6,0,2,1,0.0,False,0.779429,False
10,64,7,1,0,0,0.0,False,0.77941,False
10,64,8,0,1,4,0.0,False,0.779391,False
10,64,9,4,2,5,0.0,False,0.779372,False
10,64,10,5,1,9,0.0,False,0.779353,False
10,64,11,9,3,5,0.0,False,0.779334,False
10,64,12,5,1,9,0.0,False,0.779315,False
10,64,13,9,2,10,0.0,False,0.779296,False
10,64,14,10,1,14,0.0,False,0.779277,False
10,64,15,14,3,10,0.0,False,0.779258,False
10,64,16,10,2,11,0.0,False,0.779239,False
10,64,17,11,2,11,0.0,False,0.77922,False
10,64,18,11,1,15,1.0,True,0.779201,False
10,65,1,0,1,4,0.0,False,0.779182,False
10,65,2,4,0,4,0.0,False,0.779163,False
10,65,3,4,2,5,0.0,True,0.7791440000000001,False
10,66,1,0,1,4,0.0,False,0.7791250000000001,False
10,66,2,4,3,0,0.0,False,0.779106,False
10,66,3,0,0,0,0.0,False,0.779087,False
10,66,4,0,1,4,0.0,False,0.779068,False
10,66,5,4,0,4,0.0,False,0.779049,False
10,66,6,4,3,0,0.0,False,0.77903,False
10,66,7,0,3,0,0.0,False,0.779011,False
10,66,8,0,1,4,0.0,False,0.778992,False
10,66,9,4,2,5,0.0,False,0.778973,False
10,66,10,5,3,1,0.0,True,0.778954,False
10,67,1,0,2,1,0.0,False,0.778935,False
10,67,2,1,1,5,0.0,False,0.7789159999999999,False
10,67,3,5,2,6,0.0,False,0.778897,False
10,67,4,6,0,5,0.0,False,0.778878,False
10,67,5,5,3,1,0.0,False,0.778859,False
10,67,6,1,2,2,0.0,False,0.77884,False
10,67,7,2,1,6,0.0,False,0.778821,False
10,67,8,6,1,10,0.0,False,0.778802,False
10,67,9,10,0,9,0.0,False,0.778783,False
10,67,10,9,2,10,0.0,False,0.778764,False
10,67,11,10,3,6,0.0,False,0.778745,False
10,67,12,6,2,7,0.0,False,0.778726,False
10,67,13,7,1,11,0.0,False,0.778707,False
10,67,14,11,0,10,0.0,False,0.778688,False
10,67,15,10,2,11,0.0,False,0.7786690000000001,False
10,67,16,11,1,15,1.0,True,0.7786500000000001,False
10,68,1,0,0,0,0.0,False,0.7786310000000001,False
10,68,2,0,3,0,0.0,False,0.7786120000000001,False
10,68,3,0,3,0,0.0,False,0.778593,False
10,68,4,0,1,4,0.0,False,0.778574,False
10,68,5,4,3,0,0.0,False,0.778555,False
10,68,6,0,1,4,0.0,False,0.778536,False
10,68,7,4,1,8,0.0,False,0.778517,False
10,68,8,8,0,8,0.0,False,0.778498,False
10,68,9,8,3,4,0.0,False,0.778479,False
10,68,10,4,3,0,0.0,False,0.77846,False
10,68,11,0,2,1,0.0,True,0.7784409999999999,False
10,69,1,0,1,4,0.0,False,0.778422,False
10,69,2,4,2,5,0.0,False,0.778403,False
10,69,3,5,1,9,0.0,False,0.778384,False
10,69,4,9,1,13,0.0,False,0.778365,False
10,69,5,13,0,12,0.0,False,0.778346,False
10,69,6,12,2,13,0.0,False,0.778327,False
10,69,7,13,1,13,0.0,False,0.778308,False
10,69,8,13,0,12,0.0,False,0.778289,False
10,69,9,12,2,13,0.0,False,0.77827,False
10,69,10,13,3,9,0.0,False,0.778251,False
10,69,11,9,0,8,0.0,False,0.778232,False
10,69,12,8,1,12,0.0,False,0.778213,False
10,69,13,12,2,13,0.0,False,0.778194,False
10,69,14,13,0,12,0.0,False,0.7781750000000001,False
10,69,15,12,2,13,0.0,False,0.7781560000000001,False
10,69,16,13,2,14,0.0,True,0.7781370000000001,False
10,70,1,0,0,0,0.0,False,0.7781180000000001,False
10,70,2,0,1,4,0.0,False,0.778099,False
10,70,3,4,2,5,0.0,False,0.77808,False
10,70,4,5,2,6,0.0,True,0.778061,False
10,71,1,0,2,1,0.0,False,0.778042,False
10,71,2,1,2,2,0.0,False,0.778023,False
10,71,3,2,2,3,0.0,False,0.778004,False
10,71,4,3,3,3,0.0,False,0.777985,False
10,71,5,3,2,3,0.0,False,0.7779659999999999,False
10,71,6,3,2,3,0.0,False,0.7779469999999999,False
10,71,7,3,3,3,0.0,False,0.777928,False
10,71,8,3,2,3,0.0,False,0.777909,False
10,71,9,3,2,3,0.0,False,0.77789,False
10,71,10,3,0,2,0.0,False,0.777871,False
10,71,11,2,1,6,0.0,False,0.777852,False
10,71,12,6,0,5,0.0,False,0.777833,False
10,71,13,5,2,6,0.0,False,0.777814,False
10,71,14,6,3,2,0.0,False,0.777795,False
10,71,15,2,1,6,0.0,False,0.777776,False
10,71,16,6,1,10,0.0,False,0.777757,False
10,71,17,10,1,14,0.0,False,0.777738,False
10,71,18,14,2,15,1.0,True,0.777719,False
10,72,1,0,1,4,0.0,False,0.7777000000000001,False
10,72,2,4,0,4,0.0,False,0.7776810000000001,False
10,72,3,4,2,5,0.0,True,0.7776620000000001,False
10,73,1,0,1,4,0.0,False,0.7776430000000001,False
10,73,2,4,1,8,0.0,False,0.777624,False
10,73,3,8,0,8,0.0,False,0.777605,False
10,73,4,8,0,8,0.0,False,0.777586,False
10,73,5,8,2,9,0.0,False,0.777567,False
10,73,6,9,1,13,0.0,True,0.777548,False
10,74,1,0,1,4,0.0,False,0.777529,False
10,74,2,4,2,5,0.0,False,0.77751,False
10,74,3,5,0,4,0.0,False,0.7774909999999999,False
10,74,4,4,2,5,0.0,False,0.7774719999999999,False
10,74,5,5,3,1,0.0,False,0.777453,False
10,74,6,1,2,2,0.0,False,0.777434,False
10,74,7,2,3,2,0.0,False,0.777415,False
10,74,8,2,2,3,0.0,True,0.777396,False
10,75,1,0,3,0,0.0,False,0.777377,False
10,75,2,0,3,0,0.0,False,0.777358,False
10,75,3,0,2,1,0.0,False,0.777339,False
10,75,4,1,1,5,0.0,False,0.77732,False
10,75,5,5,2,6,0.0,False,0.777301,False
10,75,6,6,0,5,0.0,False,0.777282,False
10,75,7,5,3,1,0.0,False,0.777263,False
10,75,8,1,1,5,0.0,False,0.777244,False
10,75,9,5,3,1,0.0,False,0.777225,False
10,75,10,1,1,5,0.0,False,0.7772060000000001,False
10,75,11,5,0,4,0.0,False,0.7771870000000001,False
10,75,12,4,1,8,0.0,True,0.7771680000000001,False
10,76,1,0,1,4,0.0,False,0.777149,False
10,76,2,4,0,4,0.0,False,0.77713,False
10,76,3,4,2,5,0.0,False,0.777111,False
10,76,4,5,1,9,0.0,False,0.777092,False
10,76,5,9,2,10,0.0,True,0.777073,False
10,77,1,0,1,4,0.0,False,0.777054,False
10,77,2,4,2,5,0.0,False,0.777035,False
10,77,3,5,0,4,0.0,False,0.777016,False
10,77,4,4,2,5,0.0,False,0.7769969999999999,False
10,77,5,5,1,9,0.0,False,0.776978,False
10,77,6,9,1,13,0.0,False,0.776959,False
10,77,7,13,0,12,0.0,False,0.77694,False
10,77,8,12,1,12,0.0,False,0.776921,False
10,77,9,12,0,12,0.0,False,0.776902,False
10,77,10,12,3,8,0.0,False,0.776883,False
10,77,11,8,1,12,0.0,False,0.776864,False
10,77,12,12,3,8,0.0,False,0.776845,False
10,77,13,8,1,12,0.0,False,0.776826,False
10,77,14,12,1,12,0.0,False,0.776807,False
10,77,15,12,1,12,0.0,False,0.776788,False
10,77,16,12,2,13,0.0,False,0.776769,False
10,77,17,13,2,14,0.0,False,0.77675,False
10,77,18,14,2,15,1.0,True,0.7767310000000001,False
10,78,1,0,3,0,0.0,False,0.7767120000000001,False
10,78,2,0,1,4,0.0,False,0.7766930000000001,False
10,78,3,4,2,5,0.0,True,0.776674,False
10,79,1,0,0,0,0.0,False,0.776655,False
10,79,2,0,1,4,0.0,False,0.776636,False
10,79,3,4,3,0,0.0,False,0.776617,False
10,79,4,0,3,0,0.0,False,0.776598,False
10,79,5,0,0,0,0.0,False,0.776579,False
10,79,6,0,1,4,0.0,False,0.77656,False
10,79,7,4,1,8,0.0,True,0.776541,False
10,80,1,0,2,1,0.0,False,0.776522,False
10,80,2,1,3,1,0.0,False,0.776503,False
10,80,3,1,1,5,0.0,False,0.776484,False
10,80,4,5,1,9,0.0,False,0.776465,False
10,80,5,9,3,5,0.0,False,0.776446,False
10,80,6,5,1,9,0.0,False,0.776427,False
10,80,7,9,1,13,0.0,False,0.776408,False
10,80,8,13,0,12,0.0,True,0.776389,False
10,81,1,0,2,1,0.0,False,0.77637,False
10,81,2,1,2,2,0.0,False,0.776351,False
10,81,3,2,3,2,0.0,False,0.776332,False
10,81,4,2,1,6,0.0,False,0.776313,False
10,81,5,6,1,10,0.0,False,0.776294,False
10,81,6,10,3,6,0.0,False,0.776275,False
10,81,7,6,3,2,0.0,False,0.7762560000000001,False
10,81,8,2,1,6,0.0,False,0.7762370000000001,False
10,81,9,6,3,2,0.0,False,0.7762180000000001,False
10,81,10,2,2,3,0.0,False,0.776199,False
10,81,11,3,0,2,0.0,False,0.77618,False
10,81,12,2,1,6,0.0,False,0.776161,False
10,81,13,6,0,5,0.0,True,0.776142,False
10,82,1,0,2,1,0.0,False,0.776123,False
10,82,2,1,2,2,0.0,False,0.776104,False
10,82,3,2,1,6,0.0,False,0.776085,False
10,82,4,6,1,10,0.0,False,0.776066,False
10,82,5,10,3,6,0.0,False,0.776047,False
10,82,6,6,1,10,0.0,False,0.776028,False
10,82,7,10,1,14,0.0,False,0.7760090000000001,False
10,82,8,14,3,10,0.0,False,0.77599,False
10,82,9,10,2,11,0.0,False,0.775971,False
10,82,10,11,1,15,1.0,True,0.775952,False
10,83,1,0,0,0,0.0,False,0.775933,False
10,83,2,0,3,0,0.0,False,0.775914,False
10,83,3,0,0,0,0.0,False,0.775895,False
10,83,4,0,0,0,0.0,False,0.775876,False
10,83,5,0,2,1,0.0,False,0.775857,False
10,83,6,1,2,2,0.0,False,0.775838,False
10,83,7,2,1,6,0.0,False,0.775819,False
10,83,8,6,1,10,0.0,False,0.7758,False
10,83,9,10,3,6,0.0,False,0.775781,False
10,83,10,6,1,10,0.0,False,0.7757620000000001,False
10,83,11,10,1,14,0.0,False,0.7757430000000001,False
10,83,12,14,2,15,1.0,True,0.775724,False
10,84,1,0,2,1,0.0,False,0.775705,False
10,84,2,1,1,5,0.0,False,0.775686,False
10,84,3,5,0,4,0.0,False,0.775667,False
10,84,4,4,2,5,0.0,False,0.775648,False
10,84,5,5,1,9,0.0,False,0.775629,False
10,84,6,9,2,10,0.0,False,0.77561,False
10,84,7,10,0,9,0.0,False,0.775591,False
10,84,8,9,3,5,0.0,False,0.775572,False
10,84,9,5,3,1,0.0,False,0.775553,False
10,84,10,1,3,1,0.0,False,0.7755340000000001,False
10,84,11,1,1,5,0.0,False,0.775515,False
10,84,12,5,3,1,0.0,False,0.775496,False
10,84,13,1,1,5,0.0,False,0.775477,False
10,84,14,5,0,4,0.0,False,0.775458,False
10,84,15,4,2,5,0.0,False,0.775439,False
10,84,16,5,1,9,0.0,False,0.77542,False
10,84,17,9,3,5,0.0,False,0.775401,False
10,84,18,5,0,4,0.0,False,0.775382,False
10,84,19,4,1,8,0.0,False,0.775363,False
10,84,20,8,2,9,0.0,False,0.775344,False
10,84,21,9,2,10,0.0,False,0.775325,False
10,84,22,10,2,11,0.0,False,0.775306,False
10,84,23,11,1,15,1.0,True,0.7752870000000001,False
10,85,1,0,1,4,0.0,False,0.7752680000000001,False
10,85,2,4,3,0,0.0,False,0.775249,False
10,85,3,0,1,4,0.0,False,0.77523,False
10,85,4,4,0,4,0.0,False,0.775211,False
10,85,5,4,3,0,0.0,False,0.775192,False
10,85,6,0,0,0,0.0,False,0.775173,False
10,85,7,0,0,0,0.0,False,0.775154,False
10,85,8,0,1,4,0.0,False,0.775135,False
10,85,9,4,0,4,0.0,False,0.775116,False
10,85,10,4,2,5,0.0,False,0.775097,False
10,85,11,5,3,1,0.0,False,0.775078,False
10,85,12,1,0,0,0.0,False,0.775059,False
10,85,13,0,3,0,0.0,False,0.77504,False
10,85,14,0,3,0,0.0,False,0.775021,False
10,85,15,0,1,4,0.0,False,0.775002,False
10,85,16,4,0,4,0.0,False,0.774983,False
10,85,17,4,3,0,0.0,False,0.774964,False
10,85,18,0,1,4,0.0,False,0.774945,False
10,85,19,4,1,8,0.0,False,0.774926,False
10,85,20,8,2,9,0.0,False,0.774907,False
10,85,21,9,0,8,0.0,False,0.774888,False
10,85,22,8,0,8,0.0,False,0.774869,False
10,85,23,8,0,8,0.0,False,0.77485,False
10,85,24,8,0,8,0.0,False,0.774831,False
10,85,25,8,2,9,0.0,False,0.7748120000000001,False
10,85,26,9,2,10,0.0,False,0.7747930000000001,False
10,85,27,10,2,11,0.0,False,0.774774,False
10,85,28,11,3,7,0.0,True,0.774755,False
10,86,1,0,1,4,0.0,False,0.774736,False
10,86,2,4,1,8,0.0,False,0.774717,False
10,86,3,8,2,9,0.0,False,0.774698,False
10,86,4,9,2,10,0.0,False,0.774679,False
10,86,5,10,3,6,0.0,False,0.77466,False
10,86,6,6,1,10,0.0,False,0.774641,False
10,86,7,10,2,11,0.0,True,0.774622,False
10,87,1,0,2,1,0.0,False,0.774603,False
10,87,2,1,0,0,0.0,False,0.774584,False
10,87,3,0,3,0,0.0,False,0.774565,False
10,87,4,0,2,1,0.0,False,0.774546,False
10,87,5,1,1,5,0.0,False,0.774527,False
10,87,6,5,2,6,0.0,False,0.774508,False
10,87,7,6,3,2,0.0,False,0.774489,False
10,87,8,2,3,2,0.0,False,0.77447,False
10,87,9,2,3,2,0.0,False,0.774451,False
10,87,10,2,2,3,0.0,False,0.774432,False
10,87,11,3,2,3,0.0,False,0.774413,False
10,87,12,3,1,7,0.0,False,0.774394,False
10,87,13,7,1,11,0.0,False,0.774375,False
10,87,14,11,0,10,0.0,False,0.774356,False
10,87,15,10,1,14,0.0,False,0.774337,False
10,87,16,14,2,15,1.0,True,0.7743180000000001,False
10,88,1,0,3,0,0.0,False,0.774299,False
10,88,2,0,3,0,0.0,False,0.77428,False
10,88,3,0,2,1,0.0,False,0.774261,False
10,88,4,1,0,0,0.0,False,0.774242,False
10,88,5,0,1,4,0.0,False,0.774223,False
10,88,6,4,1,8,0.0,False,0.774204,False
10,88,7,8,3,4,0.0,False,0.774185,False
10,88,8,4,2,5,0.0,False,0.774166,False
10,88,9,5,2,6,0.0,False,0.774147,False
10,88,10,6,0,5,0.0,False,0.774128,False
10,88,11,5,1,9,0.0,False,0.774109,False
10,88,12,9,2,10,0.0,False,0.77409,False
10,88,13,10,0,9,0.0,False,0.774071,False
10,88,14,9,3,5,0.0,False,0.774052,False
10,88,15,5,1,9,0.0,False,0.774033,False
10,88,16,9,1,13,0.0,False,0.774014,False
10,88,17,13,2,14,0.0,False,0.773995,False
10,88,18,14,2,15,1.0,True,0.773976,False
10,89,1,0,3,0,0.0,False,0.773957,False
10,89,2,0,0,0,0.0,False,0.773938,False
10,89,3,0,2,1,0.0,False,0.773919,False
10,89,4,1,2,2,0.0,False,0.7739,False
10,89,5,2,1,6,0.0,False,0.773881,False
10,89,6,6,3,2,0.0,False,0.773862,False
10,89,7,2,2,3,0.0,False,0.7738430000000001,False
10,89,8,3,2,3,0.0,False,0.773824,False
10,89,9,3,3,3,0.0,False,0.773805,False
10,89,10,3,2,3,0.0,False,0.773786,False
10,89,11,3,3,3,0.0,False,0.773767,False
10,89,12,3,2,3,0.0,False,0.773748,False
10,89,13,3,2,3,0.0,False,0.773729,False
10,89,14,3,0,2,0.0,False,0.77371,False
10,89,15,2,1,6,0.0,False,0.773691,False
10,89,16,6,2,7,0.0,False,0.773672,False
10,89,17,7,3,3,0.0,False,0.773653,False
10,89,18,3,2,3,0.0,False,0.773634,False
10,89,19,3,0,2,0.0,False,0.7736149999999999,False
10,89,20,2,0,1,0.0,False,0.773596,False
10,89,21,1,1,5,0.0,False,0.773577,False
10,89,22,5,1,9,0.0,True,0.773558,False
10,90,1,0,3,0,0.0,False,0.773539,False
10,90,2,0,3,0,0.0,False,0.77352,False
10,90,3,0,1,4,0.0,True,0.773501,False
10,91,1,0,3,0,0.0,False,0.773482,False
10,91,2,0,1,4,0.0,True,0.773463,False
10,92,1,0,1,4,0.0,False,0.773444,False
10,92,2,4,0,4,0.0,False,0.773425,False
10,92,3,4,1,8,0.0,False,0.773406,False
10,92,4,8,1,12,0.0,False,0.773387,False
10,92,5,12,3,8,0.0,False,0.773368,False
10,92,6,8,2,9,0.0,False,0.7733490000000001,False
10,92,7,9,2,10,0.0,True,0.7733300000000001,False
10,93,1,0,2,1,0.0,False,0.773311,False
10,93,2,1,1,5,0.0,False,0.773292,False
10,93,3,5,3,1,0.0,False,0.773273,False
10,93,4,1,3,1,0.0,False,0.773254,False
10,93,5,1,2,2,0.0,False,0.773235,False
10,93,6,2,1,6,0.0,False,0.773216,False
10,93,7,6,0,5,0.0,False,0.773197,False
10,93,8,5,2,6,0.0,False,0.773178,False
10,93,9,6,1,10,0.0,False,0.773159,False
10,93,10,10,1,14,0.0,False,0.7731399999999999,False
10,93,11,14,3,10,0.0,False,0.773121,False
10,93,12,10,1,14,0.0,False,0.773102,False
10,93,13,14,3,10,0.0,False,0.773083,False
10,93,14,10,0,9,0.0,False,0.773064,False
10,93,15,9,2,10,0.0,False,0.773045,False
10,93,16,10,1,14,0.0,False,0.773026,False
10,93,17,14,2,15,1.0,True,0.773007,False
10,94,1,0,1,4,0.0,False,0.772988,False
10,94,2,4,0,4,0.0,False,0.772969,False
10,94,3,4,1,8,0.0,True,0.77295,False
10,95,1,0,1,4,0.0,False,0.772931,False
10,95,2,4,1,8,0.0,False,0.772912,False
10,95,3,8,0,8,0.0,False,0.772893,False
10,95,4,8,0,8,0.0,False,0.7728740000000001,False
10,95,5,8,3,4,0.0,False,0.7728550000000001,False
10,95,6,4,1,8,0.0,False,0.7728360000000001,False
10,95,7,8,3,4,0.0,False,0.7728170000000001,False
10,95,8,4,1,8,0.0,False,0.772798,False
10,95,9,8,0,8,0.0,False,0.772779,False
10,95,10,8,3,4,0.0,False,0.77276,False
10,95,11,4,2,5,0.0,False,0.772741,False
10,95,12,5,0,4,0.0,False,0.772722,False
10,95,13,4,2,5,0.0,False,0.772703,False
10,95,14,5,1,9,0.0,True,0.772684,False
10,96,1,0,2,1,0.0,True,0.7726649999999999,False
10,97,1,0,1,4,0.0,False,0.7726459999999999,False
10,97,2,4,2,5,0.0,True,0.772627,False
10,98,1,0,3,0,0.0,False,0.772608,False
10,98,2,0,2,1,0.0,False,0.772589,False
10,98,3,1,3,1,0.0,False,0.77257,False
10,98,4,1,1,5,0.0,False,0.772551,False
10,98,5,5,1,9,0.0,False,0.772532,False
10,98,6,9,2,10,0.0,False,0.772513,False
10,98,7,10,2,11,0.0,False,0.772494,False
10,98,8,11,2,11,0.0,False,0.772475,False
10,98,9,11,1,15,1.0,True,0.772456,False
10,99,1,0,1,4,0.0,False,0.772437,False
10,99,2,4,3,0,0.0,False,0.772418,False
10,99,3,0,3,0,0.0,False,0.7723990000000001,False
10,99,4,0,1,4,0.0,False,0.7723800000000001,False
10,99,5,4,3,0,0.0,False,0.7723610000000001,False
10,99,6,0,3,0,0.0,False,0.7723420000000001,False
10,99,7,0,1,4,0.0,False,0.772323,False
10,99,8,4,1,8,0.0,False,0.772304,False
10,99,9,8,2,9,0.0,False,0.772285,False
10,99,10,9,3,5,0.0,True,0.772266,False
10,100,1,0,3,0,0.0,False,0.772247,False
10,100,2,0,3,0,0.0,False,0.772228,False
10,100,3,0,1,4,0.0,False,0.772209,False
10,100,4,4,0,4,0.0,False,0.7721899999999999,False
10,100,5,4,0,4,0.0,False,0.7721709999999999,False
10,100,6,4,2,5,0.0,True,0.772152,False
