Epoch,Episodio,Tiempo(s),CPU(%),RAM(MB),GPU_mem(MB)
1.0,1.0,19.608667146000016,17.9,782.04296875,8.162109375
