Epoch,Episodio,Tiempo(s),CPU(%),RAM(MB),GPU_mem(MB)
1.0,1.0,1.719356186999903,48.0,887.76953125,8.162109375
1.0,2.0,0.4572162250000247,5.4,887.78515625,8.162109375
1.0,3.0,0.5590916109999853,0.0,887.796875,8.162109375
1.0,4.0,0.4429093560000865,5.6,887.80859375,8.162109375
1.0,5.0,0.049775338000017655,50.0,887.8515625,8.162109375
1.0,6.0,0.7514695869999741,3.3,887.8828125,8.162109375
1.0,7.0,0.5910343839999541,0.8,887.89453125,8.162109375
1.0,8.0,0.46668002100000194,7.5,887.9140625,8.162109375
1.0,9.0,0.4118771249999327,1.2,887.93359375,8.162109375
1.0,10.0,0.04769058099998347,50.0,887.9765625,8.162109375
1.0,11.0,0.5311792159999413,3.8,887.9765625,8.162109375
1.0,12.0,0.43937288400002217,10.1,887.9765625,8.162109375
1.0,13.0,0.47440093700004127,54.3,887.98046875,8.162109375
1.0,14.0,0.48452801999997064,56.1,887.98046875,8.162109375
1.0,15.0,0.46406533000003947,59.1,887.984375,8.162109375
1.0,16.0,1.8661283840000351,20.6,1099.15625,17.28759765625
1.0,17.0,0.40787716599993473,2.5,1099.1875,17.28759765625
1.0,18.0,0.47490368299997954,2.1,1099.22265625,17.28759765625
1.0,19.0,0.44608657000003404,3.3,1099.265625,17.28759765625
1.0,20.0,0.5564456299999847,4.5,1099.34375,17.28759765625
1.0,21.0,0.4841807909999716,6.1,1099.39453125,17.28759765625
1.0,22.0,0.4961267249999537,1.0,1099.42578125,17.28759765625
1.0,23.0,0.5331202429999848,3.8,1099.4609375,17.28759765625
1.0,24.0,1.173684306000041,2.1,1099.484375,17.28759765625
1.0,25.0,0.4241267959999959,1.2,1099.49609375,17.28759765625
1.0,26.0,0.4980958160000455,4.1,1099.5078125,17.28759765625
1.0,27.0,0.5140714269999762,9.7,1099.515625,17.28759765625
1.0,28.0,0.46473862200002714,5.3,1099.5234375,17.28759765625
1.0,29.0,0.42413302600004954,1.2,1099.53515625,17.28759765625
1.0,30.0,0.5318906510000261,0.9,1099.546875,17.28759765625
1.0,31.0,0.4838582539999834,7.2,1099.5625,17.28759765625
1.0,32.0,0.5249361439999802,4.8,1099.578125,17.28759765625
1.0,33.0,0.48255818500001624,59.8,1099.62109375,17.28759765625
1.0,34.0,0.48032179500000893,55.8,1099.671875,17.28759765625
1.0,35.0,0.604749857999991,59.2,1099.6953125,17.28759765625
1.0,36.0,0.4427969179999991,12.5,1099.72265625,17.28759765625
1.0,37.0,0.48671689900004367,4.1,1099.7421875,17.28759765625
1.0,38.0,0.49390331799997966,2.0,1099.76171875,17.28759765625
1.0,39.0,0.48291997100000117,4.2,1099.8125,17.28759765625
1.0,40.0,0.569622503000005,5.2,1099.84765625,17.28759765625
1.0,41.0,0.6019082239999989,3.3,1099.87890625,17.28759765625
1.0,42.0,0.05153517600001578,50.0,1099.921875,17.28759765625
1.0,43.0,0.47734085299998696,5.2,1099.94140625,17.28759765625
1.0,44.0,0.6967860510000037,2.2,1099.9609375,17.28759765625
1.0,45.0,0.4666724219999878,3.3,1099.96875,17.28759765625
1.0,46.0,0.4587527470000623,3.3,1100.00390625,17.28759765625
1.0,47.0,0.40841372900001716,2.5,1100.0078125,17.28759765625
1.0,48.0,0.544276818999947,4.6,1100.0546875,17.28759765625
1.0,49.0,0.04958122400000775,50.0,1100.1328125,17.28759765625
1.0,50.0,0.4593113949999861,4.3,1100.1484375,17.28759765625
1.0,51.0,0.5784053169999197,2.6,1100.1640625,17.28759765625
1.0,52.0,0.4413064220000251,4.5,1100.1953125,17.28759765625
1.0,53.0,0.5613283940000429,4.4,1100.23828125,17.28759765625
1.0,54.0,0.5144299789999423,2.9,1100.25390625,17.28759765625
1.0,55.0,0.5211078700000371,1.9,1100.29296875,17.28759765625
1.0,56.0,0.4228905749999967,4.7,1100.3125,17.28759765625
1.0,57.0,0.5225028309999971,22.1,1100.3125,17.28759765625
1.0,58.0,0.45879189000004317,56.0,1100.3671875,17.28759765625
1.0,59.0,0.4772072810000054,58.9,1100.390625,17.28759765625
1.0,60.0,0.07995861099993817,94.1,1100.453125,17.28759765625
1.0,61.0,0.5969750399999612,50.0,1100.46484375,17.28759765625
1.0,62.0,0.4350306430000046,0.0,1100.48046875,17.28759765625
1.0,63.0,0.43102660599993214,2.3,1100.5234375,17.28759765625
1.0,64.0,0.8694515659999524,4.6,1100.578125,17.28759765625
1.0,65.0,0.4523379099999829,6.6,1100.6328125,17.28759765625
1.0,66.0,0.6158186650000061,1.6,1100.6796875,17.28759765625
1.0,67.0,0.5249255960000028,6.7,1100.71484375,17.28759765625
1.0,68.0,0.4355855789999623,2.3,1100.72265625,17.28759765625
1.0,69.0,0.456175055000017,4.4,1100.7421875,17.28759765625
1.0,70.0,0.4198713429999543,2.4,1100.75390625,17.28759765625
1.0,71.0,0.4569590439999729,3.3,1100.76953125,17.28759765625
1.0,72.0,0.4487423979999221,2.2,1100.77734375,17.28759765625
1.0,73.0,0.5909074499999178,4.3,1100.79296875,17.28759765625
1.0,74.0,0.47288248099994235,2.1,1100.8046875,17.28759765625
1.0,75.0,0.5579253309999785,3.6,1100.8125,17.28759765625
1.0,76.0,0.3996649029999162,0.0,1100.81640625,17.28759765625
1.0,77.0,0.4853554850000137,8.2,1100.859375,17.28759765625
1.0,78.0,0.4776158189999933,3.2,1100.87109375,17.28759765625
1.0,79.0,0.5163820380000743,1.9,1100.875,17.28759765625
1.0,80.0,0.5491427449999264,2.8,1100.8828125,17.28759765625
1.0,81.0,1.150340017000076,40.6,1100.88671875,17.28759765625
1.0,82.0,0.5544508269999824,58.0,1100.90234375,17.28759765625
1.0,83.0,0.45452125799999976,30.8,1100.9140625,17.28759765625
1.0,84.0,0.4852754669999513,6.2,1100.94140625,17.28759765625
1.0,85.0,0.4209494030000087,2.4,1100.9609375,17.28759765625
1.0,86.0,0.43861398100000315,1.1,1100.97265625,17.28759765625
1.0,87.0,0.5186482289999503,3.8,1100.97265625,17.28759765625
1.0,88.0,0.44430977100000746,1.1,1100.9765625,17.28759765625
1.0,89.0,0.047006362000047375,50.0,1100.99609375,17.28759765625
1.0,90.0,0.4465640490000169,4.5,1100.99609375,17.28759765625
1.0,91.0,0.428082819999986,2.3,1101.00390625,17.28759765625
1.0,92.0,0.548494703000074,5.4,1101.01171875,17.28759765625
1.0,93.0,0.6527959259999534,3.8,1101.02734375,17.28759765625
1.0,94.0,0.41787965700007135,3.7,1101.03125,17.28759765625
1.0,95.0,0.43378387799998563,2.3,1101.04296875,17.28759765625
1.0,96.0,1.3140351040000269,3.0,1101.04296875,17.28759765625
1.0,97.0,0.48455674299998464,2.1,1101.0546875,17.28759765625
1.0,98.0,0.7909340519998977,3.8,1101.0703125,17.28759765625
1.0,99.0,0.394646296000019,2.5,1101.078125,17.28759765625
1.0,100.0,0.45010504699996545,5.5,1101.08203125,17.28759765625
2.0,1.0,0.5416281259999778,2.8,1101.09765625,17.28759765625
2.0,2.0,0.44946273499999734,4.4,1101.09765625,17.28759765625
2.0,3.0,0.4572320449999552,49.5,1101.10546875,17.28759765625
2.0,4.0,1.0085171239999227,55.7,1101.11328125,17.28759765625
2.0,5.0,0.4853947029999972,32.3,1101.13671875,17.28759765625
2.0,6.0,0.3939924050000627,1.3,1101.13671875,17.28759765625
2.0,7.0,0.0522015949999286,54.5,1101.16796875,17.28759765625
2.0,8.0,0.4880930229999194,6.2,1101.171875,17.28759765625
2.0,9.0,0.5652429739999434,2.7,1101.1796875,17.28759765625
2.0,10.0,0.4140303630000517,3.6,1101.1875,17.28759765625
2.0,11.0,0.5207200280000279,2.9,1101.203125,17.28759765625
2.0,12.0,0.5038968100000147,3.0,1101.25390625,17.28759765625
2.0,13.0,0.4760543540000981,2.1,1101.2578125,17.28759765625
2.0,14.0,0.4216635129999986,3.5,1101.265625,17.28759765625
2.0,15.0,1.1851167460000624,1.7,1101.30078125,17.28759765625
2.0,16.0,0.5121065419999695,2.9,1101.3125,17.28759765625
2.0,17.0,0.39139474900002824,3.8,1101.3203125,17.28759765625
2.0,18.0,0.45815568599994094,3.3,1101.3203125,17.28759765625
2.0,19.0,0.7184330540000019,3.5,1101.3203125,17.28759765625
2.0,20.0,0.5062324159999889,2.9,1101.33203125,17.28759765625
2.0,21.0,0.3966375249999601,1.3,1101.33203125,17.28759765625
2.0,22.0,0.42321491900008823,3.6,1101.33203125,17.28759765625
2.0,23.0,0.41319630099997084,9.6,1101.33203125,17.28759765625
2.0,24.0,0.5833945020000328,3.4,1101.33203125,17.28759765625
2.0,25.0,0.43324045999997907,23.5,1101.34375,17.28759765625
2.0,26.0,0.4655644529999563,55.9,1101.34765625,17.28759765625
2.0,27.0,0.706435244999966,55.3,1101.36328125,17.28759765625
2.0,28.0,0.7310026339999922,26.9,1101.37109375,17.28759765625
2.0,29.0,0.4611009110000168,3.3,1101.3828125,17.28759765625
2.0,30.0,0.5467234029999872,0.9,1101.3828125,17.28759765625
2.0,31.0,0.5224739730000465,5.7,1101.390625,17.28759765625
2.0,32.0,0.4667870230000517,5.4,1101.421875,17.28759765625
2.0,33.0,0.5188016079999898,3.8,1101.4453125,17.28759765625
2.0,34.0,0.5500911999999971,0.9,1101.4453125,17.28759765625
2.0,35.0,0.5083185910000338,2.9,1101.4453125,17.28759765625
2.0,36.0,0.873845566,1.7,1101.44921875,17.28759765625
2.0,37.0,0.5225029539999468,5.7,1101.453125,17.28759765625
2.0,38.0,0.41828129700002137,1.2,1101.453125,17.28759765625
2.0,39.0,0.5013888480000332,5.0,1101.4609375,17.28759765625
2.0,40.0,0.5577890590000152,1.8,1101.46875,17.28759765625
2.0,41.0,0.561606404000031,4.5,1101.4765625,17.28759765625
2.0,42.0,0.5120761980000452,1.9,1101.48828125,17.28759765625
2.0,43.0,0.9206666580000729,6.0,1101.49609375,17.28759765625
2.0,44.0,0.5427489759999844,4.6,1101.54296875,17.28759765625
2.0,45.0,0.534179279,1.0,1101.55078125,17.28759765625
2.0,46.0,0.4592837709999458,54.3,1101.5625,17.28759765625
2.0,47.0,0.4540907040000093,51.6,1101.5625,17.28759765625
2.0,48.0,0.5266734589999942,57.1,1101.5625,17.28759765625
2.0,49.0,0.495672996000053,24.5,1101.5625,17.28759765625
2.0,50.0,4.436305481999966,2.1,1101.56640625,17.28759765625
2.0,51.0,0.6387792940000736,1.6,1101.56640625,17.28759765625
2.0,52.0,0.57418661600002,3.5,1101.56640625,17.28759765625
2.0,53.0,0.545647274000089,0.9,1101.56640625,17.28759765625
2.0,54.0,1.0473119959999622,16.8,1408.58203125,37.69091796875
2.0,55.0,0.6253860680000116,6.5,1408.61328125,37.69091796875
2.0,56.0,0.8293830449999859,6.1,1408.6796875,37.69091796875
2.0,57.0,0.6327147389999936,3.2,1408.69921875,37.69091796875
2.0,58.0,0.557001416999924,26.4,1408.703125,37.69091796875
2.0,59.0,0.6312473230000251,61.9,1408.73828125,37.69091796875
2.0,60.0,0.47811458299997867,55.2,1408.73828125,37.69091796875
2.0,61.0,0.6409788189999972,42.5,1408.7421875,37.69091796875
2.0,62.0,0.547363316999963,2.7,1408.76171875,37.69091796875
2.0,63.0,0.6264260739999372,5.6,1408.7890625,37.69091796875
2.0,64.0,0.5528355250000914,0.9,1408.80078125,37.69091796875
2.0,65.0,0.6064581319999434,4.1,1408.82421875,37.69091796875
2.0,66.0,0.5400791060000074,4.7,1408.84375,37.69091796875
2.0,67.0,0.5234197649999714,3.8,1408.87109375,37.69091796875
2.0,68.0,0.5652724779999971,9.9,1408.87109375,37.69091796875
2.0,69.0,0.5230600009999762,2.9,1408.87109375,37.69091796875
2.0,70.0,0.5979539789999535,4.2,1408.87109375,37.69091796875
2.0,71.0,0.8022916090000081,3.1,1408.87109375,37.69091796875
2.0,72.0,0.7668875140000182,9.1,1408.87109375,37.69091796875
2.0,73.0,0.6815073559999973,4.4,1408.875,37.69091796875
2.0,74.0,4.054929730000026,23.3,1408.875,37.69091796875
2.0,75.0,0.514946200000054,17.3,1408.8828125,37.69091796875
2.0,76.0,0.24994242900004338,56.2,1408.89453125,37.69091796875
2.0,77.0,0.8251267680000183,4.9,1408.91796875,37.69091796875
2.0,78.0,0.46478362400000606,6.5,1408.921875,37.69091796875
2.0,79.0,0.5485495909999827,6.4,1408.921875,37.69091796875
2.0,80.0,0.4306850690001056,10.3,1408.9375,37.69091796875
2.0,81.0,0.5790692539999327,2.6,1408.9375,37.69091796875
2.0,82.0,0.9816386609999199,2.1,1408.9375,37.69091796875
2.0,83.0,3.33910895300005,2.7,1408.9375,37.69091796875
2.0,84.0,0.6166058310000153,3.3,1408.9375,37.69091796875
2.0,85.0,0.587134988999992,2.6,1408.94140625,37.69091796875
2.0,86.0,0.6821557829999847,9.5,1408.96484375,37.69091796875
2.0,87.0,1.0326012560000208,54.6,1408.96484375,37.69091796875
2.0,88.0,0.5632362779999767,60.4,1408.984375,37.69091796875
2.0,89.0,0.5581110460000218,8.8,1408.984375,37.69091796875
2.0,90.0,0.6820605739999337,1.5,1408.984375,37.69091796875
2.0,91.0,0.7285045639999908,12.4,1408.99609375,37.69091796875
2.0,92.0,0.661250103000043,12.0,1409.0234375,37.69091796875
2.0,93.0,0.7412749099999019,2.7,1409.02734375,37.69091796875
2.0,94.0,0.5456059520000736,9.2,1409.046875,37.69091796875
2.0,95.0,1.6341694879999977,2.8,1409.0546875,37.69091796875
2.0,96.0,0.9593563910000285,8.9,1409.06640625,37.69091796875
2.0,97.0,0.5772609130000319,6.0,1409.06640625,37.69091796875
2.0,98.0,0.5642290570000341,3.5,1409.07421875,37.69091796875
2.0,99.0,0.2427729429999772,53.1,1409.09375,37.69091796875
2.0,100.0,0.5297089529999539,1.0,1409.09375,37.69091796875
3.0,1.0,0.6763174989999925,5.2,1409.109375,37.69091796875
3.0,2.0,0.7672630280000021,9.1,1409.11328125,37.69091796875
3.0,3.0,0.2747424490000867,70.9,1409.1328125,37.69091796875
3.0,4.0,0.6614229069999737,56.8,1409.140625,37.69091796875
3.0,5.0,1.1482423730000164,50.9,1409.14453125,37.69091796875
3.0,6.0,0.548902337999948,4.5,1409.17578125,37.69091796875
3.0,7.0,0.7648009130000446,7.8,1409.1796875,37.69091796875
3.0,8.0,0.6587961010000072,3.0,1409.1796875,37.69091796875
3.0,9.0,0.4800887970000076,3.1,1409.1796875,37.69091796875
3.0,10.0,0.5448488179999913,8.3,1409.1875,37.69091796875
3.0,11.0,0.6002032810000628,4.1,1409.1875,37.69091796875
3.0,12.0,0.6886037289999649,7.3,1409.19921875,37.69091796875
3.0,13.0,0.5629310240000223,1.8,1409.19921875,37.69091796875
3.0,14.0,0.5823605110000472,4.3,1409.19921875,37.69091796875
3.0,15.0,0.7150538089999827,12.0,1409.19921875,37.69091796875
3.0,16.0,0.635232995000024,9.4,1409.21875,37.69091796875
3.0,17.0,0.5716467819999025,5.3,1409.2265625,37.69091796875
3.0,18.0,0.5379461239999728,13.0,1409.23828125,37.69091796875
3.0,19.0,0.4941195799999605,3.1,1409.23828125,37.69091796875
3.0,20.0,0.5192991019999909,2.9,1409.24609375,37.69091796875
3.0,21.0,0.957073793999939,18.8,1409.296875,37.69091796875
3.0,22.0,0.7527718649999997,56.7,1409.32421875,37.69091796875
3.0,23.0,0.7086445610000283,58.6,1409.32421875,37.69091796875
3.0,24.0,0.6183032740000272,13.8,1409.32421875,37.69091796875
3.0,25.0,0.5553235000000996,7.2,1409.32421875,37.69091796875
3.0,26.0,0.6924219759999914,7.2,1409.32421875,37.69091796875
3.0,27.0,0.6345223059998943,8.7,1409.34375,37.69091796875
3.0,28.0,0.23139309300006516,50.0,1409.37109375,37.69091796875
3.0,29.0,0.7445337950000521,8.0,1409.375,37.69091796875
3.0,30.0,0.5181111619999683,6.9,1409.37890625,37.69091796875
3.0,31.0,0.5235850069999515,1.9,1409.37890625,37.69091796875
3.0,32.0,0.5928049619999456,11.8,1409.4140625,37.69091796875
3.0,33.0,0.8640268489999698,7.6,1409.4296875,37.69091796875
3.0,34.0,0.6748838579999301,3.7,1409.4375,37.69091796875
3.0,35.0,0.9952931599999602,12.1,1409.46484375,37.69091796875
3.0,36.0,0.602407830000061,6.6,1409.47265625,37.69091796875
3.0,37.0,0.6307891019999943,3.2,1409.4765625,37.69091796875
3.0,38.0,0.5910957770000778,11.0,1409.4765625,37.69091796875
3.0,39.0,2.6644684959999267,35.6,1409.4765625,37.69091796875
3.0,40.0,0.23055625699998927,50.0,1409.5703125,37.69091796875
3.0,41.0,0.4081741280000415,2.4,1409.57421875,37.69091796875
3.0,42.0,0.7438736390000713,10.9,1409.60546875,37.69091796875
3.0,43.0,0.6226310710000007,10.5,1409.609375,37.69091796875
3.0,44.0,0.8610429860000295,2.3,1409.609375,37.69091796875
3.0,45.0,0.7908642889999555,10.8,1409.671875,37.69091796875
3.0,46.0,0.5468552909999289,7.3,1409.68359375,37.69091796875
3.0,47.0,0.5068964280000046,2.0,1409.70703125,37.69091796875
3.0,48.0,0.5445597510000653,8.3,1409.7109375,37.69091796875
3.0,49.0,0.9800329650000776,13.8,1409.7265625,37.69091796875
3.0,50.0,0.501765991999946,4.0,1409.7421875,37.69091796875
3.0,51.0,0.600087488999975,5.9,1409.7421875,37.69091796875
3.0,52.0,0.4809532599999784,5.2,1409.74609375,37.69091796875
3.0,53.0,0.7052990039999258,4.2,1409.74609375,37.69091796875
3.0,54.0,0.5222610260000238,8.7,1409.75,37.69091796875
3.0,55.0,0.6208245160000843,20.5,1409.75,37.69091796875
3.0,56.0,1.1139017460000105,54.9,1409.75390625,37.69091796875
3.0,57.0,0.5592564739999943,31.2,1409.76171875,37.69091796875
3.0,58.0,0.5044016079999665,2.9,1409.76953125,37.69091796875
3.0,59.0,0.4304924870000377,8.1,1409.8203125,37.69091796875
3.0,60.0,0.47348981899995124,4.2,1409.83984375,37.69091796875
3.0,61.0,0.5441190099999176,4.6,1409.859375,37.69091796875
3.0,62.0,0.7745456590000686,0.6,1409.87890625,37.69091796875
3.0,63.0,1.6853720310000426,3.9,1409.89453125,37.69091796875
3.0,64.0,0.7849384329999793,9.6,1409.9609375,37.69091796875
3.0,65.0,0.48980321900000945,1.0,1409.9765625,37.69091796875
3.0,66.0,0.6453943999999865,3.9,1409.98828125,37.69091796875
3.0,67.0,0.5482074810000768,9.0,1410.0,37.69091796875
3.0,68.0,0.44944643700000597,1.1,1410.0,37.69091796875
3.0,69.0,0.5761095029999979,13.2,1410.0,37.69091796875
3.0,70.0,0.6054071629999953,6.6,1410.0,37.69091796875
3.0,71.0,0.594378861999985,11.0,1410.0,37.69091796875
3.0,72.0,0.6700882610000463,19.4,1410.0078125,37.69091796875
3.0,73.0,0.6436450329999843,57.5,1410.015625,37.69091796875
3.0,74.0,0.5917393029999403,56.3,1410.015625,37.69091796875
3.0,75.0,0.49058592900007625,37.5,1410.015625,37.69091796875
3.0,76.0,0.5174111720000383,3.9,1410.04296875,37.69091796875
3.0,77.0,0.9778456850000339,4.6,1410.046875,37.69091796875
3.0,78.0,0.9994828039999675,21.9,1410.078125,37.69091796875
3.0,79.0,0.6963839159999452,10.9,1410.08203125,37.69091796875
3.0,80.0,0.5885352939999393,5.9,1410.08203125,37.69091796875
3.0,81.0,0.751737501999969,13.3,1410.08984375,37.69091796875
3.0,82.0,0.44960886199999095,11.2,1410.09375,37.69091796875
3.0,83.0,0.6452940679999983,6.2,1410.09375,37.69091796875
3.0,84.0,0.5356989440000461,5.7,1410.125,37.69091796875
3.0,85.0,0.2402502209999966,50.0,1410.18359375,37.69091796875
3.0,86.0,0.6396493529999816,10.9,1410.18359375,37.69091796875
3.0,87.0,0.6794419120000157,3.7,1410.2109375,37.69091796875
3.0,88.0,0.627684400000021,5.5,1410.2109375,37.69091796875
3.0,89.0,0.8385314409999864,13.0,1410.21484375,37.69091796875
3.0,90.0,0.805178665000085,20.8,1410.21875,37.69091796875
3.0,91.0,0.832372527000075,65.1,1410.22265625,37.69091796875
3.0,92.0,0.9603951679999909,53.4,1410.2265625,37.69091796875
3.0,93.0,5.497184854000011,1.8,1410.2578125,37.69091796875
3.0,94.0,1.9648841130000392,5.6,1410.26953125,37.69091796875
3.0,95.0,1.3675256340000033,4.4,1410.26953125,37.69091796875
3.0,96.0,0.6456642770000371,7.0,1410.26953125,37.69091796875
3.0,97.0,0.7164291980000144,34.0,1410.28125,37.69091796875
3.0,98.0,0.6445019349999939,62.5,1410.34765625,37.69091796875
3.0,99.0,0.5973639779999758,61.3,1410.3515625,37.69091796875
3.0,100.0,0.5860830720000649,15.4,1410.3515625,37.69091796875
4.0,1.0,0.6278097250000201,9.6,1410.3515625,37.69091796875
4.0,2.0,0.5433015149999392,3.6,1410.35546875,37.69091796875
4.0,3.0,0.7098080399999844,7.9,1410.35546875,37.69091796875
4.0,4.0,0.4509957889999896,3.4,1410.35546875,37.69091796875
4.0,5.0,0.6957279020000442,2.8,1410.36328125,37.69091796875
4.0,6.0,0.5599149299999908,3.6,1410.36328125,37.69091796875
4.0,7.0,0.8256087839999964,4.2,1410.3984375,37.69091796875
4.0,8.0,0.8041152859999556,6.3,1410.40234375,37.69091796875
4.0,9.0,0.7443445269999529,5.4,1410.43359375,37.69091796875
4.0,10.0,0.7348718649999455,8.8,1410.44140625,37.69091796875
4.0,11.0,0.9177517139999054,5.5,1410.453125,37.69091796875
4.0,12.0,1.4051824289999786,3.9,1410.46875,37.69091796875
4.0,13.0,0.5480280020000237,18.2,1410.4921875,37.69091796875
4.0,14.0,0.43513994099998854,55.3,1410.515625,37.69091796875
4.0,15.0,0.8606387490000316,54.7,1410.52734375,37.69091796875
4.0,16.0,0.448201575999974,42.7,1410.546875,37.69091796875
4.0,17.0,0.5600401570000031,5.4,1410.546875,37.69091796875
4.0,18.0,0.4904987989999654,2.0,1410.546875,37.69091796875
4.0,19.0,0.44101969799999097,6.7,1410.578125,37.69091796875
4.0,20.0,0.6785932359999833,9.0,1410.578125,37.69091796875
4.0,21.0,1.1840371700000105,4.6,1410.578125,37.69091796875
4.0,22.0,0.4052820709999878,7.4,1410.578125,37.69091796875
4.0,23.0,0.5539046130000997,7.1,1410.578125,37.69091796875
4.0,24.0,0.4668348819999437,6.5,1410.58203125,37.69091796875
4.0,25.0,1.095325828,4.1,1410.58203125,37.69091796875
4.0,26.0,0.5540801050000255,5.5,1410.58203125,37.69091796875
4.0,27.0,0.43870587000003525,4.5,1410.5859375,37.69091796875
4.0,28.0,0.5865028079999774,7.7,1410.5859375,37.69091796875
4.0,29.0,0.4132606719999785,1.2,1410.5859375,37.69091796875
4.0,30.0,0.4983735760000627,5.0,1410.58984375,37.69091796875
4.0,31.0,0.5486244060000445,2.8,1410.62109375,37.69091796875
4.0,32.0,0.4342341199999282,4.6,1410.62109375,37.69091796875
4.0,33.0,0.701514358000054,21.6,1410.62109375,37.69091796875
4.0,34.0,0.6581254490000674,63.6,1410.625,37.69091796875
4.0,35.0,0.6111923490000208,67.8,1410.66015625,37.69091796875
4.0,36.0,0.5417806710000832,34.6,1410.66015625,37.69091796875
4.0,37.0,0.24673717999996825,50.0,1410.66796875,37.69091796875
4.0,38.0,0.5143362770000977,3.9,1410.671875,37.69091796875
4.0,39.0,0.5106383510000114,11.8,1410.671875,37.69091796875
4.0,40.0,0.5540342399999645,6.4,1410.671875,37.69091796875
4.0,41.0,0.4738841289999982,5.3,1410.671875,37.69091796875
4.0,42.0,0.4261231509999561,7.1,1410.67578125,37.69091796875
4.0,43.0,0.5430248380000648,2.8,1410.6796875,37.69091796875
4.0,44.0,3.942520961000014,3.2,1410.7109375,37.69091796875
4.0,45.0,0.6238138319999962,12.9,1410.75,37.69091796875
4.0,46.0,2.3829584699999486,13.5,1410.75390625,37.69091796875
4.0,47.0,0.5922206349999897,57.1,1410.7578125,37.69091796875
4.0,48.0,0.6680679449999616,64.9,1410.7578125,37.69091796875
4.0,49.0,2.9835968630000025,2.9,1410.7578125,37.69091796875
4.0,50.0,0.4352688860000171,5.7,1410.76171875,37.69091796875
4.0,51.0,0.779643849000081,10.3,1410.83203125,37.69091796875
4.0,52.0,0.5882698419999315,8.5,1410.83203125,37.69091796875
4.0,53.0,0.49834102600004826,1.0,1410.83203125,37.69091796875
4.0,54.0,0.26546495499997036,57.4,1410.8359375,37.69091796875
4.0,55.0,0.3811991160000616,2.6,1410.8359375,37.69091796875
4.0,56.0,0.6554477989999441,6.1,1410.8359375,37.69091796875
4.0,57.0,0.5241440039999361,13.5,1410.875,37.69091796875
4.0,58.0,0.7920087829999147,18.4,1410.87890625,37.69091796875
4.0,59.0,0.6005203720000054,13.2,1410.90234375,37.69091796875
4.0,60.0,0.5793570340000542,5.2,1410.90234375,37.69091796875
4.0,61.0,1.126412340999991,12.1,1410.90234375,37.69091796875
4.0,62.0,0.5968746900000497,61.3,1410.90234375,37.69091796875
4.0,63.0,0.46544161799999983,59.8,1410.91015625,37.69091796875
4.0,64.0,0.7080512679999629,73.4,1410.921875,37.69091796875
4.0,65.0,0.6753989269999465,19.9,1410.953125,37.69091796875
4.0,66.0,0.47202747599999384,2.1,1410.953125,37.69091796875
4.0,67.0,0.6062774670000408,5.0,1410.953125,37.69091796875
4.0,68.0,0.6235680469999352,7.3,1410.95703125,37.69091796875
4.0,69.0,1.2400379660000453,6.1,1411.01171875,37.69091796875
4.0,70.0,0.544643631000099,3.7,1411.01171875,37.69091796875
4.0,71.0,0.4263058280000678,8.1,1411.01171875,37.69091796875
4.0,72.0,1.5076395110002068,4.0,1411.01953125,37.69091796875
4.0,73.0,0.5388033609999638,13.1,1411.03125,37.69091796875
4.0,74.0,0.2735606700000517,56.4,1411.0703125,37.69091796875
4.0,75.0,0.6629178659998161,8.3,1411.0703125,37.69091796875
4.0,76.0,0.37762935999990077,5.4,1411.08203125,37.69091796875
4.0,77.0,0.5714516400000775,2.6,1411.09375,37.69091796875
4.0,78.0,0.37552278299995123,5.3,1411.09375,37.69091796875
4.0,79.0,0.6397772410000471,18.1,1411.1171875,37.69091796875
4.0,80.0,0.6512775139999576,28.7,1411.1171875,37.69091796875
4.0,81.0,0.5549070590000156,58.6,1411.1171875,37.69091796875
4.0,82.0,0.5585275969999657,66.7,1411.16796875,37.69091796875
4.0,83.0,0.478340481000032,52.1,1411.16796875,37.69091796875
4.0,84.0,0.614145464000103,23.1,1411.171875,37.69091796875
4.0,85.0,0.44448341699990124,11.1,1411.1796875,37.69091796875
4.0,86.0,0.6548070970000026,16.0,1411.22265625,37.69091796875
4.0,87.0,0.5738703709998845,8.0,1411.2265625,37.69091796875
4.0,88.0,0.5717980869999337,4.3,1411.265625,37.69091796875
4.0,89.0,0.3839968009999666,6.5,1411.2734375,37.69091796875
4.0,90.0,0.5298904899998433,3.8,1411.2734375,37.69091796875
4.0,91.0,0.47513818300012645,6.2,1411.27734375,37.69091796875
4.0,92.0,0.6770756240000537,1.5,1411.2890625,37.69091796875
4.0,93.0,0.4140836330000184,4.8,1411.30078125,37.69091796875
4.0,94.0,0.5311593999999786,1.9,1411.3125,37.69091796875
4.0,95.0,0.6178449690000889,13.7,1411.33203125,37.69091796875
4.0,96.0,0.6287884690000283,3.2,1411.34375,37.69091796875
4.0,97.0,0.6437582859998656,8.5,1411.34375,37.69091796875
4.0,98.0,0.5722993449999194,9.6,1411.38671875,37.69091796875
4.0,99.0,0.5744697220000035,7.9,1411.390625,37.69091796875
4.0,100.0,0.7019762029999583,7.2,1411.390625,37.69091796875
5.0,1.0,0.6331835640000918,34.1,1411.390625,37.69091796875
5.0,2.0,0.5068753969999307,55.3,1411.390625,37.69091796875
5.0,3.0,0.6836743439998827,64.4,1411.43359375,37.69091796875
5.0,4.0,0.5619431689999601,32.1,1411.43359375,37.69091796875
5.0,5.0,0.7784454899999673,11.5,1411.4375,37.69091796875
5.0,6.0,0.5507176259998232,1.8,1411.44140625,37.69091796875
5.0,7.0,0.4891056069998285,4.1,1411.44140625,37.69091796875
5.0,8.0,0.5589574950001861,6.3,1411.4609375,37.69091796875
5.0,9.0,0.5067911299997832,8.9,1411.46484375,37.69091796875
5.0,10.0,0.5202144960001078,1.0,1411.46484375,37.69091796875
5.0,11.0,0.5364179200000763,5.6,1411.46484375,37.69091796875
5.0,12.0,0.595262201999958,5.0,1411.4765625,37.69091796875
5.0,13.0,0.5697975509999651,3.5,1411.4921875,37.69091796875
5.0,14.0,0.5224355240000023,3.9,1411.50390625,37.69091796875
5.0,15.0,0.4309907829999702,4.7,1411.51171875,37.69091796875
5.0,16.0,0.5293558700000176,4.7,1411.51171875,37.69091796875
5.0,17.0,0.5412771339999836,3.7,1411.515625,37.69091796875
5.0,18.0,0.9450744650000615,9.5,1411.53515625,37.69091796875
5.0,19.0,0.5929737779999869,19.0,1411.58203125,37.69091796875
5.0,20.0,0.42239955500008364,4.7,1411.58203125,37.69091796875
5.0,21.0,0.5320627390001391,11.3,1411.58203125,37.69091796875
5.0,22.0,0.6648735850001231,50.4,1411.58203125,37.69091796875
5.0,23.0,0.631227625000065,72.0,1411.58203125,37.69091796875
5.0,24.0,0.803676760999906,62.1,1411.6015625,37.69091796875
5.0,25.0,0.5158388999998351,11.7,1411.625,37.69091796875
5.0,26.0,0.7207673929999601,13.9,1411.62890625,37.69091796875
5.0,27.0,0.5747382650001782,1.8,1411.62890625,37.69091796875
5.0,28.0,0.5786649290000696,6.1,1411.70703125,37.69091796875
5.0,29.0,0.497676803000104,3.0,1411.70703125,37.69091796875
5.0,30.0,0.5075891720000527,8.7,1411.7109375,37.69091796875
5.0,31.0,0.46648121799989894,4.3,1411.7109375,37.69091796875
5.0,32.0,0.6064760760000354,18.2,1411.7109375,37.69091796875
5.0,33.0,0.6332107050000104,3.9,1411.7109375,37.69091796875
5.0,34.0,0.5535019830001602,4.5,1411.71484375,37.69091796875
5.0,35.0,0.5136412599999858,9.7,1411.71484375,37.69091796875
5.0,36.0,0.5778318200000285,13.2,1411.71875,37.69091796875
5.0,37.0,0.5627737120000802,18.9,1411.73828125,37.69091796875
5.0,38.0,0.507501879000074,4.9,1411.7421875,37.69091796875
5.0,39.0,0.41160701100011465,14.6,1411.7421875,37.69091796875
5.0,40.0,0.7714998580001975,3.2,1411.7421875,37.69091796875
5.0,41.0,0.5863930089999485,6.9,1411.74609375,37.69091796875
5.0,42.0,0.4845338330001141,44.3,1411.76953125,37.69091796875
5.0,43.0,0.4920630839999376,63.9,1411.8203125,37.69091796875
5.0,44.0,0.5057787499999904,61.4,1411.8515625,37.69091796875
5.0,45.0,0.41378033800015146,62.2,1411.8515625,37.69091796875
5.0,46.0,0.47507624399986526,22.3,1411.8515625,37.69091796875
5.0,47.0,0.3541802889999417,7.0,1411.8515625,37.69091796875
5.0,48.0,0.399630666000121,4.9,1411.8515625,37.69091796875
5.0,49.0,0.5443630620000022,8.3,1411.8515625,37.69091796875
5.0,50.0,1.8574900240000716,3.5,1411.8515625,37.69091796875
5.0,51.0,0.5028485459999956,5.0,1411.8515625,37.69091796875
5.0,52.0,0.45288354300009814,7.7,1411.8828125,37.69091796875
5.0,53.0,0.3757157099998949,8.0,1411.8828125,37.69091796875
5.0,54.0,0.4502768070001366,4.5,1411.88671875,37.69091796875
5.0,55.0,0.5208508330001678,12.5,1411.88671875,37.69091796875
5.0,56.0,0.3753116030000001,2.7,1411.890625,37.69091796875
5.0,57.0,0.46310267500007285,6.5,1411.89453125,37.69091796875
5.0,58.0,0.3874452069999279,6.5,1411.90625,37.69091796875
5.0,59.0,0.3777083039999525,2.6,1411.91796875,37.69091796875
5.0,60.0,0.5474429099999725,9.3,1411.9375,37.69091796875
5.0,61.0,0.6461262640000314,3.8,1411.953125,37.69091796875
5.0,62.0,0.47856651500001135,12.5,1411.96484375,37.69091796875
5.0,63.0,0.5809979410000778,9.6,1411.98046875,37.69091796875
5.0,64.0,0.43170354900007624,23.3,1412.015625,37.69091796875
5.0,65.0,0.5659940549999192,68.4,1412.01953125,37.69091796875
5.0,66.0,1.0500772299999426,57.6,1412.01953125,37.69091796875
5.0,67.0,0.4043340639998405,17.5,1412.01953125,37.69091796875
5.0,68.0,0.5942093339999701,7.6,1412.01953125,37.69091796875
5.0,69.0,0.40373371800001223,7.4,1412.0703125,37.69091796875
5.0,70.0,1.5429154840001047,5.9,1412.07421875,37.69091796875
5.0,71.0,0.7000819659999706,4.3,1412.07421875,37.69091796875
5.0,72.0,0.5979270099999212,7.5,1412.07421875,37.69091796875
5.0,73.0,0.6631507619999866,18.9,1412.08203125,37.69091796875
5.0,74.0,0.5966115899998385,10.2,1412.09375,37.69091796875
5.0,75.0,0.7719111880001037,9.0,1412.09765625,37.69091796875
5.0,76.0,0.5721960630000922,7.0,1412.1171875,37.69091796875
5.0,77.0,0.573241661999873,6.1,1412.12109375,37.69091796875
5.0,78.0,0.4738840560000881,4.2,1412.125,37.69091796875
5.0,79.0,0.49586202099999355,6.1,1412.125,37.69091796875
5.0,80.0,0.6415499429999727,11.7,1412.15625,37.69091796875
5.0,81.0,0.6273516080000263,8.1,1412.16796875,37.69091796875
5.0,82.0,0.5221032560000367,21.7,1412.16796875,37.69091796875
5.0,83.0,0.5337701280000147,57.1,1412.16796875,37.69091796875
5.0,84.0,0.4671629260001282,57.0,1412.16796875,37.69091796875
5.0,85.0,0.5665827420000369,63.7,1412.171875,37.69091796875
5.0,86.0,0.5788396559999001,21.7,1412.171875,37.69091796875
5.0,87.0,0.6138429620000352,13.8,1412.1953125,37.69091796875
5.0,88.0,0.4738476709999304,4.2,1412.19921875,37.69091796875
5.0,89.0,1.0879845990000376,3.7,1412.19921875,37.69091796875
5.0,90.0,0.42613224000001537,2.4,1412.19921875,37.69091796875
5.0,91.0,0.6272429160001138,17.7,1412.24609375,37.69091796875
5.0,92.0,0.43697663500006456,2.3,1412.24609375,37.69091796875
5.0,93.0,0.44147418800002924,1.1,1412.25,37.69091796875
5.0,94.0,0.5512230369999997,8.2,1412.28125,37.69091796875
5.0,95.0,0.4937853950000317,4.0,1412.28125,37.69091796875
5.0,96.0,0.7402611600000455,17.0,1412.42578125,37.69091796875
5.0,97.0,0.5223002519999227,6.7,1412.5,37.69091796875
5.0,98.0,0.4385551210000358,3.4,1412.5078125,37.69091796875
5.0,99.0,0.5213900269998248,6.7,1412.5078125,37.69091796875
5.0,100.0,0.4686587179999151,3.3,1412.5078125,37.69091796875
6.0,1.0,0.5132560580000245,9.7,1412.5078125,37.69091796875
6.0,2.0,0.4601544439999543,3.3,1412.5078125,37.69091796875
6.0,3.0,0.46105818199998794,7.6,1412.5078125,37.69091796875
6.0,4.0,0.5234415180000269,38.5,1412.5078125,37.69091796875
6.0,5.0,0.31865859000004093,98.5,1412.5703125,37.69091796875
6.0,6.0,0.7894461599998976,60.6,1412.57421875,37.69091796875
6.0,7.0,0.683376380999789,52.6,1412.58203125,37.69091796875
6.0,8.0,0.5625171649999174,7.1,1412.58203125,37.69091796875
6.0,9.0,0.5493083139999726,12.7,1412.58203125,37.69091796875
6.0,10.0,0.5517784779999602,4.5,1412.5859375,37.69091796875
6.0,11.0,0.8629438009998012,11.7,1412.5859375,37.69091796875
6.0,12.0,0.4829835139998977,6.2,1412.5859375,37.69091796875
6.0,13.0,0.6137744530001328,7.3,1412.61328125,37.69091796875
6.0,14.0,0.4688144790000024,6.4,1412.61328125,37.69091796875
6.0,15.0,2.730380248000074,2.0,1412.625,37.69091796875
6.0,16.0,0.4168761280000126,6.0,1412.62890625,37.69091796875
6.0,17.0,0.24491649499987034,51.0,1412.671875,37.69091796875
6.0,18.0,0.47345059700001,8.4,1412.734375,37.69091796875
6.0,19.0,2.1508260810001048,10.3,1412.734375,37.69091796875
6.0,20.0,0.4360865260000537,53.5,1412.734375,37.69091796875
6.0,21.0,0.49158805199999733,68.4,1412.734375,37.69091796875
6.0,22.0,0.3906052899999395,57.1,1412.734375,37.69091796875
6.0,23.0,0.6418774459998531,26.4,1412.734375,37.69091796875
6.0,24.0,0.6774328429999059,6.7,1412.734375,37.69091796875
6.0,25.0,0.4215584209998724,4.8,1412.734375,37.69091796875
6.0,26.0,0.4465806359999078,10.0,1412.73828125,37.69091796875
6.0,27.0,0.7131991290000315,4.3,1412.7421875,37.69091796875
6.0,28.0,0.5508572679998451,2.7,1412.89453125,37.69091796875
6.0,29.0,1.0497783759999493,7.2,1412.953125,37.69091796875
6.0,30.0,0.4380291479999414,6.7,1412.953125,37.69091796875
6.0,31.0,0.998776006000071,3.0,1412.95703125,37.69091796875
6.0,32.0,0.40825068300000567,3.7,1412.95703125,37.69091796875
6.0,33.0,0.41888838599993505,7.1,1412.95703125,37.69091796875
6.0,34.0,0.44378448099996604,4.5,1412.95703125,37.69091796875
6.0,35.0,0.4485978330001217,7.8,1412.95703125,37.69091796875
6.0,36.0,0.628110285000048,7.1,1412.96484375,37.69091796875
6.0,37.0,0.43660748999991483,3.4,1412.9765625,37.69091796875
6.0,38.0,0.4399343869999939,10.1,1412.9921875,37.69091796875
6.0,39.0,0.4011307460000353,3.7,1412.9921875,37.69091796875
6.0,40.0,0.452267509999956,7.8,1412.9921875,37.69091796875
6.0,41.0,0.6934738689999449,63.6,1412.9921875,37.69091796875
6.0,42.0,0.36376948399993125,55.6,1412.9921875,37.69091796875
6.0,43.0,0.6567951890001495,63.6,1412.9921875,37.69091796875
6.0,44.0,1.1984791129998484,16.2,1413.05859375,37.69091796875
6.0,45.0,0.515378463000161,5.8,1413.05859375,37.69091796875
6.0,46.0,0.43651274400008333,5.7,1413.0625,37.69091796875
6.0,47.0,0.4623512989999199,4.3,1413.0625,37.69091796875
6.0,48.0,0.4784770409999055,9.4,1413.078125,37.69091796875
6.0,49.0,0.6644066589999511,18.9,1413.109375,37.69091796875
6.0,50.0,0.572920811999893,5.2,1413.109375,37.69091796875
6.0,51.0,0.43233978499984005,5.8,1413.109375,37.69091796875
6.0,52.0,0.41251466499988965,3.7,1413.109375,37.69091796875
6.0,53.0,0.4720225240000673,12.8,1413.109375,37.69091796875
6.0,54.0,0.48643370099989625,7.2,1413.11328125,37.69091796875
6.0,55.0,0.5757309179998629,17.4,1413.11328125,37.69091796875
6.0,56.0,0.4390614240001014,5.7,1413.11328125,37.69091796875
6.0,57.0,0.407396123999888,8.5,1413.11328125,37.69091796875
6.0,58.0,0.4117344400001457,4.9,1413.11328125,37.69091796875
6.0,59.0,0.3871259630000168,6.4,1413.11328125,37.69091796875
6.0,60.0,0.42149041499988016,4.8,1413.12109375,37.69091796875
6.0,61.0,0.48351333999994495,6.2,1413.12109375,37.69091796875
6.0,62.0,2.5535417890000645,37.8,1413.16015625,37.69091796875
6.0,63.0,0.4996604569998908,8.9,1413.16015625,37.69091796875
6.0,64.0,0.5095365629999833,6.9,1413.16015625,37.69091796875
6.0,65.0,0.48588203100007377,9.5,1413.1640625,37.69091796875
6.0,66.0,2.7591386349999993,2.5,1413.1640625,37.69091796875
6.0,67.0,0.42613356399988334,2.3,1413.16796875,37.69091796875
6.0,68.0,0.4805731569999807,10.5,1413.16796875,37.69091796875
6.0,69.0,0.500921070000004,6.9,1413.17578125,37.69091796875
6.0,70.0,0.4729119860000992,8.6,1413.26171875,37.69091796875
6.0,71.0,0.4579253740000695,3.3,1413.26953125,37.69091796875
6.0,72.0,0.59112266000011,10.9,1413.28125,37.69091796875
6.0,73.0,0.435975266000014,5.8,1413.30078125,37.69091796875
6.0,74.0,0.9058534840000902,5.5,1413.31640625,37.69091796875
6.0,75.0,0.43239697600006366,5.9,1413.32421875,37.69091796875
6.0,76.0,0.5055820420000146,10.9,1413.32421875,37.69091796875
6.0,77.0,0.4831869380000171,11.5,1413.3359375,37.69091796875
6.0,78.0,0.5257340820000991,48.6,1413.3359375,37.69091796875
6.0,79.0,0.6513068550000298,69.0,1413.3359375,37.69091796875
6.0,80.0,0.4648929269999371,59.6,1413.3359375,37.69091796875
6.0,81.0,0.43813466799997514,51.2,1413.3359375,37.69091796875
6.0,82.0,0.47713081500000953,10.4,1413.36328125,37.69091796875
6.0,83.0,0.5235468650000712,8.7,1413.3671875,37.69091796875
6.0,84.0,0.8279765309998766,13.3,1413.3828125,37.69091796875
6.0,85.0,2.982226947000072,5.4,1413.3828125,37.69091796875
6.0,86.0,0.4959562660001211,7.1,1413.3828125,37.69091796875
6.0,87.0,0.6640758880000703,12.9,1413.41796875,37.69091796875
6.0,88.0,0.8265698489999522,9.0,1413.41796875,37.69091796875
6.0,89.0,0.6664000539999506,21.8,1413.421875,37.69091796875
6.0,90.0,1.362549831000024,1.5,1413.421875,37.69091796875
6.0,91.0,0.39884558799985825,7.5,1413.42578125,37.69091796875
6.0,92.0,0.5909742879998703,7.6,1413.42578125,37.69091796875
6.0,93.0,0.5777368760000172,54.0,1413.42578125,37.69091796875
6.0,94.0,0.5127043869999852,52.4,1413.42578125,37.69091796875
6.0,95.0,0.5197592010001699,63.1,1413.42578125,37.69091796875
6.0,96.0,0.5943337080000219,40.3,1413.51953125,37.69091796875
6.0,97.0,0.47244453500002237,5.3,1413.51953125,37.69091796875
6.0,98.0,0.40735776900010023,3.7,1413.51953125,37.69091796875
6.0,99.0,0.28464517399993383,50.9,1413.58203125,37.69091796875
6.0,100.0,0.4537931249999474,8.8,1413.58203125,37.69091796875
7.0,1.0,0.4834981300000436,2.1,1413.5859375,37.69091796875
7.0,2.0,0.71286623900005,4.9,1413.5859375,37.69091796875
7.0,3.0,0.9012108510000871,8.3,1413.60546875,37.69091796875
7.0,4.0,0.5188805339998908,4.9,1413.6171875,37.69091796875
7.0,5.0,0.28986022799995226,56.1,1413.74609375,37.69091796875
7.0,6.0,0.5131844069999261,3.9,1413.7578125,37.69091796875
7.0,7.0,0.6602863290002006,15.3,1413.765625,37.69091796875
7.0,8.0,0.7310138920001918,4.8,1413.765625,37.69091796875
7.0,9.0,0.2741745359999186,50.0,1413.828125,37.69091796875
7.0,10.0,0.5827678969999397,6.0,1413.828125,37.69091796875
7.0,11.0,0.7795608409999204,9.0,1413.8984375,37.69091796875
7.0,12.0,0.5751608819998637,7.0,1413.90234375,37.69091796875
7.0,13.0,0.5705649569999878,3.5,1413.90625,37.69091796875
7.0,14.0,0.6094925209999928,16.4,1413.90625,37.69091796875
7.0,15.0,0.5801366670000334,55.2,1413.90625,37.69091796875
7.0,16.0,0.5594559480000498,58.0,1413.90625,37.69091796875
7.0,17.0,0.8643962369999372,55.8,1413.91015625,37.69091796875
7.0,18.0,0.4597722349999458,5.5,1413.9140625,37.69091796875
7.0,19.0,0.5200479509999241,8.7,1413.9140625,37.69091796875
7.0,20.0,0.46711197099989477,3.2,1413.9140625,37.69091796875
7.0,21.0,0.612444799000059,6.6,1413.91796875,37.69091796875
7.0,22.0,1.0560890219999237,5.2,1413.921875,37.69091796875
7.0,23.0,0.6665468920000421,5.3,1413.9453125,37.69091796875
7.0,24.0,0.6543439289998787,6.9,1413.9453125,37.69091796875
7.0,25.0,0.5283143340000152,6.6,1413.9453125,37.69091796875
7.0,26.0,0.44001296200008255,3.4,1413.9453125,37.69091796875
7.0,27.0,0.5529805399999077,7.3,1413.9453125,37.69091796875
7.0,28.0,0.6199862940000003,16.9,1413.953125,37.69091796875
7.0,29.0,0.6694543009998597,8.3,1413.953125,37.69091796875
7.0,30.0,0.4918642479999562,3.1,1413.953125,37.69091796875
7.0,31.0,0.5299950019998505,8.5,1413.95703125,37.69091796875
7.0,32.0,0.7136154559998431,8.5,1413.9609375,37.69091796875
7.0,33.0,0.5126398550000886,7.8,1413.984375,37.69091796875
7.0,34.0,0.7711941200000183,40.1,1413.984375,37.69091796875
7.0,35.0,0.6974517759999799,68.6,1413.99609375,37.69091796875
7.0,36.0,0.6373883450000903,54.8,1414.0078125,37.69091796875
7.0,37.0,0.7272249990001001,13.1,1414.015625,37.69091796875
7.0,38.0,0.5585194959999171,7.1,1414.0234375,37.69091796875
7.0,39.0,0.5703700409999328,7.1,1414.0234375,37.69091796875
7.0,40.0,0.6899790069999199,14.6,1414.02734375,37.69091796875
7.0,41.0,0.6482889119999982,6.2,1414.03515625,37.69091796875
7.0,42.0,0.4759341480000785,8.3,1414.03515625,37.69091796875
7.0,43.0,0.5309936740000012,2.8,1414.0390625,37.69091796875
7.0,44.0,0.6840423240000746,25.0,1414.0546875,37.69091796875
7.0,45.0,0.8660459620000438,10.4,1414.0625,37.69091796875
7.0,46.0,0.5498738890000823,10.0,1414.06640625,37.69091796875
7.0,47.0,0.30803827599993383,59.0,1414.0859375,37.69091796875
7.0,48.0,0.6089810450000641,11.6,1414.08984375,37.69091796875
7.0,49.0,0.6517709120000745,8.5,1414.09375,37.69091796875
7.0,50.0,0.5499608740001349,2.7,1414.09375,37.69091796875
7.0,51.0,0.5164393589998326,9.6,1414.09375,37.69091796875
7.0,52.0,1.1186176559999694,9.0,1414.09375,37.69091796875
7.0,53.0,0.4169491590000689,53.6,1414.09375,37.69091796875
7.0,54.0,0.5805044960000032,60.0,1414.09375,37.69091796875
7.0,55.0,0.47505772499994237,61.7,1414.09375,37.69091796875
7.0,56.0,0.522128395999971,28.8,1414.09375,37.69091796875
7.0,57.0,0.45657024899992393,8.8,1414.09765625,37.69091796875
7.0,58.0,0.48450503499998376,12.4,1414.1015625,37.69091796875
7.0,59.0,0.6303620940000201,11.9,1414.109375,37.69091796875
7.0,60.0,0.4759701599998607,3.2,1414.11328125,37.69091796875
7.0,61.0,0.5484015719998752,2.7,1414.125,37.69091796875
7.0,62.0,0.5783206620001238,7.8,1414.1328125,37.69091796875
7.0,63.0,0.5037914849999652,6.9,1414.14453125,37.69091796875
7.0,64.0,0.7420490580000205,20.1,1414.171875,37.69091796875
7.0,65.0,0.5811739969999508,6.1,1414.18359375,37.69091796875
7.0,66.0,0.4729690120000214,4.2,1414.18359375,37.69091796875
7.0,67.0,0.6741802860001371,16.3,1414.18359375,37.69091796875
7.0,68.0,0.4992420690000472,4.0,1414.18359375,37.69091796875
7.0,69.0,0.6737401069999578,3.7,1414.18359375,37.69091796875
7.0,70.0,0.5363883979998718,4.8,1414.18359375,37.69091796875
7.0,71.0,0.49990128399986133,3.0,1414.18359375,37.69091796875
7.0,72.0,0.4272150369999963,9.3,1414.18359375,37.69091796875
7.0,73.0,1.8681962790001307,33.8,1414.1875,37.69091796875
7.0,74.0,0.5107851840000421,70.6,1414.23046875,37.69091796875
7.0,75.0,0.5339227469999059,47.2,1414.23046875,37.69091796875
7.0,76.0,0.6678667029998451,4.5,1414.23046875,37.69091796875
7.0,77.0,0.4323425249999673,7.1,1414.234375,37.69091796875
7.0,78.0,0.43381659800002126,5.7,1414.234375,37.69091796875
7.0,79.0,0.805360298000096,12.5,1414.30078125,37.69091796875
7.0,80.0,0.5309835210000529,2.8,1414.3046875,37.69091796875
7.0,81.0,0.9239394530000027,4.3,1414.3046875,37.69091796875
7.0,82.0,0.5016996859999381,13.0,1414.30859375,37.69091796875
7.0,83.0,1.0402288850000332,2.9,1414.3203125,37.69091796875
7.0,84.0,0.5645434659998045,11.4,1414.33984375,37.69091796875
7.0,85.0,0.5917219039999964,4.3,1414.35546875,37.69091796875
7.0,86.0,0.5805962690001252,6.0,1414.375,37.69091796875
7.0,87.0,0.6663059239999711,10.4,1414.3984375,37.69091796875
7.0,88.0,0.6449836710000909,10.1,1414.4140625,37.69091796875
7.0,89.0,0.4474350149998827,3.4,1414.4140625,37.69091796875
7.0,90.0,0.5051738260001457,10.0,1414.4140625,37.69091796875
7.0,91.0,0.4796834639998906,9.2,1414.41796875,37.69091796875
7.0,92.0,0.5757131739999295,61.1,1414.41796875,37.69091796875
7.0,93.0,0.5427557369998794,56.9,1414.41796875,37.69091796875
7.0,94.0,0.8688615300000038,57.3,1414.41796875,37.69091796875
7.0,95.0,0.45680500599996776,4.3,1414.41796875,37.69091796875
7.0,96.0,0.5476807299999109,10.1,1414.41796875,37.69091796875
7.0,97.0,0.5103850989999046,2.9,1414.41796875,37.69091796875
7.0,98.0,0.5185133850000057,13.5,1414.41796875,37.69091796875
7.0,99.0,0.6355727710001702,5.6,1414.44140625,37.69091796875
7.0,100.0,0.5371343409999554,9.3,1414.4453125,37.69091796875
8.0,1.0,0.48942158399995606,5.1,1414.4453125,37.69091796875
8.0,2.0,0.5270336600001428,10.4,1414.4453125,37.69091796875
8.0,3.0,0.41264227600004233,3.6,1414.515625,37.69091796875
8.0,4.0,0.44983101100001477,4.4,1414.515625,37.69091796875
8.0,5.0,1.1089669200000571,1.8,1414.515625,37.69091796875
8.0,6.0,0.8123209679999945,8.6,1414.51953125,37.69091796875
8.0,7.0,0.6277215830000387,2.4,1414.5234375,37.69091796875
8.0,8.0,0.699417713999992,18.6,1414.53125,37.69091796875
8.0,9.0,0.6131151399999908,5.7,1414.53125,37.69091796875
8.0,10.0,2.6936479440000767,37.8,1414.53125,37.69091796875
8.0,11.0,0.4632629689999703,18.7,1414.53125,37.69091796875
8.0,12.0,4.106455037999922,3.4,1414.53125,37.69091796875
8.0,13.0,0.7716977999998562,1.9,1414.53125,37.69091796875
8.0,14.0,0.5059270799999922,14.7,1414.53515625,37.69091796875
8.0,15.0,0.7633300210000016,8.6,1414.53515625,37.69091796875
8.0,16.0,0.5690590840001732,6.2,1414.546875,37.69091796875
8.0,17.0,0.5639862860000449,7.1,1414.546875,37.69091796875
8.0,18.0,0.5552781710000545,8.1,1414.546875,37.69091796875
8.0,19.0,0.41226947899986044,7.3,1414.55078125,37.69091796875
8.0,20.0,0.6811224149998907,11.9,1414.62890625,37.69091796875
8.0,21.0,0.643548120999867,13.2,1414.6328125,37.69091796875
8.0,22.0,0.6621963939999205,63.9,1414.6328125,37.69091796875
8.0,23.0,0.8335374519999732,65.7,1414.63671875,37.69091796875
8.0,24.0,0.6722891459999119,51.1,1414.63671875,37.69091796875
8.0,25.0,0.7398295699999835,8.1,1414.63671875,37.69091796875
8.0,26.0,0.4985367699998733,6.1,1414.63671875,37.69091796875
8.0,27.0,0.4173889749999944,7.1,1414.63671875,37.69091796875
8.0,28.0,0.5414376429998811,2.8,1414.63671875,37.69091796875
8.0,29.0,0.6897927669999717,7.2,1414.65625,37.69091796875
8.0,30.0,0.6440164130001449,7.0,1414.66015625,37.69091796875
8.0,31.0,0.6476989979998962,8.5,1414.6640625,37.69091796875
8.0,32.0,0.7911950110001271,5.7,1414.6640625,37.69091796875
8.0,33.0,0.5061938070000451,5.8,1414.6640625,37.69091796875
8.0,34.0,0.5125323520001075,3.9,1414.66796875,37.69091796875
8.0,35.0,0.6672947829999885,4.5,1414.66796875,37.69091796875
8.0,36.0,0.6387601250000898,7.8,1414.671875,37.69091796875
8.0,37.0,0.6460273300001518,19.4,1414.703125,37.69091796875
8.0,38.0,0.6422380779999912,13.2,1414.7109375,37.69091796875
8.0,39.0,0.5954889780000485,7.6,1414.78125,37.69091796875
8.0,40.0,0.5956580350000422,8.4,1414.78125,37.69091796875
8.0,41.0,0.5129188860000795,53.5,1414.78125,37.69091796875
8.0,42.0,0.5458932159999677,66.1,1414.78125,37.69091796875
8.0,43.0,1.3107410319998962,41.5,1414.78125,37.69091796875
8.0,44.0,0.6972021950000453,6.4,1414.78125,37.69091796875
8.0,45.0,0.6870073850000153,11.0,1414.78515625,37.69091796875
8.0,46.0,0.5675018090000776,11.5,1414.7890625,37.69091796875
8.0,47.0,0.6122400419999394,3.3,1414.796875,37.69091796875
8.0,48.0,0.5862317329999769,9.4,1414.796875,37.69091796875
8.0,49.0,0.6483572580000327,14.6,1414.80078125,37.69091796875
8.0,50.0,0.5628677469999275,10.8,1414.8046875,37.69091796875
8.0,51.0,0.6322532429999228,8.7,1414.80859375,37.69091796875
8.0,52.0,0.7001807699998608,7.1,1414.83203125,37.69091796875
8.0,53.0,0.6012691999999333,6.6,1414.83984375,37.69091796875
8.0,54.0,0.4908123190000424,9.1,1414.84375,37.69091796875
8.0,55.0,0.4524983549999888,2.2,1414.84375,37.69091796875
8.0,56.0,0.5392328180000732,5.6,1414.84375,37.69091796875
8.0,57.0,0.8023438679999799,6.2,1414.84765625,37.69091796875
8.0,58.0,1.3873750959999143,20.4,1414.84765625,37.69091796875
8.0,59.0,0.530178578999994,54.7,1414.8671875,37.69091796875
8.0,60.0,0.4617915039998479,63.0,1414.8671875,37.69091796875
8.0,61.0,0.579009367000026,56.5,1414.8671875,37.69091796875
8.0,62.0,0.6511492639999688,10.2,1414.89453125,37.69091796875
8.0,63.0,0.5731621939999059,6.0,1415.03125,37.69091796875
8.0,64.0,0.5821329089999381,9.5,1415.0390625,37.69091796875
8.0,65.0,0.5911579270000402,8.5,1415.04296875,37.69091796875
8.0,66.0,0.27856870899995556,49.1,1415.0625,37.69091796875
8.0,67.0,0.44122106300005726,3.4,1415.06640625,37.69091796875
8.0,68.0,0.5016983220000384,6.1,1415.0703125,37.69091796875
8.0,69.0,0.5351614419998896,1.9,1415.07421875,37.69091796875
8.0,70.0,0.5388532670001496,6.5,1415.078125,37.69091796875
8.0,71.0,0.6297310009999819,6.3,1415.09375,37.69091796875
8.0,72.0,0.6545346430000336,18.9,1415.11328125,37.69091796875
8.0,73.0,0.5050698720001492,7.1,1415.12890625,37.69091796875
8.0,74.0,0.7895146129999375,17.7,1415.14453125,37.69091796875
8.0,75.0,0.684081180000021,13.2,1415.14453125,37.69091796875
8.0,76.0,1.2485752499999307,3.2,1415.14453125,37.69091796875
8.0,77.0,0.5372917570000482,4.7,1415.14453125,37.69091796875
8.0,78.0,0.5998651709999194,56.3,1415.1484375,37.69091796875
8.0,79.0,0.5834548240000004,55.9,1415.1484375,37.69091796875
8.0,80.0,0.7672537340001782,72.2,1415.1484375,37.69091796875
8.0,81.0,0.7033901360000527,8.5,1415.1640625,37.69091796875
8.0,82.0,1.1415001379998557,3.1,1415.1640625,37.69091796875
8.0,83.0,0.5156857179999861,6.8,1415.1640625,37.69091796875
8.0,84.0,0.4267143940001006,4.7,1415.16796875,37.69091796875
8.0,85.0,0.5337609140001405,7.5,1415.25390625,37.69091796875
8.0,86.0,2.1617267359999914,1.9,1415.25390625,37.69091796875
8.0,87.0,0.5385205580000729,5.6,1415.2578125,37.69091796875
8.0,88.0,0.5889368680000189,2.6,1415.2578125,37.69091796875
8.0,89.0,0.5434800909999922,7.3,1415.2578125,37.69091796875
8.0,90.0,0.5467735360000461,2.8,1415.26171875,37.69091796875
8.0,91.0,0.8086742420000519,13.0,1415.265625,37.69091796875
8.0,92.0,0.41674031499997,1.2,1415.265625,37.69091796875
8.0,93.0,0.6484745029999885,14.6,1415.265625,37.69091796875
8.0,94.0,0.5808745749998252,27.0,1415.265625,37.69091796875
8.0,95.0,0.6414158659999885,66.4,1415.33203125,37.69091796875
8.0,96.0,0.31936217299994496,100.0,1415.33203125,37.69091796875
8.0,97.0,0.597718230000055,61.0,1415.33203125,37.69091796875
8.0,98.0,0.5308177129998057,18.9,1415.3359375,37.69091796875
8.0,99.0,0.5382392530000288,0.9,1415.3359375,37.69091796875
8.0,100.0,0.6396393699999408,3.9,1415.359375,37.69091796875
9.0,1.0,0.6318935740000597,10.2,1415.3671875,37.69091796875
9.0,2.0,0.7086534679999659,16.3,1415.40234375,37.69091796875
9.0,3.0,2.666707066999834,2.1,1415.43359375,37.69091796875
9.0,4.0,0.6158256810001603,9.8,1415.4375,37.69091796875
9.0,5.0,0.6406738670000323,5.4,1415.44140625,37.69091796875
9.0,6.0,0.25697260800006916,51.0,1415.5234375,37.69091796875
9.0,7.0,0.7492209429999548,6.1,1415.5234375,37.69091796875
9.0,8.0,0.5407824020001044,9.2,1415.52734375,37.69091796875
9.0,9.0,0.7178249090000008,4.9,1415.52734375,37.69091796875
9.0,10.0,0.5526353459999882,5.4,1415.52734375,37.69091796875
9.0,11.0,0.8819723899998735,45.7,1415.53125,37.69091796875
9.0,12.0,0.6054049970000506,57.5,1415.53125,37.69091796875
9.0,13.0,0.7751976360000299,54.9,1415.54296875,37.69091796875
9.0,14.0,0.5026218830000744,2.9,1415.54296875,37.69091796875
9.0,15.0,0.5269519549999586,1.9,1415.54296875,37.69091796875
9.0,16.0,0.6083416709998346,11.5,1415.546875,37.69091796875
9.0,17.0,0.6852080549999755,14.6,1415.62109375,37.69091796875
9.0,18.0,0.5530117890000383,5.5,1415.62109375,37.69091796875
9.0,19.0,0.4975942720000148,5.0,1415.62109375,37.69091796875
9.0,20.0,0.7457432919998155,4.7,1415.62109375,37.69091796875
9.0,21.0,0.509278532000053,2.0,1415.62109375,37.69091796875
9.0,22.0,0.5882918479999262,14.4,1415.62890625,37.69091796875
9.0,23.0,0.49770193399990603,3.0,1415.6328125,37.69091796875
9.0,24.0,0.526017118000027,8.7,1415.7109375,37.69091796875
9.0,25.0,2.6249501500001315,3.4,1415.7109375,37.69091796875
9.0,26.0,1.1617733379998754,19.5,1415.7109375,37.69091796875
9.0,27.0,0.6950241780000397,66.9,1415.72265625,37.69091796875
9.0,28.0,0.693696933999945,71.7,1415.73828125,37.69091796875
9.0,29.0,0.8736666879999575,22.3,1415.75390625,37.69091796875
9.0,30.0,0.5536147669999991,10.0,1415.84375,37.69091796875
9.0,31.0,0.7806057389998386,4.5,1415.921875,37.69091796875
9.0,32.0,0.5439053819998207,8.3,1415.921875,37.69091796875
9.0,33.0,0.5604500509998616,3.6,1415.92578125,37.69091796875
9.0,34.0,0.6366020020000178,6.3,1415.9296875,37.69091796875
9.0,35.0,0.6871483540001009,8.8,1415.9296875,37.69091796875
9.0,36.0,0.5064472800002022,3.0,1415.9296875,37.69091796875
9.0,37.0,0.6828789619999043,20.4,1415.9296875,37.69091796875
9.0,38.0,0.5035776700001406,3.0,1415.9296875,37.69091796875
9.0,39.0,0.8860959179999099,11.9,1415.93359375,37.69091796875
9.0,40.0,0.8788161739998941,5.7,1415.9375,37.69091796875
9.0,41.0,0.5809593389999463,4.3,1415.95703125,37.69091796875
9.0,42.0,0.5576828450000448,3.6,1415.96484375,37.69091796875
9.0,43.0,0.5451661620002142,6.4,1415.9765625,37.69091796875
9.0,44.0,0.6335680909999155,29.6,1415.9921875,37.69091796875
9.0,45.0,0.4961505880000914,57.0,1415.9921875,37.69091796875
9.0,46.0,0.5730853029999707,59.1,1415.9921875,37.69091796875
9.0,47.0,0.7808254029998807,47.4,1415.9921875,37.69091796875
9.0,48.0,0.5146303369999714,1.9,1415.9921875,37.69091796875
9.0,49.0,0.5428228610001042,6.4,1415.9921875,37.69091796875
9.0,50.0,0.6256296340000063,6.5,1415.9921875,37.69091796875
9.0,51.0,0.8510983380001562,8.2,1416.0,37.69091796875
9.0,52.0,9.383585152000023,11.9,1416.0,37.69091796875
9.0,53.0,0.772023474999969,9.7,1416.0078125,37.69091796875
9.0,54.0,1.3048000060000504,7.7,1416.0078125,37.69091796875
9.0,55.0,0.5749643760000254,10.3,1416.03515625,37.69091796875
9.0,56.0,0.4660407720000421,5.4,1416.08984375,37.69091796875
9.0,57.0,0.5232779929999651,6.7,1416.08984375,37.69091796875
9.0,58.0,1.1712092900002062,3.0,1416.08984375,37.69091796875
9.0,59.0,0.5576355059999969,9.7,1416.08984375,37.69091796875
9.0,60.0,0.6042130339999403,4.2,1416.08984375,37.69091796875
9.0,61.0,0.7674280920000456,7.2,1416.08984375,37.69091796875
9.0,62.0,0.6785994609999761,10.3,1416.09765625,37.69091796875
9.0,63.0,0.7380342399999336,13.6,1416.1015625,37.69091796875
9.0,64.0,0.7428502219997881,6.7,1416.10546875,37.69091796875
9.0,65.0,0.6041219979999823,25.2,1416.1640625,37.69091796875
9.0,66.0,0.5973066260000905,58.3,1416.1796875,37.69091796875
9.0,67.0,0.8024537640001199,65.4,1416.19921875,37.69091796875
9.0,68.0,0.7171324779999395,16.7,1416.19921875,37.69091796875
9.0,69.0,0.4535338569999112,8.9,1416.19921875,37.69091796875
9.0,70.0,0.5984383340000932,9.2,1416.19921875,37.69091796875
9.0,71.0,0.5695438590000776,4.4,1416.19921875,37.69091796875
9.0,72.0,0.6101923109999916,2.4,1416.203125,37.69091796875
9.0,73.0,0.5834796009999081,7.8,1416.20703125,37.69091796875
9.0,74.0,4.70495341600008,2.6,1416.20703125,37.69091796875
9.0,75.0,0.48711744199999885,9.2,1416.2578125,37.69091796875
9.0,76.0,0.5160832829999435,2.9,1416.2578125,37.69091796875
9.0,77.0,0.6834001800000351,10.2,1416.265625,37.69091796875
9.0,78.0,0.4874080409999806,38.1,1416.265625,37.69091796875
9.0,79.0,0.6501559210000778,58.8,1416.2734375,37.69091796875
9.0,80.0,0.6390091040000243,60.8,1416.2734375,37.69091796875
9.0,81.0,0.593166477000068,14.4,1416.27734375,37.69091796875
9.0,82.0,0.7104332890000933,7.7,1416.33984375,37.69091796875
9.0,83.0,0.6622560810001232,7.6,1416.35546875,37.69091796875
9.0,84.0,0.8443217879998883,1.8,1416.35546875,37.69091796875
9.0,85.0,0.5387478079999255,13.1,1416.359375,37.69091796875
9.0,86.0,0.8834312169999521,3.9,1416.359375,37.69091796875
9.0,87.0,0.5254045110000334,11.7,1416.3671875,37.69091796875
9.0,88.0,0.5326155769998877,5.6,1416.3984375,37.69091796875
9.0,89.0,0.6213731549999011,5.6,1416.3984375,37.69091796875
9.0,90.0,0.5460610129998713,6.4,1416.3984375,37.69091796875
9.0,91.0,0.5708897289998731,4.4,1416.40234375,37.69091796875
9.0,92.0,1.0980662520000806,3.2,1416.4609375,37.69091796875
9.0,93.0,0.5720561900000121,5.2,1416.46484375,37.69091796875
9.0,94.0,0.5591742620001696,6.3,1416.46484375,37.69091796875
9.0,95.0,0.802582239000003,18.6,1416.48046875,37.69091796875
9.0,96.0,0.5165089049999096,57.3,1416.48828125,37.69091796875
9.0,97.0,0.38287319500000194,51.3,1416.49609375,37.69091796875
9.0,98.0,0.5577408740000465,60.4,1416.5078125,37.69091796875
9.0,99.0,0.8918096780000724,33.5,1416.53125,37.69091796875
9.0,100.0,0.6003004550000242,5.0,1416.5859375,37.69091796875
10.0,1.0,0.6630576109998856,8.3,1416.5859375,37.69091796875
10.0,2.0,0.5823640910000449,6.0,1416.5859375,37.69091796875
10.0,3.0,0.48556226400000924,4.1,1416.5859375,37.69091796875
10.0,4.0,0.5200084539999352,5.8,1416.5859375,37.69091796875
10.0,5.0,0.5914267089999612,6.7,1416.5859375,37.69091796875
10.0,6.0,0.5750825089999125,9.6,1416.59375,37.69091796875
10.0,7.0,0.5360356589999355,2.8,1416.59375,37.69091796875
10.0,8.0,0.5209906970001157,5.8,1416.59375,37.69091796875
10.0,9.0,0.5073486859998866,5.0,1416.59765625,37.69091796875
10.0,10.0,0.7616488169999229,8.5,1416.65234375,37.69091796875
10.0,11.0,0.6079044550001527,4.1,1416.65625,37.69091796875
10.0,12.0,0.8220929139999953,11.7,1416.75390625,37.69091796875
10.0,13.0,0.5475182259999656,20.9,1416.75390625,37.69091796875
10.0,14.0,0.8237660079998932,4.8,1416.7578125,37.69091796875
10.0,15.0,0.6871460590000424,48.9,1416.76953125,37.69091796875
10.0,16.0,0.545123755999839,56.0,1416.77734375,37.69091796875
10.0,17.0,0.5500029320000976,68.2,1416.80078125,37.69091796875
10.0,18.0,0.5231269759999577,20.8,1416.90234375,37.69091796875
10.0,19.0,0.5265972019999481,5.7,1416.90234375,37.69091796875
10.0,20.0,0.6408312680000563,6.3,1416.90234375,37.69091796875
10.0,21.0,0.5943694019999839,5.9,1416.90234375,37.69091796875
10.0,22.0,0.7704844550000871,16.8,1416.91015625,37.69091796875
10.0,23.0,0.639725806999877,3.1,1416.91015625,37.69091796875
10.0,24.0,0.5560612379999839,8.1,1416.91015625,37.69091796875
10.0,25.0,0.6139160929999434,7.4,1416.9140625,37.69091796875
10.0,26.0,0.7396321799999441,4.1,1416.91796875,37.69091796875
10.0,27.0,1.2258326270000452,3.7,1416.9296875,37.69091796875
10.0,28.0,0.6052896460000738,7.4,1416.9296875,37.69091796875
10.0,29.0,0.7538158300001214,4.0,1416.9375,37.69091796875
10.0,30.0,0.4848909229999663,3.1,1416.9375,37.69091796875
10.0,31.0,0.5885144339999897,7.7,1416.9453125,37.69091796875
10.0,32.0,0.9236861309998403,14.7,1416.94921875,37.69091796875
10.0,33.0,0.5823288439999033,59.1,1416.94921875,37.69091796875
10.0,34.0,0.5788973579999492,58.6,1416.94921875,37.69091796875
10.0,35.0,0.5406108040001527,47.7,1416.94921875,37.69091796875
10.0,36.0,0.5429986059998555,5.6,1416.94921875,37.69091796875
10.0,37.0,0.47620869599995785,3.1,1416.953125,37.69091796875
10.0,38.0,0.49785493700005645,4.0,1416.953125,37.69091796875
10.0,39.0,0.6235345329998836,4.8,1416.953125,37.69091796875
10.0,40.0,2.6055369919999976,3.5,1416.95703125,37.69091796875
10.0,41.0,0.7418789210000796,19.7,1416.96484375,37.69091796875
10.0,42.0,0.5750556000000415,7.0,1416.96875,37.69091796875
10.0,43.0,0.6614357500000096,18.3,1417.0390625,37.69091796875
10.0,44.0,1.3468745529999069,8.5,1417.05859375,37.69091796875
10.0,45.0,0.534126199000184,6.6,1417.0625,37.69091796875
10.0,46.0,0.5466290519998438,0.9,1417.0625,37.69091796875
10.0,47.0,0.6311189579998882,9.6,1417.10546875,37.69091796875
10.0,48.0,0.569997469999862,50.0,1417.10546875,37.69091796875
10.0,49.0,0.6185898859998815,62.6,1417.10546875,37.69091796875
10.0,50.0,0.642639876999965,51.2,1417.10546875,37.69091796875
10.0,51.0,0.24534234099996866,50.0,1417.11328125,37.69091796875
10.0,52.0,0.8559745989998646,2.9,1417.11328125,37.69091796875
10.0,53.0,0.9525287240001035,4.2,1417.1171875,37.69091796875
10.0,54.0,0.6464018690001012,1.6,1417.1171875,37.69091796875
10.0,55.0,0.7023507500000505,6.4,1417.12109375,37.69091796875
10.0,56.0,0.6665312850000191,11.3,1417.12109375,37.69091796875
10.0,57.0,0.524052347999941,2.8,1417.12109375,37.69091796875
10.0,58.0,0.50308794700004,3.0,1417.12890625,37.69091796875
10.0,59.0,0.48127657899999576,8.3,1417.13671875,37.69091796875
10.0,60.0,1.3557337260001532,7.0,1417.1484375,37.69091796875
10.0,61.0,0.6359219010000743,16.5,1417.25390625,37.69091796875
10.0,62.0,0.6618510830001014,6.8,1417.26953125,37.69091796875
10.0,63.0,1.4423141990000659,3.1,1417.28125,37.69091796875
10.0,64.0,0.8690878300001259,51.7,1417.28125,37.69091796875
10.0,65.0,0.8347996840000178,63.1,1417.296875,37.69091796875
10.0,66.0,0.5435954360000324,26.6,1417.296875,37.69091796875
10.0,67.0,0.7554574679998041,17.9,1417.296875,37.69091796875
10.0,68.0,0.5479271320000407,6.4,1417.30859375,37.69091796875
10.0,69.0,0.5115329719999409,2.0,1417.3125,37.69091796875
10.0,70.0,0.6183205950001138,7.3,1417.3125,37.69091796875
10.0,71.0,0.510959843000137,1.9,1417.3125,37.69091796875
10.0,72.0,0.5714093889998821,3.5,1417.32421875,37.69091796875
10.0,73.0,0.5768517850001444,6.1,1417.32421875,37.69091796875
10.0,74.0,0.5824149379998289,9.4,1417.421875,37.69091796875
10.0,75.0,0.5492103270000825,4.5,1417.4609375,37.69091796875
10.0,76.0,0.578565658000116,13.8,1417.46875,37.69091796875
10.0,77.0,0.5757975579999766,11.3,1417.46875,37.69091796875
10.0,78.0,0.6371761159998641,7.0,1417.46875,37.69091796875
10.0,79.0,0.6460023049999108,4.7,1417.46875,37.69091796875
10.0,80.0,1.4081544389998726,3.9,1417.46875,37.69091796875
10.0,81.0,0.518318274999956,8.7,1417.46875,37.69091796875
10.0,82.0,0.5882940110000163,58.1,1417.484375,37.69091796875
10.0,83.0,0.7326497870001276,68.3,1417.48828125,37.69091796875
10.0,84.0,0.6691617040000892,54.1,1417.4921875,37.69091796875
10.0,85.0,0.5639892829999553,8.9,1417.5,37.69091796875
10.0,86.0,0.8735849859999689,4.0,1417.5,37.69091796875
10.0,87.0,2.5505118109999785,4.5,1417.50390625,37.69091796875
10.0,88.0,0.25099972999987585,51.0,1417.71875,37.69091796875
10.0,89.0,0.6004485539999678,8.4,1417.7421875,37.69091796875
10.0,90.0,0.4488814750000074,8.0,1417.75,37.69091796875
10.0,91.0,1.6700847810000141,4.8,1417.8046875,37.69091796875
10.0,92.0,0.5056290730001365,6.9,1417.8046875,37.69091796875
10.0,93.0,0.5028869949999262,9.0,1417.80859375,37.69091796875
10.0,94.0,0.5117569149999781,8.8,1417.80859375,37.69091796875
10.0,95.0,0.40451465299997835,1.2,1417.80859375,37.69091796875
10.0,96.0,0.5699410209999769,3.5,1417.80859375,37.69091796875
10.0,97.0,0.5224418830000559,24.3,1417.80859375,37.69091796875
10.0,98.0,0.723497653999857,69.9,1417.9609375,37.69091796875
10.0,99.0,0.6673512630000005,61.8,1417.9609375,37.69091796875
10.0,100.0,0.5110807810001461,20.4,1417.96484375,37.69091796875
11.0,1.0,0.6420315179998397,17.1,1423.30078125,37.69091796875
11.0,2.0,0.5034095890000572,3.0,1423.30078125,37.69091796875
11.0,3.0,0.4652693650000401,11.7,1423.30078125,37.69091796875
11.0,4.0,0.8301423719999548,16.3,1423.3046875,37.69091796875
11.0,5.0,0.5341075810001712,9.5,1423.30859375,37.69091796875
11.0,6.0,0.5593348909999349,5.4,1423.30859375,37.69091796875
11.0,7.0,0.5429686649999894,2.8,1423.30859375,37.69091796875
11.0,8.0,0.4187781149998955,5.9,1423.30859375,37.69091796875
11.0,9.0,0.26152298700003485,50.9,1423.30859375,37.69091796875
11.0,10.0,0.45896737099997154,1.1,1423.3125,37.69091796875
11.0,11.0,0.5698916359999657,9.9,1423.3125,37.69091796875
11.0,12.0,0.6150385649998498,4.0,1423.3125,37.69091796875
11.0,13.0,0.5618912200000068,4.4,1423.3125,37.69091796875
11.0,14.0,0.6401223620000565,3.9,1423.3125,37.69091796875
11.0,15.0,0.5572914270001093,11.7,1423.3125,37.69091796875
11.0,16.0,0.48062277200006065,11.5,1423.31640625,37.69091796875
11.0,17.0,0.7863104130001375,7.0,1423.31640625,37.69091796875
11.0,18.0,0.6145025440000609,49.6,1423.31640625,37.69091796875
11.0,19.0,0.4595128600001317,61.5,1423.31640625,37.69091796875
11.0,20.0,0.5904929939999874,67.5,1423.31640625,37.69091796875
11.0,21.0,0.530950483999959,12.1,1423.31640625,37.69091796875
11.0,22.0,0.5756174369998917,3.5,1423.31640625,37.69091796875
11.0,23.0,0.2867135159999634,54.4,1423.3203125,37.69091796875
11.0,24.0,0.5482583579998845,3.6,1423.3203125,37.69091796875
11.0,25.0,0.8049158979999902,11.2,1423.32421875,37.69091796875
11.0,26.0,0.4492500190001465,2.2,1423.32421875,37.69091796875
11.0,27.0,0.48245374799989804,11.5,1423.32421875,37.69091796875
11.0,28.0,0.46269691099996635,1.1,1423.32421875,37.69091796875
11.0,29.0,0.48238247199992657,4.1,1423.32421875,37.69091796875
11.0,30.0,0.9293785759998627,4.3,1423.32421875,37.69091796875
11.0,31.0,0.679433501999938,8.9,1423.32421875,37.69091796875
11.0,32.0,0.49230174799981796,12.4,1423.32421875,37.69091796875
11.0,33.0,0.6217980260000786,0.8,1423.32421875,37.69091796875
11.0,34.0,0.5531050760000653,4.5,1423.32421875,37.69091796875
11.0,35.0,0.25606779700001425,51.0,1423.32421875,37.69091796875
11.0,36.0,0.540860536000082,9.3,1423.32421875,37.69091796875
11.0,37.0,0.5319745919998695,3.7,1423.32421875,37.69091796875
11.0,38.0,0.5152077110001301,9.6,1423.32421875,37.69091796875
11.0,39.0,0.5863204150000456,38.8,1423.32421875,37.69091796875
11.0,40.0,0.49399037700004556,60.0,1423.32421875,37.69091796875
11.0,41.0,0.5136016110000128,62.0,1423.32421875,37.69091796875
11.0,42.0,0.540044086999842,45.0,1423.32421875,37.69091796875
11.0,43.0,0.541418338000085,5.6,1423.32421875,37.69091796875
11.0,44.0,0.4769062819998453,6.3,1423.32421875,37.69091796875
11.0,45.0,0.5433441759998914,5.5,1423.32421875,37.69091796875
11.0,46.0,0.4224133879999954,3.6,1423.32421875,37.69091796875
11.0,47.0,0.5605975440000748,5.4,1423.32421875,37.69091796875
11.0,48.0,0.45499688099994273,8.8,1423.32421875,37.69091796875
11.0,49.0,0.5262192099999083,7.5,1423.32421875,37.69091796875
11.0,50.0,0.619118139999955,5.6,1423.32421875,37.69091796875
11.0,51.0,0.6536370619999161,8.5,1423.32421875,37.69091796875
11.0,52.0,0.451457112000071,14.6,1423.32421875,37.69091796875
11.0,53.0,0.4532805510000344,4.4,1423.32421875,37.69091796875
11.0,54.0,0.5014362770000389,4.0,1423.32421875,37.69091796875
11.0,55.0,4.184974429000022,8.5,1423.32421875,37.69091796875
11.0,56.0,0.5718298689998846,60.0,1423.32421875,37.69091796875
11.0,57.0,0.5026680369999212,64.6,1423.32421875,37.69091796875
11.0,58.0,0.5744673310000508,7.8,1423.32421875,37.69091796875
11.0,59.0,0.45371079100004863,5.6,1423.32421875,37.69091796875
11.0,60.0,0.5373389029998634,4.6,1423.32421875,37.69091796875
11.0,61.0,0.575141062999819,5.2,1423.32421875,37.69091796875
11.0,62.0,0.9702109089998885,5.7,1423.32421875,37.69091796875
11.0,63.0,0.9528423560000192,5.2,1423.32421875,37.69091796875
11.0,64.0,0.539267830000199,9.3,1423.32421875,37.69091796875
11.0,65.0,0.6837040960001559,13.2,1423.32421875,37.69091796875
11.0,66.0,0.4981739080001262,14.0,1423.32421875,37.69091796875
11.0,67.0,0.523279827999886,1.9,1423.32421875,37.69091796875
11.0,68.0,0.5561955279999893,3.6,1423.32421875,37.69091796875
11.0,69.0,0.5896535680001307,2.5,1423.32421875,37.69091796875
11.0,70.0,0.7395392959999754,15.0,1423.32421875,37.69091796875
11.0,71.0,0.6525829519998751,14.5,1423.32421875,37.69091796875
11.0,72.0,0.6094881520000399,5.8,1423.32421875,37.69091796875
11.0,73.0,0.5399533840000004,4.6,1423.32421875,37.69091796875
11.0,74.0,0.6084715590000087,59.0,1423.32421875,37.69091796875
11.0,75.0,0.8435422110001127,56.3,1423.32421875,37.69091796875
11.0,76.0,0.4859991429998445,26.8,1423.32421875,37.69091796875
11.0,77.0,0.5124411080000755,2.9,1423.32421875,37.69091796875
11.0,78.0,0.6335387629999332,11.0,1423.32421875,37.69091796875
11.0,79.0,0.7327168020001409,6.9,1423.328125,37.69091796875
11.0,80.0,0.4689831400000912,4.2,1423.328125,37.69091796875
11.0,81.0,0.5186000310000054,2.9,1423.328125,37.69091796875
11.0,82.0,0.5531210460001148,3.6,1423.328125,37.69091796875
11.0,83.0,0.5785900640000818,14.8,1423.328125,37.69091796875
11.0,84.0,0.5819745720000356,4.3,1423.328125,37.69091796875
11.0,85.0,0.5270122779998019,6.6,1423.328125,37.69091796875
11.0,86.0,3.0197071759998835,4.8,1423.328125,37.69091796875
11.0,87.0,0.5788684509998347,7.8,1423.328125,37.69091796875
11.0,88.0,0.559890267000128,6.2,1423.328125,37.69091796875
11.0,89.0,0.5714876189999814,18.6,1423.328125,37.69091796875
11.0,90.0,0.607453686999861,55.4,1423.328125,37.69091796875
11.0,91.0,0.5336204940001608,54.2,1423.328125,37.69091796875
11.0,92.0,0.5603851150001447,39.6,1423.33203125,37.69091796875
11.0,93.0,0.553735985000003,4.5,1423.33203125,37.69091796875
11.0,94.0,0.6340407550001146,7.9,1423.3359375,37.69091796875
11.0,95.0,0.6254930600000534,12.8,1423.3359375,37.69091796875
11.0,96.0,0.5690803879999748,8.8,1423.3359375,37.69091796875
11.0,97.0,0.6625921690001633,11.3,1423.3359375,37.69091796875
11.0,98.0,0.7701334129999395,5.3,1423.3359375,37.69091796875
11.0,99.0,0.5567600060001041,5.4,1423.3359375,37.69091796875
11.0,100.0,2.64889481299997,4.2,1423.3359375,37.69091796875
12.0,1.0,0.6603315749998728,15.2,1423.3359375,37.69091796875
12.0,2.0,0.5468662260000201,5.5,1423.3359375,37.69091796875
12.0,3.0,0.5358089960000143,7.5,1423.3359375,37.69091796875
12.0,4.0,0.5220559489998777,3.8,1423.33984375,37.69091796875
12.0,5.0,2.7064686779999647,33.5,1423.33984375,37.69091796875
12.0,6.0,0.5011021200000414,2.0,1423.33984375,37.69091796875
12.0,7.0,0.7625265330000275,4.6,1423.34375,37.69091796875
12.0,8.0,0.5941547300001275,8.4,1423.34375,37.69091796875
12.0,9.0,0.6120919620000222,7.4,1423.34765625,37.69091796875
12.0,10.0,0.660661841999854,6.8,1423.34765625,37.69091796875
12.0,11.0,0.2610673639999277,51.0,1423.35546875,37.69091796875
12.0,12.0,0.5191855230000328,3.8,1423.36328125,37.69091796875
12.0,13.0,0.44213387400009196,5.6,1423.36328125,37.69091796875
12.0,14.0,0.6021498109998902,9.9,1423.375,37.69091796875
12.0,15.0,0.6391633379998893,9.4,1423.38671875,37.69091796875
12.0,16.0,0.5178123870000491,5.8,1423.38671875,37.69091796875
12.0,17.0,0.7192024190001121,6.9,1423.38671875,37.69091796875
12.0,18.0,1.6919458810000378,4.5,1423.38671875,37.69091796875
12.0,19.0,0.6204952690000027,5.6,1423.38671875,37.69091796875
12.0,20.0,0.5447288279999611,38.9,1423.38671875,37.69091796875
12.0,21.0,0.5311305349998747,60.4,1423.38671875,37.69091796875
12.0,22.0,0.9572750749998704,65.3,1423.38671875,37.69091796875
12.0,23.0,0.6308345159998225,9.6,1423.38671875,37.69091796875
12.0,24.0,0.6221905570000672,18.5,1423.39453125,37.69091796875
12.0,25.0,0.588735589999942,9.4,1423.39453125,37.69091796875
12.0,26.0,0.5152593459999935,5.8,1423.39453125,37.69091796875
12.0,27.0,0.5456779679998363,5.6,1423.3984375,37.69091796875
12.0,28.0,0.47751826799981245,6.3,1423.3984375,37.69091796875
12.0,29.0,0.4625971699999809,2.2,1423.3984375,37.69091796875
12.0,30.0,0.4476746430000276,14.4,1423.3984375,37.69091796875
12.0,31.0,0.5381585919999452,4.7,1423.3984375,37.69091796875
12.0,32.0,0.618581870999833,4.8,1423.3984375,37.69091796875
12.0,33.0,0.4513974240001062,5.6,1423.3984375,37.69091796875
12.0,34.0,0.5122045670000261,14.7,1423.3984375,37.69091796875
12.0,35.0,0.4440703189998203,2.2,1423.3984375,37.69091796875
12.0,36.0,0.693794453999999,2.9,1423.40234375,37.69091796875
12.0,37.0,1.6686286389999623,3.3,1423.40234375,37.69091796875
12.0,38.0,0.5490935589998571,2.7,1423.40234375,37.69091796875
12.0,39.0,0.6082371780000813,52.1,1423.40625,37.69091796875
12.0,40.0,0.5704063250000218,57.5,1423.40625,37.69091796875
12.0,41.0,0.4448537769999348,66.3,1423.4140625,37.69091796875
12.0,42.0,0.5742891069999132,22.1,1423.421875,37.69091796875
12.0,43.0,0.5899364990000322,8.5,1423.4375,37.69091796875
12.0,44.0,0.6026172039998983,15.7,1423.453125,37.69091796875
12.0,45.0,0.7419423970000025,9.4,1423.46484375,37.69091796875
12.0,46.0,0.5196926850001091,13.5,1423.4765625,37.69091796875
12.0,47.0,0.45658854299995255,5.5,1423.4765625,37.69091796875
12.0,48.0,0.9801750120000179,4.1,1423.4765625,37.69091796875
12.0,49.0,0.6197517789998983,8.9,1423.4765625,37.69091796875
12.0,50.0,0.5460258119999253,7.3,1423.4765625,37.69091796875
12.0,51.0,0.5839213299998391,6.0,1423.4765625,37.69091796875
12.0,52.0,0.884873910999886,10.8,1423.4765625,37.69091796875
12.0,53.0,0.3906829669999752,1.3,1423.4765625,37.69091796875
12.0,54.0,0.6188639919998877,13.0,1423.4765625,37.69091796875
12.0,55.0,1.5670731590000742,2.6,1423.4765625,37.69091796875
12.0,56.0,11.987243046999993,9.7,1423.48046875,37.69091796875
12.0,57.0,0.6410137509999458,59.5,1423.484375,37.69091796875
12.0,58.0,0.5118724450001082,55.9,1423.484375,37.69091796875
12.0,59.0,0.7412004430000252,51.4,1423.48828125,37.69091796875
12.0,60.0,0.46564457499994205,3.2,1423.4921875,37.69091796875
12.0,61.0,0.6767990809998992,13.1,1423.5,37.69091796875
12.0,62.0,0.7254172309999376,9.7,1423.5,37.69091796875
12.0,63.0,0.7131810319999659,3.5,1423.5,37.69091796875
12.0,64.0,2.8784551480000573,2.3,1423.5,37.69091796875
12.0,65.0,1.015308983000068,14.4,1423.5,37.69091796875
12.0,66.0,0.7443289740001546,2.7,1423.5,37.69091796875
12.0,67.0,0.5396612960000766,5.6,1423.5,37.69091796875
12.0,68.0,0.528567804999966,1.9,1423.5,37.69091796875
12.0,69.0,0.9642966549999983,5.2,1423.50390625,37.69091796875
12.0,70.0,0.7779155859998355,20.3,1423.50390625,37.69091796875
12.0,71.0,0.8003280450000148,55.0,1423.5078125,37.69091796875
12.0,72.0,0.6310207400001673,56.7,1423.5078125,37.69091796875
12.0,73.0,0.6573457580000195,9.9,1423.51171875,37.69091796875
12.0,74.0,0.5819933949999267,6.0,1423.51171875,37.69091796875
12.0,75.0,0.4939943019999191,4.1,1423.51171875,37.69091796875
12.0,76.0,0.5052158500000132,5.9,1423.5234375,37.69091796875
12.0,77.0,0.7440132970000377,6.8,1423.53515625,37.69091796875
12.0,78.0,0.4179730020000534,2.4,1423.54296875,37.69091796875
12.0,79.0,0.5651395930001399,15.2,1423.54296875,37.69091796875
12.0,80.0,0.5415287480000188,10.1,1423.54296875,37.69091796875
12.0,81.0,0.5077902479999921,4.0,1423.54296875,37.69091796875
12.0,82.0,0.5421113370000512,8.4,1423.54296875,37.69091796875
12.0,83.0,0.25870091899992076,49.0,1423.54296875,37.69091796875
12.0,84.0,0.508597982000083,12.6,1423.54296875,37.69091796875
12.0,85.0,0.517572810999809,5.9,1423.546875,37.69091796875
12.0,86.0,0.40997404000017923,3.6,1423.546875,37.69091796875
12.0,87.0,0.5483177429998705,1.9,1423.546875,37.69091796875
12.0,88.0,1.0747821789998397,5.6,1423.546875,37.69091796875
12.0,89.0,0.6068733399999928,10.7,1423.546875,37.69091796875
12.0,90.0,0.6812312019999354,25.7,1423.55078125,37.69091796875
12.0,91.0,0.7290699539998968,56.3,1423.55078125,37.69091796875
12.0,92.0,0.7242341450000822,61.1,1423.5546875,37.69091796875
12.0,93.0,0.5781445029999759,4.3,1423.55859375,37.69091796875
12.0,94.0,0.6000658769999063,15.0,1423.5625,37.69091796875
12.0,95.0,0.5275861910001822,6.7,1423.5703125,37.69091796875
12.0,96.0,0.9686848349999764,5.2,1423.5703125,37.69091796875
12.0,97.0,0.4893276079999396,3.1,1423.5703125,37.69091796875
12.0,98.0,0.7632674179999412,9.8,1423.5703125,37.69091796875
12.0,99.0,0.5275207810000211,17.0,1423.5703125,37.69091796875
12.0,100.0,0.5348177949999808,3.8,1423.5703125,37.69091796875
13.0,1.0,0.48086664800007384,9.3,1423.5703125,37.69091796875
13.0,2.0,0.6555663090000508,3.8,1423.5703125,37.69091796875
13.0,3.0,0.4971551769999678,10.0,1423.57421875,37.69091796875
13.0,4.0,0.6382074230000399,7.9,1423.57421875,37.69091796875
13.0,5.0,2.464182216999916,1.8,1423.57421875,37.69091796875
13.0,6.0,1.1910517090000212,50.8,1423.578125,37.69091796875
13.0,7.0,0.7181270440000844,53.9,1423.58203125,37.69091796875
13.0,8.0,0.7004127590000735,14.4,1423.59375,37.69091796875
13.0,9.0,0.60491062899996,2.5,1423.59765625,37.69091796875
13.0,10.0,0.6188700380000682,18.7,1423.59765625,37.69091796875
13.0,11.0,0.6422422470000129,1.6,1423.59765625,37.69091796875
13.0,12.0,0.45755600999996204,6.5,1423.59765625,37.69091796875
13.0,13.0,0.8826107959998808,14.1,1423.59765625,37.69091796875
13.0,14.0,2.586599334000084,2.7,1423.59765625,37.69091796875
13.0,15.0,0.9719217459999072,2.1,1423.6015625,37.69091796875
13.0,16.0,0.5910426909999842,3.4,1423.6015625,37.69091796875
13.0,17.0,0.5036159209998914,6.0,1423.6015625,37.69091796875
13.0,18.0,0.5046986209999886,12.7,1423.60546875,37.69091796875
13.0,19.0,0.6280756280000332,2.4,1423.60546875,37.69091796875
13.0,20.0,0.7592778660000477,43.7,1423.609375,37.69091796875
13.0,21.0,0.5115486760000749,58.8,1423.6171875,37.69091796875
13.0,22.0,0.7019136280000566,52.9,1423.6328125,37.69091796875
13.0,23.0,3.071317110999871,2.6,1423.64453125,37.69091796875
13.0,24.0,0.48913633100005427,12.2,1423.6640625,37.69091796875
13.0,25.0,0.6295868419999806,6.3,1423.67578125,37.69091796875
13.0,26.0,0.5415653200000179,6.5,1423.67578125,37.69091796875
13.0,27.0,0.522113458999911,13.3,1423.67578125,37.69091796875
13.0,28.0,0.5673984790000759,6.1,1423.67578125,37.69091796875
13.0,29.0,1.0970611160000772,6.9,1423.67578125,37.69091796875
13.0,30.0,1.0871683689999827,4.1,1423.67578125,37.69091796875
13.0,31.0,0.39470973000015874,6.3,1423.67578125,37.69091796875
13.0,32.0,0.5266491560000759,5.7,1423.6796875,37.69091796875
13.0,33.0,0.5487095949999912,5.5,1423.6796875,37.69091796875
13.0,34.0,0.5266103100000237,17.3,1423.6796875,37.69091796875
13.0,35.0,0.666550387000143,60.2,1423.68359375,37.69091796875
13.0,36.0,0.6048068569998577,55.8,1423.68359375,37.69091796875
13.0,37.0,1.1609161309997944,31.9,1423.68359375,37.69091796875
13.0,38.0,0.475091096000142,3.1,1423.6875,37.69091796875
13.0,39.0,0.7772561589999896,12.4,1423.6953125,37.69091796875
13.0,40.0,0.5460881349999909,2.7,1423.69921875,37.69091796875
13.0,41.0,0.6644516569999723,3.8,1423.69921875,37.69091796875
13.0,42.0,0.9903549309999562,4.0,1423.69921875,37.69091796875
13.0,43.0,0.4410339909998129,7.9,1423.69921875,37.69091796875
13.0,44.0,0.4202356719999898,3.6,1423.69921875,37.69091796875
13.0,45.0,0.40580607500010046,1.2,1423.69921875,37.69091796875
13.0,46.0,0.5998157739998078,9.2,1423.69921875,37.69091796875
13.0,47.0,0.8954842089999602,4.5,1423.69921875,37.69091796875
13.0,48.0,0.6144184140000561,2.4,1423.69921875,37.69091796875
13.0,49.0,0.5253970559999743,7.7,1423.69921875,37.69091796875
13.0,50.0,0.6439167809999162,9.3,1423.70703125,37.69091796875
13.0,51.0,2.6526706930001183,32.2,1423.70703125,37.69091796875
13.0,52.0,0.6000319270001455,30.3,1423.70703125,37.69091796875
13.0,53.0,0.7871028070001103,6.3,1423.7109375,37.69091796875
13.0,54.0,0.637256582999953,3.1,1423.71484375,37.69091796875
13.0,55.0,0.6112443399999847,4.9,1423.71875,37.69091796875
13.0,56.0,0.257920113000182,50.9,1423.73828125,37.69091796875
13.0,57.0,0.4945224059999873,4.1,1423.75390625,37.69091796875
13.0,58.0,0.5190933530000166,9.8,1423.765625,37.69091796875
13.0,59.0,0.6333437130001585,8.7,1423.765625,37.69091796875
13.0,60.0,0.42490273099997466,4.7,1423.765625,37.69091796875
13.0,61.0,0.4856514299999617,5.2,1423.765625,37.69091796875
13.0,62.0,0.5632323859999815,15.9,1423.765625,37.69091796875
13.0,63.0,0.39390312299997277,2.6,1423.765625,37.69091796875
13.0,64.0,0.857726791999994,8.2,1423.76953125,37.69091796875
13.0,65.0,0.5556500539998979,4.5,1423.76953125,37.69091796875
13.0,66.0,0.43365143900018666,3.5,1423.76953125,37.69091796875
13.0,67.0,0.507961196999986,5.9,1423.76953125,37.69091796875
13.0,68.0,0.45553953200010255,5.4,1423.76953125,37.69091796875
13.0,69.0,0.5391670330000125,8.3,1423.7734375,37.69091796875
13.0,70.0,0.2638876309999887,50.9,1423.77734375,37.69091796875
13.0,71.0,0.6453225790000943,50.0,1423.77734375,37.69091796875
13.0,72.0,0.6007176829998571,59.2,1423.78125,37.69091796875
13.0,73.0,0.44688010699996994,63.3,1423.78125,37.69091796875
13.0,74.0,0.6479261040001347,21.9,1423.7890625,37.69091796875
13.0,75.0,0.5041882350001288,10.9,1423.79296875,37.69091796875
13.0,76.0,0.44295610000017405,7.9,1423.80078125,37.69091796875
13.0,77.0,0.6513834120000865,5.4,1423.80859375,37.69091796875
13.0,78.0,0.47343695399990793,6.3,1423.80859375,37.69091796875
13.0,79.0,0.8918139799998244,2.8,1423.80859375,37.69091796875
13.0,80.0,0.4490788470000098,4.4,1423.80859375,37.69091796875
13.0,81.0,0.5620815069999026,3.6,1423.80859375,37.69091796875
13.0,82.0,0.548620314000118,9.2,1423.80859375,37.69091796875
13.0,83.0,1.07380497500003,8.4,1423.80859375,37.69091796875
13.0,84.0,0.47293476400000145,6.4,1423.80859375,37.69091796875
13.0,85.0,0.648013679000087,7.8,1423.80859375,37.69091796875
13.0,86.0,0.4558689199998298,4.3,1423.8125,37.69091796875
13.0,87.0,0.5526152900001762,5.5,1423.8125,37.69091796875
13.0,88.0,0.4513757219999661,10.0,1423.81640625,37.69091796875
13.0,89.0,0.6414852339999015,5.4,1423.81640625,37.69091796875
13.0,90.0,0.5129821089999496,2.0,1423.81640625,37.69091796875
13.0,91.0,0.9917731119999189,46.7,1423.81640625,37.69091796875
13.0,92.0,0.4774518029998944,62.1,1423.8203125,37.69091796875
13.0,93.0,0.6037910820000434,31.4,1423.8203125,37.69091796875
13.0,94.0,0.5351060609998513,13.1,1423.8359375,37.69091796875
13.0,95.0,0.43374737900012406,3.4,1423.84765625,37.69091796875
13.0,96.0,0.7025447569999415,9.4,1423.85546875,37.69091796875
13.0,97.0,0.6320451670001148,8.6,1423.85546875,37.69091796875
13.0,98.0,0.736344723000002,6.2,1423.85546875,37.69091796875
13.0,99.0,0.43470912499992664,6.9,1423.85546875,37.69091796875
13.0,100.0,0.8181456210002125,7.3,1423.85546875,37.69091796875
14.0,1.0,0.6599816049999845,15.9,1423.85546875,37.69091796875
14.0,2.0,0.5786201140001594,13.0,1423.859375,37.69091796875
14.0,3.0,0.7132949520000693,7.7,1423.86328125,37.69091796875
14.0,4.0,0.5279065649999666,10.6,1423.86328125,37.69091796875
14.0,5.0,1.4260458539999945,9.2,1423.86328125,37.69091796875
14.0,6.0,1.0508024419998492,10.0,1423.8671875,37.69091796875
14.0,7.0,0.5812812559997838,24.3,1423.8671875,37.69091796875
14.0,8.0,0.32619715099986024,98.5,1423.8671875,37.69091796875
14.0,9.0,0.6257523009999204,62.1,1423.8671875,37.69091796875
14.0,10.0,0.598424661000081,68.9,1423.87109375,37.69091796875
14.0,11.0,0.5113727479999852,16.7,1423.87109375,37.69091796875
14.0,12.0,1.7910471540001254,2.2,1423.875,37.69091796875
14.0,13.0,0.6565947080000569,18.3,1423.87890625,37.69091796875
14.0,14.0,1.6067703510000229,5.6,1423.8828125,37.69091796875
14.0,15.0,0.5678885050001554,10.5,1423.8828125,37.69091796875
14.0,16.0,0.8070038890000433,11.8,1423.88671875,37.69091796875
14.0,17.0,0.45268913299992164,4.4,1423.88671875,37.69091796875
14.0,18.0,0.5781483890000345,0.9,1423.890625,37.69091796875
14.0,19.0,0.7336431639998864,11.0,1423.890625,37.69091796875
14.0,20.0,0.4386946629999784,6.7,1423.890625,37.69091796875
14.0,21.0,0.6314027270000224,5.6,1423.890625,37.69091796875
14.0,22.0,0.6506048119999832,21.5,1423.890625,37.69091796875
14.0,23.0,0.48657022500015046,2.1,1423.89453125,37.69091796875
14.0,24.0,0.6690010620000066,44.4,1423.89453125,37.69091796875
14.0,25.0,0.7502340529999856,64.0,1423.8984375,37.69091796875
14.0,26.0,0.49413802200001555,58.8,1423.8984375,37.69091796875
14.0,27.0,0.6486202369999319,10.6,1423.90234375,37.69091796875
14.0,28.0,0.7315474109998377,4.1,1423.90234375,37.69091796875
14.0,29.0,0.5161865219999981,3.9,1423.90625,37.69091796875
14.0,30.0,0.9724460879999697,5.7,1423.90625,37.69091796875
14.0,31.0,0.4717837589998908,4.2,1423.91796875,37.69091796875
14.0,32.0,0.5239194549999411,7.8,1423.9375,37.69091796875
14.0,33.0,0.5165657570000803,3.8,1423.9453125,37.69091796875
14.0,34.0,0.6588528320000933,10.8,1423.9609375,37.69091796875
14.0,35.0,0.5335291470000811,5.6,1423.9609375,37.69091796875
14.0,36.0,0.6586573340000541,6.9,1423.9609375,37.69091796875
14.0,37.0,1.877878279000015,3.2,1423.9609375,37.69091796875
14.0,38.0,1.1818666669998947,6.0,1423.9609375,37.69091796875
14.0,39.0,0.6030463120000604,15.7,1423.96484375,37.69091796875
14.0,40.0,0.5971308830000908,55.6,1423.96875,37.69091796875
14.0,41.0,0.521790866999936,56.7,1423.96875,37.69091796875
14.0,42.0,0.6799130590000004,53.3,1423.96875,37.69091796875
14.0,43.0,0.49684285199987244,9.2,1423.97265625,37.69091796875
14.0,44.0,0.523675719000039,6.7,1423.97265625,37.69091796875
14.0,45.0,0.7025177949999488,5.0,1423.97265625,37.69091796875
14.0,46.0,0.5491417490000003,9.2,1423.97265625,37.69091796875
14.0,47.0,0.38987927199991645,3.8,1423.97265625,37.69091796875
14.0,48.0,0.5056293160000678,4.0,1423.9765625,37.69091796875
14.0,49.0,0.4752539250000609,10.5,1423.98046875,37.69091796875
14.0,50.0,0.48329646800016235,2.1,1423.98828125,37.69091796875
14.0,51.0,0.5094229179999274,5.8,1424.0,37.69091796875
14.0,52.0,0.6783565180001006,16.3,1424.015625,37.69091796875
14.0,53.0,0.5285145359998751,8.6,1424.03125,37.69091796875
14.0,54.0,0.5496149250000144,2.8,1424.03125,37.69091796875
14.0,55.0,0.4211597990001792,4.7,1424.03125,37.69091796875
14.0,56.0,0.5202400059999945,5.8,1424.03125,37.69091796875
14.0,57.0,0.47404456300000675,8.5,1424.03125,37.69091796875
14.0,58.0,1.4535269780001272,2.4,1424.03125,37.69091796875
14.0,59.0,0.4845040360000894,13.5,1424.03125,37.69091796875
14.0,60.0,0.6274770760001047,53.6,1424.03125,37.69091796875
14.0,61.0,0.6845294990000639,53.3,1424.03125,37.69091796875
14.0,62.0,0.5896102399999563,45.3,1424.03125,37.69091796875
14.0,63.0,1.2299546120000286,3.3,1424.03125,37.69091796875
14.0,64.0,0.500468587999876,4.0,1424.03125,37.69091796875
14.0,65.0,0.6698523560000922,9.0,1424.03125,37.69091796875
14.0,66.0,0.48291466899991065,10.3,1424.03125,37.69091796875
14.0,67.0,0.6576536729999134,11.5,1424.03515625,37.69091796875
14.0,68.0,0.9338267850000648,5.9,1424.03515625,37.69091796875
14.0,69.0,0.5916932959999031,13.8,1424.046875,37.69091796875
14.0,70.0,0.2605926360001831,49.0,1424.05859375,37.69091796875
14.0,71.0,1.1816920020000907,4.6,1424.05859375,37.69091796875
14.0,72.0,0.6162313629999971,5.7,1424.05859375,37.69091796875
14.0,73.0,0.6038568640001358,1.7,1424.05859375,37.69091796875
14.0,74.0,0.5615215029999945,9.7,1424.05859375,37.69091796875
14.0,75.0,0.48473110200006886,1.0,1424.05859375,37.69091796875
14.0,76.0,0.7462024710000605,16.1,1424.0625,37.69091796875
14.0,77.0,0.26086111999984496,50.0,1424.06640625,37.69091796875
14.0,78.0,1.0004991710000013,64.7,1424.0703125,37.69091796875
14.0,79.0,1.2255234090000613,52.5,1424.078125,37.69091796875
14.0,80.0,0.711739279999847,10.6,1424.08203125,37.69091796875
14.0,81.0,0.5520904259999497,9.8,1424.08203125,37.69091796875
14.0,82.0,0.4540319760001239,7.7,1424.08203125,37.69091796875
14.0,83.0,0.4924380919999294,11.3,1424.0859375,37.69091796875
14.0,84.0,0.6653425350000362,9.7,1424.0859375,37.69091796875
14.0,85.0,0.47594350600002144,4.2,1424.0859375,37.69091796875
14.0,86.0,0.493807815999844,11.2,1424.0859375,37.69091796875
14.0,87.0,0.44149384199999986,10.2,1424.0859375,37.69091796875
14.0,88.0,0.45824023899990607,3.3,1424.0859375,37.69091796875
14.0,89.0,0.5223085659999924,15.4,1424.08984375,37.69091796875
14.0,90.0,0.5822010510000837,6.0,1424.08984375,37.69091796875
14.0,91.0,0.6049303839999993,8.2,1424.09375,37.69091796875
14.0,92.0,0.4591842040001666,1.1,1424.09375,37.69091796875
14.0,93.0,0.4513429360001737,7.7,1424.09375,37.69091796875
14.0,94.0,0.49852704500017353,4.0,1424.09765625,37.69091796875
14.0,95.0,0.6050576669999828,7.4,1424.09765625,37.69091796875
14.0,96.0,0.5031046799999785,10.0,1424.1015625,37.69091796875
14.0,97.0,0.5271178020000207,6.6,1424.1015625,37.69091796875
14.0,98.0,3.5961974550000377,25.4,1424.10546875,37.69091796875
14.0,99.0,0.5161863739999717,8.7,1424.10546875,37.69091796875
14.0,100.0,0.5314548040000773,2.8,1424.10546875,37.69091796875
15.0,1.0,0.472520865999968,7.4,1424.10546875,37.69091796875
15.0,2.0,0.4870427630000904,4.2,1424.10546875,37.69091796875
15.0,3.0,0.5056713310000305,14.7,1424.10546875,37.69091796875
15.0,4.0,0.5191628250001941,5.8,1424.10546875,37.69091796875
15.0,5.0,0.4744637920000514,7.4,1424.10546875,37.69091796875
15.0,6.0,0.5508342220000486,5.4,1424.10546875,37.69091796875
15.0,7.0,0.5950593010002194,19.5,1424.10546875,37.69091796875
15.0,8.0,0.45099798999990526,4.4,1424.10546875,37.69091796875
15.0,9.0,0.6036714679999022,6.7,1424.10546875,37.69091796875
15.0,10.0,0.6125606119999247,13.0,1424.10546875,37.69091796875
15.0,11.0,0.5741552259999025,6.1,1424.10546875,37.69091796875
15.0,12.0,0.532155684999907,5.6,1424.10546875,37.69091796875
15.0,13.0,0.4221861739999895,2.4,1424.10546875,37.69091796875
15.0,14.0,0.49550416000010955,35.4,1424.10546875,37.69091796875
15.0,15.0,0.6386253749999469,59.1,1424.10546875,37.69091796875
15.0,16.0,0.48501636699984374,59.8,1424.10546875,37.69091796875
15.0,17.0,0.4830625089998648,41.1,1424.10546875,37.69091796875
15.0,18.0,0.5180373939999754,16.3,1424.10546875,37.69091796875
15.0,19.0,0.5988992909999524,5.9,1424.10546875,37.69091796875
15.0,20.0,0.6018373930000962,2.5,1424.10546875,37.69091796875
15.0,21.0,0.5767879489999359,7.8,1424.10546875,37.69091796875
15.0,22.0,0.6186103049999474,4.8,1424.10546875,37.69091796875
15.0,23.0,0.890485746999957,3.9,1424.10546875,37.69091796875
15.0,24.0,1.2597438329999022,2.4,1424.10546875,37.69091796875
15.0,25.0,0.5836386169999059,9.4,1424.10546875,37.69091796875
15.0,26.0,0.7302747169999293,11.0,1424.10546875,37.69091796875
15.0,27.0,0.6095521770000687,10.7,1424.10546875,37.69091796875
15.0,28.0,0.45605199900001026,10.8,1424.10546875,37.69091796875
15.0,29.0,0.7022429620001276,10.7,1424.10546875,37.69091796875
15.0,30.0,0.4567844769999283,3.3,1424.10546875,37.69091796875
15.0,31.0,0.6651747500000056,9.8,1424.10546875,37.69091796875
15.0,32.0,0.6258737719999772,20.0,1424.10546875,37.69091796875
15.0,33.0,0.655798779999941,57.3,1424.10546875,37.69091796875
15.0,34.0,0.45804579899981945,66.3,1424.10546875,37.69091796875
15.0,35.0,0.5102635830000963,49.0,1424.10546875,37.69091796875
15.0,36.0,0.9603321220001817,3.7,1424.10546875,37.69091796875
15.0,37.0,0.4423300640000889,5.6,1424.10546875,37.69091796875
15.0,38.0,0.5787778549999985,2.6,1424.10546875,37.69091796875
15.0,39.0,0.4340470639999694,7.0,1424.10546875,37.69091796875
15.0,40.0,0.552809869000157,8.2,1424.10546875,37.69091796875
15.0,41.0,0.6309568070000751,4.7,1424.10546875,37.69091796875
15.0,42.0,0.47861497100007,7.4,1424.10546875,37.69091796875
15.0,43.0,0.4970262270001058,5.1,1424.10546875,37.69091796875
15.0,44.0,0.5299412770000345,10.4,1424.10546875,37.69091796875
15.0,45.0,1.0018206380000265,3.5,1424.10546875,37.69091796875
15.0,46.0,0.5249886039998728,8.5,1424.10546875,37.69091796875
15.0,47.0,0.4938302410000688,5.1,1424.10546875,37.69091796875
15.0,48.0,0.4487093019999975,10.1,1424.10546875,37.69091796875
15.0,49.0,0.49240373299994644,5.1,1424.10546875,37.69091796875
15.0,50.0,1.203250910999941,2.9,1424.10546875,37.69091796875
15.0,51.0,0.5095308629997817,6.9,1424.10546875,37.69091796875
15.0,52.0,0.5774863530000403,46.9,1424.10546875,37.69091796875
15.0,53.0,0.4252322600000298,55.3,1424.10546875,37.69091796875
15.0,54.0,0.47248042299997906,60.0,1424.10546875,37.69091796875
15.0,55.0,0.42342631400015307,42.9,1424.10546875,37.69091796875
15.0,56.0,0.39999088000013217,5.0,1424.10546875,37.69091796875
15.0,57.0,1.0108617819998926,7.5,1424.10546875,37.69091796875
15.0,58.0,0.5900281110000378,16.0,1424.10546875,37.69091796875
15.0,59.0,0.6381040260000646,3.1,1424.10546875,37.69091796875
15.0,60.0,0.8634978090001368,4.7,1424.109375,37.69091796875
15.0,61.0,0.6016290649999974,7.4,1424.109375,37.69091796875
15.0,62.0,0.6901126380000733,5.8,1424.11328125,37.69091796875
15.0,63.0,0.4432829510001284,3.4,1424.11328125,37.69091796875
15.0,64.0,0.4959923000001254,3.0,1424.11328125,37.69091796875
15.0,65.0,0.49191118099997766,7.1,1424.11328125,37.69091796875
15.0,66.0,0.581459458000154,14.7,1424.1171875,37.69091796875
15.0,67.0,0.5671371850000924,15.9,1424.1171875,37.69091796875
15.0,68.0,0.5828669449999779,4.3,1424.1171875,37.69091796875
15.0,69.0,0.7034076219999861,2.8,1424.1171875,37.69091796875
15.0,70.0,0.6138575850000052,13.9,1424.1171875,37.69091796875
15.0,71.0,0.5486379530000249,4.5,1424.1171875,37.69091796875
15.0,72.0,0.4665152960001251,60.2,1424.1171875,37.69091796875
15.0,73.0,1.4110049179998896,47.7,1424.1171875,37.69091796875
15.0,74.0,0.6809276500000578,8.8,1424.1171875,37.69091796875
15.0,75.0,1.2118189679999887,5.8,1424.1171875,37.69091796875
15.0,76.0,0.48725063200004115,7.1,1424.1171875,37.69091796875
15.0,77.0,0.5148787109999375,1.9,1424.1171875,37.69091796875
15.0,78.0,0.6175085339998532,5.7,1424.1171875,37.69091796875
15.0,79.0,0.5434712009998748,4.6,1424.1171875,37.69091796875
15.0,80.0,0.5402673319999849,16.8,1424.1171875,37.69091796875
15.0,81.0,0.580426197000179,13.7,1424.1171875,37.69091796875
15.0,82.0,0.8366837029998351,18.6,1424.1171875,37.69091796875
15.0,83.0,0.629581872000017,7.9,1424.1171875,37.69091796875
15.0,84.0,0.7308742430000166,4.1,1424.1171875,37.69091796875
15.0,85.0,0.4832460390000506,5.2,1424.1171875,37.69091796875
15.0,86.0,0.5672029970000949,15.0,1424.1171875,37.69091796875
15.0,87.0,0.42575500199995986,5.8,1424.1171875,37.69091796875
15.0,88.0,0.9297139820000666,9.2,1424.1171875,37.69091796875
15.0,89.0,0.5329116769999018,55.7,1424.1171875,37.69091796875
15.0,90.0,0.8071910669998488,64.6,1424.1171875,37.69091796875
15.0,91.0,0.43700476200001503,42.4,1424.1171875,37.69091796875
15.0,92.0,0.41685789200005274,5.9,1424.1171875,37.69091796875
15.0,93.0,0.5166641179998805,8.7,1424.20703125,37.69091796875
15.0,94.0,0.5784635839997918,16.5,1424.20703125,37.69091796875
15.0,95.0,0.6051385399998708,5.0,1424.20703125,37.69091796875
15.0,96.0,0.3977242149999256,2.5,1424.20703125,37.69091796875
15.0,97.0,1.2400686849998692,3.2,1424.20703125,37.69091796875
15.0,98.0,0.7663133660000767,9.2,1424.20703125,37.69091796875
15.0,99.0,0.5978213559999404,8.4,1424.20703125,37.69091796875
15.0,100.0,1.9580915020001157,4.3,1424.20703125,37.69091796875
16.0,1.0,0.4610913569999866,11.8,1424.20703125,37.69091796875
16.0,2.0,0.5873227930001121,5.2,1424.20703125,37.69091796875
16.0,3.0,0.4842033900001752,9.3,1424.20703125,37.69091796875
16.0,4.0,1.7372984880000786,20.2,1424.20703125,37.69091796875
16.0,5.0,0.5667267670000911,56.3,1424.20703125,37.69091796875
16.0,6.0,0.5720237560001351,62.3,1424.20703125,37.69091796875
16.0,7.0,0.5952697180000541,2.5,1424.20703125,37.69091796875
16.0,8.0,0.6471832419999828,7.8,1424.20703125,37.69091796875
16.0,9.0,0.6859759720000511,5.1,1424.20703125,37.69091796875
16.0,10.0,0.5583061320000979,5.4,1424.20703125,37.69091796875
16.0,11.0,0.47942423700010295,7.4,1424.20703125,37.69091796875
16.0,12.0,0.6680207780000273,1.5,1424.20703125,37.69091796875
16.0,13.0,0.6343403759999546,5.5,1424.20703125,37.69091796875
16.0,14.0,0.8102384000001166,4.3,1424.20703125,37.69091796875
16.0,15.0,0.4788574190001782,4.2,1424.20703125,37.69091796875
16.0,16.0,0.7169573029998446,7.7,1424.20703125,37.69091796875
16.0,17.0,0.6438835660001132,5.5,1424.20703125,37.69091796875
16.0,18.0,0.5216840919999868,6.7,1424.20703125,37.69091796875
16.0,19.0,0.44154189300002145,4.4,1424.20703125,37.69091796875
16.0,20.0,0.612599598000088,10.7,1424.20703125,37.69091796875
16.0,21.0,0.5413110039999083,10.2,1424.20703125,37.69091796875
16.0,22.0,0.5842722679999497,6.8,1424.20703125,37.69091796875
16.0,23.0,0.5849279819999538,35.9,1424.20703125,37.69091796875
16.0,24.0,0.46773791900000106,51.6,1424.20703125,37.69091796875
16.0,25.0,0.6247692819999884,58.1,1424.20703125,37.69091796875
16.0,26.0,0.37142791000019315,98.6,1424.20703125,37.69091796875
16.0,27.0,1.0178234889999658,3.4,1424.20703125,37.69091796875
16.0,28.0,0.45103650999999445,8.9,1424.20703125,37.69091796875
16.0,29.0,0.46719809699993675,5.4,1424.20703125,37.69091796875
16.0,30.0,0.49721096899997974,10.1,1424.20703125,37.69091796875
16.0,31.0,0.42762028499987537,2.3,1424.20703125,37.69091796875
16.0,32.0,0.8308494679999967,9.1,1424.20703125,37.69091796875
16.0,33.0,0.5198571280000124,8.5,1424.20703125,37.69091796875
16.0,34.0,0.601825491999989,9.2,1424.20703125,37.69091796875
16.0,35.0,1.0372099920000437,2.9,1424.20703125,37.69091796875
16.0,36.0,0.6380174010000701,8.6,1424.28515625,37.69091796875
16.0,37.0,0.46874966500013215,1.1,1424.28515625,37.69091796875
16.0,38.0,0.73639074599987,4.8,1424.28515625,37.69091796875
16.0,39.0,0.5782635279999795,6.9,1424.28515625,37.69091796875
16.0,40.0,0.4965655969999716,11.1,1424.28515625,37.69091796875
16.0,41.0,0.4806788449998294,7.3,1424.2890625,37.69091796875
16.0,42.0,0.6893695569999636,3.6,1424.2890625,37.69091796875
16.0,43.0,0.5356302080001569,52.4,1424.2890625,37.69091796875
16.0,44.0,0.45309538499986957,57.1,1424.29296875,37.69091796875
16.0,45.0,0.541962114999933,57.9,1424.29296875,37.69091796875
16.0,46.0,0.536634696000192,23.1,1424.29296875,37.69091796875
16.0,47.0,0.7843368500000452,10.3,1424.29296875,37.69091796875
16.0,48.0,0.6411209640000379,7.8,1424.29296875,37.69091796875
16.0,49.0,0.5765862509999806,10.3,1424.296875,37.69091796875
16.0,50.0,0.6961676610001177,5.8,1424.30078125,37.69091796875
16.0,51.0,0.7645164260000001,10.5,1424.44921875,37.69091796875
16.0,52.0,0.5844521859999077,8.5,1424.44921875,37.69091796875
16.0,53.0,0.7340406910000183,11.0,1424.453125,37.69091796875
16.0,54.0,0.5127778579999358,5.9,1424.453125,37.69091796875
16.0,55.0,0.5560084120002102,15.3,1424.453125,37.69091796875
16.0,56.0,0.6503159380001762,3.8,1424.453125,37.69091796875
16.0,57.0,0.5527633870001409,9.2,1424.453125,37.69091796875
16.0,58.0,0.5208483359999718,5.7,1424.76171875,37.69091796875
16.0,59.0,0.5962080570000126,8.4,1424.76171875,37.69091796875
16.0,60.0,0.5487834840000687,11.0,1424.76171875,37.69091796875
16.0,61.0,0.4366807169999447,4.5,1424.9140625,37.69091796875
16.0,62.0,2.6415037320000465,35.1,1424.9140625,37.69091796875
16.0,63.0,0.4586851149999802,6.7,1424.9140625,37.69091796875
16.0,64.0,0.6545425819999764,16.0,1424.9140625,37.69091796875
16.0,65.0,0.7124626469999384,15.4,1424.9140625,37.69091796875
16.0,66.0,0.6165534060000937,4.0,1424.9140625,37.69091796875
16.0,67.0,0.510686860000078,6.9,1424.9140625,37.69091796875
16.0,68.0,0.6459325819998867,8.5,1424.9140625,37.69091796875
16.0,69.0,0.48740572500014423,13.4,1424.9140625,37.69091796875
16.0,70.0,0.4867811100000381,6.2,1424.9140625,37.69091796875
16.0,71.0,0.6183794209998723,7.3,1424.9140625,37.69091796875
16.0,72.0,0.6163809689999198,3.2,1424.9140625,37.69091796875
16.0,73.0,0.4512859710000612,3.4,1424.9140625,37.69091796875
16.0,74.0,5.6121004789999915,18.2,1424.9140625,37.69091796875
16.0,75.0,1.3868839560000197,3.3,1424.9140625,37.69091796875
16.0,76.0,0.5722833620000074,7.9,1424.9140625,37.69091796875
16.0,77.0,0.5374138959998618,4.6,1424.9140625,37.69091796875
16.0,78.0,0.5433882550000817,3.7,1424.9140625,37.69091796875
16.0,79.0,0.5008733590000247,7.1,1424.9140625,37.69091796875
16.0,80.0,1.494786951000151,4.0,1424.9140625,37.69091796875
16.0,81.0,1.1877471620000506,4.6,1424.9140625,37.69091796875
16.0,82.0,0.6208498749999762,8.1,1424.9140625,37.69091796875
16.0,83.0,0.5128107540001565,2.0,1424.9140625,37.69091796875
16.0,84.0,0.8380388489999859,7.1,1424.9140625,37.69091796875
16.0,85.0,0.5137976739999885,5.8,1424.9140625,37.69091796875
16.0,86.0,0.7173855060000278,21.0,1424.9140625,37.69091796875
16.0,87.0,0.5219428660000176,57.7,1424.9140625,37.69091796875
16.0,88.0,0.5684367189999193,61.4,1424.9140625,37.69091796875
16.0,89.0,0.59538174599993,51.3,1424.9140625,37.69091796875
16.0,90.0,0.4582171639999615,3.3,1424.9140625,37.69091796875
16.0,91.0,0.49957521400006044,13.1,1424.9140625,37.69091796875
16.0,92.0,0.531946600000083,5.7,1424.9140625,37.69091796875
16.0,93.0,0.5693254520001574,5.2,1424.9140625,37.69091796875
16.0,94.0,0.8589695960001791,3.5,1424.9140625,37.69091796875
16.0,95.0,0.7073421599998255,7.9,1424.9140625,37.69091796875
16.0,96.0,0.5702413310000338,9.7,1424.9140625,37.69091796875
16.0,97.0,0.666930862000072,3.0,1424.9140625,37.69091796875
16.0,98.0,0.46967874000006304,4.3,1424.9140625,37.69091796875
16.0,99.0,0.5495581380000658,8.2,1424.9140625,37.69091796875
16.0,100.0,0.5633853229999204,10.6,1424.9140625,37.69091796875
17.0,1.0,0.4508546539998406,5.5,1424.9140625,37.69091796875
17.0,2.0,0.656645133999973,3.8,1424.9140625,37.69091796875
17.0,3.0,0.5441830760000812,7.4,1424.9140625,37.69091796875
17.0,4.0,0.55040496599986,1.8,1424.9140625,37.69091796875
17.0,5.0,0.6528564750001351,9.8,1424.9140625,37.69091796875
17.0,6.0,0.5910486570001012,9.4,1424.9140625,37.69091796875
17.0,7.0,0.5773890939999546,57.9,1424.9140625,37.69091796875
17.0,8.0,1.4025793450000492,48.0,1424.9140625,37.69091796875
17.0,9.0,0.7001417670001047,6.4,1424.9140625,37.69091796875
17.0,10.0,0.48781927400000313,10.2,1424.9140625,37.69091796875
17.0,11.0,0.6283714730000156,3.2,1424.9140625,37.69091796875
17.0,12.0,0.28736727999989853,56.9,1424.9140625,37.69091796875
17.0,13.0,5.048809608000056,4.0,1424.9140625,37.69091796875
17.0,14.0,0.6800862570000845,5.1,1424.9140625,37.69091796875
17.0,15.0,0.5685299480001049,5.3,1424.9140625,37.69091796875
17.0,16.0,0.5591739770000004,1.8,1424.9140625,37.69091796875
17.0,17.0,0.6655126749999454,7.5,1424.9140625,37.69091796875
17.0,18.0,0.7485386719999951,54.4,1424.9140625,37.69091796875
17.0,19.0,0.6086723550001807,56.9,1424.9140625,37.69091796875
17.0,20.0,0.5460252099999252,45.8,1424.91796875,37.69091796875
17.0,21.0,0.5242942429999857,4.8,1424.91796875,37.69091796875
17.0,22.0,0.42514200400000846,5.9,1424.91796875,37.69091796875
17.0,23.0,0.4609777910000048,5.4,1424.91796875,37.69091796875
17.0,24.0,0.42788543999995454,4.8,1424.91796875,37.69091796875
17.0,25.0,0.46384418999991794,6.5,1424.91796875,37.69091796875
17.0,26.0,0.5640796919999502,12.4,1424.91796875,37.69091796875
17.0,27.0,0.577109672000006,5.3,1424.91796875,37.69091796875
17.0,28.0,0.5837747699999909,7.7,1424.91796875,37.69091796875
17.0,29.0,2.8897540010000284,4.5,1424.91796875,37.69091796875
17.0,30.0,5.1746883659998275,18.9,1424.91796875,37.69091796875
17.0,31.0,0.5306264220000685,6.6,1424.91796875,37.69091796875
17.0,32.0,0.6888270920001105,5.8,1424.91796875,37.69091796875
17.0,33.0,1.0049642339999991,5.5,1424.91796875,37.69091796875
17.0,34.0,1.4073925079999299,6.4,1424.91796875,37.69091796875
17.0,35.0,0.5362183099998674,5.6,1424.91796875,37.69091796875
17.0,36.0,0.2618379579998873,49.0,1424.91796875,37.69091796875
17.0,37.0,0.5633446950000689,5.3,1424.91796875,37.69091796875
17.0,38.0,0.5546075269999164,1.8,1424.91796875,37.69091796875
17.0,39.0,0.5417631170000732,10.3,1424.91796875,37.69091796875
17.0,40.0,1.3308260189999146,5.6,1424.91796875,37.69091796875
17.0,41.0,0.5758864689998973,8.7,1424.91796875,37.69091796875
17.0,42.0,0.6050807729998269,10.7,1424.91796875,37.69091796875
17.0,43.0,0.6012082449999525,5.9,1424.91796875,37.69091796875
17.0,44.0,0.568275119999953,53.9,1424.91796875,37.69091796875
17.0,45.0,0.5219534329999078,57.7,1424.91796875,37.69091796875
17.0,46.0,0.7563748750001196,54.4,1424.91796875,37.69091796875
17.0,47.0,0.6944668669998464,12.9,1424.91796875,37.69091796875
17.0,48.0,0.630134931999919,13.6,1424.91796875,37.69091796875
17.0,49.0,0.6041382949999843,6.6,1424.91796875,37.69091796875
17.0,50.0,0.7081139849999545,10.6,1424.91796875,37.69091796875
17.0,51.0,0.5729198240001097,6.1,1424.91796875,37.69091796875
17.0,52.0,0.6117400229998111,10.7,1424.91796875,37.69091796875
17.0,53.0,0.9314833430000817,6.9,1424.91796875,37.69091796875
17.0,54.0,0.5257062400000905,5.8,1424.91796875,37.69091796875
17.0,55.0,0.5955846189999647,8.3,1424.91796875,37.69091796875
17.0,56.0,0.622912278000058,8.1,1424.91796875,37.69091796875
17.0,57.0,0.8191266970000015,10.9,1424.91796875,37.69091796875
17.0,58.0,0.7037967189999108,5.8,1424.91796875,37.69091796875
17.0,59.0,0.4973752500000046,8.0,1424.91796875,37.69091796875
17.0,60.0,0.6992569069998353,7.9,1424.91796875,37.69091796875
17.0,61.0,0.6213112839998303,5.6,1424.91796875,37.69091796875
17.0,62.0,0.5741434520000439,57.0,1424.91796875,37.69091796875
17.0,63.0,0.5647863990000133,57.9,1424.91796875,37.69091796875
17.0,64.0,1.2754471959999591,30.8,1424.91796875,37.69091796875
17.0,65.0,0.8484763489998386,8.9,1424.91796875,37.69091796875
17.0,66.0,0.5793267560000004,5.1,1424.91796875,37.69091796875
17.0,67.0,0.6021446350000588,8.3,1424.91796875,37.69091796875
17.0,68.0,0.7218042720000994,6.3,1424.91796875,37.69091796875
17.0,69.0,0.6149636089999149,5.7,1424.91796875,37.69091796875
17.0,70.0,1.5393676870000945,4.9,1424.91796875,37.69091796875
17.0,71.0,0.8021372620000875,14.3,1424.91796875,37.69091796875
17.0,72.0,3.2776848230000724,2.7,1424.91796875,37.69091796875
17.0,73.0,0.7938084639999943,38.2,1424.91796875,37.69091796875
17.0,74.0,1.2400969850000365,61.4,1424.91796875,37.69091796875
17.0,75.0,0.689056821999884,7.3,1424.91796875,37.69091796875
17.0,76.0,0.760767732999966,3.3,1424.91796875,37.69091796875
17.0,77.0,3.0090979900001003,2.3,1424.91796875,37.69091796875
17.0,78.0,0.8235367879999558,6.7,1424.97265625,37.69091796875
17.0,79.0,1.3163989349998246,1.9,1424.97265625,37.69091796875
17.0,80.0,0.9495059319999655,6.9,1424.97265625,37.69091796875
17.0,81.0,0.84365139800002,6.0,1424.97265625,37.69091796875
17.0,82.0,0.8051958810001452,3.7,1424.97265625,37.69091796875
17.0,83.0,0.8973869569999806,14.5,1424.97265625,37.69091796875
17.0,84.0,0.6639254080000683,59.1,1425.07421875,37.69091796875
17.0,85.0,0.9376180940000722,54.3,1425.07421875,37.69091796875
17.0,86.0,0.5375084810000317,2.8,1425.14453125,37.69091796875
17.0,87.0,0.8358562430000802,3.0,1425.14453125,37.69091796875
17.0,88.0,0.5353712689998247,6.5,1425.14453125,37.69091796875
17.0,89.0,0.5647310859999379,4.5,1425.14453125,37.69091796875
17.0,90.0,1.0204307670001072,2.4,1425.23828125,37.69091796875
17.0,91.0,0.5410104239999782,7.5,1425.23828125,37.69091796875
17.0,92.0,0.601882476000128,6.6,1425.23828125,37.69091796875
17.0,93.0,0.6151730869999028,13.0,1425.23828125,37.69091796875
17.0,94.0,0.622026121999852,3.2,1425.23828125,37.69091796875
17.0,95.0,0.6318978649999281,9.5,1425.23828125,37.69091796875
17.0,96.0,0.6147964890001276,4.1,1425.23828125,37.69091796875
17.0,97.0,0.6128695420002259,4.0,1425.23828125,37.69091796875
17.0,98.0,0.8399160429999029,9.6,1425.23828125,37.69091796875
17.0,99.0,0.5709683750001204,7.9,1425.23828125,37.69091796875
17.0,100.0,3.1989060890000474,28.2,1425.23828125,37.69091796875
18.0,1.0,0.6426215890001004,6.3,1425.23828125,37.69091796875
18.0,2.0,0.7093570519998593,2.8,1425.23828125,37.69091796875
18.0,3.0,0.6870664240000224,6.5,1425.23828125,37.69091796875
18.0,4.0,0.5690569020000567,8.0,1425.23828125,37.69091796875
18.0,5.0,0.7167950590001055,4.9,1425.23828125,37.69091796875
18.0,6.0,0.7672906450000028,7.8,1425.23828125,37.69091796875
18.0,7.0,0.665023495000014,3.8,1425.23828125,37.69091796875
18.0,8.0,0.7416017210000518,8.8,1425.23828125,37.69091796875
18.0,9.0,0.6758376989998851,3.7,1425.23828125,37.69091796875
18.0,10.0,0.505300170000055,5.0,1425.23828125,37.69091796875
18.0,11.0,0.6256347659998482,7.1,1425.23828125,37.69091796875
18.0,12.0,0.5671820959998968,7.9,1425.23828125,37.69091796875
18.0,13.0,0.5865789909998966,2.6,1425.23828125,37.69091796875
18.0,14.0,0.609490360999871,5.8,1425.23828125,37.69091796875
18.0,15.0,0.6024030349999521,56.2,1425.23828125,37.69091796875
18.0,16.0,3.0040241530000458,19.9,1425.23828125,37.69091796875
18.0,17.0,1.513000067000121,4.0,1425.23828125,37.69091796875
18.0,18.0,3.662452230000099,2.7,1425.23828125,37.69091796875
18.0,19.0,0.8345637269999315,3.6,1425.23828125,37.69091796875
18.0,20.0,1.026427182999896,3.9,1425.23828125,37.69091796875
18.0,21.0,1.4584962249998625,22.4,1425.23828125,37.69091796875
18.0,22.0,0.9038828990001093,57.2,1425.28125,37.69091796875
18.0,23.0,0.683307768000077,20.6,1425.28125,37.69091796875
18.0,24.0,0.5573631380000279,5.4,1425.28515625,37.69091796875
18.0,25.0,0.6567010419998951,5.3,1425.28515625,37.69091796875
18.0,26.0,4.506618992999847,2.0,1425.28515625,37.69091796875
18.0,27.0,0.6686405910002122,4.5,1425.28515625,37.69091796875
18.0,28.0,0.617568995000056,4.0,1425.28515625,37.69091796875
18.0,29.0,0.5921979470001588,7.6,1425.28515625,37.69091796875
18.0,30.0,1.063569004999863,5.2,1425.28515625,37.69091796875
18.0,31.0,0.5377852200001598,2.8,1425.28515625,37.69091796875
18.0,32.0,0.5688744510000561,31.6,1425.28515625,37.69091796875
18.0,33.0,0.5668086089999633,54.5,1425.28515625,37.69091796875
18.0,34.0,1.009709316999988,60.2,1425.28515625,37.69091796875
18.0,35.0,0.9892363129999922,7.1,1425.28515625,37.69091796875
18.0,36.0,0.5997790270000678,5.9,1425.28515625,37.69091796875
18.0,37.0,0.6374801130000378,1.6,1425.28515625,37.69091796875
18.0,38.0,0.6313714820000769,5.6,1425.28515625,37.69091796875
18.0,39.0,0.6068088609999904,5.7,1425.28515625,37.69091796875
18.0,40.0,0.547149021999985,8.2,1425.28515625,37.69091796875
18.0,41.0,0.585792561000062,6.8,1425.28515625,37.69091796875
18.0,42.0,0.9387073329999112,6.4,1425.28515625,37.69091796875
18.0,43.0,0.5653067080002074,8.0,1425.28515625,37.69091796875
18.0,44.0,0.5994880210000701,8.3,1425.28515625,37.69091796875
18.0,45.0,0.5756316299998616,5.2,1425.28515625,37.69091796875
18.0,46.0,0.8105134720001388,12.5,1425.28515625,37.69091796875
18.0,47.0,0.9045670109999264,4.9,1425.28515625,37.69091796875
18.0,48.0,0.562005771000031,6.2,1425.28515625,37.69091796875
18.0,49.0,0.6177990950000094,33.1,1425.28515625,37.69091796875
18.0,50.0,0.6195067650000965,61.3,1425.28515625,37.69091796875
18.0,51.0,0.6072037999999793,61.7,1425.28515625,37.69091796875
18.0,52.0,1.0465450089998285,5.3,1425.28515625,37.69091796875
18.0,53.0,0.6160910520000016,12.9,1425.28515625,37.69091796875
18.0,54.0,0.5499882029998844,8.2,1425.28515625,37.69091796875
18.0,55.0,0.5778253080000013,7.0,1425.28515625,37.69091796875
18.0,56.0,0.861162497000123,3.5,1425.421875,37.69091796875
18.0,57.0,0.6870477330000995,10.2,1425.42578125,37.69091796875
18.0,58.0,0.5589655269998275,2.7,1425.42578125,37.69091796875
18.0,59.0,0.6411986519999573,10.0,1425.42578125,37.69091796875
18.0,60.0,0.6662716350001574,3.8,1425.42578125,37.69091796875
18.0,61.0,0.8033135760001642,5.0,1425.42578125,37.69091796875
18.0,62.0,0.493806000999939,5.0,1425.42578125,37.69091796875
18.0,63.0,0.6150392839999768,3.3,1425.42578125,37.69091796875
18.0,64.0,0.6968440610000926,3.6,1425.42578125,37.69091796875
18.0,65.0,0.7405963659998633,9.4,1425.42578125,37.69091796875
18.0,66.0,0.5544027349999396,11.0,1425.42578125,37.69091796875
18.0,67.0,1.708865163000155,51.3,1425.42578125,37.69091796875
18.0,68.0,0.6035917270000937,12.4,1425.42578125,37.69091796875
18.0,69.0,0.8455313169999954,3.0,1425.42578125,37.69091796875
18.0,70.0,0.8690957039998466,12.6,1425.42578125,37.69091796875
18.0,71.0,0.5883449609998479,4.3,1425.42578125,37.69091796875
18.0,72.0,0.6470511299999089,3.1,1425.42578125,37.69091796875
18.0,73.0,0.6541502969998874,9.9,1425.42578125,37.69091796875
18.0,74.0,0.5392653240000982,2.8,1425.42578125,37.69091796875
18.0,75.0,0.527935307000007,5.7,1425.42578125,37.69091796875
18.0,76.0,1.0498457709998092,5.7,1425.42578125,37.69091796875
18.0,77.0,0.9056686180001634,2.2,1425.42578125,37.69091796875
18.0,78.0,0.6056850790000681,5.8,1425.640625,37.69091796875
18.0,79.0,0.666688226999895,2.3,1425.640625,37.69091796875
18.0,80.0,0.6937591889998203,3.6,1425.640625,37.69091796875
18.0,81.0,1.2288062939999236,32.2,1425.640625,37.69091796875
18.0,82.0,0.8574804400000176,67.6,1425.640625,37.69091796875
18.0,83.0,0.5908774839999751,20.5,1425.640625,37.69091796875
18.0,84.0,0.7043350139999802,14.9,1425.640625,37.69091796875
18.0,85.0,0.6930397580001681,4.4,1425.640625,37.69091796875
18.0,86.0,0.7628984949999449,13.8,1425.640625,37.69091796875
18.0,87.0,0.5575146670000777,4.5,1425.640625,37.69091796875
18.0,88.0,0.6528960149998966,9.9,1425.66015625,37.69091796875
18.0,89.0,0.572112708999839,7.9,1425.66015625,37.69091796875
18.0,90.0,0.8819275860000744,7.3,1425.6640625,37.69091796875
18.0,91.0,0.5858175539999593,4.3,1425.6640625,37.69091796875
18.0,92.0,0.5694719770001484,7.8,1425.66796875,37.69091796875
18.0,93.0,0.6171643860000131,10.7,1425.66796875,37.69091796875
18.0,94.0,0.7232713710000098,8.3,1425.66796875,37.69091796875
18.0,95.0,0.5489251310000327,2.8,1425.66796875,37.69091796875
18.0,96.0,0.6407626130001063,7.8,1425.66796875,37.69091796875
18.0,97.0,0.8985581800000091,4.5,1425.66796875,37.69091796875
18.0,98.0,0.6216801779999059,44.0,1425.66796875,37.69091796875
18.0,99.0,0.7646289049998813,59.9,1425.66796875,37.69091796875
18.0,100.0,0.543301978000045,52.8,1425.66796875,37.69091796875
19.0,1.0,1.3687528619998375,2.6,1425.66796875,37.69091796875
19.0,2.0,0.5161157790000743,6.8,1425.78515625,37.69091796875
19.0,3.0,0.9923018599999978,3.6,1425.78515625,37.69091796875
19.0,4.0,0.9248607580000225,6.5,1425.78515625,37.69091796875
19.0,5.0,0.622510784999804,8.1,1425.78515625,37.69091796875
19.0,6.0,0.8331691769999452,3.0,1425.78515625,37.69091796875
19.0,7.0,0.4924204980000013,3.0,1425.78515625,37.69091796875
19.0,8.0,0.5195445469998958,11.5,1425.78515625,37.69091796875
19.0,9.0,0.5755091460000585,4.3,1425.78515625,37.69091796875
19.0,10.0,0.6469978979998814,8.5,1425.78515625,37.69091796875
19.0,11.0,0.6896988890000557,11.0,1425.78515625,37.69091796875
19.0,12.0,0.7904808630000844,3.1,1425.78515625,37.69091796875
19.0,13.0,0.6383838099998229,7.1,1425.7890625,37.69091796875
19.0,14.0,1.0024301170001308,42.5,1425.7890625,37.69091796875
19.0,15.0,0.6266791159998775,58.9,1425.7890625,37.69091796875
19.0,16.0,0.48056253200002175,35.8,1425.7890625,37.69091796875
19.0,17.0,0.5913974529998995,9.3,1425.87109375,37.69091796875
19.0,18.0,0.6890080509999734,6.5,1425.87109375,37.69091796875
19.0,19.0,0.5044958080000015,6.9,1425.87109375,37.69091796875
19.0,20.0,0.9210396500000115,3.8,1425.87109375,37.69091796875
19.0,21.0,0.6531683599998814,3.1,1425.9609375,37.69091796875
19.0,22.0,0.5407176010000967,6.4,1425.9609375,37.69091796875
19.0,23.0,0.46524136199991517,2.2,1425.9609375,37.69091796875
19.0,24.0,0.5246590859999287,6.7,1425.9609375,37.69091796875
19.0,25.0,0.9811960399999862,4.1,1425.9609375,37.69091796875
19.0,26.0,2.633374881999771,2.7,1425.9609375,37.69091796875
19.0,27.0,0.6755333659998541,3.0,1425.9609375,37.69091796875
19.0,28.0,0.7840748610001356,23.4,1425.96484375,37.69091796875
19.0,29.0,0.606037581000237,58.8,1425.96484375,37.69091796875
19.0,30.0,0.6016644419996737,62.2,1425.96484375,37.69091796875
19.0,31.0,0.6379593890001161,41.4,1426.04296875,37.69091796875
19.0,32.0,0.5970266750000519,10.1,1426.04296875,37.69091796875
19.0,33.0,0.5594862230000217,12.5,1426.05859375,37.69091796875
19.0,34.0,0.5716247129998919,9.7,1426.0703125,37.69091796875
19.0,35.0,0.5882440270002007,10.2,1426.07421875,37.69091796875
19.0,36.0,0.5805995059999987,4.3,1426.07421875,37.69091796875
19.0,37.0,0.4697127310000724,2.1,1426.07421875,37.69091796875
19.0,38.0,0.5648562739997942,9.8,1426.07421875,37.69091796875
19.0,39.0,0.5353481600000123,6.5,1426.07421875,37.69091796875
19.0,40.0,1.3644518559999597,5.1,1426.07421875,37.69091796875
19.0,41.0,0.6053575860000819,12.4,1426.07421875,37.69091796875
19.0,42.0,0.5720832080000946,5.2,1426.07421875,37.69091796875
19.0,43.0,0.5957765450002626,3.4,1426.07421875,37.69091796875
19.0,44.0,1.3978127820000736,4.3,1426.07421875,37.69091796875
19.0,45.0,0.48364278999997623,6.2,1426.07421875,37.69091796875
19.0,46.0,0.7305657709998741,54.9,1426.1796875,37.69091796875
19.0,47.0,0.8522380670001439,55.3,1426.1796875,37.69091796875
19.0,48.0,0.5822280630000023,33.0,1426.1796875,37.69091796875
19.0,49.0,0.581906852999964,5.2,1426.1796875,37.69091796875
19.0,50.0,0.519026044000384,6.7,1426.18359375,37.69091796875
19.0,51.0,0.5068228479999561,4.0,1426.1875,37.69091796875
19.0,52.0,0.7620138829997813,3.3,1426.1953125,37.69091796875
19.0,53.0,0.5827847450000263,10.3,1426.2109375,37.69091796875
19.0,54.0,0.5555553969998073,8.2,1426.22265625,37.69091796875
19.0,55.0,0.2643565319999652,50.0,1426.2421875,37.69091796875
19.0,56.0,0.6131207000003087,3.2,1426.2421875,37.69091796875
19.0,57.0,0.8577437460003239,14.1,1426.2421875,37.69091796875
19.0,58.0,0.748530546999973,5.3,1426.2421875,37.69091796875
19.0,59.0,0.5534675989997595,6.3,1426.25,37.69091796875
19.0,60.0,0.6600936350000666,13.0,1426.25,37.69091796875
19.0,61.0,0.6403165869996883,7.8,1426.25,37.69091796875
19.0,62.0,0.961938695000299,2.1,1426.25390625,37.69091796875
19.0,63.0,0.6813170899999932,9.6,1426.4296875,37.69091796875
19.0,64.0,0.6992653940001219,48.9,1426.43359375,37.69091796875
19.0,65.0,0.6750356570000804,57.0,1426.43359375,37.69091796875
19.0,66.0,1.2687643929998558,25.2,1426.43359375,37.69091796875
19.0,67.0,0.652128662999985,6.2,1426.43359375,37.69091796875
19.0,68.0,0.5968475259996922,14.2,1426.4375,37.69091796875
19.0,69.0,0.6345580559996051,8.7,1426.4453125,37.69091796875
19.0,70.0,1.3349665149999055,4.9,1426.4453125,37.69091796875
19.0,71.0,0.5969481229999474,5.1,1426.4453125,37.69091796875
19.0,72.0,0.6270825430001423,6.3,1426.4453125,37.69091796875
19.0,73.0,0.8290687539997634,7.3,1426.4453125,37.69091796875
19.0,74.0,0.6117569170000934,5.7,1426.4453125,37.69091796875
19.0,75.0,0.7015969509998286,7.8,1426.44921875,37.69091796875
19.0,76.0,0.6642089369997848,17.6,1426.44921875,37.69091796875
19.0,77.0,0.5281636079998862,10.4,1426.453125,37.69091796875
19.0,78.0,0.7208874680000008,3.5,1426.453125,37.69091796875
19.0,79.0,0.8731972629998381,19.0,1426.453125,37.69091796875
19.0,80.0,0.9716363790003015,57.2,1426.45703125,37.69091796875
19.0,81.0,0.7393083030001435,37.2,1426.45703125,37.69091796875
19.0,82.0,1.0368396090002534,4.4,1426.640625,37.69091796875
19.0,83.0,0.5525892079999721,6.3,1426.640625,37.69091796875
19.0,84.0,0.6916095599999608,3.6,1426.64453125,37.69091796875
19.0,85.0,0.5333123430000342,4.7,1426.6484375,37.69091796875
19.0,86.0,0.7415848870000445,3.4,1426.65625,37.69091796875
19.0,87.0,1.0279670410000108,4.4,1426.67578125,37.69091796875
19.0,88.0,0.6125978650002253,10.6,1426.69140625,37.69091796875
19.0,89.0,0.4675975330001165,2.1,1426.69140625,37.69091796875
19.0,90.0,0.6914759619999131,3.6,1426.69140625,37.69091796875
19.0,91.0,0.7946738149998964,5.0,1426.69140625,37.69091796875
19.0,92.0,0.5070296489998327,7.1,1426.69140625,37.69091796875
19.0,93.0,0.6057650919997286,9.9,1426.69140625,37.69091796875
19.0,94.0,0.6154910889999883,7.3,1426.6953125,37.69091796875
19.0,95.0,0.6745307569999568,3.0,1426.6953125,37.69091796875
19.0,96.0,0.573256252000192,53.5,1426.78125,37.69091796875
19.0,97.0,0.9339908540000579,55.6,1426.78125,37.69091796875
19.0,98.0,0.6433838719999585,29.7,1426.78125,37.69091796875
19.0,99.0,0.6379462689997126,6.3,1426.78515625,37.69091796875
19.0,100.0,0.5562651660002302,5.4,1426.78515625,37.69091796875
20.0,1.0,0.542607463999957,5.6,1426.7890625,37.69091796875
20.0,2.0,0.6728999639999529,8.1,1426.7890625,37.69091796875
20.0,3.0,0.6286294319997978,11.1,1426.79296875,37.69091796875
20.0,4.0,0.7514922939999451,7.3,1426.79296875,37.69091796875
20.0,5.0,0.7681185240003288,9.2,1426.80078125,37.69091796875
20.0,6.0,0.6497002930000235,9.2,1426.80078125,37.69091796875
20.0,7.0,0.4775887219998367,4.2,1426.80078125,37.69091796875
20.0,8.0,0.5034401640000397,5.0,1426.80078125,37.69091796875
20.0,9.0,0.4835989069997595,6.2,1426.80078125,37.69091796875
20.0,10.0,0.6530857009997817,12.2,1426.80078125,37.69091796875
20.0,11.0,0.5726337269998112,3.5,1426.80078125,37.69091796875
20.0,12.0,0.7121093589998964,11.3,1426.80078125,37.69091796875
20.0,13.0,0.6599627470000087,9.8,1426.8046875,37.69091796875
20.0,14.0,0.4757425150000927,25.3,1426.8046875,37.69091796875
20.0,15.0,0.527585019000071,56.2,1426.8046875,37.69091796875
20.0,16.0,0.7419100869997237,61.5,1426.80859375,37.69091796875
20.0,17.0,1.0236458749996018,12.2,1426.80859375,37.69091796875
20.0,18.0,0.8716764569999214,8.6,1426.8125,37.69091796875
20.0,19.0,0.6004246499996952,12.6,1426.8203125,37.69091796875
20.0,20.0,1.5166740979998394,3.6,1426.9453125,37.69091796875
20.0,21.0,0.5129110689999834,7.8,1426.9453125,37.69091796875
20.0,22.0,1.701883211999757,2.9,1426.9453125,37.69091796875
20.0,23.0,1.0769346150000274,6.5,1426.9453125,37.69091796875
20.0,24.0,0.5193117069998152,7.7,1426.9453125,37.69091796875
20.0,25.0,0.6076503280000907,9.8,1426.9453125,37.69091796875
20.0,26.0,0.5329990169998382,3.7,1426.94921875,37.69091796875
20.0,27.0,0.5204561699997612,1.9,1426.94921875,37.69091796875
20.0,28.0,0.5352117329998691,3.7,1426.94921875,37.69091796875
20.0,29.0,0.6715653100000054,49.3,1426.94921875,37.69091796875
20.0,30.0,0.5550591599999279,56.0,1426.953125,37.69091796875
20.0,31.0,0.6185358319999068,61.3,1427.13671875,37.69091796875
20.0,32.0,0.6227879600000961,4.8,1427.140625,37.69091796875
20.0,33.0,0.9303174830001808,14.5,1427.14453125,37.69091796875
20.0,34.0,0.5745527299995956,7.0,1427.14453125,37.69091796875
20.0,35.0,1.0146032950001427,5.0,1427.15625,37.69091796875
20.0,36.0,0.7763625190000312,5.1,1427.15625,37.69091796875
20.0,37.0,0.6491003199998886,5.4,1427.171875,37.69091796875
20.0,38.0,0.6007140800002162,2.5,1427.18359375,37.69091796875
20.0,39.0,0.9659642660003556,4.7,1427.19140625,37.69091796875
20.0,40.0,0.60859970599995,4.9,1427.2109375,37.69091796875
20.0,41.0,0.6239826209998682,8.0,1427.22265625,37.69091796875
20.0,42.0,0.5683614699996724,7.1,1427.22265625,37.69091796875
20.0,43.0,0.5818711759998223,13.7,1427.30078125,37.69091796875
20.0,44.0,0.8577541909999127,8.8,1427.30078125,37.69091796875
20.0,45.0,0.5784131830000661,10.3,1427.30078125,37.69091796875
20.0,46.0,0.5364902090000214,56.6,1427.30078125,37.69091796875
20.0,47.0,0.6169925649996912,58.5,1427.30078125,37.69091796875
20.0,48.0,0.8579987869998149,36.6,1427.30078125,37.69091796875
20.0,49.0,0.8326267239999652,7.9,1427.3046875,37.69091796875
20.0,50.0,0.7427382129999387,5.4,1427.3046875,37.69091796875
20.0,51.0,0.9630430850002085,8.3,1427.30859375,37.69091796875
20.0,52.0,0.7505945050002083,5.3,1427.30859375,37.69091796875
20.0,53.0,0.6457255499999519,4.7,1427.3125,37.69091796875
20.0,54.0,0.5745495780001875,13.2,1427.3125,37.69091796875
20.0,55.0,0.5714099799997712,6.1,1427.31640625,37.69091796875
20.0,56.0,0.7947570609999275,6.9,1427.31640625,37.69091796875
20.0,57.0,0.661127788000158,9.2,1427.31640625,37.69091796875
20.0,58.0,0.546622558999843,3.7,1427.4453125,37.69091796875
20.0,59.0,0.8082366300000103,6.1,1427.4453125,37.69091796875
20.0,60.0,0.5183787349997147,5.9,1427.4453125,37.69091796875
20.0,61.0,0.5568790110000919,0.9,1427.4453125,37.69091796875
20.0,62.0,0.558118284000102,8.0,1427.4453125,37.69091796875
20.0,63.0,0.6745840039998257,55.6,1427.4453125,37.69091796875
20.0,64.0,0.6843527149999318,58.0,1427.44921875,37.69091796875
20.0,65.0,0.5678978609998921,41.4,1427.44921875,37.69091796875
20.0,66.0,0.9572582360001434,6.3,1427.453125,37.69091796875
20.0,67.0,1.024559173000398,6.9,1427.453125,37.69091796875
20.0,68.0,0.5107838130002165,3.9,1427.45703125,37.69091796875
20.0,69.0,3.342569157000071,2.8,1427.45703125,37.69091796875
20.0,70.0,0.552495583000109,7.2,1427.4609375,37.69091796875
20.0,71.0,0.9180455800001255,8.7,1427.4609375,37.69091796875
20.0,72.0,0.5377947209999547,2.8,1427.46484375,37.69091796875
20.0,73.0,0.49895917000003465,7.9,1427.46875,37.69091796875
20.0,74.0,0.6155910920001588,4.1,1427.5625,37.69091796875
20.0,75.0,0.4804188789998989,4.2,1427.57421875,37.69091796875
20.0,76.0,0.8327499990000433,40.6,1427.5859375,37.69091796875
20.0,77.0,1.7633868149996488,34.6,1427.59765625,37.69091796875
20.0,78.0,0.5485338110001976,6.4,1427.59765625,37.69091796875
20.0,79.0,0.900570413999958,5.0,1427.59765625,37.69091796875
20.0,80.0,0.6034818030002498,4.2,1427.6015625,37.69091796875
20.0,81.0,0.5582331720002003,5.3,1427.6015625,37.69091796875
20.0,82.0,0.5617898909999894,3.6,1427.6015625,37.69091796875
20.0,83.0,0.5182136620001074,2.9,1427.6015625,37.69091796875
20.0,84.0,0.776501554999868,13.6,1427.6015625,37.69091796875
20.0,85.0,0.659761645999879,13.0,1427.60546875,37.69091796875
20.0,86.0,0.6746820469998056,4.4,1427.60546875,37.69091796875
20.0,87.0,0.6811183820000224,8.8,1427.609375,37.69091796875
20.0,88.0,0.6330053500000759,8.7,1427.6171875,37.69091796875
20.0,89.0,0.6749258609997923,6.0,1427.6171875,37.69091796875
20.0,90.0,0.5309702739996283,8.4,1427.62109375,37.69091796875
20.0,91.0,0.49860565400013,5.1,1427.62109375,37.69091796875
20.0,92.0,0.5546269540000139,17.1,1427.8984375,37.69091796875
20.0,93.0,0.8905617880000136,54.2,1427.90234375,37.69091796875
20.0,94.0,0.6967546159999074,51.4,1427.90234375,37.69091796875
20.0,95.0,0.6447011789996395,4.7,1427.90234375,37.69091796875
20.0,96.0,3.051411473999906,2.6,1427.90234375,37.69091796875
20.0,97.0,0.5716342569999142,9.6,1427.90234375,37.69091796875
20.0,98.0,1.4104175219999888,8.2,1427.90234375,37.69091796875
20.0,99.0,0.5876387329999488,4.3,1427.90234375,37.69091796875
20.0,100.0,0.6426366529999541,12.4,1427.90234375,37.69091796875
21.0,1.0,0.9951335300002029,7.7,1432.703125,37.69091796875
21.0,2.0,1.7172434730000532,5.0,1432.703125,37.69091796875
21.0,3.0,0.6054601250002634,42.5,1432.703125,37.69091796875
21.0,4.0,0.7134013290001349,60.6,1432.703125,37.69091796875
21.0,5.0,0.8075387279995994,49.4,1432.703125,37.69091796875
21.0,6.0,0.5018303269998796,2.0,1432.703125,37.69091796875
21.0,7.0,0.7444171140000435,22.3,1432.703125,37.69091796875
21.0,8.0,0.8057271600000604,10.6,1432.703125,37.69091796875
21.0,9.0,0.7306851109997297,10.9,1432.703125,37.69091796875
21.0,10.0,0.5931963340003676,12.6,1432.703125,37.69091796875
21.0,11.0,0.7248213660000147,4.2,1432.703125,37.69091796875
21.0,12.0,0.5814813539996067,3.5,1432.703125,37.69091796875
21.0,13.0,0.6470325339996634,10.0,1432.703125,37.69091796875
21.0,14.0,0.625144187999922,11.2,1432.703125,37.69091796875
21.0,15.0,1.224109394000152,5.3,1432.703125,37.69091796875
21.0,16.0,0.572972356000264,3.5,1432.703125,37.69091796875
21.0,17.0,0.6891545660000702,6.5,1432.703125,37.69091796875
21.0,18.0,0.5394754459998694,5.6,1432.703125,37.69091796875
21.0,19.0,0.6101845099997263,5.7,1432.703125,37.69091796875
21.0,20.0,0.6071844150001198,47.1,1432.703125,37.69091796875
21.0,21.0,0.6217254399998637,57.3,1432.703125,37.69091796875
21.0,22.0,0.6213251379999747,55.3,1432.703125,37.69091796875
21.0,23.0,0.8857427230000212,10.2,1432.703125,37.69091796875
21.0,24.0,2.734973443999934,2.9,1432.703125,37.69091796875
21.0,25.0,0.5857049470000675,3.4,1432.703125,37.69091796875
21.0,26.0,0.47145751600010044,4.3,1432.703125,37.69091796875
21.0,27.0,0.7303089219999492,13.7,1432.703125,37.69091796875
21.0,28.0,0.5041245870002058,6.9,1432.703125,37.69091796875
21.0,29.0,0.4935853090000819,5.1,1432.703125,37.69091796875
21.0,30.0,0.5658675930003483,14.3,1432.703125,37.69091796875
21.0,31.0,0.6891435299999102,10.9,1432.703125,37.69091796875
21.0,32.0,0.5023143080002228,11.9,1432.703125,37.69091796875
21.0,33.0,0.5201647749995573,6.7,1432.703125,37.69091796875
21.0,34.0,0.48771687799990104,7.2,1432.703125,37.69091796875
21.0,35.0,0.64733682699989,7.0,1432.703125,37.69091796875
21.0,36.0,0.5583381739998003,52.3,1432.703125,37.69091796875
21.0,37.0,0.7800386970002364,60.0,1432.703125,37.69091796875
21.0,38.0,0.8074833959999523,55.9,1432.703125,37.69091796875
21.0,39.0,0.5113210240001536,1.0,1432.703125,37.69091796875
21.0,40.0,0.565417884999988,6.2,1432.703125,37.69091796875
21.0,41.0,0.579291099999864,3.4,1432.703125,37.69091796875
21.0,42.0,1.039007558999856,3.4,1432.703125,37.69091796875
21.0,43.0,0.4870585580001716,6.2,1432.703125,37.69091796875
21.0,44.0,0.5907968559999972,7.6,1432.703125,37.69091796875
21.0,45.0,0.5614707740000995,8.0,1432.703125,37.69091796875
21.0,46.0,0.5440187300000616,6.6,1432.70703125,37.69091796875
21.0,47.0,0.5624934899997243,7.1,1432.70703125,37.69091796875
21.0,48.0,0.7711669519999305,14.3,1432.70703125,37.69091796875
21.0,49.0,0.557193541000288,8.9,1432.70703125,37.69091796875
21.0,50.0,0.6040727889999289,6.6,1432.70703125,37.69091796875
21.0,51.0,0.6102737800001705,9.1,1432.70703125,37.69091796875
21.0,52.0,0.5255574960001468,7.6,1432.70703125,37.69091796875
21.0,53.0,0.47524650400009705,4.3,1432.70703125,37.69091796875
21.0,54.0,0.503461156999947,9.8,1432.70703125,37.69091796875
21.0,55.0,0.6795189720000963,51.9,1432.70703125,37.69091796875
21.0,56.0,1.7068508549996295,41.6,1432.70703125,37.69091796875
21.0,57.0,0.48019792100012637,7.3,1432.70703125,37.69091796875
21.0,58.0,0.6428615849999915,10.2,1432.70703125,37.69091796875
21.0,59.0,0.5881938899997294,6.7,1432.70703125,37.69091796875
21.0,60.0,0.7464176520002184,4.1,1432.70703125,37.69091796875
21.0,61.0,0.5986162980002518,6.7,1432.70703125,37.69091796875
21.0,62.0,0.6192719319997195,16.1,1432.70703125,37.69091796875
21.0,63.0,0.5392753779997292,7.5,1432.70703125,37.69091796875
21.0,64.0,0.6120550069999808,15.4,1432.70703125,37.69091796875
21.0,65.0,1.3960179269997752,3.2,1432.70703125,37.69091796875
21.0,66.0,0.5683311520001553,13.3,1432.70703125,37.69091796875
21.0,67.0,0.6597828789999767,8.3,1432.70703125,37.69091796875
21.0,68.0,0.7028863329996966,10.0,1432.70703125,37.69091796875
21.0,69.0,0.594530443000167,11.7,1432.70703125,37.69091796875
21.0,70.0,0.7185025690000657,14.7,1432.70703125,37.69091796875
21.0,71.0,0.6117954999999711,60.7,1432.70703125,37.69091796875
21.0,72.0,0.6706004180000491,59.4,1432.70703125,37.69091796875
21.0,73.0,0.5077404009998645,45.5,1432.70703125,37.69091796875
21.0,74.0,0.6230290569997123,8.8,1432.70703125,37.69091796875
21.0,75.0,0.5480184730004112,7.3,1432.70703125,37.69091796875
21.0,76.0,0.673291935999714,15.8,1432.70703125,37.69091796875
21.0,77.0,0.6580535660000351,9.1,1432.70703125,37.69091796875
21.0,78.0,0.6008346459998393,3.3,1432.70703125,37.69091796875
21.0,79.0,0.8748080390000723,4.0,1432.70703125,37.69091796875
21.0,80.0,0.5425634430002901,10.3,1432.70703125,37.69091796875
21.0,81.0,0.5689363249998678,8.8,1432.70703125,37.69091796875
21.0,82.0,0.39444995799976823,10.0,1432.70703125,37.69091796875
21.0,83.0,0.5155789880000157,4.9,1432.70703125,37.69091796875
21.0,84.0,0.4940793380001196,6.1,1432.70703125,37.69091796875
21.0,85.0,0.8758091380000224,4.0,1432.70703125,37.69091796875
21.0,86.0,0.5307850939998389,8.5,1432.70703125,37.69091796875
21.0,87.0,0.5586503939998693,8.0,1432.70703125,37.69091796875
21.0,88.0,0.5187402769997789,6.8,1432.70703125,37.69091796875
21.0,89.0,0.5693734639999093,10.6,1432.70703125,37.69091796875
21.0,90.0,0.4883578099997976,22.7,1432.70703125,37.69091796875
21.0,91.0,1.349313302000155,55.6,1432.70703125,37.69091796875
21.0,92.0,0.5183927909997692,25.0,1432.70703125,37.69091796875
21.0,93.0,0.5261767639999562,7.7,1432.70703125,37.69091796875
21.0,94.0,0.5282371540001805,3.8,1432.70703125,37.69091796875
21.0,95.0,0.4940496090002853,7.1,1432.70703125,37.69091796875
21.0,96.0,0.49110990400004084,8.2,1432.70703125,37.69091796875
21.0,97.0,1.0727640779996364,3.7,1432.70703125,37.69091796875
21.0,98.0,0.5383071919995928,13.1,1432.70703125,37.69091796875
21.0,99.0,0.8536428490001526,2.4,1432.70703125,37.69091796875
21.0,100.0,0.44609020600000804,11.2,1432.70703125,37.69091796875
22.0,1.0,1.2683353479997095,4.7,1432.70703125,37.69091796875
22.0,2.0,0.9505510640001376,15.3,1432.70703125,37.69091796875
22.0,3.0,0.505872659999568,7.9,1432.70703125,37.69091796875
22.0,4.0,0.6256417309996323,9.5,1432.70703125,37.69091796875
22.0,5.0,0.6490413080000508,13.3,1432.70703125,37.69091796875
22.0,6.0,0.5767598830002498,11.0,1432.70703125,37.69091796875
22.0,7.0,0.5156354269997792,52.5,1432.70703125,37.69091796875
22.0,8.0,0.4515837819999433,53.8,1432.70703125,37.69091796875
22.0,9.0,0.49399878199983505,62.2,1432.70703125,37.69091796875
22.0,10.0,1.3112902899997607,37.8,1432.70703125,37.69091796875
22.0,11.0,0.40063713600011397,2.6,1432.70703125,37.69091796875
22.0,12.0,1.7431984439999724,2.6,1432.70703125,37.69091796875
22.0,13.0,0.7331031800003984,16.4,1432.70703125,37.69091796875
22.0,14.0,0.4802610490000916,14.7,1432.70703125,37.69091796875
22.0,15.0,0.520402951000051,11.5,1432.7109375,37.69091796875
22.0,16.0,0.5885586399999738,11.8,1432.7109375,37.69091796875
22.0,17.0,0.5080265999999938,10.9,1432.71484375,37.69091796875
22.0,18.0,0.5313902320003763,2.9,1432.71484375,37.69091796875
22.0,19.0,0.596356687000025,11.7,1432.71875,37.69091796875
22.0,20.0,0.5400203970002622,5.6,1432.71875,37.69091796875
22.0,21.0,0.4062799879998238,4.9,1432.71875,37.69091796875
22.0,22.0,0.3924701979999554,6.4,1432.71875,37.69091796875
22.0,23.0,0.7335107180001614,7.5,1432.71875,37.69091796875
22.0,24.0,0.6775921070002369,11.0,1432.71875,37.69091796875
22.0,25.0,0.3729312199998276,13.3,1432.71875,37.69091796875
22.0,26.0,0.7782898800001021,66.2,1432.71875,37.69091796875
22.0,27.0,0.4783723610003108,59.4,1432.71875,37.69091796875
22.0,28.0,0.42879513099978794,68.6,1432.71875,37.69091796875
22.0,29.0,0.5323506720001205,27.6,1432.71875,37.69091796875
22.0,30.0,1.162021671000275,2.6,1432.71875,37.69091796875
22.0,31.0,1.4456049870000243,7.6,1432.71875,37.69091796875
22.0,32.0,0.6239186070001779,4.1,1432.71875,37.69091796875
22.0,33.0,0.5408034530000805,7.3,1432.71875,37.69091796875
22.0,34.0,0.43019713000012416,9.4,1432.71875,37.69091796875
22.0,35.0,0.5069125630002418,7.9,1432.71875,37.69091796875
22.0,36.0,0.4714935259999038,7.4,1432.71875,37.69091796875
22.0,37.0,0.5216350269997747,6.7,1432.71875,37.69091796875
22.0,38.0,1.03465997100011,1.9,1432.71875,37.69091796875
22.0,39.0,0.7002955210000437,5.0,1432.71875,37.69091796875
22.0,40.0,0.601538175999849,11.0,1432.71875,37.69091796875
22.0,41.0,0.39771299099993485,3.7,1432.71875,37.69091796875
22.0,42.0,0.5351846879998448,11.2,1432.71875,37.69091796875
22.0,43.0,0.5778660810001384,6.9,1432.71875,37.69091796875
22.0,44.0,0.8094985460002135,59.6,1432.71875,37.69091796875
22.0,45.0,0.38909507299968027,65.4,1432.71875,37.69091796875
22.0,46.0,0.5084701190003216,61.0,1432.71875,37.69091796875
22.0,47.0,4.597431320999931,4.8,1432.71875,37.69091796875
22.0,48.0,0.546418666000136,4.6,1432.71875,37.69091796875
22.0,49.0,0.32400609599972086,56.2,1432.71875,37.69091796875
22.0,50.0,0.6273476619999201,5.6,1432.71875,37.69091796875
22.0,51.0,0.6021303370002897,7.4,1432.71875,37.69091796875
22.0,52.0,0.5622639900002468,8.0,1432.71875,37.69091796875
22.0,53.0,0.3775639619998401,6.6,1432.71875,37.69091796875
22.0,54.0,0.6225480969997079,6.4,1432.71875,37.69091796875
22.0,55.0,0.6230308080002942,5.7,1432.71875,37.69091796875
22.0,56.0,0.5991747200000646,3.3,1432.71875,37.69091796875
22.0,57.0,0.9906912360002025,21.3,1432.71875,37.69091796875
22.0,58.0,0.5089573609998297,57.3,1432.71875,37.69091796875
22.0,59.0,0.5034503389997553,55.6,1432.71875,37.69091796875
22.0,60.0,0.468907264000336,64.5,1432.71875,37.69091796875
22.0,61.0,0.8476913209997292,4.7,1432.71875,37.69091796875
22.0,62.0,0.4794852219997665,6.2,1432.71875,37.69091796875
22.0,63.0,0.49694964299987987,5.1,1432.71875,37.69091796875
22.0,64.0,0.5771215239997218,2.6,1432.71875,37.69091796875
22.0,65.0,0.7520830319999732,5.3,1432.71875,37.69091796875
22.0,66.0,0.3938860910002404,5.1,1432.71875,37.69091796875
22.0,67.0,0.4637538960000711,5.4,1432.71875,37.69091796875
22.0,68.0,0.5784211870000036,11.2,1432.71875,37.69091796875
22.0,69.0,0.5121596630001477,4.9,1432.71875,37.69091796875
22.0,70.0,0.8019648080003208,16.9,1432.71875,37.69091796875
22.0,71.0,0.7150810240000283,4.2,1432.71875,37.69091796875
22.0,72.0,0.4747445599996354,11.7,1432.71875,37.69091796875
22.0,73.0,0.564015959000244,6.2,1432.71875,37.69091796875
22.0,74.0,0.5716804190001312,7.9,1432.71875,37.69091796875
22.0,75.0,0.38955116699980863,2.6,1432.71875,37.69091796875
22.0,76.0,0.4718412549996174,9.6,1432.71875,37.69091796875
22.0,77.0,0.47429236800007857,12.4,1432.71875,37.69091796875
22.0,78.0,0.4543426670002191,28.9,1432.71875,37.69091796875
22.0,79.0,0.6105068489996484,55.7,1432.71875,37.69091796875
22.0,80.0,0.8654689939999116,64.3,1432.71875,37.69091796875
22.0,81.0,0.4271160080002119,37.2,1432.71875,37.69091796875
22.0,82.0,0.6219021240003713,7.3,1432.71875,37.69091796875
22.0,83.0,0.5531879919999483,11.7,1432.71875,37.69091796875
22.0,84.0,0.6471145400000751,5.4,1432.71875,37.69091796875
22.0,85.0,0.8325741989997368,9.6,1432.71875,37.69091796875
22.0,86.0,0.6206495700002961,8.1,1432.71875,37.69091796875
22.0,87.0,0.4982477880002989,3.0,1432.71875,37.69091796875
22.0,88.0,0.5615287339996939,4.4,1432.71875,37.69091796875
22.0,89.0,0.5453786610000861,9.2,1432.71875,37.69091796875
22.0,90.0,0.568033873999866,11.4,1432.71875,37.69091796875
22.0,91.0,0.3703942129995994,6.8,1432.71875,37.69091796875
22.0,92.0,0.5862105100000008,5.1,1432.71875,37.69091796875
22.0,93.0,0.5079775100002735,10.9,1432.71875,37.69091796875
22.0,94.0,0.5468801699998949,12.7,1432.71875,37.69091796875
22.0,95.0,0.6827622440000596,14.0,1432.71875,37.69091796875
22.0,96.0,0.5241129760001968,7.6,1432.71875,37.69091796875
22.0,97.0,0.5649445829999422,3.5,1432.71875,37.69091796875
22.0,98.0,3.0111519580000277,31.3,1432.71875,37.69091796875
22.0,99.0,0.4916027330000361,9.2,1432.71875,37.69091796875
22.0,100.0,0.4779934990001493,8.3,1432.71875,37.69091796875
23.0,1.0,0.542793576999884,7.4,1432.71875,37.69091796875
23.0,2.0,0.5851991629997428,11.1,1432.71875,37.69091796875
23.0,3.0,0.453964582000026,3.3,1432.71875,37.69091796875
23.0,4.0,0.6511755209999137,5.4,1432.71875,37.69091796875
23.0,5.0,0.5221128620000854,10.6,1432.71875,37.69091796875
23.0,6.0,0.6227672080003686,12.1,1432.71875,37.69091796875
23.0,7.0,0.6533728609997524,6.1,1432.71875,37.69091796875
23.0,8.0,0.5045497030000661,4.0,1432.71875,37.69091796875
23.0,9.0,0.6075548230001004,9.9,1432.71875,37.69091796875
23.0,10.0,0.7402737689999412,9.5,1432.71875,37.69091796875
23.0,11.0,0.6057305130002533,10.7,1432.71875,37.69091796875
23.0,12.0,0.53639388900001,5.6,1432.71875,37.69091796875
23.0,13.0,0.5828327990002435,8.6,1432.71875,37.69091796875
23.0,14.0,0.5001318099998571,2.0,1432.71875,37.69091796875
23.0,15.0,3.291784793000261,29.6,1432.71875,37.69091796875
23.0,16.0,0.5972705429999223,5.1,1432.71875,37.69091796875
23.0,17.0,0.5727271900000233,12.2,1432.71875,37.69091796875
23.0,18.0,0.7062728460000471,12.1,1432.71875,37.69091796875
23.0,19.0,0.5997518269996363,10.8,1432.71875,37.69091796875
23.0,20.0,0.5839274270001624,6.9,1432.71875,37.69091796875
23.0,21.0,0.6274023880000641,9.4,1432.71875,37.69091796875
23.0,22.0,0.5171181760001673,6.9,1432.71875,37.69091796875
23.0,23.0,0.5704755309998291,11.4,1432.71875,37.69091796875
23.0,24.0,0.5345508640002663,6.5,1432.71875,37.69091796875
23.0,25.0,0.6720273350001662,9.6,1432.71875,37.69091796875
23.0,26.0,0.5794172010000693,3.5,1432.71875,37.69091796875
23.0,27.0,0.6516277299997455,9.8,1432.71875,37.69091796875
23.0,28.0,0.8673389410000709,4.7,1432.71875,37.69091796875
23.0,29.0,0.7667687759999353,43.1,1432.71875,37.69091796875
23.0,30.0,0.5439027470001747,60.6,1432.71875,37.69091796875
23.0,31.0,0.5137826179998228,59.0,1432.71875,37.69091796875
23.0,32.0,0.5272456130001046,23.8,1432.71875,37.69091796875
23.0,33.0,0.5873001770000883,6.8,1432.71875,37.69091796875
23.0,34.0,2.1971131630002674,5.5,1432.71875,37.69091796875
23.0,35.0,0.5695434750000459,7.0,1432.71875,37.69091796875
23.0,36.0,0.5467138869998962,9.2,1432.71875,37.69091796875
23.0,37.0,0.6888656480000463,5.1,1432.71875,37.69091796875
23.0,38.0,0.5470545190000848,7.3,1432.71875,37.69091796875
23.0,39.0,0.5168432290001874,8.7,1432.71875,37.69091796875
23.0,40.0,0.6137484729997595,7.4,1432.71875,37.69091796875
23.0,41.0,0.5093215739998413,7.8,1432.71875,37.69091796875
23.0,42.0,0.5223500970000714,6.7,1432.71875,37.69091796875
23.0,43.0,0.5542910919998576,9.1,1432.71875,37.69091796875
23.0,44.0,0.5254528010000286,4.8,1432.71875,37.69091796875
23.0,45.0,0.5876082490003682,9.4,1432.71875,37.69091796875
23.0,46.0,0.9027300060001835,19.4,1432.71875,37.69091796875
23.0,47.0,0.6366821120000168,56.7,1432.71875,37.69091796875
23.0,48.0,0.6437456080002448,63.3,1432.71875,37.69091796875
23.0,49.0,0.5465445680001721,28.2,1432.71875,37.69091796875
23.0,50.0,0.9133082640000794,4.4,1432.71875,37.69091796875
23.0,51.0,0.6151800470001945,7.3,1432.71875,37.69091796875
23.0,52.0,0.5191910989997268,2.9,1432.71875,37.69091796875
23.0,53.0,1.0910750179996285,7.3,1432.71875,37.69091796875
23.0,54.0,0.5501472370001466,3.7,1432.71875,37.69091796875
23.0,55.0,0.7410638979999931,8.1,1432.71875,37.69091796875
23.0,56.0,0.5636336249999658,8.9,1432.71875,37.69091796875
23.0,57.0,2.958715624999968,4.2,1432.71875,37.69091796875
23.0,58.0,0.7676458659998389,7.9,1432.71875,37.69091796875
23.0,59.0,1.0971662269998887,17.4,1432.71875,37.69091796875
23.0,60.0,0.6622574139996686,62.9,1432.71875,37.69091796875
23.0,61.0,2.423324586000035,22.8,1432.71875,37.69091796875
23.0,62.0,0.5527920640001867,10.0,1432.71875,37.69091796875
23.0,63.0,0.5008902989998205,5.9,1432.71875,37.69091796875
23.0,64.0,0.4979501689999779,5.0,1432.71875,37.69091796875
23.0,65.0,0.4083605929999976,6.2,1432.71875,37.69091796875
23.0,66.0,0.5020421189997251,5.0,1432.71875,37.69091796875
23.0,67.0,0.5498079320000215,8.1,1432.71875,37.69091796875
23.0,68.0,0.557931734000249,1.8,1432.71875,37.69091796875
23.0,69.0,0.5922497120000116,6.8,1432.71875,37.69091796875
23.0,70.0,0.7813956709997001,6.4,1432.71875,37.69091796875
23.0,71.0,0.41794166399995447,6.0,1432.71875,37.69091796875
23.0,72.0,0.5498283900001297,10.0,1432.71875,37.69091796875
23.0,73.0,0.5440130550000504,6.4,1432.72265625,37.69091796875
23.0,74.0,0.47556250100024045,10.5,1432.7265625,37.69091796875
23.0,75.0,0.5849961479998456,7.9,1432.7265625,37.69091796875
23.0,76.0,0.7271766339999886,5.4,1432.7265625,37.69091796875
23.0,77.0,0.527784290999989,43.3,1432.7265625,37.69091796875
23.0,78.0,0.6496865409999373,57.7,1432.7265625,37.69091796875
23.0,79.0,0.5884146280000095,65.2,1432.7265625,37.69091796875
23.0,80.0,0.6834619969999949,27.2,1432.7265625,37.69091796875
23.0,81.0,0.4640326530002312,9.6,1432.7265625,37.69091796875
23.0,82.0,0.5680521730000692,3.6,1432.7265625,37.69091796875
23.0,83.0,0.5088125070001297,8.9,1432.7265625,37.69091796875
23.0,84.0,0.699277481000081,8.5,1432.7265625,37.69091796875
23.0,85.0,0.7118449810000129,5.6,1432.7265625,37.69091796875
23.0,86.0,0.6583467600003132,9.0,1432.7265625,37.69091796875
23.0,87.0,0.49651256699962687,3.1,1432.7265625,37.69091796875
23.0,88.0,1.6722157770000194,4.2,1432.7265625,37.69091796875
23.0,89.0,0.4639294409998911,7.5,1432.7265625,37.69091796875
23.0,90.0,0.5842816370000037,7.7,1432.7265625,37.69091796875
23.0,91.0,0.5556640630002221,6.3,1432.73046875,37.69091796875
23.0,92.0,0.550576369999817,5.5,1432.73046875,37.69091796875
23.0,93.0,0.6340454729997873,11.1,1432.73046875,37.69091796875
23.0,94.0,0.46558096399985516,7.4,1432.73046875,37.69091796875
23.0,95.0,0.4118767279996973,12.0,1432.73046875,37.69091796875
23.0,96.0,0.5977787990000252,53.4,1432.73046875,37.69091796875
23.0,97.0,0.43238860000019486,59.3,1432.73046875,37.69091796875
23.0,98.0,0.7417932719999953,67.8,1432.73046875,37.69091796875
23.0,99.0,0.5892304509998212,26.5,1432.73046875,37.69091796875
23.0,100.0,1.393888464000156,2.5,1432.73046875,37.69091796875
24.0,1.0,0.8867666680002912,9.5,1432.73046875,37.69091796875
24.0,2.0,0.5087318419996336,13.9,1432.73046875,37.69091796875
24.0,3.0,0.5303350399999545,6.6,1432.73046875,37.69091796875
24.0,4.0,0.6112630239999817,9.1,1432.73046875,37.69091796875
24.0,5.0,0.5804130960000293,20.5,1432.73046875,37.69091796875
24.0,6.0,0.4457322150001346,11.2,1432.73046875,37.69091796875
24.0,7.0,0.4039418430002115,7.5,1432.73046875,37.69091796875
24.0,8.0,0.5309973559997161,9.4,1432.73046875,37.69091796875
24.0,9.0,0.6391204950000429,11.0,1432.73046875,37.69091796875
24.0,10.0,0.40775614299991503,9.8,1432.73046875,37.69091796875
24.0,11.0,0.476581399999759,6.3,1432.73046875,37.69091796875
24.0,12.0,0.597348749000048,4.2,1432.73046875,37.69091796875
24.0,13.0,0.43426997200003825,7.0,1432.73046875,37.69091796875
24.0,14.0,0.5078334800000448,12.7,1432.73046875,37.69091796875
24.0,15.0,0.5098594040000535,5.8,1432.73046875,37.69091796875
24.0,16.0,0.5651605279999785,58.0,1432.73046875,37.69091796875
24.0,17.0,0.5022634769998149,55.0,1432.73046875,37.69091796875
24.0,18.0,0.5558901469999,62.7,1432.73046875,37.69091796875
24.0,19.0,0.4908814679997704,39.6,1432.73046875,37.69091796875
24.0,20.0,0.46501824200004194,7.4,1432.73046875,37.69091796875
24.0,21.0,0.449429126999803,3.3,1432.73046875,37.69091796875
24.0,22.0,0.528811284999847,5.7,1432.73046875,37.69091796875
24.0,23.0,0.8074516570000014,5.6,1432.73046875,37.69091796875
24.0,24.0,0.5748358450000524,7.0,1432.73046875,37.69091796875
24.0,25.0,0.4354099719998885,6.9,1432.73046875,37.69091796875
24.0,26.0,0.36316182100017613,8.2,1432.73046875,37.69091796875
24.0,27.0,0.7577902549996907,7.9,1432.73046875,37.69091796875
24.0,28.0,0.4593317509998087,7.7,1432.73046875,37.69091796875
24.0,29.0,0.6036108339999373,16.5,1432.73046875,37.69091796875
24.0,30.0,0.4490764389997821,5.6,1432.73046875,37.69091796875
24.0,31.0,1.6397985859998698,2.8,1432.73046875,37.69091796875
24.0,32.0,0.8265032149997751,5.5,1432.73046875,37.69091796875
24.0,33.0,0.5286060210000869,5.6,1432.73046875,37.69091796875
24.0,34.0,0.45087839999996504,4.5,1432.73046875,37.69091796875
24.0,35.0,0.3755533309999919,10.7,1432.73046875,37.69091796875
24.0,36.0,0.4671128119998684,47.9,1432.73046875,37.69091796875
24.0,37.0,0.633495830999891,65.4,1432.73046875,37.69091796875
24.0,38.0,0.41040158599980714,60.0,1432.73046875,37.69091796875
24.0,39.0,0.4130833540002641,64.6,1432.73046875,37.69091796875
24.0,40.0,0.554864773999725,20.9,1432.73046875,37.69091796875
24.0,41.0,0.4225216499999078,9.4,1432.73046875,37.69091796875
24.0,42.0,0.5854214670002875,5.9,1432.73046875,37.69091796875
24.0,43.0,0.5873636110000007,6.9,1432.73046875,37.69091796875
24.0,44.0,0.48492215499982194,13.4,1432.73046875,37.69091796875
24.0,45.0,0.5283539509996444,10.4,1432.73046875,37.69091796875
24.0,46.0,0.762472954000259,2.0,1432.73046875,37.69091796875
24.0,47.0,0.6211977670000124,14.4,1432.73046875,37.69091796875
24.0,48.0,0.4565844849998939,3.3,1432.73046875,37.69091796875
24.0,49.0,0.7671658620001836,7.8,1432.73046875,37.69091796875
24.0,50.0,0.5170087079995938,7.7,1432.73046875,37.69091796875
24.0,51.0,0.632000452000284,11.1,1432.73046875,37.69091796875
24.0,52.0,0.48259780699982,8.3,1432.73046875,37.69091796875
24.0,53.0,0.5162677379998968,5.8,1432.73046875,37.69091796875
24.0,54.0,0.6033601740000449,7.4,1432.73046875,37.69091796875
24.0,55.0,0.5371784709996064,4.7,1432.73046875,37.69091796875
24.0,56.0,0.5693519229998856,7.1,1432.73046875,37.69091796875
24.0,57.0,0.5902122550000968,20.5,1432.73046875,37.69091796875
24.0,58.0,0.5639572789996237,54.5,1432.73046875,37.69091796875
24.0,59.0,0.5467485610001859,62.4,1432.73046875,37.69091796875
24.0,60.0,0.5694254420000107,62.3,1432.73046875,37.69091796875
24.0,61.0,0.8090340240000842,23.0,1432.73046875,37.69091796875
24.0,62.0,0.6691671379999207,11.2,1432.73046875,37.69091796875
24.0,63.0,0.5124702890002482,6.9,1432.73046875,37.69091796875
24.0,64.0,0.49795858099969337,8.9,1432.73046875,37.69091796875
24.0,65.0,0.4381378789998962,6.9,1432.73046875,37.69091796875
24.0,66.0,2.622901069999898,3.2,1432.73046875,37.69091796875
24.0,67.0,0.6497716250000849,7.8,1432.73046875,37.69091796875
24.0,68.0,0.8574327129999801,7.0,1432.73046875,37.69091796875
24.0,69.0,1.6338705930002106,3.7,1432.73046875,37.69091796875
24.0,70.0,0.540789876999952,10.2,1432.73046875,37.69091796875
24.0,71.0,0.5124526580002566,5.8,1432.73046875,37.69091796875
24.0,72.0,0.6206637109999065,39.8,1432.73046875,37.69091796875
24.0,73.0,0.5077214320003804,58.8,1432.73046875,37.69091796875
24.0,74.0,0.6758738039998207,60.0,1432.73046875,37.69091796875
24.0,75.0,0.5532138980001946,25.0,1432.73046875,37.69091796875
24.0,76.0,0.5185445219999565,7.8,1432.73046875,37.69091796875
24.0,77.0,0.4630424590000075,3.2,1432.73046875,37.69091796875
24.0,78.0,0.644994905999738,7.8,1432.73046875,37.69091796875
24.0,79.0,0.5415010080000684,5.6,1432.73046875,37.69091796875
24.0,80.0,0.4659409959999721,7.4,1432.73046875,37.69091796875
24.0,81.0,0.5982736099999784,4.2,1432.73046875,37.69091796875
24.0,82.0,0.4957398159999684,7.1,1432.73046875,37.69091796875
24.0,83.0,0.5414040619998559,3.7,1432.73046875,37.69091796875
24.0,84.0,0.43156336099991677,9.3,1432.73046875,37.69091796875
24.0,85.0,0.42373120299998845,5.9,1432.73046875,37.69091796875
24.0,86.0,0.6537635599997884,15.4,1432.73046875,37.69091796875
24.0,87.0,0.4198355049998099,9.4,1432.73046875,37.69091796875
24.0,88.0,0.4109283759999016,8.5,1432.73046875,37.69091796875
24.0,89.0,0.4420934089998809,8.0,1432.73046875,37.69091796875
24.0,90.0,0.4582831279999482,12.9,1432.73046875,37.69091796875
24.0,91.0,0.4838242129999344,6.3,1432.73046875,37.69091796875
24.0,92.0,0.5016116460001285,12.9,1432.73046875,37.69091796875
24.0,93.0,0.8915168829998947,7.9,1432.73046875,37.69091796875
24.0,94.0,0.5242727529998774,36.8,1432.73046875,37.69091796875
24.0,95.0,0.4805524630000946,59.4,1432.73046875,37.69091796875
24.0,96.0,0.556627226999808,60.9,1432.73046875,37.69091796875
24.0,97.0,0.5243192030002319,61.0,1432.73046875,37.69091796875
24.0,98.0,0.5927009639999596,14.4,1432.73046875,37.69091796875
24.0,99.0,0.5151507479999964,4.9,1432.73046875,37.69091796875
24.0,100.0,0.7279079820000334,6.9,1432.73046875,37.69091796875
25.0,1.0,0.42343584500031284,8.2,1432.73046875,37.69091796875
25.0,2.0,0.5243030299998281,3.9,1432.73046875,37.69091796875
25.0,3.0,0.555516231999718,12.5,1432.73046875,37.69091796875
25.0,4.0,0.6026143369999772,5.9,1432.73046875,37.69091796875
25.0,5.0,1.3833216389998597,4.3,1432.73046875,37.69091796875
25.0,6.0,0.42105110800002876,11.9,1432.73046875,37.69091796875
25.0,7.0,0.6057435309999164,7.4,1432.73046875,37.69091796875
25.0,8.0,0.7788587670002016,6.5,1432.73046875,37.69091796875
25.0,9.0,0.5241621309996845,7.6,1432.73046875,37.69091796875
25.0,10.0,0.5289380069998515,17.0,1432.73046875,37.69091796875
25.0,11.0,0.6806190500001321,5.9,1432.73046875,37.69091796875
25.0,12.0,0.6632116839996343,9.8,1432.73046875,37.69091796875
25.0,13.0,0.6430361059997267,16.5,1432.73046875,37.69091796875
25.0,14.0,0.7394922049998058,62.2,1432.73046875,37.69091796875
25.0,15.0,0.6550416430000041,64.9,1432.73046875,37.69091796875
25.0,16.0,0.560020995999821,46.8,1432.73046875,37.69091796875
25.0,17.0,0.5043487650000316,8.9,1432.73046875,37.69091796875
25.0,18.0,0.5916611570000896,7.6,1432.73046875,37.69091796875
25.0,19.0,0.5440478370001074,7.4,1432.73046875,37.69091796875
25.0,20.0,0.5735263950000444,6.9,1432.73046875,37.69091796875
25.0,21.0,0.6616175989997828,9.1,1432.73046875,37.69091796875
25.0,22.0,0.4561748279998028,11.1,1432.73046875,37.69091796875
25.0,23.0,0.46937694300004296,5.3,1432.73046875,37.69091796875
25.0,24.0,0.5758447660000456,19.3,1432.73046875,37.69091796875
25.0,25.0,0.5352630800002771,10.2,1432.73046875,37.69091796875
25.0,26.0,0.5405477270001029,4.6,1432.73046875,37.69091796875
25.0,27.0,0.7469857690002755,7.4,1432.73046875,37.69091796875
25.0,28.0,0.5894270099997811,7.7,1432.73046875,37.69091796875
25.0,29.0,0.5743963879999683,6.0,1432.73046875,37.69091796875
25.0,30.0,0.48309814000003826,7.3,1432.73046875,37.69091796875
25.0,31.0,0.524363419999645,5.8,1432.73046875,37.69091796875
25.0,32.0,3.432255576999978,27.8,1432.73046875,37.69091796875
25.0,33.0,0.6395495470001151,10.2,1432.73046875,37.69091796875
25.0,34.0,0.5523216479996336,15.3,1432.73046875,37.69091796875
25.0,35.0,0.44724249099999724,11.2,1432.73046875,37.69091796875
25.0,36.0,0.6094950570000037,24.6,1432.73046875,37.69091796875
25.0,37.0,1.4165725439997914,3.2,1432.73046875,37.69091796875
25.0,38.0,0.4073402190001616,8.6,1432.73046875,37.69091796875
25.0,39.0,0.48498403299981874,4.1,1432.73046875,37.69091796875
25.0,40.0,0.5578018669998528,11.6,1432.73046875,37.69091796875
25.0,41.0,0.6514041640002688,3.1,1432.73046875,37.69091796875
25.0,42.0,0.5192723750001278,7.8,1432.73046875,37.69091796875
25.0,43.0,0.4619230480002443,8.6,1432.73046875,37.69091796875
25.0,44.0,0.5262032219998218,7.7,1432.73046875,37.69091796875
25.0,45.0,0.5147720519998984,6.7,1432.73046875,37.69091796875
25.0,46.0,0.40698835200009853,8.6,1432.73046875,37.69091796875
25.0,47.0,0.3784493250000196,5.4,1432.73046875,37.69091796875
25.0,48.0,0.5956651100000272,22.7,1432.73046875,37.69091796875
25.0,49.0,0.5801578509999672,18.6,1432.73046875,37.69091796875
25.0,50.0,2.3267940100004125,41.1,1432.73046875,37.69091796875
25.0,51.0,0.4759146320002401,10.5,1432.73046875,37.69091796875
25.0,52.0,0.7156034619997627,6.3,1432.73046875,37.69091796875
25.0,53.0,0.4161476459998994,7.1,1432.73046875,37.69091796875
25.0,54.0,0.5046555369999624,7.0,1432.73046875,37.69091796875
25.0,55.0,0.5196452840000347,8.7,1432.73046875,37.69091796875
25.0,56.0,0.5336847290000151,7.4,1432.73046875,37.69091796875
25.0,57.0,0.6331199979999838,14.3,1432.73046875,37.69091796875
25.0,58.0,0.5416045580000173,10.3,1432.73046875,37.69091796875
25.0,59.0,0.362977310000133,6.8,1432.73046875,37.69091796875
25.0,60.0,0.6132111580000128,9.8,1432.73046875,37.69091796875
25.0,61.0,8.28733664299989,13.4,1432.73046875,37.69091796875
25.0,62.0,3.1626170499998807,2.1,1432.73046875,37.69091796875
25.0,63.0,0.692304877999959,8.7,1432.73046875,37.69091796875
25.0,64.0,0.6296757489999436,4.8,1432.73046875,37.69091796875
25.0,65.0,0.5786449659999562,10.4,1432.73046875,37.69091796875
25.0,66.0,0.6185914050001884,8.1,1432.73046875,37.69091796875
25.0,67.0,0.6131294090000665,16.3,1432.73046875,37.69091796875
25.0,68.0,0.6822988929998246,8.1,1432.73046875,37.69091796875
25.0,69.0,0.7624064139999973,24.3,1432.73046875,37.69091796875
25.0,70.0,0.6500906880000912,59.2,1432.73046875,37.69091796875
25.0,71.0,0.6105083540001033,62.3,1432.73046875,37.69091796875
25.0,72.0,0.7848658530001558,28.2,1432.73046875,37.69091796875
25.0,73.0,0.5946829880003861,8.5,1432.73046875,37.69091796875
25.0,74.0,0.569409055000051,1.8,1432.73046875,37.69091796875
25.0,75.0,0.7314355650000834,8.9,1432.73046875,37.69091796875
25.0,76.0,0.6585653789998105,7.6,1432.73046875,37.69091796875
25.0,77.0,0.6006694039997456,4.2,1432.73046875,37.69091796875
25.0,78.0,0.6319491649996962,7.9,1432.73046875,37.69091796875
25.0,79.0,0.5907704699998249,8.5,1432.73046875,37.69091796875
25.0,80.0,0.5758509639999829,5.2,1432.73046875,37.69091796875
25.0,81.0,0.4815026289998059,4.2,1432.73046875,37.69091796875
25.0,82.0,0.5600648989998263,7.1,1432.73046875,37.69091796875
25.0,83.0,0.7054596429998128,6.4,1432.73046875,37.69091796875
25.0,84.0,0.6585000300001411,6.1,1432.73046875,37.69091796875
25.0,85.0,3.4282023440000557,22.4,1432.73046875,37.69091796875
25.0,86.0,0.6777144450002197,58.2,1432.73046875,37.69091796875
25.0,87.0,0.5999376589998064,11.6,1432.73046875,37.69091796875
25.0,88.0,0.5099415140002748,3.0,1432.73046875,37.69091796875
25.0,89.0,1.3733812240002408,6.5,1432.73046875,37.69091796875
25.0,90.0,0.8231935429998885,16.6,1432.73046875,37.69091796875
25.0,91.0,0.682966924000084,11.0,1432.73046875,37.69091796875
25.0,92.0,0.8104860839998764,2.5,1432.73046875,37.69091796875
25.0,93.0,0.5316114190000008,7.5,1432.73046875,37.69091796875
25.0,94.0,0.7807079350000095,2.6,1432.73046875,37.69091796875
25.0,95.0,0.6527412620002906,3.1,1432.73046875,37.69091796875
25.0,96.0,0.6674246950001361,8.3,1432.73046875,37.69091796875
25.0,97.0,0.546796171999631,5.5,1432.73046875,37.69091796875
25.0,98.0,0.6993725249999443,7.1,1432.73046875,37.69091796875
25.0,99.0,0.5983595239999886,3.4,1432.73046875,37.69091796875
25.0,100.0,0.6511222200001612,14.0,1432.73046875,37.69091796875
26.0,1.0,0.6265770600002725,62.4,1432.73046875,37.69091796875
26.0,2.0,0.7781511920002231,68.4,1432.73046875,37.69091796875
26.0,3.0,0.737449376999848,37.4,1432.73046875,37.69091796875
26.0,4.0,0.5313698290001412,6.7,1432.73046875,37.69091796875
26.0,5.0,0.5900652660002379,5.1,1432.80859375,37.69091796875
26.0,6.0,0.552526989999933,10.8,1432.80859375,37.69091796875
26.0,7.0,0.5559370269997999,7.2,1432.81640625,37.69091796875
26.0,8.0,0.7199158860003081,6.3,1432.81640625,37.69091796875
26.0,9.0,0.5208238119998896,6.7,1432.81640625,37.69091796875
26.0,10.0,0.5997923269997045,5.8,1432.81640625,37.69091796875
26.0,11.0,0.5913463859997137,3.4,1432.81640625,37.69091796875
26.0,12.0,0.7184848740002963,4.9,1432.81640625,37.69091796875
26.0,13.0,0.6690268570000626,6.0,1432.81640625,37.69091796875
26.0,14.0,0.5692731039998762,7.0,1432.81640625,37.69091796875
26.0,15.0,1.1071068239998567,3.6,1432.8984375,37.69091796875
26.0,16.0,0.788976484000159,7.6,1432.8984375,37.69091796875
26.0,17.0,0.6691839499999332,5.3,1432.8984375,37.69091796875
26.0,18.0,0.5124315550001484,16.5,1432.96875,37.69091796875
26.0,19.0,0.7192029479997473,60.1,1432.96875,37.69091796875
26.0,20.0,0.5525074159995711,60.0,1432.96875,37.69091796875
26.0,21.0,0.7219367699999566,38.7,1432.97265625,37.69091796875
26.0,22.0,0.6900384240002495,11.4,1433.13671875,37.69091796875
26.0,23.0,0.7173074500001348,6.3,1433.13671875,37.69091796875
26.0,24.0,0.6566225189999386,6.1,1433.140625,37.69091796875
26.0,25.0,0.8989453839999442,3.3,1433.140625,37.69091796875
26.0,26.0,0.6607593920002728,6.8,1433.140625,37.69091796875
26.0,27.0,1.0200441659999342,4.9,1433.140625,37.69091796875
26.0,28.0,0.7277113879999888,5.5,1433.14453125,37.69091796875
26.0,29.0,0.6486532600001738,8.5,1433.14453125,37.69091796875
26.0,30.0,0.7110770270001012,7.7,1433.14453125,37.69091796875
26.0,31.0,2.073343145999843,2.9,1433.14453125,37.69091796875
26.0,32.0,1.7365339079997284,30.6,1433.14453125,37.69091796875
26.0,33.0,0.6190753710002355,65.9,1433.14453125,37.69091796875
26.0,34.0,0.8887361289998807,22.2,1433.375,37.69091796875
26.0,35.0,0.6275492529998701,4.8,1433.375,37.69091796875
26.0,36.0,0.6249774330003675,7.3,1433.37890625,37.69091796875
26.0,37.0,0.6394940479999605,7.1,1433.37890625,37.69091796875
26.0,38.0,0.5566698800002996,6.2,1433.3828125,37.69091796875
26.0,39.0,0.7316615699996873,6.8,1433.3828125,37.69091796875
26.0,40.0,0.29189128300004086,50.0,1433.38671875,37.69091796875
26.0,41.0,0.6070595259998299,10.8,1433.43359375,37.69091796875
26.0,42.0,0.6961276229999385,9.4,1433.43359375,37.69091796875
26.0,43.0,0.5185280740001872,7.6,1433.43359375,37.69091796875
26.0,44.0,0.5298945880003885,1.9,1433.43359375,37.69091796875
26.0,45.0,0.7388809869999022,5.4,1433.43359375,37.69091796875
26.0,46.0,0.6006796329997997,5.8,1433.43359375,37.69091796875
26.0,47.0,0.6011623110002802,5.8,1433.58203125,37.69091796875
26.0,48.0,0.6032802019999508,3.3,1433.58203125,37.69091796875
26.0,49.0,0.7358636720000504,5.4,1433.58203125,37.69091796875
26.0,50.0,0.8499589170000945,42.6,1433.58203125,37.69091796875
26.0,51.0,0.6907396589999735,63.2,1433.5859375,37.69091796875
26.0,52.0,0.6014771850000216,50.0,1433.5859375,37.69091796875
26.0,53.0,0.614906038999834,6.6,1433.58984375,37.69091796875
26.0,54.0,0.5695047109998086,3.5,1433.58984375,37.69091796875
26.0,55.0,0.7841621259999556,5.7,1433.58984375,37.69091796875
26.0,56.0,0.6509774790001757,3.8,1433.640625,37.69091796875
26.0,57.0,0.5568356610001501,4.5,1433.640625,37.69091796875
26.0,58.0,3.1515588900001603,2.9,1433.640625,37.69091796875
26.0,59.0,0.5742711479997524,2.6,1433.64453125,37.69091796875
26.0,60.0,0.6401640129997759,10.1,1433.6484375,37.69091796875
26.0,61.0,0.6780460149998362,11.1,1433.66015625,37.69091796875
26.0,62.0,4.479923634999977,21.5,1433.66796875,37.69091796875
26.0,63.0,0.5517003900004056,6.4,1433.67578125,37.69091796875
26.0,64.0,0.5674404850001338,5.3,1433.67578125,37.69091796875
26.0,65.0,9.892641252999965,10.6,1433.67578125,37.69091796875
26.0,66.0,0.5570969210002659,3.6,1433.67578125,37.69091796875
26.0,67.0,0.9080977140001778,5.0,1433.67578125,37.69091796875
26.0,68.0,0.5471816089998356,5.5,1433.67578125,37.69091796875
26.0,69.0,0.6667609520000042,2.3,1433.67578125,37.69091796875
26.0,70.0,0.747425561,13.4,1433.6796875,37.69091796875
26.0,71.0,0.621606244999839,7.2,1433.6796875,37.69091796875
26.0,72.0,0.6407612489997518,3.1,1433.6796875,37.69091796875
26.0,73.0,1.6719292630000382,5.1,1433.68359375,37.69091796875
26.0,74.0,0.7012722380000014,9.3,1433.68359375,37.69091796875
26.0,75.0,0.5687207119999584,1.8,1433.68359375,37.69091796875
26.0,76.0,0.6160560899998018,7.3,1433.6875,37.69091796875
26.0,77.0,0.5790408790003312,5.3,1433.6875,37.69091796875
26.0,78.0,0.5783366539999406,23.5,1433.69140625,37.69091796875
26.0,79.0,0.7194363309999972,64.6,1433.69140625,37.69091796875
26.0,80.0,0.6194544350000797,58.9,1433.6953125,37.69091796875
26.0,81.0,0.6602033879998999,34.6,1433.70703125,37.69091796875
26.0,82.0,0.5708639439999388,8.8,1433.72265625,37.69091796875
26.0,83.0,0.6595644049998555,4.5,1433.72265625,37.69091796875
26.0,84.0,0.5863936929999909,5.2,1433.72265625,37.69091796875
26.0,85.0,0.5797854699999334,7.7,1433.72265625,37.69091796875
26.0,86.0,0.5998569049997968,5.9,1433.72265625,37.69091796875
26.0,87.0,0.5637156879997747,5.3,1433.72265625,37.69091796875
26.0,88.0,0.618586305000008,6.5,1433.72265625,37.69091796875
26.0,89.0,0.601891176999743,5.8,1433.72265625,37.69091796875
26.0,90.0,0.6533321629999591,5.4,1433.72265625,37.69091796875
26.0,91.0,0.5981981109998742,7.5,1433.7265625,37.69091796875
26.0,92.0,0.6072064049999426,7.4,1433.7265625,37.69091796875
26.0,93.0,0.9057626509998045,8.8,1433.73046875,37.69091796875
26.0,94.0,0.5990127810000558,6.7,1433.73046875,37.69091796875
26.0,95.0,0.6554528599999685,5.3,1433.73046875,37.69091796875
26.0,96.0,0.48575587699997413,3.1,1433.734375,37.69091796875
26.0,97.0,2.612233171999833,36.8,1433.734375,37.69091796875
26.0,98.0,0.6184658480001417,4.9,1433.74609375,37.69091796875
26.0,99.0,0.6415100380004333,7.8,1433.74609375,37.69091796875
26.0,100.0,2.776462360000096,3.8,1433.75,37.69091796875
27.0,1.0,0.5855777080000735,3.4,1433.75390625,37.69091796875
27.0,2.0,0.5632081749999998,8.0,1433.7578125,37.69091796875
27.0,3.0,0.590564928999811,6.7,1433.76953125,37.69091796875
27.0,4.0,0.7463428999999451,7.4,1433.78125,37.69091796875
27.0,5.0,0.6270164459997432,7.9,1433.78125,37.69091796875
27.0,6.0,0.5332683970000289,1.9,1433.78125,37.69091796875
27.0,7.0,0.6439884810001786,7.0,1433.984375,37.69091796875
27.0,8.0,0.8465539710000485,5.3,1433.984375,37.69091796875
27.0,9.0,0.553503878000356,42.3,1433.98828125,37.69091796875
27.0,10.0,0.8574407370001609,58.1,1433.98828125,37.69091796875
27.0,11.0,0.7706077590000859,34.2,1434.01953125,37.69091796875
27.0,12.0,5.767743228999734,3.0,1434.01953125,37.69091796875
27.0,13.0,0.5085728140002175,7.9,1434.01953125,37.69091796875
27.0,14.0,0.6404376489999777,5.5,1434.01953125,37.69091796875
27.0,15.0,0.7481885439997313,7.9,1434.02734375,37.69091796875
27.0,16.0,0.5872693000001163,7.7,1434.02734375,37.69091796875
27.0,17.0,0.5872586099999353,3.4,1434.02734375,37.69091796875
27.0,18.0,3.1072751229999085,29.6,1434.03125,37.69091796875
27.0,19.0,0.7385553239996625,11.6,1434.03125,37.69091796875
27.0,20.0,0.5269353919998139,8.5,1434.03515625,37.69091796875
27.0,21.0,0.617801696999777,5.7,1434.03515625,37.69091796875
27.0,22.0,0.7257810289997906,12.5,1434.0390625,37.69091796875
27.0,23.0,0.5478201870000703,6.4,1434.0390625,37.69091796875
27.0,24.0,0.5573580250002124,2.7,1434.0390625,37.69091796875
27.0,25.0,0.5529140919998099,4.5,1434.0390625,37.69091796875
27.0,26.0,0.5529537299998992,6.4,1434.0390625,37.69091796875
27.0,27.0,0.6136739779999516,8.9,1434.0390625,37.69091796875
27.0,28.0,0.5917163630001596,5.1,1434.046875,37.69091796875
27.0,29.0,0.6227662850001252,8.8,1434.046875,37.69091796875
27.0,30.0,0.6509882420000395,8.5,1434.046875,37.69091796875
27.0,31.0,0.57077596299996,8.8,1434.05078125,37.69091796875
27.0,32.0,0.5619196220000049,6.3,1434.05078125,37.69091796875
27.0,33.0,0.8119487609997122,4.3,1434.05078125,37.69091796875
27.0,34.0,0.5991776910000226,58.5,1434.29296875,37.69091796875
27.0,35.0,0.5738341609999225,60.3,1434.29296875,37.69091796875
27.0,36.0,0.5486189329999434,63.3,1434.296875,37.69091796875
27.0,37.0,0.5682092289998764,17.7,1434.296875,37.69091796875
27.0,38.0,0.5273375389997454,5.7,1434.3046875,37.69091796875
27.0,39.0,0.5332202070003405,5.7,1434.31640625,37.69091796875
27.0,40.0,0.8563033789996553,4.7,1434.32421875,37.69091796875
27.0,41.0,0.5822089270000106,3.4,1434.3359375,37.69091796875
27.0,42.0,0.6636991589998615,8.3,1434.3359375,37.69091796875
27.0,43.0,0.5816309010001532,7.7,1434.55078125,37.69091796875
27.0,44.0,0.5790613639996991,6.1,1434.55078125,37.69091796875
27.0,45.0,0.5529402120000668,3.6,1434.55078125,37.69091796875
27.0,46.0,0.5460213870001098,6.5,1434.55078125,37.69091796875
27.0,47.0,0.5547482689999015,8.0,1434.5546875,37.69091796875
27.0,48.0,0.6825392709997686,8.8,1434.5546875,37.69091796875
27.0,49.0,0.6651527950002674,6.1,1434.5546875,37.69091796875
27.0,50.0,1.0229739329997756,6.3,1434.55859375,37.69091796875
27.0,51.0,0.4720737359998566,4.3,1434.55859375,37.69091796875
27.0,52.0,0.5873389240000506,5.1,1434.55859375,37.69091796875
27.0,53.0,0.7152656789999128,57.0,1434.5625,37.69091796875
27.0,54.0,0.6769064529999014,61.2,1434.5625,37.69091796875
27.0,55.0,0.6284840670000449,52.8,1434.56640625,37.69091796875
27.0,56.0,0.5512632750001103,4.5,1434.56640625,37.69091796875
27.0,57.0,0.6327561409998452,13.5,1434.5703125,37.69091796875
27.0,58.0,0.6213200370002596,6.5,1434.5703125,37.69091796875
27.0,59.0,0.5841695750000326,7.7,1434.57421875,37.69091796875
27.0,60.0,0.6024923580002906,7.6,1434.578125,37.69091796875
27.0,61.0,0.5956661149998581,4.2,1434.578125,37.69091796875
27.0,62.0,0.5635555450003267,6.3,1434.578125,37.69091796875
27.0,63.0,0.5403437129998565,9.2,1434.578125,37.69091796875
27.0,64.0,0.644387359999655,10.2,1434.578125,37.69091796875
27.0,65.0,0.556057807000343,8.0,1434.578125,37.69091796875
27.0,66.0,0.6884838659998422,8.0,1434.578125,37.69091796875
27.0,67.0,0.5297879099998681,4.7,1434.578125,37.69091796875
27.0,68.0,0.5872223480000685,3.4,1434.578125,37.69091796875
27.0,69.0,0.687652215000071,7.2,1434.58203125,37.69091796875
27.0,70.0,0.5921030810000047,6.7,1434.58203125,37.69091796875
27.0,71.0,0.6373111660000177,3.1,1434.58203125,37.69091796875
27.0,72.0,0.6424366520000149,42.5,1434.5859375,37.69091796875
27.0,73.0,0.6066224020000845,59.0,1434.5859375,37.69091796875
27.0,74.0,0.6069399640000483,59.2,1434.5859375,37.69091796875
27.0,75.0,0.5104398710000169,7.8,1434.6328125,37.69091796875
27.0,76.0,2.7203328169998713,3.1,1434.6328125,37.69091796875
27.0,77.0,0.5472743390000687,7.3,1434.63671875,37.69091796875
27.0,78.0,0.5522691569999552,2.7,1434.6484375,37.69091796875
27.0,79.0,4.458757257999878,2.5,1434.66015625,37.69091796875
27.0,80.0,0.6347255349996885,6.3,1434.66796875,37.69091796875
27.0,81.0,0.6272718810000697,13.6,1434.66796875,37.69091796875
27.0,82.0,0.7116993220001859,55.9,1434.66796875,37.69091796875
27.0,83.0,0.5881977609997193,57.3,1434.66796875,37.69091796875
27.0,84.0,0.597133505000329,36.4,1434.67578125,37.69091796875
27.0,85.0,0.555258743000195,4.5,1434.67578125,37.69091796875
27.0,86.0,0.5726414040000236,8.7,1434.67578125,37.69091796875
27.0,87.0,0.5795417190001899,4.3,1434.67578125,37.69091796875
27.0,88.0,0.5951042070000767,7.6,1434.67578125,37.69091796875
27.0,89.0,0.5834000840000044,11.1,1434.90234375,37.69091796875
27.0,90.0,1.3222197469999628,2.7,1435.140625,37.69091796875
27.0,91.0,0.5552222199999051,8.0,1435.265625,37.69091796875
27.0,92.0,0.8075328479999371,2.5,1435.26953125,37.69091796875
27.0,93.0,0.5890464859999156,6.8,1435.26953125,37.69091796875
27.0,94.0,0.4956033819998993,6.0,1435.26953125,37.69091796875
27.0,95.0,2.094871099000102,2.9,1435.2734375,37.69091796875
27.0,96.0,0.6061390380000375,6.6,1435.2734375,37.69091796875
27.0,97.0,0.5980401150000034,34.5,1435.27734375,37.69091796875
27.0,98.0,3.1699902290001774,32.4,1435.2890625,37.69091796875
27.0,99.0,0.6069699459999356,11.6,1435.2890625,37.69091796875
27.0,100.0,0.5829701419997946,12.0,1435.4375,37.69091796875
28.0,1.0,0.6230892669996138,4.8,1435.4375,37.69091796875
28.0,2.0,0.6682203899999877,9.0,1435.4375,37.69091796875
28.0,3.0,0.6497191469998143,11.7,1435.44140625,37.69091796875
28.0,4.0,0.8820337140000447,6.8,1435.44140625,37.69091796875
28.0,5.0,0.6913284940001176,5.1,1435.4453125,37.69091796875
28.0,6.0,0.6134279479997531,5.0,1435.4453125,37.69091796875
28.0,7.0,0.6187227989998973,5.6,1435.4453125,37.69091796875
28.0,8.0,0.5572376019999865,5.4,1435.44921875,37.69091796875
28.0,9.0,0.6002511020001293,6.7,1435.44921875,37.69091796875
28.0,10.0,0.5657065709997369,4.5,1435.44921875,37.69091796875
28.0,11.0,2.9169378829997186,31.6,1435.453125,37.69091796875
28.0,12.0,0.958094199000243,4.2,1435.453125,37.69091796875
28.0,13.0,0.479354974999751,4.2,1435.46484375,37.69091796875
28.0,14.0,0.5538813180000943,5.5,1435.47265625,37.69091796875
28.0,15.0,0.5998588249999557,10.7,1435.47265625,37.69091796875
28.0,16.0,0.6093367210000906,3.3,1435.47265625,37.69091796875
28.0,17.0,0.6394810140000118,7.9,1435.47265625,37.69091796875
28.0,18.0,0.4936617230000593,5.1,1435.47265625,37.69091796875
28.0,19.0,1.18253437400017,3.8,1435.47265625,37.69091796875
28.0,20.0,0.6401471059998585,7.9,1435.47265625,37.69091796875
28.0,21.0,0.5904163240002163,5.9,1435.4765625,37.69091796875
28.0,22.0,0.5539679759999672,1.8,1435.4765625,37.69091796875
28.0,23.0,0.4770599809999112,5.3,1435.4765625,37.69091796875
28.0,24.0,0.6458323739998377,3.8,1435.4765625,37.69091796875
28.0,25.0,0.8142296300002272,7.4,1435.48046875,37.69091796875
28.0,26.0,2.5692682620001506,36.1,1435.48046875,37.69091796875
28.0,27.0,0.6201867760000823,8.8,1435.484375,37.69091796875
28.0,28.0,0.6254314510001677,9.5,1435.484375,37.69091796875
28.0,29.0,0.5663804630003142,6.2,1435.48828125,37.69091796875
28.0,30.0,0.565283645999898,4.4,1435.48828125,37.69091796875
28.0,31.0,0.6137788380001439,6.6,1435.48828125,37.69091796875
28.0,32.0,0.6762306980003814,8.1,1435.50390625,37.69091796875
28.0,33.0,4.955006364999917,3.6,1435.515625,37.69091796875
28.0,34.0,0.5726242800001273,15.8,1435.53125,37.69091796875
28.0,35.0,0.5699129139998149,56.5,1435.53125,37.69091796875
28.0,36.0,0.7805906700000378,59.4,1435.53125,37.69091796875
28.0,37.0,0.6505540590001146,35.2,1435.53125,37.69091796875
28.0,38.0,4.714603315000204,2.3,1435.53125,37.69091796875
28.0,39.0,0.5618966860001819,7.1,1435.53125,37.69091796875
28.0,40.0,0.7908546919998116,5.0,1435.53125,37.69091796875
28.0,41.0,0.5146534139998948,10.8,1435.53125,37.69091796875
28.0,42.0,0.5949620999999752,4.2,1435.53125,37.69091796875
28.0,43.0,0.631685940999887,4.7,1435.53125,37.69091796875
28.0,44.0,0.6056426850000207,5.0,1435.53125,37.69091796875
28.0,45.0,0.7125432220000221,5.6,1435.53515625,37.69091796875
28.0,46.0,2.503563417999885,37.1,1435.53515625,37.69091796875
28.0,47.0,0.6349661760000345,5.5,1435.53515625,37.69091796875
28.0,48.0,0.8281476390002354,5.4,1435.5390625,37.69091796875
28.0,49.0,0.5436381810000057,8.4,1435.5390625,37.69091796875
28.0,50.0,0.6094160799998463,6.5,1435.54296875,37.69091796875
28.0,51.0,0.7672129689999565,3.9,1435.55078125,37.69091796875
28.0,52.0,0.796853273999659,19.0,1435.5625,37.69091796875
28.0,53.0,0.6435407959997974,8.5,1435.5703125,37.69091796875
28.0,54.0,0.5181237400001919,6.9,1435.5703125,37.69091796875
28.0,55.0,0.6329342550002366,12.6,1435.58203125,37.69091796875
28.0,56.0,0.6459747369999604,7.0,1435.58203125,37.69091796875
28.0,57.0,0.6163818850000098,8.1,1435.58203125,37.69091796875
28.0,58.0,0.6565831009997964,11.5,1435.58203125,37.69091796875
28.0,59.0,0.6079919139997401,9.8,1435.58203125,37.69091796875
28.0,60.0,0.5921534600001905,5.2,1435.58203125,37.69091796875
28.0,61.0,0.528993587000059,14.0,1435.58203125,37.69091796875
28.0,62.0,0.9913014849998945,53.8,1435.58203125,37.69091796875
28.0,63.0,0.5903682499997558,62.4,1435.58203125,37.69091796875
28.0,64.0,0.6031074560000889,15.0,1435.765625,37.69091796875
28.0,65.0,0.7461682250000194,7.4,1435.765625,37.69091796875
28.0,66.0,0.5951149719999194,5.9,1435.765625,37.69091796875
28.0,67.0,0.5401944049999656,4.6,1435.765625,37.69091796875
28.0,68.0,0.563006372000018,11.4,1435.765625,37.69091796875
28.0,69.0,0.5082483969999885,11.9,1435.76953125,37.69091796875
28.0,70.0,0.707924463999916,9.9,1435.76953125,37.69091796875
28.0,71.0,0.9377222170001005,3.7,1435.7734375,37.69091796875
28.0,72.0,0.967267874999834,6.7,1435.7734375,37.69091796875
28.0,73.0,0.584726024000247,7.8,1435.7734375,37.69091796875
28.0,74.0,0.6529278299999532,9.9,1435.7734375,37.69091796875
28.0,75.0,0.5299402890000238,3.8,1435.7734375,37.69091796875
28.0,76.0,0.6567651810000825,7.6,1435.7734375,37.69091796875
28.0,77.0,0.6710910259998855,14.3,1435.7734375,37.69091796875
28.0,78.0,0.634980421000364,7.1,1435.7734375,37.69091796875
28.0,79.0,1.3900337210002363,49.3,1435.7734375,37.69091796875
28.0,80.0,0.548924801999874,48.6,1435.7734375,37.69091796875
28.0,81.0,0.7764623590001065,7.7,1435.7734375,37.69091796875
28.0,82.0,0.6706552030000239,9.7,1435.77734375,37.69091796875
28.0,83.0,0.556372630000169,5.4,1435.77734375,37.69091796875
28.0,84.0,0.6522421600002417,3.8,1435.77734375,37.69091796875
28.0,85.0,0.8835653070000262,5.6,1435.78125,37.69091796875
28.0,86.0,0.5840349909999532,6.0,1435.78125,37.69091796875
28.0,87.0,0.6394011009997485,8.6,1435.78515625,37.69091796875
28.0,88.0,0.6836792740000419,5.8,1435.78515625,37.69091796875
28.0,89.0,1.3167622910000318,2.3,1435.80078125,37.69091796875
28.0,90.0,0.8397643779999271,4.8,1435.81640625,37.69091796875
28.0,91.0,2.03149515899986,3.4,1435.82421875,37.69091796875
28.0,92.0,0.5480441489999066,33.3,1435.8359375,37.69091796875
28.0,93.0,0.6340372469999238,60.2,1435.8359375,37.69091796875
28.0,94.0,0.6146523530001105,61.7,1435.8359375,37.69091796875
28.0,95.0,0.5099469850001697,31.4,1435.8359375,37.69091796875
28.0,96.0,0.6584093350002149,5.3,1435.8359375,37.69091796875
28.0,97.0,0.6176126809996276,6.5,1435.8359375,37.69091796875
28.0,98.0,0.5783712659999765,7.0,1435.8359375,37.69091796875
28.0,99.0,0.6232349249999061,8.1,1435.8359375,37.69091796875
28.0,100.0,0.79010874100004,7.0,1435.8359375,37.69091796875
29.0,1.0,0.8623399199996129,20.3,1435.83984375,37.69091796875
29.0,2.0,6.663952250999955,11.1,1435.84375,37.69091796875
29.0,3.0,0.6094579800001156,61.7,1436.03515625,37.69091796875
29.0,4.0,0.6133507459999237,7.3,1436.0390625,37.69091796875
29.0,5.0,0.6401879580002969,9.3,1436.27734375,37.69091796875
29.0,6.0,3.292539485999896,2.7,1436.27734375,37.69091796875
29.0,7.0,3.1065558569998757,2.7,1436.28125,37.69091796875
29.0,8.0,0.5472555729998021,5.5,1436.28125,37.69091796875
29.0,9.0,0.793704684000204,22.8,1436.2890625,37.69091796875
29.0,10.0,0.5769653110000945,8.7,1436.29296875,37.69091796875
29.0,11.0,0.5434592649999104,23.1,1436.3125,37.69091796875
29.0,12.0,0.8931119310000213,71.3,1436.3125,37.69091796875
29.0,13.0,2.8322971089996827,19.3,1436.31640625,37.69091796875
29.0,14.0,0.6950439699999151,3.6,1436.31640625,37.69091796875
29.0,15.0,0.6681386000000202,9.8,1436.3203125,37.69091796875
29.0,16.0,0.6300792409997484,8.7,1436.3203125,37.69091796875
29.0,17.0,1.3165663660001883,3.0,1436.3203125,37.69091796875
29.0,18.0,0.5238193299996965,8.6,1436.32421875,37.69091796875
29.0,19.0,0.5012437079999472,1.0,1436.32421875,37.69091796875
29.0,20.0,0.5730981609999617,8.7,1436.32421875,37.69091796875
29.0,21.0,0.5641465859998789,1.8,1436.32421875,37.69091796875
29.0,22.0,0.5577864100000625,8.1,1436.3359375,37.69091796875
29.0,23.0,0.472295092999957,3.2,1436.3359375,37.69091796875
29.0,24.0,0.4673059970000395,6.5,1436.3359375,37.69091796875
29.0,25.0,0.5283019460002834,7.5,1436.3359375,37.69091796875
29.0,26.0,0.5291200840001693,12.5,1436.3359375,37.69091796875
29.0,27.0,0.5437964139996438,60.6,1436.33984375,37.69091796875
29.0,28.0,0.5121411959999023,62.1,1436.3515625,37.69091796875
29.0,29.0,0.6349518590000116,64.8,1436.3671875,37.69091796875
29.0,30.0,0.7486952529998234,10.0,1436.3671875,37.69091796875
29.0,31.0,0.5253098260000115,7.6,1436.3671875,37.69091796875
29.0,32.0,0.5401403109999592,5.5,1436.3671875,37.69091796875
29.0,33.0,0.5514653019999969,6.4,1436.375,37.69091796875
29.0,34.0,0.5255219059999945,6.7,1436.375,37.69091796875
29.0,35.0,0.659833904000152,7.6,1436.375,37.69091796875
29.0,36.0,0.5750550859997929,7.0,1436.37890625,37.69091796875
29.0,37.0,0.509246906000044,5.0,1436.37890625,37.69091796875
29.0,38.0,0.47602897199976724,7.3,1436.37890625,37.69091796875
29.0,39.0,0.5019273459997748,8.0,1436.37890625,37.69091796875
29.0,40.0,0.5236163380000107,1.9,1436.37890625,37.69091796875
29.0,41.0,0.7716656900001908,6.5,1436.63671875,37.69091796875
29.0,42.0,0.5857903139999507,4.3,1436.63671875,37.69091796875
29.0,43.0,0.5509865680000985,4.5,1436.640625,37.69091796875
29.0,44.0,0.6820787360002214,13.1,1436.640625,37.69091796875
29.0,45.0,0.5579719160000423,5.5,1436.65625,37.69091796875
29.0,46.0,0.48742899600028977,8.2,1436.6640625,37.69091796875
29.0,47.0,1.1891719619998184,46.6,1436.69140625,37.69091796875
29.0,48.0,0.5632323830000132,60.7,1436.703125,37.69091796875
29.0,49.0,0.6310279119998086,33.3,1436.7109375,37.69091796875
29.0,50.0,0.45783072699987315,6.6,1436.7109375,37.69091796875
29.0,51.0,0.5836540370000876,9.4,1436.71875,37.69091796875
29.0,52.0,0.50875562300007,3.9,1436.71875,37.69091796875
29.0,53.0,0.552958755000418,10.0,1436.71875,37.69091796875
29.0,54.0,0.5329411729999265,6.6,1436.72265625,37.69091796875
29.0,55.0,0.7257719330000327,9.7,1436.72265625,37.69091796875
29.0,56.0,0.5967435140000816,5.9,1436.96484375,37.69091796875
29.0,57.0,0.8214412220004306,3.6,1436.96484375,37.69091796875
29.0,58.0,0.7160759200000939,7.0,1436.9765625,37.69091796875
29.0,59.0,0.5674396419999539,5.3,1436.9765625,37.69091796875
29.0,60.0,0.461966928000038,5.4,1436.9765625,37.69091796875
29.0,61.0,0.7004874020003626,13.8,1436.98046875,37.69091796875
29.0,62.0,0.6164158410001619,18.5,1436.984375,37.69091796875
29.0,63.0,0.580054981000103,12.8,1436.98828125,37.69091796875
29.0,64.0,0.498165152999718,10.2,1436.98828125,37.69091796875
29.0,65.0,0.4904563159998361,9.1,1437.0,37.69091796875
29.0,66.0,0.5784827489997042,42.1,1437.0078125,37.69091796875
29.0,67.0,0.7291691030000038,57.5,1437.0078125,37.69091796875
29.0,68.0,0.5434379089997492,60.4,1437.0078125,37.69091796875
29.0,69.0,0.7053786229998877,14.7,1437.0078125,37.69091796875
29.0,70.0,0.6049108319998595,5.0,1437.0078125,37.69091796875
29.0,71.0,0.5304562239998631,7.5,1437.0078125,37.69091796875
29.0,72.0,0.45188613900018026,7.8,1437.0078125,37.69091796875
29.0,73.0,0.5020025250000799,5.9,1437.0078125,37.69091796875
29.0,74.0,0.9898464570001124,7.1,1437.0078125,37.69091796875
29.0,75.0,0.639644239000063,10.9,1437.01953125,37.69091796875
29.0,76.0,0.9506692550003208,5.3,1437.01953125,37.69091796875
29.0,77.0,0.667560131999835,3.0,1437.01953125,37.69091796875
29.0,78.0,1.5834165460000804,6.3,1437.0234375,37.69091796875
29.0,79.0,0.4576701169999069,3.3,1437.0234375,37.69091796875
29.0,80.0,0.5148376360002658,7.7,1437.02734375,37.69091796875
29.0,81.0,0.6462440650002463,3.9,1437.02734375,37.69091796875
29.0,82.0,0.5144046120003622,11.7,1437.02734375,37.69091796875
29.0,83.0,0.5059909820001849,30.3,1437.03515625,37.69091796875
29.0,84.0,0.536863490000087,64.8,1437.04296875,37.69091796875
29.0,85.0,0.6229332279999653,57.3,1437.0546875,37.69091796875
29.0,86.0,0.45683379500042065,52.2,1437.06640625,37.69091796875
29.0,87.0,0.6347128689999408,10.2,1437.06640625,37.69091796875
29.0,88.0,1.6709300000002258,3.9,1437.07421875,37.69091796875
29.0,89.0,0.5311224500001117,10.3,1437.07421875,37.69091796875
29.0,90.0,0.4867762090002543,6.2,1437.07421875,37.69091796875
29.0,91.0,0.5343146109998997,5.6,1437.07421875,37.69091796875
29.0,92.0,0.5890246859999024,5.9,1437.07421875,37.69091796875
29.0,93.0,0.6394022640001822,6.3,1437.07421875,37.69091796875
29.0,94.0,0.5611507769999662,8.9,1437.078125,37.69091796875
29.0,95.0,0.6463565139997627,6.2,1437.078125,37.69091796875
29.0,96.0,0.6371263890000591,6.3,1437.0859375,37.69091796875
29.0,97.0,0.6013949220000541,9.9,1437.1015625,37.69091796875
29.0,98.0,0.48275681500035716,9.5,1437.11328125,37.69091796875
29.0,99.0,0.5614116259998809,3.5,1437.3515625,37.69091796875
29.0,100.0,1.5177996879997409,10.9,1437.3515625,37.69091796875
30.0,1.0,1.2857695339998827,55.9,1437.3515625,37.69091796875
30.0,2.0,0.666197758999715,24.1,1437.35546875,37.69091796875
30.0,3.0,0.5751155479997578,3.5,1437.35546875,37.69091796875
30.0,4.0,6.46653272399999,2.6,1437.37109375,37.69091796875
30.0,5.0,0.5079843630001051,7.9,1437.37890625,37.69091796875
30.0,6.0,0.623509643000034,8.9,1437.37890625,37.69091796875
30.0,7.0,0.5890519180002229,9.3,1437.37890625,37.69091796875
30.0,8.0,0.5558210819999658,8.1,1437.37890625,37.69091796875
30.0,9.0,0.6258386290000999,42.3,1437.37890625,37.69091796875
30.0,10.0,0.8353246560000116,57.5,1437.37890625,37.69091796875
30.0,11.0,0.5772527820004143,57.0,1437.37890625,37.69091796875
30.0,12.0,0.6036832810000305,9.1,1437.37890625,37.69091796875
30.0,13.0,0.9729605239999728,3.1,1437.37890625,37.69091796875
30.0,14.0,0.7812715390000449,5.8,1437.37890625,37.69091796875
30.0,15.0,0.5391329320000295,4.6,1437.3828125,37.69091796875
30.0,16.0,0.5987160639997455,15.8,1437.3828125,37.69091796875
30.0,17.0,0.5611592150003162,11.7,1437.38671875,37.69091796875
30.0,18.0,0.683297543000208,9.5,1437.38671875,37.69091796875
30.0,19.0,0.6586726000000453,16.8,1437.390625,37.69091796875
30.0,20.0,0.6000378829999136,11.8,1437.39453125,37.69091796875
30.0,21.0,0.6168256320002001,4.9,1437.39453125,37.69091796875
30.0,22.0,0.540557723999882,9.3,1437.39453125,37.69091796875
30.0,23.0,0.5612720469998749,5.4,1437.39453125,37.69091796875
30.0,24.0,0.583002705999661,6.8,1437.39453125,37.69091796875
30.0,25.0,3.1238398510004117,28.2,1437.39453125,37.69091796875
30.0,26.0,0.5940286519999063,23.5,1437.3984375,37.69091796875
30.0,27.0,0.5497628490002171,2.7,1437.3984375,37.69091796875
30.0,28.0,0.5163023370000701,5.8,1437.44921875,37.69091796875
30.0,29.0,0.49362639500031946,3.1,1437.44921875,37.69091796875
30.0,30.0,0.6929114459999255,13.8,1437.453125,37.69091796875
30.0,31.0,0.5736158120002983,6.1,1437.45703125,37.69091796875
30.0,32.0,0.5524015450000661,8.1,1437.45703125,37.69091796875
30.0,33.0,0.6239026929997635,4.0,1437.45703125,37.69091796875
30.0,34.0,0.6319044900001245,7.1,1437.4609375,37.69091796875
30.0,35.0,0.5549584919999688,8.1,1437.4609375,37.69091796875
30.0,36.0,0.6003506779998133,9.2,1437.46484375,37.69091796875
30.0,37.0,1.2041995250001492,2.9,1437.46875,37.69091796875
30.0,38.0,0.5878146420000121,6.8,1437.4765625,37.69091796875
30.0,39.0,0.5411389410000993,4.6,1437.48828125,37.69091796875
30.0,40.0,0.5598455480003395,2.7,1437.48828125,37.69091796875
30.0,41.0,0.63317075499981,6.3,1437.515625,37.69091796875
30.0,42.0,0.560560821999843,36.9,1437.515625,37.69091796875
30.0,43.0,0.6525961940001253,57.7,1437.515625,37.69091796875
30.0,44.0,0.5532185490001211,60.9,1437.515625,37.69091796875
30.0,45.0,0.5845726799998374,21.4,1437.515625,37.69091796875
30.0,46.0,0.6118825260000449,5.7,1437.515625,37.69091796875
30.0,47.0,0.5850765330001195,9.4,1437.51953125,37.69091796875
30.0,48.0,0.6675980690001779,6.7,1437.51953125,37.69091796875
30.0,49.0,0.5656419880001522,5.4,1437.5234375,37.69091796875
30.0,50.0,0.5449655009997514,6.4,1437.5234375,37.69091796875
30.0,51.0,0.6132592809999551,7.3,1437.52734375,37.69091796875
30.0,52.0,0.7825684509998609,6.5,1437.52734375,37.69091796875
30.0,53.0,0.5013201179999669,8.9,1437.52734375,37.69091796875
30.0,54.0,0.5487140730001556,1.8,1437.53125,37.69091796875
30.0,55.0,0.5590023859999746,5.3,1437.53125,37.69091796875
30.0,56.0,0.586268612999902,6.8,1437.53515625,37.69091796875
30.0,57.0,0.5467719190000935,5.5,1437.546875,37.69091796875
30.0,58.0,0.8657754149999164,2.9,1437.5546875,37.69091796875
30.0,59.0,0.6771186920000218,5.9,1437.56640625,37.69091796875
30.0,60.0,0.500246468000114,7.0,1437.57421875,37.69091796875
30.0,61.0,0.5507523520000177,17.6,1437.57421875,37.69091796875
30.0,62.0,0.7857490669998697,59.5,1437.57421875,37.69091796875
30.0,63.0,0.5326365430000806,60.4,1437.57421875,37.69091796875
30.0,64.0,0.5889260750000176,31.0,1437.57421875,37.69091796875
30.0,65.0,0.7054965080001239,9.2,1437.57421875,37.69091796875
30.0,66.0,0.6364051989999098,6.3,1437.57421875,37.69091796875
30.0,67.0,0.6349896840001747,3.2,1437.578125,37.69091796875
30.0,68.0,1.826798474000043,2.7,1437.578125,37.69091796875
30.0,69.0,0.7854572629998984,4.5,1437.578125,37.69091796875
30.0,70.0,0.5928147260001424,11.8,1437.58203125,37.69091796875
30.0,71.0,0.5570154580000235,15.2,1437.5859375,37.69091796875
30.0,72.0,0.5498180509998747,6.4,1437.5859375,37.69091796875
30.0,73.0,0.8234226370000215,5.5,1437.58984375,37.69091796875
30.0,74.0,0.568902357999832,8.8,1437.58984375,37.69091796875
30.0,75.0,0.6474821000001612,6.1,1437.58984375,37.69091796875
30.0,76.0,0.7527734179998333,5.3,1437.58984375,37.69091796875
30.0,77.0,0.4728562889999921,8.4,1437.58984375,37.69091796875
30.0,78.0,0.5047008270003062,47.5,1437.58984375,37.69091796875
30.0,79.0,0.8412420869999551,69.0,1437.58984375,37.69091796875
30.0,80.0,1.065938031999849,29.9,1437.58984375,37.69091796875
30.0,81.0,0.5786528910002744,7.0,1437.58984375,37.69091796875
30.0,82.0,0.4235297850000279,1.2,1437.58984375,37.69091796875
30.0,83.0,0.8107704420003756,5.6,1437.58984375,37.69091796875
30.0,84.0,0.4747820689999571,4.2,1437.58984375,37.69091796875
30.0,85.0,0.6318263529997239,6.3,1437.58984375,37.69091796875
30.0,86.0,0.5708299640000405,7.8,1437.58984375,37.69091796875
30.0,87.0,0.7555698240003039,6.7,1437.58984375,37.69091796875
30.0,88.0,0.536583810999673,10.2,1437.59375,37.69091796875
30.0,89.0,0.5398876330000348,0.9,1437.59375,37.69091796875
30.0,90.0,1.0262826019998101,4.4,1437.59375,37.69091796875
30.0,91.0,0.6010935960002826,6.6,1437.59765625,37.69091796875
30.0,92.0,0.5910819200003061,5.1,1437.59765625,37.69091796875
30.0,93.0,0.5768607200002407,11.2,1437.6015625,37.69091796875
30.0,94.0,0.5679704889998902,7.0,1437.6015625,37.69091796875
30.0,95.0,0.6811023099999147,8.9,1437.6015625,37.69091796875
30.0,96.0,0.8532112630000483,59.4,1437.60546875,37.69091796875
30.0,97.0,0.5891035469999224,65.0,1437.6171875,37.69091796875
30.0,98.0,0.5927163520000249,51.7,1437.6171875,37.69091796875
30.0,99.0,0.5887604099998498,6.0,1437.6171875,37.69091796875
30.0,100.0,0.48224457200012694,5.2,1437.6171875,37.69091796875
31.0,1.0,0.5921823999997287,16.2,1440.9765625,37.69091796875
31.0,2.0,0.631387538999661,4.0,1440.9765625,37.69091796875
31.0,3.0,0.5647494700001516,7.1,1440.9765625,37.69091796875
31.0,4.0,0.7571200740003405,5.9,1440.9765625,37.69091796875
31.0,5.0,0.52499034199991,4.8,1440.9765625,37.69091796875
31.0,6.0,0.5494029510000473,7.3,1440.9765625,37.69091796875
31.0,7.0,0.5304353340002308,8.4,1440.9765625,37.69091796875
31.0,8.0,0.7453219710000667,7.4,1440.9765625,37.69091796875
31.0,9.0,0.46380949500007773,7.6,1440.9765625,37.69091796875
31.0,10.0,0.5753939699998227,4.3,1440.9765625,37.69091796875
31.0,11.0,0.6237285910001447,7.9,1440.9765625,37.69091796875
31.0,12.0,0.5599974000001566,7.2,1440.9765625,37.69091796875
31.0,13.0,0.5175277920002372,3.9,1440.9765625,37.69091796875
31.0,14.0,0.6985320429998865,9.9,1440.9765625,37.69091796875
31.0,15.0,0.5443415649997405,37.0,1440.9765625,37.69091796875
31.0,16.0,0.47291404899988265,60.6,1440.9765625,37.69091796875
31.0,17.0,0.4756941270002244,58.9,1440.9765625,37.69091796875
31.0,18.0,0.606108487000256,41.7,1440.9765625,37.69091796875
31.0,19.0,0.6718125570000666,8.2,1440.9765625,37.69091796875
31.0,20.0,0.4502587780002614,7.8,1440.9765625,37.69091796875
31.0,21.0,0.612191040000198,10.7,1440.98046875,37.69091796875
31.0,22.0,0.47265033799976663,8.4,1440.98046875,37.69091796875
31.0,23.0,0.5376613359999283,5.6,1440.98046875,37.69091796875
31.0,24.0,0.5945446780001475,9.2,1440.98046875,37.69091796875
31.0,25.0,0.6062756350002019,4.1,1440.98046875,37.69091796875
31.0,26.0,0.6159467279999262,8.2,1440.98046875,37.69091796875
31.0,27.0,0.5100164679997761,7.8,1440.98046875,37.69091796875
31.0,28.0,0.6821357670000907,4.4,1440.98046875,37.69091796875
31.0,29.0,0.5015203430002657,5.1,1440.98046875,37.69091796875
31.0,30.0,0.6618411539998306,3.0,1440.98046875,37.69091796875
31.0,31.0,0.5990906820002238,6.7,1440.98046875,37.69091796875
31.0,32.0,0.46610845300028814,5.3,1440.98046875,37.69091796875
31.0,33.0,0.7370471619997261,4.1,1440.98046875,37.69091796875
31.0,34.0,0.5071179260003191,5.9,1440.98046875,37.69091796875
31.0,35.0,0.6055104719998781,11.6,1440.98046875,37.69091796875
31.0,36.0,0.46038995900016744,61.3,1440.98046875,37.69091796875
31.0,37.0,0.5794227810001757,54.4,1440.98046875,37.69091796875
31.0,38.0,0.5311409000000822,63.2,1440.98046875,37.69091796875
31.0,39.0,0.5213032959995871,19.4,1440.98046875,37.69091796875
31.0,40.0,0.7423419970000396,4.1,1440.98046875,37.69091796875
31.0,41.0,0.48681072699992,8.3,1440.98046875,37.69091796875
31.0,42.0,1.0360754040002575,6.7,1440.98046875,37.69091796875
31.0,43.0,0.5402590359999522,9.3,1440.98046875,37.69091796875
31.0,44.0,1.0698139959999935,5.2,1440.98046875,37.69091796875
31.0,45.0,0.5331984579997879,8.3,1440.98046875,37.69091796875
31.0,46.0,0.38094255899977725,5.3,1440.98046875,37.69091796875
31.0,47.0,5.978517985000053,13.4,1440.98046875,37.69091796875
31.0,48.0,0.6414690100000371,42.9,1440.98046875,37.69091796875
31.0,49.0,0.539576118000241,6.5,1440.98046875,37.69091796875
31.0,50.0,0.40022652100014966,3.7,1440.98046875,37.69091796875
31.0,51.0,0.5647291820000646,6.1,1440.98046875,37.69091796875
31.0,52.0,0.42909051400010867,2.4,1440.98046875,37.69091796875
31.0,53.0,1.3594602610000948,4.8,1440.98046875,37.69091796875
31.0,54.0,0.5588825750000979,6.3,1440.98046875,37.69091796875
31.0,55.0,0.674297352999929,7.5,1440.98046875,37.69091796875
31.0,56.0,0.6644564740004171,6.7,1440.98046875,37.69091796875
31.0,57.0,0.5558799270002055,8.0,1440.98046875,37.69091796875
31.0,58.0,2.433350709000024,3.3,1440.98046875,37.69091796875
31.0,59.0,0.5067421960002321,6.9,1440.98046875,37.69091796875
31.0,60.0,0.45864544500000193,5.5,1440.98046875,37.69091796875
31.0,61.0,0.7493114439998863,20.3,1440.98046875,37.69091796875
31.0,62.0,0.7356984640000519,58.9,1440.98046875,37.69091796875
31.0,63.0,0.4534968520001712,62.6,1440.98046875,37.69091796875
31.0,64.0,0.504968276999989,59.6,1440.98046875,37.69091796875
31.0,65.0,0.6362143239998659,4.7,1440.98046875,37.69091796875
31.0,66.0,0.8829752589999771,4.5,1440.98046875,37.69091796875
31.0,67.0,0.5435330799996336,7.4,1440.98046875,37.69091796875
31.0,68.0,0.526099357000021,4.8,1440.98046875,37.69091796875
31.0,69.0,0.6920067910000398,12.9,1440.98046875,37.69091796875
31.0,70.0,2.620164722000027,4.2,1440.98046875,37.69091796875
31.0,71.0,0.5605239389997223,3.6,1440.98046875,37.69091796875
31.0,72.0,0.4895563529998981,9.2,1440.98046875,37.69091796875
31.0,73.0,0.6621599630002493,11.4,1440.98046875,37.69091796875
31.0,74.0,3.4294401180000023,20.0,1440.98046875,37.69091796875
31.0,75.0,0.7123365720003676,48.9,1440.98046875,37.69091796875
31.0,76.0,0.5801598520001789,6.9,1440.98046875,37.69091796875
31.0,77.0,3.8728395389998695,2.8,1440.98046875,37.69091796875
31.0,78.0,0.4270342019999589,5.9,1440.98046875,37.69091796875
31.0,79.0,0.49648354900000413,8.9,1440.98046875,37.69091796875
31.0,80.0,0.41286474899970926,6.0,1440.98046875,37.69091796875
31.0,81.0,0.4473269000000073,4.5,1440.98046875,37.69091796875
31.0,82.0,0.5947874059997957,7.6,1440.98046875,37.69091796875
31.0,83.0,0.5156064929997228,11.7,1440.98046875,37.69091796875
31.0,84.0,0.5454306239998914,12.0,1440.98046875,37.69091796875
31.0,85.0,0.4416922780001187,4.5,1440.98046875,37.69091796875
31.0,86.0,0.49773314799995205,7.1,1440.98046875,37.69091796875
31.0,87.0,0.6089739970002483,13.7,1440.98046875,37.69091796875
31.0,88.0,1.9805610960002014,46.3,1440.98046875,37.69091796875
31.0,89.0,0.4464273119997415,13.5,1440.98046875,37.69091796875
31.0,90.0,0.4779518820000703,5.3,1440.98046875,37.69091796875
31.0,91.0,0.618805675999738,7.3,1440.98046875,37.69091796875
31.0,92.0,0.5661116269998274,7.1,1440.98046875,37.69091796875
31.0,93.0,0.6353178300000764,9.4,1440.98046875,37.69091796875
31.0,94.0,0.5140388849999908,7.8,1440.98046875,37.69091796875
31.0,95.0,1.001723770999888,5.0,1440.98046875,37.69091796875
31.0,96.0,0.48875833900001453,8.3,1440.98046875,37.69091796875
31.0,97.0,0.5417581579999933,6.5,1440.98046875,37.69091796875
31.0,98.0,0.44970754399992074,6.7,1440.98046875,37.69091796875
31.0,99.0,0.5874780819999614,4.2,1440.98046875,37.69091796875
31.0,100.0,0.5152520149999873,4.9,1440.98046875,37.69091796875
32.0,1.0,0.6071935250001843,4.2,1440.98046875,37.69091796875
32.0,2.0,0.5090807470000982,2.9,1440.98046875,37.69091796875
32.0,3.0,0.4285946310001236,7.0,1440.98046875,37.69091796875
32.0,4.0,0.4559773840001071,7.7,1440.98046875,37.69091796875
32.0,5.0,0.6699335690000225,6.1,1440.98046875,37.69091796875
32.0,6.0,0.5040141300000869,7.9,1440.98046875,37.69091796875
32.0,7.0,4.433653292000145,22.5,1440.98046875,37.69091796875
32.0,8.0,0.6004615110000486,10.1,1440.98046875,37.69091796875
32.0,9.0,0.5700635170001078,6.1,1440.98046875,37.69091796875
32.0,10.0,0.4734092399999099,6.3,1440.98046875,37.69091796875
32.0,11.0,0.7036419839996597,9.9,1440.98046875,37.69091796875
32.0,12.0,0.5407437569997455,9.2,1440.98046875,37.69091796875
32.0,13.0,0.7975118499998644,14.6,1440.98046875,37.69091796875
32.0,14.0,0.6627724619997934,5.3,1440.98046875,37.69091796875
32.0,15.0,0.5803822159996344,4.4,1440.98046875,37.69091796875
32.0,16.0,0.5440216670003792,8.2,1440.98046875,37.69091796875
32.0,17.0,0.4593114650001553,6.5,1440.98046875,37.69091796875
32.0,18.0,0.5885292620000655,12.6,1440.98046875,37.69091796875
32.0,19.0,0.475129045000358,7.4,1440.98046875,37.69091796875
32.0,20.0,0.604410008999821,42.0,1440.98046875,37.69091796875
32.0,21.0,0.47305691700012176,60.2,1440.98046875,37.69091796875
32.0,22.0,0.578418941000109,65.0,1440.98046875,37.69091796875
32.0,23.0,0.5755654990002768,26.3,1440.98046875,37.69091796875
32.0,24.0,0.4630045180001616,8.6,1440.98046875,37.69091796875
32.0,25.0,0.6226745520002623,8.1,1440.98046875,37.69091796875
32.0,26.0,0.45052053900008104,5.6,1440.98046875,37.69091796875
32.0,27.0,0.6853660859997035,6.5,1440.98046875,37.69091796875
32.0,28.0,0.4715060009998524,6.3,1440.98046875,37.69091796875
32.0,29.0,0.5041768559999582,6.0,1440.98046875,37.69091796875
32.0,30.0,0.6539598800000022,14.6,1440.98046875,37.69091796875
32.0,31.0,0.46296797500008324,9.6,1440.98046875,37.69091796875
32.0,32.0,0.5142836519999037,12.9,1440.98046875,37.69091796875
32.0,33.0,1.171311693000007,4.3,1440.98046875,37.69091796875
32.0,34.0,0.9214261370002532,4.4,1440.98046875,37.69091796875
32.0,35.0,0.6343649680002272,4.0,1440.98046875,37.69091796875
32.0,36.0,0.5857315830003245,4.2,1440.98046875,37.69091796875
32.0,37.0,0.4800256929997886,6.2,1440.98046875,37.69091796875
32.0,38.0,1.320035633000316,16.4,1440.98046875,37.69091796875
32.0,39.0,0.5951923420002458,61.3,1440.98046875,37.69091796875
32.0,40.0,0.5049380059999748,59.0,1440.98046875,37.69091796875
32.0,41.0,0.5449490940000032,50.9,1440.98046875,37.69091796875
32.0,42.0,0.5087756640000407,4.0,1440.98046875,37.69091796875
32.0,43.0,0.4850503600000593,6.2,1440.98046875,37.69091796875
32.0,44.0,0.497973428000023,5.9,1440.98046875,37.69091796875
32.0,45.0,0.5773492710000028,6.9,1440.98046875,37.69091796875
32.0,46.0,0.5667380749996482,8.9,1440.98046875,37.69091796875
32.0,47.0,0.6661053309999261,14.9,1440.98046875,37.69091796875
32.0,48.0,0.47307241099997555,5.3,1440.98046875,37.69091796875
32.0,49.0,0.6021819649999998,14.2,1440.98046875,37.69091796875
32.0,50.0,0.5093563110003743,9.9,1440.98046875,37.69091796875
32.0,51.0,0.45195078400001876,5.6,1440.98046875,37.69091796875
32.0,52.0,0.5647335210001074,6.2,1440.98046875,37.69091796875
32.0,53.0,3.6463522770000054,3.4,1440.98046875,37.69091796875
32.0,54.0,0.5517754550000973,36.4,1440.98046875,37.69091796875
32.0,55.0,0.5023211459997583,54.5,1440.98046875,37.69091796875
32.0,56.0,0.7360772359998009,59.3,1440.98046875,37.69091796875
32.0,57.0,0.8724974439996913,14.9,1440.98046875,37.69091796875
32.0,58.0,0.4885720460001721,5.1,1440.98046875,37.69091796875
32.0,59.0,0.6559002389999478,6.9,1440.98046875,37.69091796875
32.0,60.0,0.9587379869999495,3.7,1440.98046875,37.69091796875
32.0,61.0,1.0605552490001173,3.8,1440.98046875,37.69091796875
32.0,62.0,0.5040101409999806,5.0,1440.98046875,37.69091796875
32.0,63.0,0.5718039530001988,8.0,1440.98046875,37.69091796875
32.0,64.0,0.59403569899996,8.5,1440.98046875,37.69091796875
32.0,65.0,0.6132002750000538,2.4,1440.98046875,37.69091796875
32.0,66.0,0.6527171119996638,12.3,1440.98046875,37.69091796875
32.0,67.0,0.5429633830003695,5.6,1440.98046875,37.69091796875
32.0,68.0,0.4993109940000977,8.0,1440.98046875,37.69091796875
32.0,69.0,0.5955561020000459,4.2,1440.98046875,37.69091796875
32.0,70.0,0.6684499709999727,11.3,1440.98046875,37.69091796875
32.0,71.0,0.6308945629998561,9.4,1440.98046875,37.69091796875
32.0,72.0,0.5455906990000585,39.8,1440.98046875,37.69091796875
32.0,73.0,0.5401514879999922,59.3,1440.98046875,37.69091796875
32.0,74.0,0.7485357969999313,58.5,1440.98046875,37.69091796875
32.0,75.0,1.1284570980001263,9.3,1440.98046875,37.69091796875
32.0,76.0,0.4907237049997093,5.1,1440.98046875,37.69091796875
32.0,77.0,0.5155705870001839,6.8,1440.98046875,37.69091796875
32.0,78.0,0.5593860270000732,6.3,1440.98046875,37.69091796875
32.0,79.0,1.1058803800001442,3.7,1440.98046875,37.69091796875
32.0,80.0,0.675443032000203,5.1,1440.98046875,37.69091796875
32.0,81.0,0.6977115069998945,14.5,1440.98046875,37.69091796875
32.0,82.0,0.929691794000064,3.8,1440.98046875,37.69091796875
32.0,83.0,1.6527686069998708,3.6,1440.98046875,37.69091796875
32.0,84.0,0.7265591059999679,7.6,1440.98046875,37.69091796875
32.0,85.0,0.754834942999878,18.5,1440.98046875,37.69091796875
32.0,86.0,0.861761848000242,10.6,1440.98046875,37.69091796875
32.0,87.0,0.6160566879998441,62.6,1440.98046875,37.69091796875
32.0,88.0,0.6373952069998268,59.1,1440.98046875,37.69091796875
32.0,89.0,0.6026731090000794,39.2,1440.98046875,37.69091796875
32.0,90.0,0.7503311659997962,5.4,1440.98046875,37.69091796875
32.0,91.0,1.9463593199998286,3.8,1440.98046875,37.69091796875
32.0,92.0,0.672628953000185,3.8,1440.98046875,37.69091796875
32.0,93.0,0.6654437809997944,6.0,1440.98046875,37.69091796875
32.0,94.0,0.6440533889999642,10.9,1440.98046875,37.69091796875
32.0,95.0,0.6252354240000386,4.0,1440.98046875,37.69091796875
32.0,96.0,0.4067304489999515,8.6,1440.98046875,37.69091796875
32.0,97.0,0.4907795859999169,9.1,1440.98046875,37.69091796875
32.0,98.0,0.4471483989996159,7.8,1440.98046875,37.69091796875
32.0,99.0,1.2619519069999114,4.0,1440.98046875,37.69091796875
32.0,100.0,0.7387142229999881,4.8,1440.98046875,37.69091796875
33.0,1.0,0.4694046479999088,5.3,1440.98046875,37.69091796875
33.0,2.0,0.49214299799996297,9.1,1440.98046875,37.69091796875
33.0,3.0,0.6643831729998055,45.8,1440.98046875,37.69091796875
33.0,4.0,0.4728843190000589,58.9,1440.98046875,37.69091796875
33.0,5.0,0.6042493759996432,60.8,1440.98046875,37.69091796875
33.0,6.0,0.603053811999871,12.4,1440.98046875,37.69091796875
33.0,7.0,0.5864342899999428,4.3,1440.98046875,37.69091796875
33.0,8.0,0.7523629760003132,4.6,1440.98046875,37.69091796875
33.0,9.0,0.540502060000108,7.4,1440.98046875,37.69091796875
33.0,10.0,0.5656964019999577,7.0,1440.98046875,37.69091796875
33.0,11.0,0.6087401089998821,6.6,1440.98046875,37.69091796875
33.0,12.0,0.5876000170001134,4.3,1440.98046875,37.69091796875
33.0,13.0,0.6107412369997292,9.1,1440.98046875,37.69091796875
33.0,14.0,0.6062622899999042,7.4,1440.98046875,37.69091796875
33.0,15.0,0.6527545720000489,8.4,1440.98046875,37.69091796875
33.0,16.0,0.5884868670000287,7.8,1440.98046875,37.69091796875
33.0,17.0,0.6573457509998661,6.1,1440.98046875,37.69091796875
33.0,18.0,0.43010195500028203,8.0,1440.98046875,37.69091796875
33.0,19.0,0.46873029800008226,8.5,1440.98046875,37.69091796875
33.0,20.0,0.47599415000013323,10.8,1440.98046875,37.69091796875
33.0,21.0,0.5780583760001718,3.5,1440.98046875,37.69091796875
33.0,22.0,0.4241726169998401,8.1,1440.98046875,37.69091796875
33.0,23.0,0.5498947989999579,27.8,1440.98046875,37.69091796875
33.0,24.0,0.8034871340000791,59.0,1440.98046875,37.69091796875
33.0,25.0,0.5551468990001922,65.5,1440.98046875,37.69091796875
33.0,26.0,0.4581095019998429,20.9,1440.98046875,37.69091796875
33.0,27.0,0.4032320369997251,11.0,1440.98046875,37.69091796875
33.0,28.0,0.6834507640000993,3.0,1440.98046875,37.69091796875
33.0,29.0,0.5035213019996263,14.9,1440.98046875,37.69091796875
33.0,30.0,0.4809126750001269,5.2,1440.98046875,37.69091796875
33.0,31.0,0.6251615950000087,8.0,1440.98046875,37.69091796875
33.0,32.0,0.623007200000302,11.2,1440.98046875,37.69091796875
33.0,33.0,0.6080678810003519,12.5,1440.98046875,37.69091796875
33.0,34.0,0.813841047999631,6.1,1440.98046875,37.69091796875
33.0,35.0,0.550061098000242,4.5,1440.98046875,37.69091796875
33.0,36.0,0.6836365780000051,6.6,1440.98046875,37.69091796875
33.0,37.0,0.6058810310000808,6.5,1440.98046875,37.69091796875
33.0,38.0,0.56491347400015,11.6,1440.98046875,37.69091796875
33.0,39.0,0.5515163729996857,14.4,1440.98046875,37.69091796875
33.0,40.0,0.6164558760001455,4.9,1440.98046875,37.69091796875
33.0,41.0,0.4489596199996413,10.0,1440.98046875,37.69091796875
33.0,42.0,0.5864792910001597,4.2,1440.98046875,37.69091796875
33.0,43.0,0.42559617799997795,27.4,1440.98046875,37.69091796875
33.0,44.0,0.6337592980003137,58.7,1440.98046875,37.69091796875
33.0,45.0,0.7532910060003815,60.7,1440.98046875,37.69091796875
33.0,46.0,0.4739254720002464,25.0,1440.98046875,37.69091796875
33.0,47.0,0.4377082580003844,9.0,1440.98046875,37.69091796875
33.0,48.0,0.5365297789999204,4.7,1440.98046875,37.69091796875
33.0,49.0,0.44695038000008935,10.0,1440.98046875,37.69091796875
33.0,50.0,0.46860374000016236,5.4,1440.98046875,37.69091796875
33.0,51.0,0.42407296300007147,5.9,1440.98046875,37.69091796875
33.0,52.0,0.4535760720000326,5.6,1440.98046875,37.69091796875
33.0,53.0,0.6032433750001474,6.6,1440.98046875,37.69091796875
33.0,54.0,0.5477501249997658,1.8,1440.98046875,37.69091796875
33.0,55.0,0.4987433989999772,8.0,1440.98046875,37.69091796875
33.0,56.0,0.4396184799998082,5.7,1440.98046875,37.69091796875
33.0,57.0,0.4113352180002039,8.5,1440.98046875,37.69091796875
33.0,58.0,0.5720086440001069,4.4,1440.98046875,37.69091796875
33.0,59.0,0.428103333999843,11.4,1440.98046875,37.69091796875
33.0,60.0,0.3919261880000704,5.1,1440.98046875,37.69091796875
33.0,61.0,0.4474240210001881,9.1,1440.98046875,37.69091796875
33.0,62.0,0.38710606500035283,5.2,1440.98046875,37.69091796875
33.0,63.0,0.7397365729998455,6.7,1440.98046875,37.69091796875
33.0,64.0,0.9954243219999626,4.5,1440.98046875,37.69091796875
33.0,65.0,0.5333803109997461,17.0,1440.98046875,37.69091796875
33.0,66.0,3.3450158829996326,26.6,1440.98046875,37.69091796875
33.0,67.0,0.621078683000178,7.3,1440.98046875,37.69091796875
33.0,68.0,0.43434109999998327,8.1,1440.98046875,37.69091796875
33.0,69.0,0.5430929980002475,5.6,1440.98046875,37.69091796875
33.0,70.0,0.5363879500000621,8.3,1440.98046875,37.69091796875
33.0,71.0,0.5905670729998747,8.5,1440.98046875,37.69091796875
33.0,72.0,0.5410397010000452,4.6,1440.98046875,37.69091796875
33.0,73.0,2.2918397090002145,3.3,1440.98046875,37.69091796875
33.0,74.0,0.8695961430003081,4.6,1440.98046875,37.69091796875
33.0,75.0,0.624853031999919,8.7,1440.98046875,37.69091796875
33.0,76.0,0.4910389319998103,7.2,1440.98046875,37.69091796875
33.0,77.0,0.48245989199995165,8.2,1440.98046875,37.69091796875
33.0,78.0,1.267321117999927,49.0,1440.98046875,37.69091796875
33.0,79.0,0.4346762860000126,63.2,1440.98046875,37.69091796875
33.0,80.0,0.5549288520001028,29.5,1440.98046875,37.69091796875
33.0,81.0,0.4417843249998441,8.0,1440.98046875,37.69091796875
33.0,82.0,0.5428836930000216,14.7,1440.98046875,37.69091796875
33.0,83.0,0.43321064600013415,9.3,1440.98046875,37.69091796875
33.0,84.0,0.586362841999744,1.7,1440.98046875,37.69091796875
33.0,85.0,0.6737589890003619,7.4,1440.98046875,37.69091796875
33.0,86.0,0.6297913729999891,7.1,1440.98046875,37.69091796875
33.0,87.0,0.4758195530002922,6.2,1440.98046875,37.69091796875
33.0,88.0,0.4448731500001486,8.0,1440.98046875,37.69091796875
33.0,89.0,0.5064018039997791,4.9,1440.98046875,37.69091796875
33.0,90.0,0.9925511270002971,2.0,1440.98046875,37.69091796875
33.0,91.0,0.4844653609998204,8.2,1440.98046875,37.69091796875
33.0,92.0,0.4234967239999605,8.0,1440.98046875,37.69091796875
33.0,93.0,0.6086206770000899,7.4,1440.98046875,37.69091796875
33.0,94.0,0.6961421639998662,3.6,1440.98046875,37.69091796875
33.0,95.0,0.47713504700004705,6.3,1440.98046875,37.69091796875
33.0,96.0,0.6635211589996288,4.5,1440.98046875,37.69091796875
33.0,97.0,0.6277239450000707,17.9,1440.98046875,37.69091796875
33.0,98.0,0.42513103900000715,57.6,1440.98046875,37.69091796875
33.0,99.0,0.6778740270001435,61.8,1440.98046875,37.69091796875
33.0,100.0,0.8047949390002032,40.9,1440.98046875,37.69091796875
34.0,1.0,0.7812906320000366,5.7,1440.98046875,37.69091796875
34.0,2.0,0.5210386909998306,7.8,1440.98046875,37.69091796875
34.0,3.0,0.6300008600001092,4.0,1440.98046875,37.69091796875
34.0,4.0,0.6603287309999359,5.3,1440.98046875,37.69091796875
34.0,5.0,0.42335679000007076,4.7,1440.98046875,37.69091796875
34.0,6.0,0.46400693599980514,9.6,1440.98046875,37.69091796875
34.0,7.0,0.42461906100015767,8.2,1440.98046875,37.69091796875
34.0,8.0,0.41891833199997563,3.6,1440.98046875,37.69091796875
34.0,9.0,0.46320811400028106,8.6,1440.98046875,37.69091796875
34.0,10.0,0.4927262179999161,6.1,1440.98046875,37.69091796875
34.0,11.0,0.5435468840000794,10.2,1440.98046875,37.69091796875
34.0,12.0,0.6911800809998567,5.0,1440.98046875,37.69091796875
34.0,13.0,0.5176933130001089,7.8,1440.98046875,37.69091796875
34.0,14.0,0.45974115699982576,5.4,1440.98046875,37.69091796875
34.0,15.0,0.4833482659996662,7.2,1440.98046875,37.69091796875
34.0,16.0,0.5473055669999667,1.9,1440.98046875,37.69091796875
34.0,17.0,0.6664752249998855,4.5,1440.98046875,37.69091796875
34.0,18.0,0.5703237349998744,17.4,1440.98046875,37.69091796875
34.0,19.0,0.6566895179998937,61.1,1440.98046875,37.69091796875
34.0,20.0,0.6669724289999976,60.6,1440.98046875,37.69091796875
34.0,21.0,1.5786143969999102,11.4,1440.98046875,37.69091796875
34.0,22.0,0.4377661110002009,10.3,1440.98046875,37.69091796875
34.0,23.0,0.5735090210000635,7.0,1440.98046875,37.69091796875
34.0,24.0,0.5802052799999728,5.2,1440.98046875,37.69091796875
34.0,25.0,0.5842564559998209,8.5,1440.98046875,37.69091796875
34.0,26.0,0.8553870559999268,3.5,1440.98046875,37.69091796875
34.0,27.0,0.43035946200006947,9.3,1440.98046875,37.69091796875
34.0,28.0,0.5747911170001316,4.3,1440.98046875,37.69091796875
34.0,29.0,0.5529002270000092,4.5,1440.98046875,37.69091796875
34.0,30.0,0.4373879099998703,3.4,1440.98046875,37.69091796875
34.0,31.0,0.7049987059999694,5.6,1440.98046875,37.69091796875
34.0,32.0,0.9809076649999042,4.6,1440.98046875,37.69091796875
34.0,33.0,0.38954540000031557,2.5,1440.98046875,37.69091796875
34.0,34.0,0.4366039329997875,8.0,1440.98046875,37.69091796875
34.0,35.0,0.5437225270002273,13.1,1440.98046875,37.69091796875
34.0,36.0,0.4598008250000021,8.6,1440.98046875,37.69091796875
34.0,37.0,0.5751307789996645,50.4,1440.98046875,37.69091796875
34.0,38.0,0.5965145800000755,58.8,1440.98046875,37.69091796875
34.0,39.0,0.5392330519998723,67.3,1440.98046875,37.69091796875
34.0,40.0,0.42990378500007864,17.9,1440.98046875,37.69091796875
34.0,41.0,0.6657527880001908,8.3,1440.98046875,37.69091796875
34.0,42.0,0.4706898229997023,10.5,1440.98046875,37.69091796875
34.0,43.0,0.4610701329997937,4.3,1440.98046875,37.69091796875
34.0,44.0,0.594347870999627,3.4,1440.98046875,37.69091796875
34.0,45.0,3.075751405000119,2.6,1440.98046875,37.69091796875
34.0,46.0,2.3332192470002155,2.8,1440.98046875,37.69091796875
34.0,47.0,0.6553499609999562,8.4,1440.98046875,37.69091796875
34.0,48.0,0.5998183080000672,5.0,1440.98046875,37.69091796875
34.0,49.0,0.5105381900002612,4.0,1440.98046875,37.69091796875
34.0,50.0,0.6047219530000802,43.7,1440.98046875,37.69091796875
34.0,51.0,0.7870060380000723,56.0,1440.98046875,37.69091796875
34.0,52.0,0.5764973270001974,55.7,1440.98046875,37.69091796875
34.0,53.0,0.6457070010001189,11.6,1440.98046875,37.69091796875
34.0,54.0,0.5306845620002605,8.4,1440.98046875,37.69091796875
34.0,55.0,1.0183254329999727,6.4,1440.98046875,37.69091796875
34.0,56.0,0.6223918069999854,5.6,1440.98046875,37.69091796875
34.0,57.0,0.5593738309999026,9.8,1440.98046875,37.69091796875
34.0,58.0,0.5921586009999373,6.7,1440.98046875,37.69091796875
34.0,59.0,0.5627889550000873,2.7,1440.98046875,37.69091796875
34.0,60.0,1.4530355660003806,3.5,1440.98046875,37.69091796875
34.0,61.0,1.1282020310000007,4.5,1440.98046875,37.69091796875
34.0,62.0,0.5711478719999832,7.8,1440.98046875,37.69091796875
34.0,63.0,0.7046853860001647,9.3,1440.98046875,37.69091796875
34.0,64.0,1.0380724599999667,3.4,1440.98046875,37.69091796875
34.0,65.0,0.5790032820000306,15.5,1440.98046875,37.69091796875
34.0,66.0,0.5818172030003552,56.4,1440.98046875,37.69091796875
34.0,67.0,0.5239249750002273,58.7,1440.98046875,37.69091796875
34.0,68.0,0.6445494320000762,43.3,1440.98046875,37.69091796875
34.0,69.0,0.5902469239999846,10.1,1440.98046875,37.69091796875
34.0,70.0,0.615784357999928,5.7,1440.98046875,37.69091796875
34.0,71.0,0.5366229719998046,6.5,1440.98046875,37.69091796875
34.0,72.0,0.5929881060001208,6.0,1440.98046875,37.69091796875
34.0,73.0,0.6454207980000319,4.7,1440.98046875,37.69091796875
34.0,74.0,0.6432164579996424,6.2,1440.98046875,37.69091796875
34.0,75.0,0.6117985500000032,4.9,1440.98046875,37.69091796875
34.0,76.0,0.5842291210001349,7.8,1440.98046875,37.69091796875
34.0,77.0,0.5807463640003334,8.6,1440.98046875,37.69091796875
34.0,78.0,0.5950793749998411,1.7,1440.98046875,37.69091796875
34.0,79.0,0.5472367239999585,8.3,1440.98046875,37.69091796875
34.0,80.0,0.5266694570000254,2.8,1440.98046875,37.69091796875
34.0,81.0,0.7024864439999874,3.5,1440.98046875,37.69091796875
34.0,82.0,0.7606113840001854,5.3,1440.98046875,37.69091796875
34.0,83.0,0.6257293090002349,4.8,1440.98046875,37.69091796875
34.0,84.0,0.5696712379999553,7.8,1440.98046875,37.69091796875
34.0,85.0,0.5804109079999762,50.9,1440.98046875,37.69091796875
34.0,86.0,0.5630315079997672,58.4,1440.98046875,37.69091796875
34.0,87.0,0.7811816070002351,58.7,1440.98046875,37.69091796875
34.0,88.0,0.5884044849999555,6.0,1440.98046875,37.69091796875
34.0,89.0,0.6215163970000503,7.9,1440.98046875,37.69091796875
34.0,90.0,0.6126765710000655,7.4,1440.98046875,37.69091796875
34.0,91.0,0.594098853000105,11.0,1440.98046875,37.69091796875
34.0,92.0,0.773223698000038,5.2,1440.98046875,37.69091796875
34.0,93.0,0.6825236299996504,8.1,1440.98046875,37.69091796875
34.0,94.0,0.6028075580002223,4.1,1440.98046875,37.69091796875
34.0,95.0,0.7079520729998876,7.8,1440.98046875,37.69091796875
34.0,96.0,0.5836247229999572,6.0,1440.98046875,37.69091796875
34.0,97.0,0.6576627169997664,11.4,1440.98046875,37.69091796875
34.0,98.0,0.5541215139996893,7.2,1440.98046875,37.69091796875
34.0,99.0,0.5375252029998592,3.7,1440.98046875,37.69091796875
34.0,100.0,0.717179178999686,9.0,1440.98046875,37.69091796875
35.0,1.0,0.6772996790000434,3.7,1440.98046875,37.69091796875
35.0,2.0,0.6108620899999551,5.7,1440.98046875,37.69091796875
35.0,3.0,0.8780461300002571,42.8,1440.98046875,37.69091796875
35.0,4.0,0.663775452000209,63.9,1440.98046875,37.69091796875
35.0,5.0,0.7069150420002188,39.0,1440.98046875,37.69091796875
35.0,6.0,0.6130302730002768,5.7,1440.98046875,37.69091796875
35.0,7.0,0.5896482549997017,3.4,1440.98046875,37.69091796875
35.0,8.0,0.6193359989997589,6.4,1440.98046875,37.69091796875
35.0,9.0,0.7699814709999373,13.0,1440.98046875,37.69091796875
35.0,10.0,0.6393253920000461,7.1,1440.98046875,37.69091796875
35.0,11.0,0.6468092249997426,10.9,1440.98046875,37.69091796875
35.0,12.0,0.2844564859997263,50.0,1440.98046875,37.69091796875
35.0,13.0,0.5742910530002518,7.0,1440.98046875,37.69091796875
35.0,14.0,2.852125345999866,2.3,1440.98046875,37.69091796875
35.0,15.0,0.6161527470003421,8.9,1440.98046875,37.69091796875
35.0,16.0,0.6553943199996866,7.6,1440.98046875,37.69091796875
35.0,17.0,0.5661423259998628,3.5,1440.98046875,37.69091796875
35.0,18.0,0.6066943769997124,40.0,1440.98046875,37.69091796875
35.0,19.0,0.5700919119999526,59.1,1440.98046875,37.69091796875
35.0,20.0,0.7952766359999259,53.5,1440.98046875,37.69091796875
35.0,21.0,0.6709272550001515,9.6,1440.98046875,37.69091796875
35.0,22.0,0.5975482799999554,7.6,1440.98046875,37.69091796875
35.0,23.0,0.5497582829998464,5.5,1440.98046875,37.69091796875
35.0,24.0,0.622225430999606,9.5,1440.98046875,37.69091796875
35.0,25.0,0.5871721550001894,3.4,1440.98046875,37.69091796875
35.0,26.0,0.5299027129999558,6.7,1440.98046875,37.69091796875
35.0,27.0,0.627695225000025,7.2,1440.98046875,37.69091796875
35.0,28.0,0.6581997230000525,4.5,1440.98046875,37.69091796875
35.0,29.0,0.5365879029995995,5.7,1440.98046875,37.69091796875
35.0,30.0,0.5708255650001774,6.1,1440.98046875,37.69091796875
35.0,31.0,0.6674791880000157,4.5,1440.98046875,37.69091796875
35.0,32.0,0.6478721759999644,14.5,1440.98046875,37.69091796875
35.0,33.0,0.6048793360000673,5.0,1440.98046875,37.69091796875
35.0,34.0,0.9543804899999486,4.8,1440.98046875,37.69091796875
35.0,35.0,0.5703858809997655,6.9,1440.98046875,37.69091796875
35.0,36.0,0.5747903390001738,14.2,1440.98046875,37.69091796875
35.0,37.0,1.30089797599976,57.1,1440.98046875,37.69091796875
35.0,38.0,1.1637143459997787,17.7,1440.98046875,37.69091796875
35.0,39.0,0.5497453369998766,3.6,1440.98046875,37.69091796875
35.0,40.0,0.5640392469999824,5.4,1440.98046875,37.69091796875
35.0,41.0,0.5659854850000556,5.2,1440.98046875,37.69091796875
35.0,42.0,0.6096974679999221,10.0,1440.98046875,37.69091796875
35.0,43.0,0.5897684249998747,2.6,1440.98046875,37.69091796875
35.0,44.0,0.5624098400003277,7.1,1440.98046875,37.69091796875
35.0,45.0,0.5428695459995652,5.5,1440.98046875,37.69091796875
35.0,46.0,1.0115189020002617,4.5,1440.98046875,37.69091796875
35.0,47.0,0.6355412560001241,16.5,1440.98046875,37.69091796875
35.0,48.0,0.6782109639998453,5.2,1440.98046875,37.69091796875
35.0,49.0,0.7885339909998947,8.9,1440.98046875,37.69091796875
35.0,50.0,0.5531236189999618,4.5,1440.98046875,37.69091796875
35.0,51.0,0.5701088240002719,6.1,1440.98046875,37.69091796875
35.0,52.0,0.578834752000148,6.1,1440.98046875,37.69091796875
35.0,53.0,0.5613468520000424,31.8,1440.98046875,37.69091796875
35.0,54.0,0.5252042229999461,54.7,1440.98046875,37.69091796875
35.0,55.0,0.8009593870001481,59.1,1440.98046875,37.69091796875
35.0,56.0,0.9382410309999614,11.7,1440.98046875,37.69091796875
35.0,57.0,0.5032816210000419,5.0,1440.98046875,37.69091796875
35.0,58.0,0.5205059559998517,8.6,1440.98046875,37.69091796875
35.0,59.0,0.809119414000179,4.4,1440.98046875,37.69091796875
35.0,60.0,0.5777099229999294,6.0,1440.98046875,37.69091796875
35.0,61.0,0.8286585459995877,15.8,1440.98046875,37.69091796875
35.0,62.0,0.5719801200002621,10.5,1440.98046875,37.69091796875
35.0,63.0,0.560847676999856,4.5,1440.98046875,37.69091796875
35.0,64.0,0.6682591570001932,8.1,1440.98046875,37.69091796875
35.0,65.0,0.5321270790000199,7.5,1440.98046875,37.69091796875
35.0,66.0,0.6152084340001238,6.5,1440.98046875,37.69091796875
35.0,67.0,0.6610373119997348,4.6,1440.98046875,37.69091796875
35.0,68.0,0.5357734760000312,4.7,1440.98046875,37.69091796875
35.0,69.0,0.6114100740001049,6.5,1440.98046875,37.69091796875
35.0,70.0,0.521229349999885,3.9,1440.98046875,37.69091796875
35.0,71.0,0.8744008589997065,24.1,1440.98046875,37.69091796875
35.0,72.0,0.5964247270003398,60.5,1440.98046875,37.69091796875
35.0,73.0,0.6313493229999949,58.9,1440.98046875,37.69091796875
35.0,74.0,0.5444610599997759,21.8,1440.98046875,37.69091796875
35.0,75.0,0.5724901609996778,3.5,1440.98046875,37.69091796875
35.0,76.0,0.728293881999889,10.3,1440.98046875,37.69091796875
35.0,77.0,0.5614696940001522,6.2,1440.98046875,37.69091796875
35.0,78.0,0.6219050059999063,5.7,1440.98046875,37.69091796875
35.0,79.0,0.6623901040002238,6.8,1440.98046875,37.69091796875
35.0,80.0,0.672390870000072,6.7,1440.98046875,37.69091796875
35.0,81.0,0.5937944580000476,5.1,1440.98046875,37.69091796875
35.0,82.0,0.5396384830000898,6.4,1440.98046875,37.69091796875
35.0,83.0,1.7896099019999383,3.1,1440.98046875,37.69091796875
35.0,84.0,0.5780716799999936,4.3,1440.98046875,37.69091796875
35.0,85.0,0.560642800000096,3.6,1440.98046875,37.69091796875
35.0,86.0,0.5368894809998892,2.8,1440.98046875,37.69091796875
35.0,87.0,0.5864840200001709,6.0,1440.98046875,37.69091796875
35.0,88.0,0.8048938599999929,34.4,1440.98046875,37.69091796875
35.0,89.0,0.6768302830000721,56.3,1440.98046875,37.69091796875
35.0,90.0,0.7010949330001495,64.5,1440.98046875,37.69091796875
35.0,91.0,0.6183055269998476,12.2,1440.98046875,37.69091796875
35.0,92.0,1.5352734500002043,3.6,1440.98046875,37.69091796875
35.0,93.0,0.6094788320001499,13.1,1440.98046875,37.69091796875
35.0,94.0,0.6537829250000868,4.6,1440.98046875,37.69091796875
35.0,95.0,0.6141246300003331,7.3,1440.98046875,37.69091796875
35.0,96.0,0.6054925510002249,0.8,1440.98046875,37.69091796875
35.0,97.0,0.8442621290000716,6.5,1440.98046875,37.69091796875
35.0,98.0,0.682631938999748,5.9,1440.98046875,37.69091796875
35.0,99.0,0.594941899999867,6.7,1440.98046875,37.69091796875
35.0,100.0,0.6276092440002685,3.2,1440.98046875,37.69091796875
36.0,1.0,1.0243055099999765,14.6,1440.98046875,37.69091796875
36.0,2.0,0.6690934319999542,8.2,1440.98046875,37.69091796875
36.0,3.0,0.9081957260000308,3.9,1440.98046875,37.69091796875
36.0,4.0,0.5739109219998682,50.9,1440.98046875,37.69091796875
36.0,5.0,0.5363125850003598,60.2,1440.98046875,37.69091796875
36.0,6.0,0.7102072679999765,57.9,1440.98046875,37.69091796875
36.0,7.0,0.6290688090002732,6.3,1440.98046875,37.69091796875
36.0,8.0,0.5380405570003859,11.3,1440.98046875,37.69091796875
36.0,9.0,0.6618052629996782,5.3,1440.98046875,37.69091796875
36.0,10.0,3.198350605000087,2.4,1440.98046875,37.69091796875
36.0,11.0,0.5579216629998882,6.4,1440.98046875,37.69091796875
36.0,12.0,0.5547446680002395,4.5,1440.98046875,37.69091796875
36.0,13.0,0.6655320100003337,7.6,1440.98046875,37.69091796875
36.0,14.0,0.5910311379998348,5.1,1440.98046875,37.69091796875
36.0,15.0,0.6980980960001943,3.6,1440.98046875,37.69091796875
36.0,16.0,0.5134931030002008,5.8,1440.98046875,37.69091796875
36.0,17.0,0.5857260259999748,9.5,1440.98046875,37.69091796875
36.0,18.0,0.5928653969999687,5.1,1440.98046875,37.69091796875
36.0,19.0,0.6950107059997208,50.7,1440.98046875,37.69091796875
36.0,20.0,0.6513569689996075,57.8,1440.98046875,37.69091796875
36.0,21.0,1.7043496850001247,16.2,1440.98046875,37.69091796875
36.0,22.0,0.5082130799996776,4.9,1440.98046875,37.69091796875
36.0,23.0,0.6174712209999598,8.1,1440.98046875,37.69091796875
36.0,24.0,0.9691051619997779,7.7,1440.98046875,37.69091796875
36.0,25.0,0.5791071779999584,8.6,1440.98046875,37.69091796875
36.0,26.0,0.8161465220000537,3.1,1440.98046875,37.69091796875
36.0,27.0,0.7007186939999883,8.6,1440.98046875,37.69091796875
36.0,28.0,0.6860122650000449,8.0,1440.98046875,37.69091796875
36.0,29.0,0.5541624520001278,4.5,1440.98046875,37.69091796875
36.0,30.0,0.67758598599994,5.1,1440.98046875,37.69091796875
36.0,31.0,0.597684887000014,5.9,1440.98046875,37.69091796875
36.0,32.0,0.6115008560000206,7.4,1440.98046875,37.69091796875
36.0,33.0,0.5588829829998758,6.3,1440.98046875,37.69091796875
36.0,34.0,0.6070893219998652,14.8,1440.98046875,37.69091796875
36.0,35.0,0.6538530709999577,42.7,1440.98046875,37.69091796875
36.0,36.0,0.7312761820003288,58.2,1440.98046875,37.69091796875
36.0,37.0,0.634613946999707,44.4,1440.98046875,37.69091796875
36.0,38.0,0.6895952770000804,6.6,1440.98046875,37.69091796875
36.0,39.0,0.653385771000103,9.1,1440.98046875,37.69091796875
36.0,40.0,3.2290596890002234,2.3,1440.98046875,37.69091796875
36.0,41.0,0.7330757389995597,4.8,1440.98046875,37.69091796875
36.0,42.0,0.5899853879996044,7.6,1440.98046875,37.69091796875
36.0,43.0,1.0681083480003508,3.8,1440.98046875,37.69091796875
36.0,44.0,0.5259236780002539,7.5,1440.98046875,37.69091796875
36.0,45.0,0.5853485920001731,4.2,1440.98046875,37.69091796875
36.0,46.0,0.6633849579998241,4.6,1440.98046875,37.69091796875
36.0,47.0,0.5613010689999101,4.4,1440.98046875,37.69091796875
36.0,48.0,0.5946828180003649,18.6,1440.98046875,37.69091796875
36.0,49.0,0.6802747490000911,62.0,1440.98046875,37.69091796875
36.0,50.0,2.144226043999879,23.5,1440.98046875,37.69091796875
36.0,51.0,0.5962858289999531,4.2,1440.98046875,37.69091796875
36.0,52.0,0.7236491449998539,7.6,1440.98046875,37.69091796875
36.0,53.0,0.5756278250000832,8.8,1440.98046875,37.69091796875
36.0,54.0,0.6294492560000435,6.3,1440.98046875,37.69091796875
36.0,55.0,0.6521390990001237,6.9,1440.98046875,37.69091796875
36.0,56.0,0.6566886180003166,6.1,1440.98046875,37.69091796875
36.0,57.0,0.6337414019999414,4.0,1440.98046875,37.69091796875
36.0,58.0,0.7489678530000674,11.9,1440.98046875,37.69091796875
36.0,59.0,0.6524372049998419,6.2,1440.98046875,37.69091796875
36.0,60.0,0.52408047300014,4.8,1440.98046875,37.69091796875
36.0,61.0,0.624516470999879,8.0,1440.98046875,37.69091796875
36.0,62.0,0.6180615210000724,5.7,1440.98046875,37.69091796875
36.0,63.0,0.6391777799999545,7.0,1440.98046875,37.69091796875
36.0,64.0,0.6570366199998716,26.9,1440.98046875,37.69091796875
36.0,65.0,0.5904462560001775,55.5,1440.98046875,37.69091796875
36.0,66.0,0.5948745589998907,62.4,1440.98046875,37.69091796875
36.0,67.0,0.7011903749998964,25.0,1440.98046875,37.69091796875
36.0,68.0,0.6544251880000047,8.4,1440.98046875,37.69091796875
36.0,69.0,0.5848600760000409,6.1,1440.98046875,37.69091796875
36.0,70.0,0.6500871120001648,7.7,1440.98046875,37.69091796875
36.0,71.0,1.396785723999983,4.3,1440.98046875,37.69091796875
36.0,72.0,1.4799120460002086,5.1,1440.98046875,37.69091796875
36.0,73.0,0.7472857860002478,14.8,1440.98046875,37.69091796875
36.0,74.0,0.5836621359999299,6.0,1440.98046875,37.69091796875
36.0,75.0,0.5906953290000274,10.2,1440.98046875,37.69091796875
36.0,76.0,0.6826154109999152,5.2,1440.98046875,37.69091796875
36.0,77.0,0.568436668999766,8.8,1440.98046875,37.69091796875
36.0,78.0,0.5529719219998697,7.1,1440.98046875,37.69091796875
36.0,79.0,0.7229342969999379,4.2,1440.98046875,37.69091796875
36.0,80.0,0.6190866130000359,35.0,1440.98046875,37.69091796875
36.0,81.0,0.6720696540000972,56.0,1440.98046875,37.69091796875
36.0,82.0,0.6958010050002486,61.0,1440.98046875,37.69091796875
36.0,83.0,1.2084810569999718,6.6,1440.98046875,37.69091796875
36.0,84.0,0.5321517799998219,5.6,1440.98046875,37.69091796875
36.0,85.0,0.6468258810000407,5.5,1440.98046875,37.69091796875
36.0,86.0,0.5826197110000066,4.3,1440.98046875,37.69091796875
36.0,87.0,0.5867946409998694,6.0,1440.98046875,37.69091796875
36.0,88.0,0.5868415979998645,1.7,1440.98046875,37.69091796875
36.0,89.0,0.8705713780000224,4.6,1440.98046875,37.69091796875
36.0,90.0,0.840173496999796,4.2,1440.98046875,37.69091796875
36.0,91.0,0.6255708059998142,5.6,1440.98046875,37.69091796875
36.0,92.0,0.6310458230000222,3.2,1440.98046875,37.69091796875
36.0,93.0,0.6065791369996987,6.6,1440.98046875,37.69091796875
36.0,94.0,0.5073649770001794,7.0,1440.98046875,37.69091796875
36.0,95.0,0.6204208970002583,7.2,1440.98046875,37.69091796875
36.0,96.0,0.5200819700003194,4.8,1440.98046875,37.69091796875
36.0,97.0,0.6171409079997829,7.3,1440.98046875,37.69091796875
36.0,98.0,0.7721937619999153,57.9,1440.98046875,37.69091796875
36.0,99.0,0.5956336719996216,60.5,1440.98046875,37.69091796875
36.0,100.0,1.3449994759998845,16.7,1440.98046875,37.69091796875
37.0,1.0,1.9843310799997198,3.3,1440.98046875,37.69091796875
37.0,2.0,0.6682237059999352,3.8,1440.98046875,37.69091796875
37.0,3.0,1.198406944999988,4.6,1440.98046875,37.69091796875
37.0,4.0,0.617687215999922,6.5,1440.98046875,37.69091796875
37.0,5.0,0.5751923280004121,6.1,1440.98046875,37.69091796875
37.0,6.0,0.6285878220000995,4.8,1440.98046875,37.69091796875
37.0,7.0,3.291459969999778,4.4,1440.98046875,37.69091796875
37.0,8.0,0.9687944580000476,54.2,1440.98046875,37.69091796875
37.0,9.0,0.5899068369999441,61.0,1440.98046875,37.69091796875
37.0,10.0,0.6207817059998888,16.1,1440.984375,37.69091796875
37.0,11.0,0.6901617419998729,8.6,1440.98828125,37.69091796875
37.0,12.0,0.7332418910000342,4.9,1440.98828125,37.69091796875
37.0,13.0,0.6207390530003067,8.1,1440.98828125,37.69091796875
37.0,14.0,0.6799912259998564,6.6,1440.98828125,37.69091796875
37.0,15.0,0.6909097290003956,5.9,1440.98828125,37.69091796875
37.0,16.0,0.6516693110002052,7.6,1440.98828125,37.69091796875
37.0,17.0,0.5166351740003847,3.8,1440.98828125,37.69091796875
37.0,18.0,1.02681652199999,4.4,1440.98828125,37.69091796875
37.0,19.0,0.6244385669997428,4.0,1440.98828125,37.69091796875
37.0,20.0,0.608358760000101,5.8,1440.98828125,37.69091796875
37.0,21.0,0.6462942830003158,5.5,1440.98828125,37.69091796875
37.0,22.0,0.6167767370002366,6.5,1440.98828125,37.69091796875
37.0,23.0,0.7701178920001439,4.5,1440.98828125,37.69091796875
37.0,24.0,0.5595591700002842,10.9,1440.98828125,37.69091796875
37.0,25.0,0.6561690379999163,58.3,1440.98828125,37.69091796875
37.0,26.0,0.6048816819998137,58.3,1440.98828125,37.69091796875
37.0,27.0,0.725145786000212,34.0,1440.98828125,37.69091796875
37.0,28.0,0.6096873920000689,4.9,1441.0,37.69091796875
37.0,29.0,0.60742166,6.6,1441.01171875,37.69091796875
37.0,30.0,0.5375159070003974,6.5,1441.01953125,37.69091796875
37.0,31.0,0.608636037999986,6.5,1441.03125,37.69091796875
37.0,32.0,0.5155635529999927,4.9,1441.03125,37.69091796875
37.0,33.0,0.6308697760000541,4.0,1441.03125,37.69091796875
37.0,34.0,0.6215421389997573,8.9,1441.03125,37.69091796875
37.0,35.0,0.5523898999999801,4.5,1441.03125,37.69091796875
37.0,36.0,0.6251482160000705,11.3,1441.03515625,37.69091796875
37.0,37.0,0.6234629559999121,8.0,1441.03515625,37.69091796875
37.0,38.0,0.5694217130003381,3.5,1441.0390625,37.69091796875
37.0,39.0,0.5424345410001479,6.5,1441.0390625,37.69091796875
37.0,40.0,0.5877699970001231,6.0,1441.04296875,37.69091796875
37.0,41.0,0.5889440759997342,5.9,1441.04296875,37.69091796875
37.0,42.0,0.6537549469999249,6.9,1441.04296875,37.69091796875
37.0,43.0,0.5232203310001751,3.8,1441.04296875,37.69091796875
37.0,44.0,0.6778172280000945,43.3,1441.04296875,37.69091796875
37.0,45.0,0.573214155000187,56.1,1441.04296875,37.69091796875
37.0,46.0,0.7200151840002036,51.4,1441.046875,37.69091796875
37.0,47.0,0.5757847659997424,6.1,1441.046875,37.69091796875
37.0,48.0,0.6114985620001789,7.3,1441.05078125,37.69091796875
37.0,49.0,0.6331047769999714,7.1,1441.05078125,37.69091796875
37.0,50.0,2.177946135000184,2.3,1441.0546875,37.69091796875
37.0,51.0,0.6001545389999592,6.7,1441.05859375,37.69091796875
37.0,52.0,0.7566167479999422,3.3,1441.0625,37.69091796875
37.0,53.0,0.5719836030002625,7.0,1441.0625,37.69091796875
37.0,54.0,0.5950860279999688,5.9,1441.0625,37.69091796875
37.0,55.0,0.6231847609997203,6.4,1441.0625,37.69091796875
37.0,56.0,0.6356253349999861,6.2,1441.0625,37.69091796875
37.0,57.0,0.5399306150002303,3.8,1441.0625,37.69091796875
37.0,58.0,0.5381251019998672,5.6,1441.0625,37.69091796875
37.0,59.0,0.5603576140001678,7.1,1441.0625,37.69091796875
37.0,60.0,0.6184632130002683,22.8,1441.0625,37.69091796875
37.0,61.0,0.592770900999767,55.6,1441.0625,37.69091796875
37.0,62.0,2.9457722379997904,18.1,1441.0625,37.69091796875
37.0,63.0,0.5499457779997101,6.3,1441.0625,37.69091796875
37.0,64.0,0.6833382580002763,5.1,1441.0625,37.69091796875
37.0,65.0,0.6469370820000222,6.2,1441.0625,37.69091796875
37.0,66.0,0.569135895999807,8.8,1441.0625,37.69091796875
37.0,67.0,0.6148162630001934,4.8,1441.0625,37.69091796875
37.0,68.0,0.7824166600003082,4.5,1441.06640625,37.69091796875
37.0,69.0,0.5857519020000836,6.8,1441.06640625,37.69091796875
37.0,70.0,0.5918089179999697,5.0,1441.0703125,37.69091796875
37.0,71.0,0.7471383339998283,4.1,1441.07421875,37.69091796875
37.0,72.0,0.5674496719998388,8.8,1441.08984375,37.69091796875
37.0,73.0,0.7504553430003398,3.3,1441.09765625,37.69091796875
37.0,74.0,0.6385870939998313,5.6,1441.09765625,37.69091796875
37.0,75.0,0.5868752870001117,43.2,1441.09765625,37.69091796875
37.0,76.0,1.145041228000082,59.2,1441.09765625,37.69091796875
37.0,77.0,0.629285254000024,15.1,1441.09765625,37.69091796875
37.0,78.0,0.5391536419997465,7.5,1441.09765625,37.69091796875
37.0,79.0,0.5114177390000805,4.9,1441.09765625,37.69091796875
37.0,80.0,0.6022792179996941,7.4,1441.09765625,37.69091796875
37.0,81.0,0.7366723120003371,5.4,1441.09765625,37.69091796875
37.0,82.0,0.5924476049999612,7.6,1441.09765625,37.69091796875
37.0,83.0,0.633091045999663,5.6,1441.09765625,37.69091796875
37.0,84.0,0.5988042560002214,5.0,1441.09765625,37.69091796875
37.0,85.0,2.431982962999882,2.9,1441.09765625,37.69091796875
37.0,86.0,6.0660104029998365,16.1,1441.09765625,37.69091796875
37.0,87.0,0.5735729230000288,5.2,1441.09765625,37.69091796875
37.0,88.0,0.5428780360002747,6.5,1441.09765625,37.69091796875
37.0,89.0,0.6654613030000291,4.5,1441.09765625,37.69091796875
37.0,90.0,0.6730476449997695,6.0,1441.1015625,37.69091796875
37.0,91.0,1.2857467920002819,2.7,1441.1015625,37.69091796875
37.0,92.0,0.6061195960000987,6.6,1441.1171875,37.69091796875
37.0,93.0,0.5609295540002677,8.9,1441.12890625,37.69091796875
37.0,94.0,0.6412188910003351,4.7,1441.12890625,37.69091796875
37.0,95.0,0.6090665849997094,8.2,1441.12890625,37.69091796875
37.0,96.0,0.5543971899996905,4.5,1441.12890625,37.69091796875
37.0,97.0,0.5938311960003375,5.9,1441.12890625,37.69091796875
37.0,98.0,1.4230460690000655,18.3,1441.12890625,37.69091796875
37.0,99.0,0.6018946039998809,60.8,1441.12890625,37.69091796875
37.0,100.0,0.8406332760000623,45.2,1441.12890625,37.69091796875
38.0,1.0,0.6614479209997626,6.8,1441.1328125,37.69091796875
38.0,2.0,0.5702150830002211,7.0,1441.1328125,37.69091796875
38.0,3.0,0.6814078969996444,2.9,1441.13671875,37.69091796875
38.0,4.0,2.1522624730000643,3.7,1441.13671875,37.69091796875
38.0,5.0,0.6409770059999573,3.9,1441.13671875,37.69091796875
38.0,6.0,0.5682020049998755,7.0,1441.140625,37.69091796875
38.0,7.0,0.6733737839999776,3.7,1441.140625,37.69091796875
38.0,8.0,0.6357882639999843,7.1,1441.14453125,37.69091796875
38.0,9.0,0.5262747609999678,7.5,1441.14453125,37.69091796875
38.0,10.0,0.5832540200003677,4.3,1441.14453125,37.69091796875
38.0,11.0,0.6089936749999652,5.8,1441.1484375,37.69091796875
38.0,12.0,0.9189993439999853,4.3,1441.1484375,37.69091796875
38.0,13.0,0.6176489469999069,14.0,1441.15234375,37.69091796875
38.0,14.0,0.7179419869999037,60.4,1441.15625,37.69091796875
38.0,15.0,0.6593452709998928,60.8,1441.16796875,37.69091796875
38.0,16.0,0.5823011530001168,26.7,1441.17578125,37.69091796875
38.0,17.0,0.5441884150000078,7.3,1441.17578125,37.69091796875
38.0,18.0,0.9280840810001791,3.8,1441.17578125,37.69091796875
38.0,19.0,0.634735126999658,3.9,1441.17578125,37.69091796875
38.0,20.0,0.6368509630001427,8.7,1441.21875,37.69091796875
38.0,21.0,0.5727949040001477,4.3,1441.21875,37.69091796875
38.0,22.0,0.5268909579999672,12.4,1441.21875,37.69091796875
38.0,23.0,0.6981279470001027,4.3,1441.21875,37.69091796875
38.0,24.0,0.6736911329999202,3.0,1441.21875,37.69091796875
38.0,25.0,0.5754076439998244,8.7,1441.21875,37.69091796875
38.0,26.0,0.6751195090000692,4.4,1441.21875,37.69091796875
38.0,27.0,0.7249946870001622,15.8,1441.21875,37.69091796875
38.0,28.0,0.885170220999953,5.6,1441.21875,37.69091796875
38.0,29.0,0.6975542870000027,5.1,1441.21875,37.69091796875
38.0,30.0,0.7026159699998971,4.3,1441.21875,37.69091796875
38.0,31.0,0.6193986439998298,52.8,1441.22265625,37.69091796875
38.0,32.0,0.5901041799997984,59.7,1441.22265625,37.69091796875
38.0,33.0,0.5693739980001737,60.4,1441.2265625,37.69091796875
38.0,34.0,0.642115303999617,5.5,1441.2265625,37.69091796875
38.0,35.0,0.8763346430000638,4.5,1441.23046875,37.69091796875
38.0,36.0,0.5728427189997092,3.5,1441.23046875,37.69091796875
38.0,37.0,0.6713541389999591,9.0,1441.23046875,37.69091796875
38.0,38.0,0.5476810289997047,4.5,1441.23046875,37.69091796875
38.0,39.0,0.5473054130002311,6.4,1441.23046875,37.69091796875
38.0,40.0,0.5577452360003008,4.5,1441.23046875,37.69091796875
38.0,41.0,0.7131801040000028,12.8,1441.23046875,37.69091796875
38.0,42.0,0.861867686000096,5.8,1441.23046875,37.69091796875
38.0,43.0,0.5696103430000221,7.9,1441.23046875,37.69091796875
38.0,44.0,0.5724901789999421,6.1,1441.23046875,37.69091796875
38.0,45.0,0.524388793000071,7.5,1441.23046875,37.69091796875
38.0,46.0,0.6673010029999205,5.3,1441.23046875,37.69091796875
38.0,47.0,1.0328293930001564,3.4,1441.234375,37.69091796875
38.0,48.0,0.630695328999991,8.7,1441.234375,37.69091796875
38.0,49.0,0.7277574300001106,58.5,1441.3671875,37.69091796875
38.0,50.0,0.7079603870001847,59.0,1441.3671875,37.69091796875
38.0,51.0,0.6057578619997912,22.8,1441.3671875,37.69091796875
38.0,52.0,0.7086631970000781,2.9,1441.37890625,37.69091796875
38.0,53.0,0.6781002919997263,8.8,1441.390625,37.69091796875
38.0,54.0,0.6365427630003069,4.8,1441.40234375,37.69091796875
38.0,55.0,0.6022733240001799,7.4,1441.40234375,37.69091796875
38.0,56.0,0.5959032370001296,5.0,1441.40234375,37.69091796875
38.0,57.0,0.6511295569998765,5.3,1441.40234375,37.69091796875
38.0,58.0,0.6205617489999895,4.1,1441.40234375,37.69091796875
38.0,59.0,1.0168439260000923,6.4,1441.40234375,37.69091796875
38.0,60.0,0.5889664619999166,5.9,1441.40234375,37.69091796875
38.0,61.0,0.5492798259997471,6.4,1441.40234375,37.69091796875
38.0,62.0,0.6008585009999479,8.5,1441.40234375,37.69091796875
38.0,63.0,0.5544200129997989,7.1,1441.40234375,37.69091796875
38.0,64.0,0.5801866659999178,5.2,1441.40234375,37.69091796875
38.0,65.0,0.5138457819998621,3.9,1441.40234375,37.69091796875
38.0,66.0,0.6216955630002303,4.8,1441.40234375,37.69091796875
38.0,67.0,0.6145968390001144,58.9,1441.40234375,37.69091796875
38.0,68.0,0.6110522419999143,62.8,1441.40234375,37.69091796875
38.0,69.0,0.8405117830002382,37.3,1441.40625,37.69091796875
38.0,70.0,0.5866717090002567,5.9,1441.41015625,37.69091796875
38.0,71.0,0.5948014860000512,5.0,1441.41796875,37.69091796875
38.0,72.0,0.7445030719995884,4.7,1441.41796875,37.69091796875
38.0,73.0,0.5485734290000437,8.2,1441.421875,37.69091796875
38.0,74.0,0.6553680100000747,3.8,1441.4296875,37.69091796875
38.0,75.0,0.6213005929998872,5.6,1441.43359375,37.69091796875
38.0,76.0,0.7400460369999564,12.2,1441.453125,37.69091796875
38.0,77.0,1.8280608820000452,2.7,1441.453125,37.69091796875
38.0,78.0,0.5469325399999434,10.0,1441.453125,37.69091796875
38.0,79.0,0.5767206590003298,6.0,1441.453125,37.69091796875
38.0,80.0,0.6133135969998875,4.1,1441.453125,37.69091796875
38.0,81.0,0.8937123629998496,4.0,1441.453125,37.69091796875
38.0,82.0,0.6453883439999117,7.7,1441.453125,37.69091796875
38.0,83.0,0.6528265819997614,53.4,1441.453125,37.69091796875
38.0,84.0,0.5948216709998633,59.8,1441.453125,37.69091796875
38.0,85.0,0.6320624859999953,45.2,1441.453125,37.69091796875
38.0,86.0,0.6728818500000671,4.5,1441.453125,37.69091796875
38.0,87.0,0.6323909049997383,7.9,1441.46875,37.69091796875
38.0,88.0,0.6066041210001458,4.1,1441.46875,37.69091796875
38.0,89.0,0.6589340220002669,9.1,1441.47265625,37.69091796875
38.0,90.0,0.5484293419999631,7.3,1441.47265625,37.69091796875
38.0,91.0,0.6265863980001996,4.0,1441.4765625,37.69091796875
38.0,92.0,0.714179361999868,7.7,1441.4765625,37.69091796875
38.0,93.0,0.678013546999864,6.6,1441.4765625,37.69091796875
38.0,94.0,0.5319214099999954,3.8,1441.4765625,37.69091796875
38.0,95.0,0.6156457849997423,6.5,1441.48046875,37.69091796875
38.0,96.0,0.5993594109995684,5.0,1441.48828125,37.69091796875
38.0,97.0,0.6278606400001081,6.5,1441.48828125,37.69091796875
38.0,98.0,0.5551762489999419,6.3,1441.48828125,37.69091796875
38.0,99.0,0.6764573890000065,5.2,1441.48828125,37.69091796875
38.0,100.0,0.5925382149998768,7.6,1441.48828125,37.69091796875
39.0,1.0,0.6513275730003443,22.5,1441.48828125,37.69091796875
39.0,2.0,0.6059775060002721,58.2,1441.48828125,37.69091796875
39.0,3.0,0.6666165999999976,62.4,1441.625,37.69091796875
39.0,4.0,0.8515896740000244,14.8,1441.625,37.69091796875
39.0,5.0,0.6821175260001837,6.6,1441.625,37.69091796875
39.0,6.0,0.6470782780002082,8.5,1441.62890625,37.69091796875
39.0,7.0,0.6438564140003109,4.7,1441.62890625,37.69091796875
39.0,8.0,0.6123628690002079,7.3,1441.6328125,37.69091796875
39.0,9.0,0.7190863390001141,4.9,1441.6328125,37.69091796875
39.0,10.0,0.6020233730000655,4.2,1441.63671875,37.69091796875
39.0,11.0,0.5894112850000965,7.7,1441.640625,37.69091796875
39.0,12.0,0.5269641049999336,5.7,1441.640625,37.69091796875
39.0,13.0,0.5772608319998653,8.6,1441.640625,37.69091796875
39.0,14.0,0.6660770869998487,7.5,1441.65234375,37.69091796875
39.0,15.0,2.856121300000268,2.1,1441.66796875,37.69091796875
39.0,16.0,0.5584534770000573,41.4,1441.66796875,37.69091796875
39.0,17.0,0.671677370999987,58.2,1441.66796875,37.69091796875
39.0,18.0,1.4772475489999124,24.5,1442.0390625,37.69091796875
39.0,19.0,0.5847430290000375,10.3,1442.0390625,37.69091796875
39.0,20.0,0.7028410930001883,5.0,1442.0390625,37.69091796875
39.0,21.0,0.6637590870000167,5.3,1442.0390625,37.69091796875
39.0,22.0,0.5848499909998282,3.4,1442.0390625,37.69091796875
39.0,23.0,0.578189403000124,7.0,1442.0390625,37.69091796875
39.0,24.0,0.7106685519997882,5.6,1442.0390625,37.69091796875
39.0,25.0,0.6852254450000146,5.1,1442.0390625,37.69091796875
39.0,26.0,0.5996319020000556,5.8,1442.0390625,37.69091796875
39.0,27.0,0.6158896920001098,9.8,1442.04296875,37.69091796875
39.0,28.0,0.7368785470002877,4.1,1442.04296875,37.69091796875
39.0,29.0,0.6427868670002681,5.5,1442.04296875,37.69091796875
39.0,30.0,0.6123563870000908,7.2,1442.046875,37.69091796875
39.0,31.0,0.8929791219998151,2.8,1442.046875,37.69091796875
39.0,32.0,0.6863043370003652,23.9,1442.05078125,37.69091796875
39.0,33.0,0.6589380189998337,57.3,1442.05078125,37.69091796875
39.0,34.0,0.7149215849999564,62.9,1442.0546875,37.69091796875
39.0,35.0,0.8402378739997403,11.9,1442.0625,37.69091796875
39.0,36.0,0.6748520020000797,14.2,1442.07421875,37.69091796875
39.0,37.0,0.6058203679999679,5.7,1442.0859375,37.69091796875
39.0,38.0,2.024248933999843,2.7,1442.09765625,37.69091796875
39.0,39.0,0.6543815150002956,8.5,1442.09765625,37.69091796875
39.0,40.0,0.8924499830000059,5.6,1442.09765625,37.69091796875
39.0,41.0,0.844575678000183,4.8,1442.09765625,37.69091796875
39.0,42.0,0.6080774750003002,6.5,1442.09765625,37.69091796875
39.0,43.0,0.5306007409999438,4.8,1442.09765625,37.69091796875
39.0,44.0,0.570190969000123,5.2,1442.09765625,37.69091796875
39.0,45.0,0.6463687939999545,7.8,1442.09765625,37.69091796875
39.0,46.0,0.6700850410002204,6.7,1442.09765625,37.69091796875
39.0,47.0,0.5964503520003746,10.2,1442.1015625,37.69091796875
39.0,48.0,0.5817367999998169,57.3,1442.1015625,37.69091796875
39.0,49.0,0.5470093190001535,57.3,1442.1015625,37.69091796875
39.0,50.0,0.6031157829997937,53.4,1442.10546875,37.69091796875
39.0,51.0,0.8140711989999545,6.7,1442.10546875,37.69091796875
39.0,52.0,0.6044773089997761,4.1,1442.10546875,37.69091796875
39.0,53.0,0.558068460999948,4.5,1442.10546875,37.69091796875
39.0,54.0,0.5554252540000562,4.5,1442.10546875,37.69091796875
39.0,55.0,0.6348043830003007,6.2,1442.10546875,37.69091796875
39.0,56.0,0.8144530179997673,3.7,1442.10546875,37.69091796875
39.0,57.0,0.5814242599999488,8.5,1442.10546875,37.69091796875
39.0,58.0,0.5959840649998114,8.4,1442.109375,37.69091796875
39.0,59.0,1.5146584910003185,5.0,1442.109375,37.69091796875
39.0,60.0,0.6870258580001973,4.4,1442.109375,37.69091796875
39.0,61.0,0.5597752129997389,8.0,1442.109375,37.69091796875
39.0,62.0,0.5646209919996181,3.5,1442.109375,37.69091796875
39.0,63.0,0.682161269000062,5.9,1442.109375,37.69091796875
39.0,64.0,1.0879609930002516,24.8,1442.109375,37.69091796875
39.0,65.0,1.0335080429999834,57.1,1442.109375,37.69091796875
39.0,66.0,0.48316070999999283,28.9,1442.11328125,37.69091796875
39.0,67.0,0.6683416010000656,3.0,1442.11328125,37.69091796875
39.0,68.0,0.5790262390000862,7.8,1442.1171875,37.69091796875
39.0,69.0,0.5700199810003141,7.0,1442.1171875,37.69091796875
39.0,70.0,0.6131637550001869,6.5,1442.1171875,37.69091796875
39.0,71.0,0.5407076379997307,5.6,1442.12109375,37.69091796875
39.0,72.0,0.6228700870001376,10.5,1442.12109375,37.69091796875
39.0,73.0,0.67035579100002,6.7,1442.12109375,37.69091796875
39.0,74.0,0.6163264860001618,4.9,1442.12109375,37.69091796875
39.0,75.0,0.6530629480002972,5.3,1442.12109375,37.69091796875
39.0,76.0,0.9019367709997823,6.1,1442.12890625,37.69091796875
39.0,77.0,0.5470858529997713,4.6,1442.14453125,37.69091796875
39.0,78.0,0.6270651620002354,7.1,1442.15234375,37.69091796875
39.0,79.0,0.6019941959998505,7.4,1442.15234375,37.69091796875
39.0,80.0,0.6751450060000934,5.2,1442.15234375,37.69091796875
39.0,81.0,0.8628187699996488,10.4,1442.15234375,37.69091796875
39.0,82.0,0.7380818800002089,57.8,1442.44921875,37.69091796875
39.0,83.0,1.2520971429999008,41.1,1442.44921875,37.69091796875
39.0,84.0,0.5398722180002551,7.3,1442.44921875,37.69091796875
39.0,85.0,0.5085818229999859,4.9,1442.44921875,37.69091796875
39.0,86.0,0.7090507950001665,7.1,1442.44921875,37.69091796875
39.0,87.0,0.6134995170000366,4.9,1442.44921875,37.69091796875
39.0,88.0,0.4652576339999541,4.3,1442.44921875,37.69091796875
39.0,89.0,0.602337947000251,5.0,1442.44921875,37.69091796875
39.0,90.0,0.5544979710002735,6.3,1442.44921875,37.69091796875
39.0,91.0,0.533964558000207,4.7,1442.453125,37.69091796875
39.0,92.0,1.975051633000021,3.3,1442.453125,37.69091796875
39.0,93.0,0.5262285200001315,4.8,1442.453125,37.69091796875
39.0,94.0,0.6218155719998322,8.8,1442.45703125,37.69091796875
39.0,95.0,0.5175150589998339,8.7,1442.45703125,37.69091796875
39.0,96.0,0.7053985739999007,5.7,1442.4609375,37.69091796875
39.0,97.0,0.5929313139999977,5.0,1442.46484375,37.69091796875
39.0,98.0,0.5546111280000332,49.1,1442.46484375,37.69091796875
39.0,99.0,1.0399944310001956,57.7,1442.47265625,37.69091796875
39.0,100.0,0.5577870609999991,20.0,1442.48046875,37.69091796875
40.0,1.0,0.6179688839997652,8.1,1442.48828125,37.69091796875
40.0,2.0,0.4983127410000634,5.0,1442.48828125,37.69091796875
40.0,3.0,0.7281084460000784,6.8,1442.48828125,37.69091796875
40.0,4.0,0.66371034399981,10.7,1442.48828125,37.69091796875
40.0,5.0,0.6039446280001357,5.8,1442.48828125,37.69091796875
40.0,6.0,0.6893040170002678,6.5,1442.48828125,37.69091796875
40.0,7.0,0.7266260440001133,6.8,1442.48828125,37.69091796875
40.0,8.0,0.47800101400025596,5.2,1442.48828125,37.69091796875
40.0,9.0,1.0859236819997022,3.2,1442.48828125,37.69091796875
40.0,10.0,0.5052516239998113,6.9,1442.48828125,37.69091796875
40.0,11.0,0.5011078620000262,9.0,1442.48828125,37.69091796875
40.0,12.0,0.8559084480002639,3.5,1442.4921875,37.69091796875
40.0,13.0,0.5442374969998127,7.3,1442.4921875,37.69091796875
40.0,14.0,0.5767088630000217,6.0,1442.4921875,37.69091796875
40.0,15.0,0.6146993239999574,20.0,1442.4921875,37.69091796875
40.0,16.0,0.5392289629999141,56.1,1442.4921875,37.69091796875
40.0,17.0,0.5768104710000443,60.7,1442.49609375,37.69091796875
40.0,18.0,0.5926510210001652,50.9,1442.49609375,37.69091796875
40.0,19.0,0.6864351480003279,10.9,1442.5,37.69091796875
40.0,20.0,0.5956905849998293,9.2,1442.5,37.69091796875
40.0,21.0,0.4411825649999628,2.3,1442.5,37.69091796875
40.0,22.0,2.540276504999838,3.0,1442.5,37.69091796875
40.0,23.0,0.6090494249997391,3.3,1442.5,37.69091796875
40.0,24.0,0.5756430309997995,8.5,1442.5,37.69091796875
40.0,25.0,0.6918575909999163,6.6,1442.5,37.69091796875
40.0,26.0,0.5724750429999403,5.2,1442.5,37.69091796875
40.0,27.0,0.6593631460000324,6.1,1442.5,37.69091796875
40.0,28.0,0.6252669909999895,3.2,1442.5,37.69091796875
40.0,29.0,0.7234731429998646,6.9,1442.5,37.69091796875
40.0,30.0,0.5897150989999318,6.7,1442.50390625,37.69091796875
40.0,31.0,0.6565293069998006,14.7,1442.50390625,37.69091796875
40.0,32.0,0.6373122009999861,59.1,1442.50390625,37.69091796875
40.0,33.0,0.5616475460001311,62.8,1442.50390625,37.69091796875
40.0,34.0,0.8206494420001036,36.8,1442.5078125,37.69091796875
40.0,35.0,0.5783702859998812,6.9,1442.5078125,37.69091796875
40.0,36.0,0.603719066999929,4.1,1442.515625,37.69091796875
40.0,37.0,1.5140111310001885,4.3,1442.53125,37.69091796875
40.0,38.0,0.5518125329999748,6.3,1442.5390625,37.69091796875
40.0,39.0,0.6571807669997725,8.3,1442.55078125,37.69091796875
40.0,40.0,0.5646870280002076,6.3,1442.55078125,37.69091796875
40.0,41.0,0.5375971230000687,6.5,1442.55078125,37.69091796875
40.0,42.0,0.6669122749999588,7.6,1442.55078125,37.69091796875
40.0,43.0,0.6740884560003906,5.2,1442.55078125,37.69091796875
40.0,44.0,0.5988163899996835,10.0,1442.55078125,37.69091796875
40.0,45.0,0.5972580940001535,6.8,1442.55078125,37.69091796875
40.0,46.0,0.888190485999985,14.0,1442.55078125,37.69091796875
40.0,47.0,0.5714860379998754,6.1,1442.5546875,37.69091796875
40.0,48.0,1.354991513999721,33.8,1442.5546875,37.69091796875
40.0,49.0,0.567766372999813,61.1,1442.5546875,37.69091796875
40.0,50.0,0.6390218179999465,26.2,1442.5546875,37.69091796875
40.0,51.0,0.5444992090001506,4.5,1442.5546875,37.69091796875
40.0,52.0,0.6165099879999616,6.5,1442.5546875,37.69091796875
40.0,53.0,0.6150345500000185,4.9,1442.5546875,37.69091796875
40.0,54.0,1.0659903499999928,9.9,1442.5546875,37.69091796875
40.0,55.0,0.7722276669996972,11.8,1442.55859375,37.69091796875
40.0,56.0,0.5767806410003686,5.2,1442.56640625,37.69091796875
40.0,57.0,0.7459898309998607,4.0,1442.56640625,37.69091796875
40.0,58.0,0.6209707100001651,8.1,1442.5703125,37.69091796875
40.0,59.0,0.8356220820000999,18.6,1442.578125,37.69091796875
40.0,60.0,0.4970856029999595,6.1,1442.578125,37.69091796875
40.0,61.0,0.5316536079999423,6.5,1442.578125,37.69091796875
40.0,62.0,0.6023407750003571,7.6,1442.62890625,37.69091796875
40.0,63.0,0.5170735370002149,10.7,1442.62890625,37.69091796875
40.0,64.0,3.0078058260000944,30.2,1442.62890625,37.69091796875
40.0,65.0,0.9568108100002064,3.7,1442.62890625,37.69091796875
40.0,66.0,0.6252612719999888,5.6,1442.62890625,37.69091796875
40.0,67.0,0.669630485000198,5.2,1442.62890625,37.69091796875
40.0,68.0,0.7977183309999418,6.8,1442.62890625,37.69091796875
40.0,69.0,0.5190168179997272,4.9,1442.6328125,37.69091796875
40.0,70.0,0.5427137399997264,7.4,1442.6328125,37.69091796875
40.0,71.0,0.8703698830004214,4.0,1442.63671875,37.69091796875
40.0,72.0,0.6602654710000024,5.3,1442.63671875,37.69091796875
40.0,73.0,0.5090187249998053,6.9,1442.63671875,37.69091796875
40.0,74.0,0.5586224240000774,4.5,1442.640625,37.69091796875
40.0,75.0,0.5701342369998201,7.9,1442.640625,37.69091796875
40.0,76.0,0.5720338070000253,6.1,1442.640625,37.69091796875
40.0,77.0,0.7105031189998954,7.7,1442.65625,37.69091796875
40.0,78.0,0.6373909359999743,6.3,1442.6640625,37.69091796875
40.0,79.0,1.0502066980002382,36.4,1442.67578125,37.69091796875
40.0,80.0,0.629564278000089,60.0,1442.68359375,37.69091796875
40.0,81.0,0.8156614240001545,28.6,1442.68359375,37.69091796875
40.0,82.0,0.5171236639998824,8.7,1442.68359375,37.69091796875
40.0,83.0,0.5966354199999842,3.4,1442.859375,37.69091796875
40.0,84.0,0.6061846830002651,5.8,1442.859375,37.69091796875
40.0,85.0,0.7831316870001501,9.0,1442.859375,37.69091796875
40.0,86.0,1.0708842969997932,3.3,1442.859375,37.69091796875
40.0,87.0,0.6163969650001491,5.7,1443.015625,37.69091796875
40.0,88.0,0.5261212179998438,8.5,1443.015625,37.69091796875
40.0,89.0,0.5009943580002982,7.1,1443.01953125,37.69091796875
40.0,90.0,0.7737962810001591,20.6,1443.0234375,37.69091796875
40.0,91.0,0.6654914159998953,6.0,1443.0234375,37.69091796875
40.0,92.0,0.5560983959999248,4.5,1443.02734375,37.69091796875
40.0,93.0,0.6632965839999088,9.2,1443.02734375,37.69091796875
40.0,94.0,0.6511254879997068,5.4,1443.02734375,37.69091796875
40.0,95.0,0.6899724119998609,3.6,1443.02734375,37.69091796875
40.0,96.0,0.6974541290001071,35.3,1443.03515625,37.69091796875
40.0,97.0,0.7715256200003751,67.5,1443.04296875,37.69091796875
40.0,98.0,0.5965930930001377,52.5,1443.04296875,37.69091796875
40.0,99.0,0.572398486000111,7.0,1443.04296875,37.69091796875
40.0,100.0,0.6879711850001513,5.1,1443.04296875,37.69091796875
41.0,1.0,0.8450416860000587,14.0,1447.88671875,37.69091796875
41.0,2.0,0.5898903919996883,5.9,1447.88671875,37.69091796875
41.0,3.0,0.5331605799997305,6.6,1447.88671875,37.69091796875
41.0,4.0,0.6521884439998757,3.8,1447.88671875,37.69091796875
41.0,5.0,0.5612979150000683,8.8,1447.88671875,37.69091796875
41.0,6.0,0.6287401839999802,5.6,1447.88671875,37.69091796875
41.0,7.0,0.5946469189998425,5.8,1447.88671875,37.69091796875
41.0,8.0,0.63470449200031,8.7,1447.88671875,37.69091796875
41.0,9.0,2.2125260910002,2.5,1447.88671875,37.69091796875
41.0,10.0,0.5599549870003102,7.2,1447.88671875,37.69091796875
41.0,11.0,0.5784683460001361,8.6,1447.88671875,37.69091796875
41.0,12.0,0.5943338150000272,59.7,1447.88671875,37.69091796875
41.0,13.0,0.5866568370001914,53.8,1447.88671875,37.69091796875
41.0,14.0,0.7448806540000987,71.1,1447.88671875,37.69091796875
41.0,15.0,0.5767101340002228,14.0,1447.88671875,37.69091796875
41.0,16.0,0.7076152990002811,11.3,1447.88671875,37.69091796875
41.0,17.0,0.5070514069998353,6.0,1447.88671875,37.69091796875
41.0,18.0,0.6460026449999532,4.7,1447.88671875,37.69091796875
41.0,19.0,2.079113879000033,2.6,1447.88671875,37.69091796875
41.0,20.0,0.5730839289999494,6.1,1447.88671875,37.69091796875
41.0,21.0,0.6423132080003597,6.2,1447.88671875,37.69091796875
41.0,22.0,0.6260112879999724,3.2,1447.88671875,37.69091796875
41.0,23.0,0.46061652700018385,8.7,1447.88671875,37.69091796875
41.0,24.0,0.6101412660000278,5.7,1447.88671875,37.69091796875
41.0,25.0,0.6594592910000756,7.6,1447.88671875,37.69091796875
41.0,26.0,0.6443487660003484,6.2,1447.88671875,37.69091796875
41.0,27.0,0.6089333659997465,15.0,1447.88671875,37.69091796875
41.0,28.0,0.6370133979999082,6.3,1447.88671875,37.69091796875
41.0,29.0,0.8097070829999211,50.9,1447.88671875,37.69091796875
41.0,30.0,0.5530915640001695,62.7,1447.88671875,37.69091796875
41.0,31.0,2.356151261999912,10.7,1447.88671875,37.69091796875
41.0,32.0,0.6932550849996915,6.5,1447.88671875,37.69091796875
41.0,33.0,1.5988258200000018,3.4,1447.88671875,37.69091796875
41.0,34.0,0.6590494609999951,3.8,1447.88671875,37.69091796875
41.0,35.0,0.6214320540002518,4.0,1447.88671875,37.69091796875
41.0,36.0,0.864249892999851,3.5,1447.88671875,37.69091796875
41.0,37.0,2.1756282840001404,2.8,1447.88671875,37.69091796875
41.0,38.0,0.5626558129997647,4.4,1447.88671875,37.69091796875
41.0,39.0,0.579684122999879,7.7,1447.88671875,37.69091796875
41.0,40.0,0.6610267089999979,41.2,1447.88671875,37.69091796875
41.0,41.0,2.0838190929998746,33.8,1447.88671875,37.69091796875
41.0,42.0,2.129036504999931,3.1,1447.88671875,37.69091796875
41.0,43.0,0.6631664439996712,4.5,1447.88671875,37.69091796875
41.0,44.0,0.6849414609996529,5.1,1447.88671875,37.69091796875
41.0,45.0,1.1217076210000414,4.9,1447.88671875,37.69091796875
41.0,46.0,0.6728231850001976,3.7,1447.88671875,37.69091796875
41.0,47.0,0.6305053510000107,7.2,1447.88671875,37.69091796875
41.0,48.0,0.5864851549999912,6.8,1447.88671875,37.69091796875
41.0,49.0,0.535235955999724,5.7,1447.890625,37.69091796875
41.0,50.0,0.506781662999856,8.9,1447.890625,37.69091796875
41.0,51.0,0.6498362160000397,6.1,1447.89453125,37.69091796875
41.0,52.0,0.6025247649999983,8.3,1447.89453125,37.69091796875
41.0,53.0,1.8614933660001043,48.2,1447.89453125,37.69091796875
41.0,54.0,0.9475728239999626,12.6,1447.89453125,37.69091796875
41.0,55.0,0.6454479700000775,7.0,1447.89453125,37.69091796875
41.0,56.0,2.8333054160002575,2.3,1447.89453125,37.69091796875
41.0,57.0,0.7322257999999238,8.9,1447.89453125,37.69091796875
41.0,58.0,0.5679448720002256,9.6,1447.8984375,37.69091796875
41.0,59.0,0.6183051530001649,8.1,1447.90234375,37.69091796875
41.0,60.0,0.8797552650003126,4.6,1447.90234375,37.69091796875
41.0,61.0,0.6594628449997799,8.3,1447.90234375,37.69091796875
41.0,62.0,0.49309874899972783,5.2,1447.90234375,37.69091796875
41.0,63.0,0.4752162060003684,5.2,1447.90234375,37.69091796875
41.0,64.0,0.6085000449998006,4.1,1447.90234375,37.69091796875
41.0,65.0,0.5616430730001412,6.3,1447.90234375,37.69091796875
41.0,66.0,0.6378898259999914,51.2,1447.90234375,37.69091796875
41.0,67.0,0.5529881669999668,59.8,1447.90234375,37.69091796875
41.0,68.0,1.7843636690004132,21.5,1447.90234375,37.69091796875
41.0,69.0,0.5918766479999249,8.4,1447.90234375,37.69091796875
41.0,70.0,1.8754221760000291,3.0,1447.90234375,37.69091796875
41.0,71.0,0.6590733590001037,6.8,1447.90234375,37.69091796875
41.0,72.0,0.5945233799998277,5.0,1447.90234375,37.69091796875
41.0,73.0,0.6165101930000674,6.5,1447.90234375,37.69091796875
41.0,74.0,0.5733777450000161,8.8,1447.90234375,37.69091796875
41.0,75.0,1.3520489980001003,3.3,1447.90234375,37.69091796875
41.0,76.0,0.6572810899997421,3.8,1447.90234375,37.69091796875
41.0,77.0,0.6116408210000372,7.4,1447.90234375,37.69091796875
41.0,78.0,0.572376985000119,8.7,1447.90234375,37.69091796875
41.0,79.0,0.6425578850003149,5.5,1447.90234375,37.69091796875
41.0,80.0,0.6407659440001225,58.1,1447.90234375,37.69091796875
41.0,81.0,0.6784801899998456,61.2,1447.90234375,37.69091796875
41.0,82.0,0.6369649739999659,54.8,1447.90234375,37.69091796875
41.0,83.0,0.6734415639998588,6.0,1447.90234375,37.69091796875
41.0,84.0,0.49460721799960083,6.1,1447.90234375,37.69091796875
41.0,85.0,0.5530594259998907,4.5,1447.90234375,37.69091796875
41.0,86.0,2.520785918999991,2.6,1447.90234375,37.69091796875
41.0,87.0,0.6421231109998189,6.3,1447.90234375,37.69091796875
41.0,88.0,0.6956219859998782,7.2,1447.90234375,37.69091796875
41.0,89.0,0.6433711280001262,6.9,1447.90234375,37.69091796875
41.0,90.0,0.6002420499999062,7.6,1447.90234375,37.69091796875
41.0,91.0,0.6058809559999645,5.0,1447.90234375,37.69091796875
41.0,92.0,0.6172905020002872,9.0,1447.90234375,37.69091796875
41.0,93.0,2.3404680429998734,13.3,1447.90234375,37.69091796875
41.0,94.0,0.71406760400032,60.8,1447.90234375,37.69091796875
41.0,95.0,0.5962297969999781,69.5,1447.90234375,37.69091796875
41.0,96.0,0.6398135069998716,11.7,1447.90234375,37.69091796875
41.0,97.0,0.6708976830000211,6.0,1447.90234375,37.69091796875
41.0,98.0,0.6274799000002531,5.6,1447.90234375,37.69091796875
41.0,99.0,0.5005623860001833,8.9,1447.90234375,37.69091796875
41.0,100.0,0.5633210539999709,6.3,1447.90234375,37.69091796875
42.0,1.0,0.6949398080000719,5.0,1447.90234375,37.69091796875
42.0,2.0,0.626770039999883,6.4,1447.90234375,37.69091796875
42.0,3.0,1.4780308029999105,3.1,1447.90234375,37.69091796875
42.0,4.0,0.7782167440000194,13.5,1447.90234375,37.69091796875
42.0,5.0,0.5580329639997217,6.3,1447.90234375,37.69091796875
42.0,6.0,0.6553658329999053,5.3,1447.90234375,37.69091796875
42.0,7.0,0.605940432999887,6.6,1447.90234375,37.69091796875
42.0,8.0,0.9872207339999477,3.6,1447.90234375,37.69091796875
42.0,9.0,0.6098338589999912,6.5,1447.90234375,37.69091796875
42.0,10.0,0.5363290660002349,55.2,1447.90234375,37.69091796875
42.0,11.0,0.5994883529997423,57.1,1447.90234375,37.69091796875
42.0,12.0,0.8028013389998705,48.4,1447.90234375,37.69091796875
42.0,13.0,0.6589905789996919,5.3,1447.90234375,37.69091796875
42.0,14.0,0.673505195999951,7.4,1447.90234375,37.69091796875
42.0,15.0,0.5388799600000311,4.7,1447.90234375,37.69091796875
42.0,16.0,0.6094069280002259,5.8,1447.90234375,37.69091796875
42.0,17.0,0.7715215549997083,4.5,1447.90234375,37.69091796875
42.0,18.0,0.5722641870002008,9.5,1447.90234375,37.69091796875
42.0,19.0,0.6301815030001308,6.3,1447.90234375,37.69091796875
42.0,20.0,0.5632853709998926,4.5,1447.90234375,37.69091796875
42.0,21.0,0.592216498000198,5.9,1447.90234375,37.69091796875
42.0,22.0,0.7859422709998398,12.8,1447.90234375,37.69091796875
42.0,23.0,0.6137953490001564,4.9,1447.90234375,37.69091796875
42.0,24.0,0.6523019060000479,6.2,1447.90234375,37.69091796875
42.0,25.0,0.5649949139997261,3.5,1447.90234375,37.69091796875
42.0,26.0,1.1178660149998905,3.6,1447.90234375,37.69091796875
42.0,27.0,0.712542484000096,26.6,1447.90234375,37.69091796875
42.0,28.0,0.6350048540002717,58.3,1447.90234375,37.69091796875
42.0,29.0,0.6265868830000727,56.0,1447.90234375,37.69091796875
42.0,30.0,0.5868515700003627,33.0,1447.90234375,37.69091796875
42.0,31.0,0.5935819649998848,6.7,1447.90234375,37.69091796875
42.0,32.0,0.8776040519996968,4.0,1447.90234375,37.69091796875
42.0,33.0,0.6773974560001079,8.8,1447.90234375,37.69091796875
42.0,34.0,0.598782343000039,7.5,1447.90234375,37.69091796875
42.0,35.0,0.6335984409997764,8.7,1447.90234375,37.69091796875
42.0,36.0,0.5979627920000894,6.8,1447.90234375,37.69091796875
42.0,37.0,3.082449724000071,4.1,1447.90234375,37.69091796875
42.0,38.0,0.5592812899999444,4.5,1447.90234375,37.69091796875
42.0,39.0,0.7300237219997143,6.2,1447.90234375,37.69091796875
42.0,40.0,0.6788020529997993,6.6,1447.90234375,37.69091796875
42.0,41.0,0.5420428379998157,3.7,1447.90234375,37.69091796875
42.0,42.0,0.5573223169999437,54.9,1447.90234375,37.69091796875
42.0,43.0,0.645903565000026,56.6,1447.90234375,37.69091796875
42.0,44.0,0.7505036610000388,45.0,1447.90234375,37.69091796875
42.0,45.0,0.5739854499997818,7.0,1447.90234375,37.69091796875
42.0,46.0,0.6539132240000072,3.8,1447.90234375,37.69091796875
42.0,47.0,0.8113120630000594,6.2,1447.90234375,37.69091796875
42.0,48.0,0.6074177219998091,8.1,1447.90234375,37.69091796875
42.0,49.0,0.8190376329998799,4.3,1447.90234375,37.69091796875
42.0,50.0,0.5708814060003533,4.4,1447.90234375,37.69091796875
42.0,51.0,0.6285997550003231,6.4,1447.90234375,37.69091796875
42.0,52.0,0.4472331890001442,5.6,1447.90234375,37.69091796875
42.0,53.0,1.5452838780001912,3.9,1447.90234375,37.69091796875
42.0,54.0,2.38332450300004,2.7,1447.90234375,37.69091796875
42.0,55.0,0.9624991649998265,18.7,1447.90234375,37.69091796875
42.0,56.0,0.5887053040000865,58.1,1447.90234375,37.69091796875
42.0,57.0,0.6427121140000054,59.8,1447.90234375,37.69091796875
42.0,58.0,0.5561258640000233,29.5,1447.90234375,37.69091796875
42.0,59.0,0.4966916440002933,6.1,1447.90234375,37.69091796875
42.0,60.0,0.6090465739998763,5.8,1447.90234375,37.69091796875
42.0,61.0,0.5710825919995841,4.4,1447.90234375,37.69091796875
42.0,62.0,0.6900163489999613,5.1,1447.90234375,37.69091796875
42.0,63.0,0.6078171770000154,5.8,1447.90234375,37.69091796875
42.0,64.0,0.5396449670001857,6.5,1447.90234375,37.69091796875
42.0,65.0,0.6174021239999092,5.7,1447.90234375,37.69091796875
42.0,66.0,0.5613282970002729,6.2,1447.90234375,37.69091796875
42.0,67.0,0.6300595339998836,5.6,1447.90234375,37.69091796875
42.0,68.0,0.6617534739998518,6.1,1447.90234375,37.69091796875
42.0,69.0,0.7181827079998584,4.2,1447.90234375,37.69091796875
42.0,70.0,0.6892013229999066,7.3,1447.90234375,37.69091796875
42.0,71.0,0.6655232040002375,5.3,1447.90234375,37.69091796875
42.0,72.0,0.5977052709999953,5.8,1447.90234375,37.69091796875
42.0,73.0,0.6613570690001325,6.1,1447.90234375,37.69091796875
42.0,74.0,0.6115958830000636,30.6,1447.90234375,37.69091796875
42.0,75.0,0.9410975239998152,58.8,1447.90234375,37.69091796875
42.0,76.0,0.6266521070001545,46.0,1447.90234375,37.69091796875
42.0,77.0,0.5003249520000281,5.0,1447.90234375,37.69091796875
42.0,78.0,0.5068387020000955,4.0,1447.90234375,37.69091796875
42.0,79.0,0.5853652220002914,6.0,1447.90234375,37.69091796875
42.0,80.0,0.5343977130000894,7.4,1447.90234375,37.69091796875
42.0,81.0,0.7691873650001071,8.6,1447.90234375,37.69091796875
42.0,82.0,0.5940366670001822,4.2,1447.90234375,37.69091796875
42.0,83.0,2.429847597000389,3.9,1447.90234375,37.69091796875
42.0,84.0,0.6522537440000633,5.3,1447.90234375,37.69091796875
42.0,85.0,0.5489977869997347,7.3,1447.90234375,37.69091796875
42.0,86.0,0.6168553079996855,5.7,1447.90234375,37.69091796875
42.0,87.0,0.6075006109999777,3.3,1447.90234375,37.69091796875
42.0,88.0,0.5877198500002123,9.3,1447.90234375,37.69091796875
42.0,89.0,0.6673376939997979,5.2,1447.90234375,37.69091796875
42.0,90.0,0.5206610019999971,39.8,1447.90234375,37.69091796875
42.0,91.0,0.5725377690000641,56.1,1447.90234375,37.69091796875
42.0,92.0,0.5779992150000908,62.9,1447.90234375,37.69091796875
42.0,93.0,0.5997903769998629,21.0,1447.90234375,37.69091796875
42.0,94.0,0.570827983000072,3.5,1447.90234375,37.69091796875
42.0,95.0,0.5913943880000261,5.1,1447.90234375,37.69091796875
42.0,96.0,0.8649762099998952,4.6,1447.90234375,37.69091796875
42.0,97.0,0.5620268369998485,4.5,1447.90234375,37.69091796875
42.0,98.0,0.6320785719999549,7.1,1447.90234375,37.69091796875
42.0,99.0,0.6414533349998237,8.5,1447.90234375,37.69091796875
42.0,100.0,0.5647771849999117,8.0,1447.90234375,37.69091796875
43.0,1.0,0.31344456299984813,50.8,1447.90234375,37.69091796875
43.0,2.0,1.4904559090000475,3.4,1447.90234375,37.69091796875
43.0,3.0,0.6530384699999559,3.8,1447.90234375,37.69091796875
43.0,4.0,0.7046868060001543,9.9,1447.90234375,37.69091796875
43.0,5.0,0.7125958840001658,4.3,1447.90234375,37.69091796875
43.0,6.0,0.5580173199996352,5.4,1447.90234375,37.69091796875
43.0,7.0,1.0027981200000795,21.0,1447.90234375,37.69091796875
43.0,8.0,1.1312677150003765,57.1,1447.90234375,37.69091796875
43.0,9.0,0.775439328000175,23.4,1447.90234375,37.69091796875
43.0,10.0,0.6081980600001771,6.6,1447.90234375,37.69091796875
43.0,11.0,0.6807340220002516,5.9,1447.90234375,37.69091796875
43.0,12.0,0.6173841609997908,14.6,1447.90234375,37.69091796875
43.0,13.0,0.7486254839996036,13.9,1447.90234375,37.69091796875
43.0,14.0,0.6490766829997483,7.0,1447.90234375,37.69091796875
43.0,15.0,0.5781661399996665,7.0,1447.90234375,37.69091796875
43.0,16.0,0.6351827089997641,7.9,1447.90234375,37.69091796875
43.0,17.0,0.525850351000372,5.7,1447.90234375,37.69091796875
43.0,18.0,0.6536648080000305,5.4,1447.90234375,37.69091796875
43.0,19.0,0.7145246310001312,7.0,1447.90234375,37.69091796875
43.0,20.0,0.5689217499998449,6.2,1447.90234375,37.69091796875
43.0,21.0,0.6729407679999895,8.9,1447.90234375,37.69091796875
43.0,22.0,0.5042120160001105,6.0,1447.90234375,37.69091796875
43.0,23.0,0.5418622120000691,6.5,1447.90234375,37.69091796875
43.0,24.0,0.5846174860002975,6.8,1447.90234375,37.69091796875
43.0,25.0,0.5680494739999631,50.4,1447.90234375,37.69091796875
43.0,26.0,0.773628551999991,54.8,1447.90234375,37.69091796875
43.0,27.0,0.7070527220002987,38.0,1447.90234375,37.69091796875
43.0,28.0,0.5243453230000341,8.7,1447.90234375,37.69091796875
43.0,29.0,0.7213269959997888,3.5,1447.90234375,37.69091796875
43.0,30.0,0.5536785230001442,6.3,1447.90234375,37.69091796875
43.0,31.0,1.0911258030000681,4.1,1447.90234375,37.69091796875
43.0,32.0,0.603693889999704,5.8,1447.90234375,37.69091796875
43.0,33.0,0.5739722019998226,5.3,1447.90234375,37.69091796875
43.0,34.0,0.6378113549999398,7.0,1447.90234375,37.69091796875
43.0,35.0,0.9061031760002152,6.7,1447.90234375,37.69091796875
43.0,36.0,0.7197013670001979,14.5,1447.90234375,37.69091796875
43.0,37.0,0.5857951369998773,6.8,1447.90234375,37.69091796875
43.0,38.0,0.6344727780001449,9.4,1447.90234375,37.69091796875
43.0,39.0,0.6535624059997645,3.8,1447.90234375,37.69091796875
43.0,40.0,0.6571339639999678,6.2,1447.90234375,37.69091796875
43.0,41.0,0.6423077360000207,8.5,1447.90234375,37.69091796875
43.0,42.0,0.6284816990000763,40.3,1447.90234375,37.69091796875
43.0,43.0,0.6567452559997946,59.1,1447.90234375,37.69091796875
43.0,44.0,1.259223658999872,27.6,1447.90234375,37.69091796875
43.0,45.0,0.6119880600003853,6.5,1447.90234375,37.69091796875
43.0,46.0,0.5698428900000181,4.4,1447.90234375,37.69091796875
43.0,47.0,0.6557300790000227,6.2,1447.90234375,37.69091796875
43.0,48.0,0.6349104229998375,5.5,1447.90234375,37.69091796875
43.0,49.0,0.7812007640000047,5.1,1447.90234375,37.69091796875
43.0,50.0,0.625777769999786,5.6,1447.90234375,37.69091796875
43.0,51.0,0.662488908999876,6.1,1447.90234375,37.69091796875
43.0,52.0,0.6417323229998146,7.0,1447.90234375,37.69091796875
43.0,53.0,0.5814467440000044,6.9,1447.90234375,37.69091796875
43.0,54.0,0.6740374959999826,11.9,1447.90234375,37.69091796875
43.0,55.0,0.6910184920002393,5.1,1447.90234375,37.69091796875
43.0,56.0,0.49316538599987325,7.1,1447.90234375,37.69091796875
43.0,57.0,0.4972017169998253,6.0,1447.90234375,37.69091796875
43.0,58.0,0.7776860020003369,7.7,1447.90234375,37.69091796875
43.0,59.0,0.6951216899997235,26.3,1447.90234375,37.69091796875
43.0,60.0,0.6484496660000332,58.5,1447.90234375,37.69091796875
43.0,61.0,0.5627588620000097,62.7,1447.90234375,37.69091796875
43.0,62.0,0.8989381009996578,12.8,1447.90234375,37.69091796875
43.0,63.0,0.5587726110002222,8.9,1447.90234375,37.69091796875
43.0,64.0,1.1706351360003282,4.7,1447.90234375,37.69091796875
43.0,65.0,0.6234835740001472,8.0,1447.90234375,37.69091796875
43.0,66.0,0.6062880380000024,4.1,1447.90234375,37.69091796875
43.0,67.0,0.5790705719996367,10.4,1447.90234375,37.69091796875
43.0,68.0,0.6225527790002161,6.4,1447.90234375,37.69091796875
43.0,69.0,0.6225692399998479,8.9,1447.90234375,37.69091796875
43.0,70.0,0.4938537759999235,5.1,1447.90234375,37.69091796875
43.0,71.0,1.0457499490003102,2.4,1447.90234375,37.69091796875
43.0,72.0,0.5947860139999648,3.3,1447.90234375,37.69091796875
43.0,73.0,0.712810418999652,6.4,1447.90234375,37.69091796875
43.0,74.0,0.550136362000103,8.0,1447.90234375,37.69091796875
43.0,75.0,0.7200797629998306,3.5,1447.90234375,37.69091796875
43.0,76.0,0.5937667139996847,32.8,1447.90234375,37.69091796875
43.0,77.0,0.5787459150001268,55.2,1447.90234375,37.69091796875
43.0,78.0,1.107643156999984,41.1,1447.90234375,37.69091796875
43.0,79.0,0.7242664280001918,4.9,1447.90234375,37.69091796875
43.0,80.0,0.6369139849998646,7.1,1447.90234375,37.69091796875
43.0,81.0,0.6905401250000978,7.2,1447.90234375,37.69091796875
43.0,82.0,0.5717356200002541,7.0,1447.90234375,37.69091796875
43.0,83.0,0.6827005209997878,10.3,1447.90234375,37.69091796875
43.0,84.0,0.5590484540002763,8.9,1447.90234375,37.69091796875
43.0,85.0,0.7920586040004309,4.4,1447.90234375,37.69091796875
43.0,86.0,0.6853965969999081,11.0,1447.90234375,37.69091796875
43.0,87.0,0.6760805509998136,10.2,1447.90234375,37.69091796875
43.0,88.0,0.6623099870002989,4.6,1447.90234375,37.69091796875
43.0,89.0,0.576903915999992,7.0,1447.90234375,37.69091796875
43.0,90.0,0.6509089119999771,4.6,1447.90234375,37.69091796875
43.0,91.0,0.6043807070000184,7.4,1447.90234375,37.69091796875
43.0,92.0,0.9208547560001534,5.5,1447.90234375,37.69091796875
43.0,93.0,0.583737913999812,40.5,1447.90234375,37.69091796875
43.0,94.0,0.6084566239997002,57.0,1447.90234375,37.69091796875
43.0,95.0,0.7410221170002842,53.7,1447.90234375,37.69091796875
43.0,96.0,0.6156221670003106,5.7,1447.90234375,37.69091796875
43.0,97.0,0.6086194879999312,5.0,1447.90234375,37.69091796875
43.0,98.0,0.585304054000062,5.0,1447.90234375,37.69091796875
43.0,99.0,0.5983949960000245,5.1,1447.90234375,37.69091796875
43.0,100.0,0.6523174869998911,6.2,1447.90234375,37.69091796875
44.0,1.0,0.6858689600003345,13.8,1447.90234375,37.69091796875
44.0,2.0,0.5130586220002442,7.8,1447.90234375,37.69091796875
44.0,3.0,0.653562915999828,9.2,1447.90234375,37.69091796875
44.0,4.0,0.6310632810000243,5.6,1447.90234375,37.69091796875
44.0,5.0,0.8310660629999802,15.7,1447.90234375,37.69091796875
44.0,6.0,0.49268451999978424,5.1,1447.90234375,37.69091796875
44.0,7.0,0.8725108210001054,5.8,1447.90234375,37.69091796875
44.0,8.0,0.523882692999905,8.6,1447.90234375,37.69091796875
44.0,9.0,0.7142275040000641,3.5,1447.90234375,37.69091796875
44.0,10.0,1.0705792030003067,13.6,1447.90234375,37.69091796875
44.0,11.0,0.6691816620000282,58.6,1447.90234375,37.69091796875
44.0,12.0,0.7890868310000769,60.9,1447.90234375,37.69091796875
44.0,13.0,0.5683625199999369,7.0,1447.90234375,37.69091796875
44.0,14.0,0.8753299189997961,5.1,1447.90234375,37.69091796875
44.0,15.0,0.7129868770002759,7.7,1447.90234375,37.69091796875
44.0,16.0,0.5940990860003694,5.1,1447.90234375,37.69091796875
44.0,17.0,0.5850183140000809,5.1,1447.90234375,37.69091796875
44.0,18.0,0.6486359759996958,8.5,1447.90234375,37.69091796875
44.0,19.0,0.5240549700001793,6.7,1447.90234375,37.69091796875
44.0,20.0,0.6834726209999644,5.9,1447.90234375,37.69091796875
44.0,21.0,0.609668418000183,6.6,1447.90234375,37.69091796875
44.0,22.0,0.8738337260001572,3.4,1447.90234375,37.69091796875
44.0,23.0,0.6012341959999503,12.4,1447.90234375,37.69091796875
44.0,24.0,0.5569529399999738,7.2,1447.90234375,37.69091796875
44.0,25.0,0.6589455130001625,5.3,1447.90234375,37.69091796875
44.0,26.0,0.6057837749999635,9.1,1447.90234375,37.69091796875
44.0,27.0,0.6760604940000121,8.9,1447.90234375,37.69091796875
44.0,28.0,0.589650765999977,44.9,1447.90234375,37.69091796875
44.0,29.0,0.7477003499998318,69.8,1447.90625,37.69091796875
44.0,30.0,0.7056963530003486,58.6,1447.90625,37.69091796875
44.0,31.0,0.5630052569999862,6.2,1447.90625,37.69091796875
44.0,32.0,0.6520167200001197,6.1,1447.90625,37.69091796875
44.0,33.0,0.6390592789998664,3.9,1447.90625,37.69091796875
44.0,34.0,0.5509463139997024,12.7,1447.90625,37.69091796875
44.0,35.0,0.6943783609999628,3.6,1447.90625,37.69091796875
44.0,36.0,0.5326647580000099,9.4,1447.90625,37.69091796875
44.0,37.0,0.6486696910001228,6.2,1447.90625,37.69091796875
44.0,38.0,3.9717104229998768,2.3,1447.90625,37.69091796875
44.0,39.0,0.7003273129998888,7.9,1447.90625,37.69091796875
44.0,40.0,0.7073064480000539,14.3,1447.90625,37.69091796875
44.0,41.0,0.7761418229997616,40.6,1447.90625,37.69091796875
44.0,42.0,0.5936563650002427,59.7,1447.90625,37.69091796875
44.0,43.0,0.5103412509997725,62.7,1447.90625,37.69091796875
44.0,44.0,0.6337551510000594,18.9,1447.90625,37.69091796875
44.0,45.0,0.802428725000027,4.4,1447.90625,37.69091796875
44.0,46.0,0.9276174310002716,8.1,1447.90625,37.69091796875
44.0,47.0,0.6037814820001586,5.9,1447.90625,37.69091796875
44.0,48.0,0.5309442530001434,6.5,1447.90625,37.69091796875
44.0,49.0,0.6061870179996731,7.5,1447.90625,37.69091796875
44.0,50.0,1.9478319330000886,3.3,1447.90625,37.69091796875
44.0,51.0,0.5395684049999545,2.8,1447.90625,37.69091796875
44.0,52.0,0.5604361020000397,7.3,1447.90625,37.69091796875
44.0,53.0,0.677943993000099,10.3,1447.90625,37.69091796875
44.0,54.0,0.7766172800002096,15.4,1447.90625,37.69091796875
44.0,55.0,0.6637089549999473,7.5,1447.90625,37.69091796875
44.0,56.0,0.5198812600001474,4.8,1447.90625,37.69091796875
44.0,57.0,0.6058392569998432,33.6,1447.90625,37.69091796875
44.0,58.0,0.6141078219998235,53.7,1447.90625,37.69091796875
44.0,59.0,0.6772874210000737,65.9,1447.90625,37.69091796875
44.0,60.0,0.6356963439998253,20.6,1447.90625,37.69091796875
44.0,61.0,0.7653625870002543,3.9,1447.90625,37.69091796875
44.0,62.0,0.5901310399999602,6.8,1447.90625,37.69091796875
44.0,63.0,0.6069541060001029,7.4,1447.90625,37.69091796875
44.0,64.0,0.5829733769996892,4.3,1447.90625,37.69091796875
44.0,65.0,0.6386246550000578,7.0,1447.90625,37.69091796875
44.0,66.0,1.2578719809998802,4.4,1447.90625,37.69091796875
44.0,67.0,0.5559924509998382,7.2,1447.90625,37.69091796875
44.0,68.0,0.6175725849998344,5.6,1447.90625,37.69091796875
44.0,69.0,0.6144126909998704,4.9,1447.90625,37.69091796875
44.0,70.0,0.8350029849998464,3.6,1447.90625,37.69091796875
44.0,71.0,0.692108024999925,4.3,1447.90625,37.69091796875
44.0,72.0,0.8678358040001513,4.6,1447.90625,37.69091796875
44.0,73.0,0.6079043720001209,6.6,1447.90625,37.69091796875
44.0,74.0,0.5405013700001291,40.2,1447.90625,37.69091796875
44.0,75.0,0.676695183999982,57.4,1447.90625,37.69091796875
44.0,76.0,0.5524789699998109,62.7,1447.90625,37.69091796875
44.0,77.0,0.7327286679997087,23.3,1447.90625,37.69091796875
44.0,78.0,0.8173399550000795,9.8,1447.90625,37.69091796875
44.0,79.0,0.6004496670002482,5.9,1447.90625,37.69091796875
44.0,80.0,0.6565741740000703,3.8,1447.90625,37.69091796875
44.0,81.0,0.9193216539997593,5.4,1447.90625,37.69091796875
44.0,82.0,0.6740988289998313,6.7,1447.90625,37.69091796875
44.0,83.0,0.5900914789999661,3.4,1447.90625,37.69091796875
44.0,84.0,1.4954297080003016,3.7,1447.90625,37.69091796875
44.0,85.0,0.6988228049999634,8.6,1447.90625,37.69091796875
44.0,86.0,0.6362558499999977,7.1,1447.90625,37.69091796875
44.0,87.0,0.6818878179997228,5.9,1447.90625,37.69091796875
44.0,88.0,0.7433015910000904,9.4,1447.90625,37.69091796875
44.0,89.0,0.6671821919999275,13.6,1447.90625,37.69091796875
44.0,90.0,0.5699751769998329,33.6,1447.90625,37.69091796875
44.0,91.0,0.6651027739999336,54.9,1447.90625,37.69091796875
44.0,92.0,0.6734979689999818,64.4,1447.90625,37.69091796875
44.0,93.0,0.49963995100006287,9.0,1447.90625,37.69091796875
44.0,94.0,0.5685386509999262,8.8,1447.90625,37.69091796875
44.0,95.0,0.5238753079997878,7.5,1447.90625,37.69091796875
44.0,96.0,0.7724206529996991,2.6,1447.90625,37.69091796875
44.0,97.0,0.6760591840002235,8.9,1447.90625,37.69091796875
44.0,98.0,2.079446276999988,3.9,1447.90625,37.69091796875
44.0,99.0,0.6048910730000898,11.5,1447.90625,37.69091796875
44.0,100.0,0.4999671529999432,5.0,1447.90625,37.69091796875
45.0,1.0,0.7768059569998513,14.8,1447.90625,37.69091796875
45.0,2.0,0.7013225370001237,5.7,1447.90625,37.69091796875
45.0,3.0,0.5887123940001402,5.1,1447.90625,37.69091796875
45.0,4.0,0.8501540229999591,4.7,1447.90625,37.69091796875
45.0,5.0,0.6172826719998739,7.3,1447.90625,37.69091796875
45.0,6.0,0.699199063999913,38.6,1447.90625,37.69091796875
45.0,7.0,0.6172783890001483,57.4,1447.90625,37.69091796875
45.0,8.0,0.6724444290002793,56.8,1447.90625,37.69091796875
45.0,9.0,0.632986960999915,6.3,1447.90625,37.69091796875
45.0,10.0,0.6967872870000065,7.9,1447.90625,37.69091796875
45.0,11.0,0.8888941240002168,4.5,1447.90625,37.69091796875
45.0,12.0,0.8116497330001948,6.2,1447.90625,37.69091796875
45.0,13.0,0.6293434839999463,8.8,1447.90625,37.69091796875
45.0,14.0,0.7010213359999398,5.7,1447.90625,37.69091796875
45.0,15.0,0.5522517849999531,5.4,1447.90625,37.69091796875
45.0,16.0,0.8410173280003619,8.9,1447.90625,37.69091796875
45.0,17.0,0.49462439000035374,8.1,1447.90625,37.69091796875
45.0,18.0,0.640278008000223,5.5,1447.90625,37.69091796875
45.0,19.0,0.5846279290003622,6.0,1447.90625,37.69091796875
45.0,20.0,0.6113224020000416,5.7,1447.90625,37.69091796875
45.0,21.0,0.5782433039998978,6.1,1447.90625,37.69091796875
45.0,22.0,0.6043979160003801,5.8,1447.90625,37.69091796875
45.0,23.0,0.5606904010001017,6.4,1447.90625,37.69091796875
45.0,24.0,0.6403236279998055,50.8,1447.90625,37.69091796875
45.0,25.0,1.759028462999595,36.2,1447.90625,37.69091796875
45.0,26.0,0.5522180389998539,6.4,1447.90625,37.69091796875
45.0,27.0,0.6070694459999686,6.6,1447.90625,37.69091796875
45.0,28.0,0.6083801909999238,5.0,1447.90625,37.69091796875
45.0,29.0,0.9143137810001463,4.9,1447.90625,37.69091796875
45.0,30.0,0.6736854260002474,5.9,1447.90625,37.69091796875
45.0,31.0,0.537792945000092,4.7,1447.90625,37.69091796875
45.0,32.0,0.49585041000000274,8.0,1447.90625,37.69091796875
45.0,33.0,0.6307130410000354,1.6,1447.90625,37.69091796875
45.0,34.0,0.7247827979999784,5.5,1447.90625,37.69091796875
45.0,35.0,0.5943434800001342,6.8,1447.90625,37.69091796875
45.0,36.0,0.5569382009998662,7.1,1447.90625,37.69091796875
45.0,37.0,0.566299220000019,6.2,1447.90625,37.69091796875
45.0,38.0,0.5858319969997865,3.4,1447.90625,37.69091796875
45.0,39.0,0.5524669400001585,7.2,1447.90625,37.69091796875
45.0,40.0,0.7034301260000575,6.4,1447.90625,37.69091796875
45.0,41.0,0.675277941999866,56.4,1447.90625,37.69091796875
45.0,42.0,0.7196818920001533,60.0,1447.90625,37.69091796875
45.0,43.0,0.6671943259998443,34.4,1447.90625,37.69091796875
45.0,44.0,0.5878037749998839,4.2,1447.90625,37.69091796875
45.0,45.0,0.5824013550000018,6.8,1447.90625,37.69091796875
45.0,46.0,1.2529651619997821,2.8,1447.90625,37.69091796875
45.0,47.0,0.7132111519999853,5.6,1447.90625,37.69091796875
45.0,48.0,0.5962498589997267,6.7,1447.90625,37.69091796875
45.0,49.0,0.7386193689999345,15.5,1447.90625,37.69091796875
45.0,50.0,0.5014045590000933,7.0,1447.90625,37.69091796875
45.0,51.0,0.6760812460001944,6.7,1447.90625,37.69091796875
45.0,52.0,0.5756255950000195,7.8,1447.90625,37.69091796875
45.0,53.0,0.5667750239999805,5.3,1447.90625,37.69091796875
45.0,54.0,0.5830071899999894,6.9,1447.90625,37.69091796875
45.0,55.0,0.7736394099997597,4.5,1447.90625,37.69091796875
45.0,56.0,0.6373370199999044,4.7,1447.90625,37.69091796875
45.0,57.0,0.7035236990000158,5.7,1447.90625,37.69091796875
45.0,58.0,0.6749565119998806,48.1,1447.90625,37.69091796875
45.0,59.0,0.6040662100003829,60.3,1447.90625,37.69091796875
45.0,60.0,0.5304816760003632,62.1,1447.90625,37.69091796875
45.0,61.0,0.5457245420002437,5.5,1447.90625,37.69091796875
45.0,62.0,0.8783685950002109,8.0,1447.90625,37.69091796875
45.0,63.0,0.6439634589996786,5.4,1447.90625,37.69091796875
45.0,64.0,0.5303021019999505,5.7,1447.90625,37.69091796875
45.0,65.0,0.6329608409996581,4.8,1447.90625,37.69091796875
45.0,66.0,0.6750426549997428,5.2,1447.90625,37.69091796875
45.0,67.0,0.7395221149999998,8.7,1447.90625,37.69091796875
45.0,68.0,0.6593461410002419,6.1,1447.90625,37.69091796875
45.0,69.0,0.678577936000238,8.1,1447.90625,37.69091796875
45.0,70.0,0.5993119750000915,5.8,1447.90625,37.69091796875
45.0,71.0,2.8855256410001857,2.3,1447.90625,37.69091796875
45.0,72.0,0.5467328929998985,10.0,1447.90625,37.69091796875
45.0,73.0,0.7625108930001261,58.3,1447.90625,37.69091796875
45.0,74.0,0.4983584169999631,62.0,1447.90625,37.69091796875
45.0,75.0,0.742038280000088,27.0,1447.90625,37.69091796875
45.0,76.0,0.6284545260000414,6.5,1447.90625,37.69091796875
45.0,77.0,0.5600510890003534,8.0,1447.90625,37.69091796875
45.0,78.0,0.5735380749997603,3.5,1447.90625,37.69091796875
45.0,79.0,0.7804803650001304,5.1,1447.90625,37.69091796875
45.0,80.0,0.6298175370002355,6.4,1447.90625,37.69091796875
45.0,81.0,0.6287695659998462,7.1,1447.90625,37.69091796875
45.0,82.0,0.8508124189997943,11.8,1447.90625,37.69091796875
45.0,83.0,3.07497425199972,2.9,1447.90625,37.69091796875
45.0,84.0,0.6475809640000989,6.1,1447.90625,37.69091796875
45.0,85.0,0.5605272339998919,5.4,1447.90625,37.69091796875
45.0,86.0,0.6413048110002819,11.6,1447.90625,37.69091796875
45.0,87.0,0.7405158169999595,54.8,1447.90625,37.69091796875
45.0,88.0,0.7852504630000112,65.4,1447.90625,37.69091796875
45.0,89.0,0.6609719240000231,18.9,1447.90625,37.69091796875
45.0,90.0,0.6036201440001605,4.1,1447.90625,37.69091796875
45.0,91.0,0.4837845910001306,5.2,1447.90625,37.69091796875
45.0,92.0,0.569067047000317,5.2,1447.90625,37.69091796875
45.0,93.0,0.5625438960000793,8.0,1447.90625,37.69091796875
45.0,94.0,0.5596264139999221,7.1,1447.90625,37.69091796875
45.0,95.0,0.5720230739998442,4.4,1447.90625,37.69091796875
45.0,96.0,0.7474837030003982,4.7,1447.90625,37.69091796875
45.0,97.0,0.7043105910001941,5.0,1447.90625,37.69091796875
45.0,98.0,0.4972883020000154,4.0,1447.90625,37.69091796875
45.0,99.0,1.292787503999989,3.1,1447.90625,37.69091796875
45.0,100.0,0.5341143040000134,5.7,1447.90625,37.69091796875
46.0,1.0,0.7914675709998846,10.1,1447.90625,37.69091796875
46.0,2.0,0.5662069939999128,3.5,1447.90625,37.69091796875
46.0,3.0,1.3845609640002294,19.3,1447.90625,37.69091796875
46.0,4.0,0.6457650649999778,55.8,1447.90625,37.69091796875
46.0,5.0,0.6360422650000146,56.7,1447.90625,37.69091796875
46.0,6.0,0.5783111400000962,4.3,1447.90625,37.69091796875
46.0,7.0,0.5905477619999147,10.2,1447.90625,37.69091796875
46.0,8.0,0.4766974140002276,5.2,1447.90625,37.69091796875
46.0,9.0,0.5748663930003204,6.2,1447.90625,37.69091796875
46.0,10.0,0.5889975059999415,8.4,1447.90625,37.69091796875
46.0,11.0,0.5533691480000016,10.0,1447.90625,37.69091796875
46.0,12.0,0.6022775110000111,5.8,1447.90625,37.69091796875
46.0,13.0,0.6150805629999923,6.5,1447.90625,37.69091796875
46.0,14.0,0.6423010130001785,5.4,1447.90625,37.69091796875
46.0,15.0,0.5615399440002875,9.9,1447.90625,37.69091796875
46.0,16.0,0.5478280470001664,6.4,1447.90625,37.69091796875
46.0,17.0,0.948232528999597,3.7,1447.90625,37.69091796875
46.0,18.0,0.6177435139998124,7.4,1447.90625,37.69091796875
46.0,19.0,0.6129363459999695,9.8,1447.90625,37.69091796875
46.0,20.0,0.6058767939998688,6.6,1447.90625,37.69091796875
46.0,21.0,0.5430008680000356,4.6,1447.90625,37.69091796875
46.0,22.0,0.5035001409996767,34.7,1447.90625,37.69091796875
46.0,23.0,0.6442577030002212,55.4,1447.90625,37.69091796875
46.0,24.0,1.219061326999963,37.2,1447.90625,37.69091796875
46.0,25.0,0.567867679000301,7.9,1447.90625,37.69091796875
46.0,26.0,0.6307761789998949,6.4,1447.90625,37.69091796875
46.0,27.0,0.6196433180002714,7.3,1447.90625,37.69091796875
46.0,28.0,0.6826845999999023,5.1,1447.90625,37.69091796875
46.0,29.0,0.7136518219999743,6.3,1447.90625,37.69091796875
46.0,30.0,0.651797525999882,4.6,1447.90625,37.69091796875
46.0,31.0,0.5359596270000111,9.3,1447.90625,37.69091796875
46.0,32.0,0.9629133690000344,3.7,1447.90625,37.69091796875
46.0,33.0,0.9964549699998315,9.0,1447.90625,37.69091796875
46.0,34.0,1.4395125229998484,3.1,1447.90625,37.69091796875
46.0,35.0,0.6659485769996536,7.5,1447.90625,37.69091796875
46.0,36.0,0.5157051849996606,4.8,1447.90625,37.69091796875
46.0,37.0,0.6659321649999583,19.5,1447.90625,37.69091796875
46.0,38.0,0.5839744820000305,56.4,1447.90625,37.69091796875
46.0,39.0,0.5961190269999861,58.5,1447.90625,37.69091796875
46.0,40.0,0.7538951609999458,31.5,1447.90625,37.69091796875
46.0,41.0,0.8524206090000916,4.7,1447.90625,37.69091796875
46.0,42.0,0.6478684240000803,4.7,1447.90625,37.69091796875
46.0,43.0,0.6062434810000923,5.8,1447.90625,37.69091796875
46.0,44.0,0.5648006730002635,1.8,1447.90625,37.69091796875
46.0,45.0,0.570054994000202,16.8,1447.90625,37.69091796875
46.0,46.0,0.5098419260002629,6.9,1447.90625,37.69091796875
46.0,47.0,0.6806175229999099,5.1,1447.90625,37.69091796875
46.0,48.0,0.8167820409998967,11.0,1447.90625,37.69091796875
46.0,49.0,0.604282454999975,8.3,1447.90625,37.69091796875
46.0,50.0,0.6012134570000853,4.2,1447.90625,37.69091796875
46.0,51.0,1.57743795999977,3.5,1447.90625,37.69091796875
46.0,52.0,0.625056455000049,4.0,1447.90625,37.69091796875
46.0,53.0,0.5560145259996716,2.7,1447.90625,37.69091796875
46.0,54.0,0.8972719600001255,36.3,1447.90625,37.69091796875
46.0,55.0,0.7236454419999063,59.3,1447.90625,37.69091796875
46.0,56.0,0.5684770699999717,47.3,1447.90625,37.69091796875
46.0,57.0,0.6406792679999853,7.0,1447.90625,37.69091796875
46.0,58.0,0.9137997249999898,3.8,1447.90625,37.69091796875
46.0,59.0,0.5866577760002656,5.9,1447.90625,37.69091796875
46.0,60.0,0.6651200870001048,9.0,1447.90625,37.69091796875
46.0,61.0,0.7420090640002854,5.4,1447.90625,37.69091796875
46.0,62.0,1.5035989100001643,5.7,1447.90625,37.69091796875
46.0,63.0,0.6785434149996945,10.4,1447.90625,37.69091796875
46.0,64.0,0.6059088360002534,4.1,1447.90625,37.69091796875
46.0,65.0,0.5902369660002478,6.0,1447.90625,37.69091796875
46.0,66.0,1.3424153380001371,3.3,1447.90625,37.69091796875
46.0,67.0,0.5696652090000498,7.0,1447.90625,37.69091796875
46.0,68.0,0.6736728000000767,3.0,1447.90625,37.69091796875
46.0,69.0,0.5697037929999169,33.0,1447.90625,37.69091796875
46.0,70.0,0.5615196460003062,56.4,1447.90625,37.69091796875
46.0,71.0,0.6207768180001949,61.3,1447.90625,37.69091796875
46.0,72.0,1.2840333539998028,10.1,1447.90625,37.69091796875
46.0,73.0,0.6998159439999654,5.7,1447.90625,37.69091796875
46.0,74.0,1.0293888539999898,6.9,1447.90625,37.69091796875
46.0,75.0,0.5949042699999154,5.0,1447.90625,37.69091796875
46.0,76.0,0.7005686610000339,4.3,1447.90625,37.69091796875
46.0,77.0,0.7812079649997941,4.5,1447.90625,37.69091796875
46.0,78.0,0.8336286200001268,12.0,1447.90625,37.69091796875
46.0,79.0,0.7362296979999883,11.6,1447.90625,37.69091796875
46.0,80.0,0.6093764919996829,4.9,1447.90625,37.69091796875
46.0,81.0,0.7418474480000441,4.7,1447.90625,37.69091796875
46.0,82.0,0.6114023019999877,5.0,1447.90625,37.69091796875
46.0,83.0,0.5719439140002578,8.7,1447.90625,37.69091796875
46.0,84.0,0.5896241450000161,5.1,1447.90625,37.69091796875
46.0,85.0,0.7426730719998886,31.8,1447.90625,37.69091796875
46.0,86.0,0.6592402149999543,59.1,1447.90625,37.69091796875
46.0,87.0,0.6040200479997111,68.3,1447.90625,37.69091796875
46.0,88.0,0.6218375099997502,9.5,1447.90625,37.69091796875
46.0,89.0,0.5951364800002921,5.1,1447.90625,37.69091796875
46.0,90.0,0.5757166790003794,6.0,1447.90625,37.69091796875
46.0,91.0,0.7419922190001671,4.1,1447.90625,37.69091796875
46.0,92.0,0.6109294039997621,10.6,1447.90625,37.69091796875
46.0,93.0,0.8877065110000331,4.0,1447.90625,37.69091796875
46.0,94.0,0.48150540100004946,6.2,1447.90625,37.69091796875
46.0,95.0,0.5669259400001465,5.4,1447.90625,37.69091796875
46.0,96.0,0.5108706770001845,5.8,1447.90625,37.69091796875
46.0,97.0,0.6854189460000271,5.1,1447.90625,37.69091796875
46.0,98.0,0.6963789720002751,4.3,1447.90625,37.69091796875
46.0,99.0,0.31893542499983596,54.0,1447.90625,37.69091796875
46.0,100.0,0.576864588999797,6.1,1447.90625,37.69091796875
47.0,1.0,0.6849565910001729,8.0,1447.90625,37.69091796875
47.0,2.0,0.65618230400014,4.6,1447.90625,37.69091796875
47.0,3.0,0.5346476589998019,6.5,1447.90625,37.69091796875
47.0,4.0,1.1510794770001667,43.5,1447.90625,37.69091796875
47.0,5.0,0.5144792639998741,61.4,1447.90625,37.69091796875
47.0,6.0,0.5720095579999906,28.1,1447.90625,37.69091796875
47.0,7.0,0.5580895210000563,7.1,1447.90625,37.69091796875
47.0,8.0,0.5657647770003678,4.4,1447.90625,37.69091796875
47.0,9.0,0.49216059400032464,8.1,1447.90625,37.69091796875
47.0,10.0,0.6390332619998844,5.5,1447.90625,37.69091796875
47.0,11.0,0.7644131739998556,5.2,1447.90625,37.69091796875
47.0,12.0,0.5926752860000306,5.9,1447.90625,37.69091796875
47.0,13.0,0.6300044210001943,4.0,1447.90625,37.69091796875
47.0,14.0,0.4958915170000182,8.2,1447.90625,37.69091796875
47.0,15.0,0.6887956679997842,10.9,1447.90625,37.69091796875
47.0,16.0,0.5832275839998147,4.3,1447.90625,37.69091796875
47.0,17.0,0.631679302000066,5.6,1447.90625,37.69091796875
47.0,18.0,0.7644003209998118,5.2,1447.90625,37.69091796875
47.0,19.0,0.8736513879998711,4.0,1447.90625,37.69091796875
47.0,20.0,0.5378468150001936,6.6,1447.90625,37.69091796875
47.0,21.0,0.8157730220000303,4.3,1447.90625,37.69091796875
47.0,22.0,2.3655168440000125,37.5,1447.90625,37.69091796875
47.0,23.0,0.6211367530004281,5.6,1447.90625,37.69091796875
47.0,24.0,0.6589254860000437,3.8,1447.90625,37.69091796875
47.0,25.0,0.5580975899997611,7.3,1447.90625,37.69091796875
47.0,26.0,0.8340452020001976,5.3,1447.90625,37.69091796875
47.0,27.0,0.7014909600002284,10.8,1447.90625,37.69091796875
47.0,28.0,0.5717735570001423,6.2,1447.90625,37.69091796875
47.0,29.0,0.7250740669996958,6.2,1447.90625,37.69091796875
47.0,30.0,0.9244811730000038,4.9,1447.90625,37.69091796875
47.0,31.0,0.6836820949997673,8.7,1447.90625,37.69091796875
47.0,32.0,0.7547865960000308,4.7,1447.90625,37.69091796875
47.0,33.0,0.5112750049997885,5.9,1447.90625,37.69091796875
47.0,34.0,0.6104993570006627,7.3,1447.90625,37.69091796875
47.0,35.0,0.5435728840002412,6.5,1447.90625,37.69091796875
47.0,36.0,0.5404753630000414,9.3,1447.90625,37.69091796875
47.0,37.0,0.5726466410005742,59.5,1447.90625,37.69091796875
47.0,38.0,1.282213411000157,45.8,1447.90625,37.69091796875
47.0,39.0,0.5422977680000258,5.5,1447.90625,37.69091796875
47.0,40.0,0.559163394999814,5.4,1447.90625,37.69091796875
47.0,41.0,0.6524006609997741,6.9,1447.90625,37.69091796875
47.0,42.0,0.6497865740002453,4.6,1447.90625,37.69091796875
47.0,43.0,0.545647906999875,6.5,1447.90625,37.69091796875
47.0,44.0,0.8314008469997134,3.6,1447.90625,37.69091796875
47.0,45.0,1.2845651389998238,3.1,1447.90625,37.69091796875
47.0,46.0,0.6773003489997791,5.9,1447.90625,37.69091796875
47.0,47.0,0.6520536739999443,3.8,1447.90625,37.69091796875
47.0,48.0,0.7441501670000434,10.7,1447.90625,37.69091796875
47.0,49.0,0.6539444050004022,7.0,1447.90625,37.69091796875
47.0,50.0,0.5095028799996726,4.9,1447.90625,37.69091796875
47.0,51.0,0.5355328890000237,7.4,1447.90625,37.69091796875
47.0,52.0,0.5311619570002222,3.8,1447.90625,37.69091796875
47.0,53.0,0.5478907690003325,28.2,1447.90625,37.69091796875
47.0,54.0,0.6324081869997826,55.1,1447.90625,37.69091796875
47.0,55.0,0.7265371189996586,60.0,1447.90625,37.69091796875
47.0,56.0,0.7008025920004002,15.0,1447.90625,37.69091796875
47.0,57.0,0.5690962919998128,6.1,1447.90625,37.69091796875
47.0,58.0,0.49825478399998246,4.0,1447.90625,37.69091796875
47.0,59.0,0.585873719999654,5.1,1448.046875,37.69091796875
47.0,60.0,0.4876717440001812,7.2,1448.046875,37.69091796875
47.0,61.0,0.5353960669999651,4.7,1448.05078125,37.69091796875
47.0,62.0,0.7427136370006338,6.8,1448.05078125,37.69091796875
47.0,63.0,0.48981217400069,8.1,1448.05078125,37.69091796875
47.0,64.0,0.6828198869998232,4.4,1448.05078125,37.69091796875
47.0,65.0,0.5299328579994835,6.5,1448.05078125,37.69091796875
47.0,66.0,0.563889754000229,3.6,1448.05078125,37.69091796875
47.0,67.0,0.6002797640003337,6.6,1448.05078125,37.69091796875
47.0,68.0,0.576629664000393,5.2,1448.05078125,37.69091796875
47.0,69.0,0.6521064869994007,5.4,1448.05078125,37.69091796875
47.0,70.0,0.623670800000582,4.8,1448.05078125,37.69091796875
47.0,71.0,0.6379846720001296,4.7,1448.05078125,37.69091796875
47.0,72.0,0.8880057389997091,22.9,1448.05078125,37.69091796875
47.0,73.0,0.6607460180002818,56.7,1448.05078125,37.69091796875
47.0,74.0,0.6631152469999506,61.8,1448.05078125,37.69091796875
47.0,75.0,0.717456342999867,7.7,1448.05078125,37.69091796875
47.0,76.0,0.6411937759994544,7.8,1448.05078125,37.69091796875
47.0,77.0,0.6618065279999428,1.5,1448.05078125,37.69091796875
47.0,78.0,0.8227513749998252,10.4,1448.05078125,37.69091796875
47.0,79.0,0.5963192150002214,10.1,1448.0546875,37.69091796875
47.0,80.0,0.5032163390005735,5.0,1448.0625,37.69091796875
47.0,81.0,0.5439109339995412,7.3,1448.0625,37.69091796875
47.0,82.0,0.5838179949996629,6.9,1448.0703125,37.69091796875
47.0,83.0,0.6869394080003985,5.8,1448.07421875,37.69091796875
47.0,84.0,0.5453837679997378,6.4,1448.08203125,37.69091796875
47.0,85.0,0.6006673669999145,4.2,1448.08203125,37.69091796875
47.0,86.0,0.7765747379999084,5.1,1448.08203125,37.69091796875
47.0,87.0,0.6372417920001681,5.5,1448.08203125,37.69091796875
47.0,88.0,1.021314245999747,4.0,1448.08203125,37.69091796875
47.0,89.0,0.5929789359997812,7.6,1448.08203125,37.69091796875
47.0,90.0,0.7132189250005467,54.3,1448.08203125,37.69091796875
47.0,91.0,0.593592083000658,57.1,1448.08203125,37.69091796875
47.0,92.0,0.6250867360004122,40.0,1448.08203125,37.69091796875
47.0,93.0,0.7304746580002757,5.5,1448.08203125,37.69091796875
47.0,94.0,0.5215006270000231,2.9,1448.08203125,37.69091796875
47.0,95.0,0.6112401820000741,7.3,1448.08203125,37.69091796875
47.0,96.0,0.579979856999671,0.9,1448.08203125,37.69091796875
47.0,97.0,2.929275383999993,2.2,1448.0859375,37.69091796875
47.0,98.0,0.609725566000634,8.2,1448.1796875,37.69091796875
47.0,99.0,0.6491672100000869,6.2,1448.18359375,37.69091796875
47.0,100.0,0.46508432799964794,5.3,1448.18359375,37.69091796875
48.0,1.0,0.6207836310004495,7.3,1448.18359375,37.69091796875
48.0,2.0,0.7418820550001328,3.4,1448.1875,37.69091796875
48.0,3.0,0.5764966349997849,6.9,1448.1875,37.69091796875
48.0,4.0,0.4821732729997166,6.3,1448.1875,37.69091796875
48.0,5.0,1.1771693339997,47.7,1448.1875,37.69091796875
48.0,6.0,0.570631766000588,59.8,1448.1875,37.69091796875
48.0,7.0,0.640716240999609,12.6,1448.1875,37.69091796875
48.0,8.0,0.557825388999845,4.5,1448.1875,37.69091796875
48.0,9.0,0.7366737570000623,5.4,1448.1875,37.69091796875
48.0,10.0,1.3776967730000251,2.9,1448.1875,37.69091796875
48.0,11.0,0.5723779090003518,5.3,1448.1875,37.69091796875
48.0,12.0,0.6093493189991932,8.1,1448.1875,37.69091796875
48.0,13.0,0.650290004999988,3.1,1448.1875,37.69091796875
48.0,14.0,0.6400063520004551,6.3,1448.1875,37.69091796875
48.0,15.0,0.6130231429997366,4.8,1448.19140625,37.69091796875
48.0,16.0,0.7196609540005738,9.1,1448.19140625,37.69091796875
48.0,17.0,0.6807746410004256,8.1,1448.1953125,37.69091796875
48.0,18.0,1.1849454019993573,3.0,1448.1953125,37.69091796875
48.0,19.0,0.6312696939994566,6.3,1448.1953125,37.69091796875
48.0,20.0,0.6154194020000432,22.0,1448.19921875,37.69091796875
48.0,21.0,0.5706870009998966,62.8,1448.19921875,37.69091796875
48.0,22.0,0.6080974670003343,57.4,1448.203125,37.69091796875
48.0,23.0,0.6420897640000476,34.1,1448.21484375,37.69091796875
48.0,24.0,0.5338325729999269,4.7,1448.23046875,37.69091796875
48.0,25.0,0.630238432000624,7.9,1448.23046875,37.69091796875
48.0,26.0,0.585396510999999,6.9,1448.23046875,37.69091796875
48.0,27.0,0.734272572000009,3.4,1448.2578125,37.69091796875
48.0,28.0,0.9764867990006678,6.2,1448.2578125,37.69091796875
48.0,29.0,0.5226155950003886,6.7,1448.37890625,37.69091796875
48.0,30.0,1.391370726999412,3.6,1448.37890625,37.69091796875
48.0,31.0,0.8535674200002177,10.0,1448.37890625,37.69091796875
48.0,32.0,0.5250966499997958,8.6,1448.37890625,37.69091796875
48.0,33.0,0.7293254939995677,3.4,1448.37890625,37.69091796875
48.0,34.0,1.4018343709994951,3.6,1448.37890625,37.69091796875
48.0,35.0,0.7185725099998308,3.5,1448.37890625,37.69091796875
48.0,36.0,0.6096803139998883,55.4,1448.37890625,37.69091796875
48.0,37.0,0.6127382320000834,59.0,1448.37890625,37.69091796875
48.0,38.0,0.6849056540004312,42.6,1448.37890625,37.69091796875
48.0,39.0,0.5619205209995926,6.3,1448.37890625,37.69091796875
48.0,40.0,0.7923339409999244,5.7,1448.37890625,37.69091796875
48.0,41.0,0.6127342909994695,4.9,1448.37890625,37.69091796875
48.0,42.0,0.6007192879997092,6.7,1448.38671875,37.69091796875
48.0,43.0,0.6440983020002022,6.2,1448.40234375,37.69091796875
48.0,44.0,0.6789280259999941,11.0,1448.40625,37.69091796875
48.0,45.0,0.7483766469995317,6.0,1448.4140625,37.69091796875
48.0,46.0,0.5234751300004064,8.7,1448.4140625,37.69091796875
48.0,47.0,0.5242331809995449,5.7,1448.41796875,37.69091796875
48.0,48.0,0.6472365310000896,4.6,1448.41796875,37.69091796875
48.0,49.0,0.6481046360004257,7.0,1448.41796875,37.69091796875
48.0,50.0,0.6356428720000622,6.3,1448.41796875,37.69091796875
48.0,51.0,0.8096776230004252,3.1,1448.41796875,37.69091796875
48.0,52.0,0.712153538000166,12.1,1448.41796875,37.69091796875
48.0,53.0,0.6941386290000082,16.4,1448.44921875,37.69091796875
48.0,54.0,0.6483964499993817,54.3,1448.44921875,37.69091796875
48.0,55.0,0.6325709630000347,59.5,1448.44921875,37.69091796875
48.0,56.0,0.5961124930008737,30.5,1448.44921875,37.69091796875
48.0,57.0,0.5600179720004235,5.4,1448.453125,37.69091796875
48.0,58.0,0.4947472550002203,8.0,1448.453125,37.69091796875
48.0,59.0,0.7763290479997522,3.2,1448.55078125,37.69091796875
48.0,60.0,1.104002152999783,7.2,1448.5546875,37.69091796875
48.0,61.0,0.5645316230002209,5.3,1448.5546875,37.69091796875
48.0,62.0,0.8084914139999455,4.4,1448.5546875,37.69091796875
48.0,63.0,0.5195790329998999,4.8,1448.55859375,37.69091796875
48.0,64.0,0.5442551780006397,7.3,1448.55859375,37.69091796875
48.0,65.0,0.584217845999774,8.6,1448.5625,37.69091796875
48.0,66.0,0.4713705270005448,10.5,1448.5625,37.69091796875
48.0,67.0,0.5724323180002102,4.3,1448.5625,37.69091796875
48.0,68.0,0.6850837759993738,6.6,1448.5625,37.69091796875
48.0,69.0,0.6178188980002233,4.0,1448.5625,37.69091796875
48.0,70.0,0.5393466610003088,4.7,1448.5625,37.69091796875
48.0,71.0,0.6076270390003629,5.8,1448.5625,37.69091796875
48.0,72.0,0.6365947410004082,41.7,1448.5625,37.69091796875
48.0,73.0,0.6261609319999479,56.8,1448.5625,37.69091796875
48.0,74.0,0.6518509990000894,55.5,1448.5625,37.69091796875
48.0,75.0,0.6716105750001589,4.5,1448.5625,37.69091796875
48.0,76.0,0.4734638130003077,8.3,1448.5625,37.69091796875
48.0,77.0,0.5807548889997634,4.3,1448.5625,37.69091796875
48.0,78.0,0.6759094909994019,5.9,1448.5625,37.69091796875
48.0,79.0,0.622108988999571,6.5,1448.56640625,37.69091796875
48.0,80.0,0.6537568889998511,3.1,1448.56640625,37.69091796875
48.0,81.0,0.6861031010002989,10.2,1448.62109375,37.69091796875
48.0,82.0,0.6889690670004711,7.4,1448.62109375,37.69091796875
48.0,83.0,0.7430103699998654,10.1,1448.625,37.69091796875
48.0,84.0,0.5859051630004615,6.8,1448.625,37.69091796875
48.0,85.0,0.7546396010002354,12.7,1448.640625,37.69091796875
48.0,86.0,0.6561613839994607,5.3,1448.6484375,37.69091796875
48.0,87.0,0.6133680350003488,11.5,1448.6484375,37.69091796875
48.0,88.0,0.7197808620003343,10.5,1448.9140625,37.69091796875
48.0,89.0,0.512529402999462,5.0,1448.9140625,37.69091796875
48.0,90.0,0.6577725000006467,39.7,1448.9140625,37.69091796875
48.0,91.0,0.6188835089997156,54.8,1448.9140625,37.69091796875
48.0,92.0,0.6593767470003513,59.2,1448.9140625,37.69091796875
48.0,93.0,0.5458037090002108,6.4,1448.9140625,37.69091796875
48.0,94.0,0.5867399269991438,3.4,1448.9140625,37.69091796875
48.0,95.0,0.5412224780002362,7.3,1448.9140625,37.69091796875
48.0,96.0,0.6091551580002488,14.8,1448.91796875,37.69091796875
48.0,97.0,0.6589439680001306,9.2,1449.17578125,37.69091796875
48.0,98.0,0.7291743760006284,7.5,1449.1796875,37.69091796875
48.0,99.0,0.482875034999779,4.2,1449.1796875,37.69091796875
48.0,100.0,1.0582124930006103,4.3,1449.18359375,37.69091796875
49.0,1.0,0.6248664820004706,6.3,1449.18359375,37.69091796875
49.0,2.0,0.5748602269995899,4.3,1449.18359375,37.69091796875
49.0,3.0,0.6144588269999076,7.4,1449.1953125,37.69091796875
49.0,4.0,0.7423067659992739,5.4,1449.19921875,37.69091796875
49.0,5.0,0.806265832000463,3.1,1449.19921875,37.69091796875
49.0,6.0,0.5159478389996366,9.7,1449.20703125,37.69091796875
49.0,7.0,0.5542293290000089,15.3,1449.2109375,37.69091796875
49.0,8.0,0.5785631310000099,33.0,1449.22265625,37.69091796875
49.0,9.0,0.6725984459999381,56.7,1449.234375,37.69091796875
49.0,10.0,0.6494503989997611,60.2,1449.234375,37.69091796875
49.0,11.0,0.48508660800052894,9.1,1449.234375,37.69091796875
49.0,12.0,0.8770442919994821,16.1,1449.234375,37.69091796875
49.0,13.0,0.7571371540007021,7.3,1449.234375,37.69091796875
49.0,14.0,0.7695941640004094,14.3,1449.234375,37.69091796875
49.0,15.0,1.1153098069999032,2.7,1449.234375,37.69091796875
49.0,16.0,1.6427188079996995,3.3,1449.234375,37.69091796875
49.0,17.0,0.632260839999617,5.6,1449.234375,37.69091796875
49.0,18.0,0.6188732050004546,6.5,1449.234375,37.69091796875
49.0,19.0,0.7384201670001858,4.7,1449.23828125,37.69091796875
49.0,20.0,0.6093328219994874,2.5,1449.23828125,37.69091796875
49.0,21.0,0.8217421870003818,5.5,1449.23828125,37.69091796875
49.0,22.0,0.7208582949997435,5.6,1449.2421875,37.69091796875
49.0,23.0,1.219137936000152,47.5,1449.2421875,37.69091796875
49.0,24.0,0.512061676000485,64.4,1449.24609375,37.69091796875
49.0,25.0,0.574543270000504,13.0,1449.24609375,37.69091796875
49.0,26.0,0.6172800020003706,6.5,1449.24609375,37.69091796875
49.0,27.0,0.6664511280005172,3.8,1449.24609375,37.69091796875
49.0,28.0,0.4677087609998125,8.5,1449.24609375,37.69091796875
49.0,29.0,0.565971363999779,3.6,1449.24609375,37.69091796875
49.0,30.0,0.9838033080004607,4.1,1449.24609375,37.69091796875
49.0,31.0,0.5205646340000385,7.7,1449.24609375,37.69091796875
49.0,32.0,0.5653935709997313,4.4,1449.24609375,37.69091796875
49.0,33.0,0.656019467999613,6.9,1449.24609375,37.69091796875
49.0,34.0,0.6996335880003244,6.5,1449.24609375,37.69091796875
49.0,35.0,0.7007024240001556,3.5,1449.24609375,37.69091796875
49.0,36.0,0.6142011239999192,11.3,1449.25,37.69091796875
49.0,37.0,0.6744735760003095,6.0,1449.25,37.69091796875
49.0,38.0,0.8036522669999613,15.0,1449.25390625,37.69091796875
49.0,39.0,0.5298309940008039,10.3,1449.2578125,37.69091796875
49.0,40.0,1.1040597370001706,40.5,1449.2578125,37.69091796875
49.0,41.0,1.2009850939994067,45.6,1449.26171875,37.69091796875
49.0,42.0,0.6182670899997902,7.3,1449.26171875,37.69091796875
49.0,43.0,2.9037529080005697,2.6,1449.26171875,37.69091796875
49.0,44.0,0.6786606830000892,8.0,1449.2734375,37.69091796875
49.0,45.0,0.5077098110004954,6.9,1449.2734375,37.69091796875
49.0,46.0,2.8774664960001246,2.8,1449.4375,37.69091796875
49.0,47.0,0.6822920680006064,4.4,1449.4375,37.69091796875
49.0,48.0,0.5533320439999443,6.4,1449.4375,37.69091796875
49.0,49.0,3.465502681000544,27.0,1449.4375,37.69091796875
49.0,50.0,0.5247097219998977,8.6,1449.4375,37.69091796875
49.0,51.0,0.5359840569999506,4.7,1449.4375,37.69091796875
49.0,52.0,0.6012372330005746,8.3,1449.4375,37.69091796875
49.0,53.0,2.891278279999824,2.4,1449.4375,37.69091796875
49.0,54.0,0.6455529350005236,4.6,1449.4375,37.69091796875
49.0,55.0,3.2860106139996788,4.0,1449.44140625,37.69091796875
49.0,56.0,0.5430225979998795,8.4,1449.44140625,37.69091796875
49.0,57.0,0.6036570180003764,60.0,1449.4453125,37.69091796875
49.0,58.0,0.6355174179998357,56.7,1449.4453125,37.69091796875
49.0,59.0,0.6544899359996634,36.6,1449.44921875,37.69091796875
49.0,60.0,2.287005881999903,2.6,1449.44921875,37.69091796875
49.0,61.0,0.6757051170006889,4.4,1449.44921875,37.69091796875
49.0,62.0,0.4958108020000509,5.1,1449.453125,37.69091796875
49.0,63.0,0.5331815850004205,6.6,1449.45703125,37.69091796875
49.0,64.0,0.7803789310000866,5.8,1449.47265625,37.69091796875
49.0,65.0,0.5416924120008844,4.6,1449.48828125,37.69091796875
49.0,66.0,1.1945575929994448,4.6,1449.5,37.69091796875
49.0,67.0,0.6904681679998248,9.4,1449.5078125,37.69091796875
49.0,68.0,0.5328678089999812,5.7,1449.5078125,37.69091796875
49.0,69.0,0.5894128230002025,5.0,1449.5078125,37.69091796875
49.0,70.0,0.5088672599995334,6.9,1449.5078125,37.69091796875
49.0,71.0,0.6307224170004702,5.6,1449.5078125,37.69091796875
49.0,72.0,0.6033523790001709,40.0,1449.5078125,37.69091796875
49.0,73.0,0.6403952040000149,57.5,1449.5078125,37.69091796875
49.0,74.0,0.8090843749996566,44.7,1449.5078125,37.69091796875
49.0,75.0,0.559751304999736,6.3,1449.5078125,37.69091796875
49.0,76.0,0.503377893999641,5.9,1449.5078125,37.69091796875
49.0,77.0,0.6381255129999772,7.0,1449.5078125,37.69091796875
49.0,78.0,0.6047095660005652,5.1,1449.5078125,37.69091796875
49.0,79.0,0.6249186750001172,4.8,1449.51171875,37.69091796875
49.0,80.0,1.0396862730003704,3.8,1449.51171875,37.69091796875
49.0,81.0,0.5639498149994324,7.1,1449.51171875,37.69091796875
49.0,82.0,0.5077960600001461,5.9,1449.515625,37.69091796875
49.0,83.0,0.6828079810002237,9.5,1449.515625,37.69091796875
49.0,84.0,0.5737010620005094,7.8,1449.515625,37.69091796875
49.0,85.0,0.854287961999944,3.5,1449.51953125,37.69091796875
49.0,86.0,0.5934961709999698,6.7,1449.51953125,37.69091796875
49.0,87.0,0.5473009269999238,4.6,1449.51953125,37.69091796875
49.0,88.0,0.6924574829999983,8.0,1449.51953125,37.69091796875
49.0,89.0,0.6019577349998144,5.0,1449.51953125,37.69091796875
49.0,90.0,0.6722864299999856,45.5,1449.51953125,37.69091796875
49.0,91.0,0.5816663539999354,59.5,1449.51953125,37.69091796875
49.0,92.0,0.6299086959998021,52.4,1449.51953125,37.69091796875
49.0,93.0,0.5768196940007329,4.4,1449.51953125,37.69091796875
49.0,94.0,1.061833241000386,3.8,1449.51953125,37.69091796875
49.0,95.0,0.4264203370003088,7.0,1449.51953125,37.69091796875
49.0,96.0,0.5233937029997833,1.0,1449.51953125,37.69091796875
49.0,97.0,0.5089031850002357,7.8,1449.51953125,37.69091796875
49.0,98.0,0.6477770049996252,4.6,1449.51953125,37.69091796875
49.0,99.0,0.5332839089996924,8.6,1449.5234375,37.69091796875
49.0,100.0,0.574905194999701,7.0,1449.5234375,37.69091796875
50.0,1.0,0.5808304500005761,6.9,1449.52734375,37.69091796875
50.0,2.0,0.6516157329997441,5.3,1449.52734375,37.69091796875
50.0,3.0,0.4908023730004061,5.1,1449.52734375,37.69091796875
50.0,4.0,0.7520380500000101,4.0,1449.53125,37.69091796875
50.0,5.0,0.8605439510001816,7.5,1449.53515625,37.69091796875
50.0,6.0,0.6145195919998514,3.3,1449.55078125,37.69091796875
50.0,7.0,0.6553818540005523,6.1,1449.55859375,37.69091796875
50.0,8.0,0.5268366889995377,16.2,1449.56640625,37.69091796875
50.0,9.0,2.947521926999798,29.0,1449.56640625,37.69091796875
50.0,10.0,0.6691950109998288,6.0,1449.56640625,37.69091796875
50.0,11.0,0.6528575249994901,7.6,1449.56640625,37.69091796875
50.0,12.0,0.5918269009998767,3.4,1449.56640625,37.69091796875
50.0,13.0,0.4783303399999568,7.3,1449.56640625,37.69091796875
50.0,14.0,0.7604345910003758,9.3,1449.56640625,37.69091796875
50.0,15.0,0.5535960430006526,7.2,1449.56640625,37.69091796875
50.0,16.0,0.6092874619998838,4.9,1449.56640625,37.69091796875
50.0,17.0,0.6386929059999602,6.3,1449.56640625,37.69091796875
50.0,18.0,0.5386597520000578,8.3,1449.5703125,37.69091796875
50.0,19.0,0.5775682260000394,4.3,1449.5703125,37.69091796875
50.0,20.0,0.8565289389998725,12.3,1449.57421875,37.69091796875
50.0,21.0,0.7692434569999023,7.8,1449.57421875,37.69091796875
50.0,22.0,0.610171057000116,4.9,1449.82421875,37.69091796875
50.0,23.0,0.5229357220005113,39.8,1450.16796875,37.69091796875
50.0,24.0,0.5611657419995026,55.0,1450.16796875,37.69091796875
50.0,25.0,0.5616065270005492,61.6,1450.78125,37.69091796875
50.0,26.0,0.7815050179997343,32.7,1450.7890625,37.69091796875
50.0,27.0,0.634860418000244,4.0,1450.7890625,37.69091796875
50.0,28.0,0.7642265140002564,22.2,1450.7890625,37.69091796875
50.0,29.0,0.6116598620001241,6.5,1450.7890625,37.69091796875
50.0,30.0,0.5906087630000911,3.4,1450.7890625,37.69091796875
50.0,31.0,0.7057728720001251,6.4,1450.7890625,37.69091796875
50.0,32.0,2.782173034999687,2.5,1450.7890625,37.69091796875
50.0,33.0,0.602326395000091,4.2,1450.7890625,37.69091796875
50.0,34.0,0.5862130099994829,6.9,1450.87109375,37.69091796875
50.0,35.0,0.7528324469994914,5.3,1450.87109375,37.69091796875
50.0,36.0,0.6690887759996258,11.3,1450.875,37.69091796875
50.0,37.0,0.33533072499994887,56.5,1450.87890625,37.69091796875
50.0,38.0,0.570823652999934,19.5,1450.87890625,37.69091796875
50.0,39.0,0.6484577000001082,56.9,1450.87890625,37.69091796875
50.0,40.0,0.5912416589999339,58.1,1450.87890625,37.69091796875
50.0,41.0,0.4823005630005355,34.4,1450.87890625,37.69091796875
50.0,42.0,0.6245239889994991,4.0,1450.87890625,37.69091796875
50.0,43.0,0.5025929889998224,7.0,1450.87890625,37.69091796875
50.0,44.0,2.757884906000072,3.3,1450.87890625,37.69091796875
50.0,45.0,0.5970538660003513,5.0,1450.87890625,37.69091796875
50.0,46.0,0.5760939470001176,6.9,1450.87890625,37.69091796875
50.0,47.0,0.8836108890000105,5.6,1450.87890625,37.69091796875
50.0,48.0,0.8116887820006013,3.1,1450.87890625,37.69091796875
50.0,49.0,0.5260679590001018,8.6,1450.8828125,37.69091796875
50.0,50.0,0.5935612900002525,5.9,1450.8828125,37.69091796875
50.0,51.0,0.5759982640001908,8.6,1450.9375,37.69091796875
50.0,52.0,0.5841290159996788,6.1,1450.9375,37.69091796875
50.0,53.0,0.726516237999931,7.5,1450.9375,37.69091796875
50.0,54.0,0.506130196000413,60.4,1450.94140625,37.69091796875
50.0,55.0,0.6487899419998939,63.6,1450.94140625,37.69091796875
50.0,56.0,3.279633492999892,10.6,1451.0234375,37.69091796875
50.0,57.0,0.6550672670000495,4.5,1451.03125,37.69091796875
50.0,58.0,0.5567413690005196,6.3,1451.04296875,37.69091796875
50.0,59.0,0.5994065930008219,6.7,1451.05859375,37.69091796875
50.0,60.0,0.7080419479998454,2.8,1451.0703125,37.69091796875
50.0,61.0,0.6821293319999313,6.6,1451.078125,37.69091796875
50.0,62.0,0.5838240920002136,4.3,1451.078125,37.69091796875
50.0,63.0,0.6256143380005597,6.4,1451.078125,37.69091796875
50.0,64.0,0.6608873089999179,5.3,1451.078125,37.69091796875
50.0,65.0,1.6717660140002408,3.0,1451.078125,37.69091796875
50.0,66.0,0.5841966840007444,20.9,1451.078125,37.69091796875
50.0,67.0,0.8146322570000848,66.5,1451.078125,37.69091796875
50.0,68.0,0.5304803799999718,59.4,1451.078125,37.69091796875
50.0,69.0,0.9207926799999768,24.6,1451.078125,37.69091796875
50.0,70.0,0.5587984109997706,7.2,1451.08203125,37.69091796875
50.0,71.0,0.9002152209995984,4.4,1451.08203125,37.69091796875
50.0,72.0,0.6598256540000875,9.1,1451.0859375,37.69091796875
50.0,73.0,0.5812418510004136,7.7,1451.0859375,37.69091796875
50.0,74.0,0.5880110340003739,3.4,1451.0859375,37.69091796875
50.0,75.0,0.5312529579996408,7.5,1451.08984375,37.69091796875
50.0,76.0,0.6610957039993082,4.5,1451.08984375,37.69091796875
50.0,77.0,0.5005683079998562,4.0,1451.50390625,37.69091796875
50.0,78.0,0.6835599649994037,5.8,1451.51171875,37.69091796875
50.0,79.0,0.7457218380004633,2.7,1451.51953125,37.69091796875
50.0,80.0,0.5991288390005138,7.4,1451.5234375,37.69091796875
50.0,81.0,0.7314123089990971,6.8,1451.52734375,37.69091796875
50.0,82.0,0.5644076539992966,3.6,1451.52734375,37.69091796875
50.0,83.0,0.5507064960002026,7.3,1451.53515625,37.69091796875
50.0,84.0,0.5921774210000876,18.8,1451.546875,37.69091796875
50.0,85.0,0.6396375909998824,57.0,1451.546875,37.69091796875
50.0,86.0,0.7266531530003704,61.1,1451.546875,37.69091796875
50.0,87.0,0.8172192110005199,25.6,1451.546875,37.69091796875
50.0,88.0,0.5036722929999087,5.0,1451.546875,37.69091796875
50.0,89.0,0.6116243930000564,6.5,1451.546875,37.69091796875
50.0,90.0,0.5492887410000549,4.5,1451.546875,37.69091796875
50.0,91.0,0.6775063939994652,5.2,1451.546875,37.69091796875
50.0,92.0,0.6879642220001188,6.6,1451.546875,37.69091796875
50.0,93.0,0.5547887230004562,3.6,1451.546875,37.69091796875
50.0,94.0,0.870711085000039,5.7,1451.546875,37.69091796875
50.0,95.0,0.5889500410003166,5.2,1451.546875,37.69091796875
50.0,96.0,0.875075862999438,4.5,1451.55078125,37.69091796875
50.0,97.0,0.6515806329998668,5.3,1451.55078125,37.69091796875
50.0,98.0,1.422494831000222,7.4,1451.5546875,37.69091796875
50.0,99.0,0.5741987740002514,6.9,1451.5546875,37.69091796875
50.0,100.0,0.7018973459998961,11.5,1451.55859375,37.69091796875
51.0,1.0,0.8471385440006998,70.4,1456.44921875,37.69091796875
51.0,2.0,0.638026701999479,53.9,1452.0625,37.69091796875
51.0,3.0,0.666393737999897,6.8,1452.453125,37.69091796875
51.0,4.0,0.6234145969992824,6.5,1452.84375,37.69091796875
51.0,5.0,0.6387772100006259,4.7,1452.84375,37.69091796875
51.0,6.0,0.7331697219997295,11.0,1452.84375,37.69091796875
51.0,7.0,0.6370009769998433,5.6,1452.84375,37.69091796875
51.0,8.0,0.6299041869997382,4.8,1452.84375,37.69091796875
51.0,9.0,1.116121961999852,3.6,1452.953125,37.69091796875
51.0,10.0,0.5549363410000296,7.2,1452.953125,37.69091796875
51.0,11.0,1.988990570000169,4.8,1452.953125,37.69091796875
51.0,12.0,0.4788210699998672,2.1,1452.953125,37.69091796875
51.0,13.0,0.4870352379994074,7.2,1452.953125,37.69091796875
51.0,14.0,0.5747730089997276,4.3,1452.953125,37.69091796875
51.0,15.0,0.46980411799995636,4.3,1452.953125,37.69091796875
51.0,16.0,0.5353116090000185,29.2,1452.953125,37.69091796875
51.0,17.0,0.8051843510002072,56.5,1452.953125,37.69091796875
51.0,18.0,0.6595278830000098,53.1,1452.953125,37.69091796875
51.0,19.0,0.6910312700001668,7.2,1452.953125,37.69091796875
51.0,20.0,0.570348637999814,4.4,1452.953125,37.69091796875
51.0,21.0,0.6079901889997927,5.8,1452.953125,37.69091796875
51.0,22.0,0.526411810999889,5.7,1452.953125,37.69091796875
51.0,23.0,0.8508763890004047,4.7,1452.953125,37.69091796875
51.0,24.0,0.6371179349998783,5.5,1452.953125,37.69091796875
51.0,25.0,0.8127756169997156,3.1,1452.953125,37.69091796875
51.0,26.0,0.6082597589993384,7.3,1452.953125,37.69091796875
51.0,27.0,0.52220697499979,5.8,1453.09375,37.69091796875
51.0,28.0,0.5636591329994189,5.4,1453.09375,37.69091796875
51.0,29.0,0.7328664029992069,5.5,1453.09375,37.69091796875
51.0,30.0,0.7095296449997477,16.2,1453.09375,37.69091796875
51.0,31.0,0.5581159410003238,4.5,1453.09375,37.69091796875
51.0,32.0,0.6066332679993138,6.6,1453.09375,37.69091796875
51.0,33.0,0.5274036589999014,4.7,1453.09375,37.69091796875
51.0,34.0,0.699000975000672,41.0,1453.09375,37.69091796875
51.0,35.0,0.5651684960002967,54.9,1453.09375,37.69091796875
51.0,36.0,0.5507002640006249,63.0,1453.09375,37.69091796875
51.0,37.0,0.6776286270005585,18.4,1453.09375,37.69091796875
51.0,38.0,0.6354949079996004,7.8,1453.11328125,37.69091796875
51.0,39.0,0.49958751299982396,10.1,1453.11328125,37.69091796875
51.0,40.0,0.5355106300003172,5.6,1453.11328125,37.69091796875
51.0,41.0,0.542619650999768,6.5,1453.27734375,37.69091796875
51.0,42.0,0.919154318999972,4.4,1453.27734375,37.69091796875
51.0,43.0,0.5986229720001575,4.2,1453.27734375,37.69091796875
51.0,44.0,0.7635612869999022,11.8,1453.27734375,37.69091796875
51.0,45.0,0.6170142640003178,6.5,1453.27734375,37.69091796875
51.0,46.0,0.6792165510005361,6.6,1453.27734375,37.69091796875
51.0,47.0,0.6644214840007407,5.3,1453.27734375,37.69091796875
51.0,48.0,1.3317019770001934,4.9,1453.27734375,37.69091796875
51.0,49.0,0.5821860209998704,7.0,1453.27734375,37.69091796875
51.0,50.0,1.6517485479998868,21.9,1453.27734375,37.69091796875
51.0,51.0,0.8011877250000907,61.9,1453.27734375,37.69091796875
51.0,52.0,0.5372233640000559,33.6,1453.27734375,37.69091796875
51.0,53.0,1.2099414270005582,4.1,1453.27734375,37.69091796875
51.0,54.0,0.6310624259995166,5.6,1453.27734375,37.69091796875
51.0,55.0,0.6910090699993816,5.0,1453.27734375,37.69091796875
51.0,56.0,0.5151985060001607,5.9,1453.27734375,37.69091796875
51.0,57.0,0.5478340929994374,5.5,1453.27734375,37.69091796875
51.0,58.0,0.48298870300004637,8.2,1453.27734375,37.69091796875
51.0,59.0,0.5054743350001445,5.9,1453.27734375,37.69091796875
51.0,60.0,0.6387241949996678,5.5,1453.27734375,37.69091796875
51.0,61.0,0.5227694069999416,4.8,1453.27734375,37.69091796875
51.0,62.0,0.5457880640005897,7.3,1453.27734375,37.69091796875
51.0,63.0,0.4969041920003292,6.0,1453.27734375,37.69091796875
51.0,64.0,0.5672733740002514,6.2,1453.28515625,37.69091796875
51.0,65.0,0.6206347489996915,6.5,1453.28515625,37.69091796875
51.0,66.0,0.6387373880006635,4.7,1453.28515625,37.69091796875
51.0,67.0,0.5118145240003287,6.9,1453.28515625,37.69091796875
51.0,68.0,0.6272341289995893,20.0,1453.28515625,37.69091796875
51.0,69.0,0.7665396720003628,58.1,1453.28515625,37.69091796875
51.0,70.0,0.553661576000195,60.6,1453.28515625,37.69091796875
51.0,71.0,0.612667314000646,27.3,1453.28515625,37.69091796875
51.0,72.0,0.5432649439999295,7.3,1453.32421875,37.69091796875
51.0,73.0,1.0679790330004835,3.3,1453.32421875,37.69091796875
51.0,74.0,0.569771196000147,5.2,1453.328125,37.69091796875
51.0,75.0,0.5770248170001651,6.1,1453.328125,37.69091796875
51.0,76.0,0.6236431570005152,8.1,1453.328125,37.69091796875
51.0,77.0,0.6071531290008352,4.1,1453.328125,37.69091796875
51.0,78.0,0.5974181389992737,13.3,1453.33203125,37.69091796875
51.0,79.0,0.7434983510001985,6.1,1453.3359375,37.69091796875
51.0,80.0,0.5339604069995403,7.4,1453.3359375,37.69091796875
51.0,81.0,0.4715734589999556,4.3,1453.3359375,37.69091796875
51.0,82.0,0.4859143880003103,7.2,1453.96484375,37.69091796875
51.0,83.0,0.6571300490004433,6.1,1453.96484375,37.69091796875
51.0,84.0,0.6043805399995108,5.0,1453.96484375,37.69091796875
51.0,85.0,0.6470323889998326,4.7,1453.96484375,37.69091796875
51.0,86.0,1.9652329390000887,31.4,1453.96484375,37.69091796875
51.0,87.0,0.5492501689996061,58.2,1453.96484375,37.69091796875
51.0,88.0,0.5672804690002522,6.3,1453.96484375,37.69091796875
51.0,89.0,0.5580702620000011,5.4,1453.96484375,37.69091796875
51.0,90.0,0.46308929799943144,7.5,1453.96484375,37.69091796875
51.0,91.0,0.6776667149997593,3.7,1453.96484375,37.69091796875
51.0,92.0,0.5930273670001043,5.9,1453.96484375,37.69091796875
51.0,93.0,4.835822826999902,2.7,1453.96484375,37.69091796875
51.0,94.0,0.6891719340001146,3.6,1453.96484375,37.69091796875
51.0,95.0,0.6439693679994889,6.2,1453.96484375,37.69091796875
51.0,96.0,0.6103576060004343,5.0,1453.96484375,37.69091796875
51.0,97.0,0.5609135519998745,28.2,1453.96484375,37.69091796875
51.0,98.0,0.5203515889998016,58.5,1453.96484375,37.69091796875
51.0,99.0,0.8066016630000377,59.6,1453.96484375,37.69091796875
51.0,100.0,0.5713772799999788,14.9,1453.96484375,37.69091796875
52.0,1.0,0.6276220469999316,5.6,1453.96484375,37.69091796875
52.0,2.0,0.6458572139999887,6.2,1453.96484375,37.69091796875
52.0,3.0,0.565218752999499,6.3,1453.96484375,37.69091796875
52.0,4.0,0.577323059000264,6.0,1453.96484375,37.69091796875
52.0,5.0,0.5521916810002949,7.2,1453.96484375,37.69091796875
52.0,6.0,0.5946878310005559,5.8,1453.96484375,37.69091796875
52.0,7.0,0.5498545520003972,7.4,1453.96484375,37.69091796875
52.0,8.0,0.5508144489995175,6.4,1453.96484375,37.69091796875
52.0,9.0,0.5300398720000885,6.5,1453.96484375,37.69091796875
52.0,10.0,0.6748902980007188,6.0,1453.96484375,37.69091796875
52.0,11.0,0.5511796320006397,4.5,1453.96484375,37.69091796875
52.0,12.0,0.5246656049994272,7.6,1453.96484375,37.69091796875
52.0,13.0,0.523090833000424,3.8,1453.96484375,37.69091796875
52.0,14.0,0.4627708919997531,8.6,1453.96484375,37.69091796875
52.0,15.0,0.4772157990000778,5.2,1453.96484375,37.69091796875
52.0,16.0,0.5914490350005508,5.9,1453.96484375,37.69091796875
52.0,17.0,0.520645312999477,7.8,1453.96484375,37.69091796875
52.0,18.0,0.7419871729998704,62.8,1453.96484375,37.69091796875
52.0,19.0,0.5597012580001319,59.5,1453.96484375,37.69091796875
52.0,20.0,0.5601750920004633,41.8,1453.96484375,37.69091796875
52.0,21.0,0.6285861020005541,6.3,1453.96484375,37.69091796875
52.0,22.0,0.6802983490006227,5.9,1453.96484375,37.69091796875
52.0,23.0,0.5372720139994271,4.7,1453.96484375,37.69091796875
52.0,24.0,0.5536649940004281,7.2,1453.96484375,37.69091796875
52.0,25.0,0.5871901009995781,5.1,1453.96484375,37.69091796875
52.0,26.0,0.6009585559995685,7.5,1453.96484375,37.69091796875
52.0,27.0,0.5044590580000659,8.9,1453.96484375,37.69091796875
52.0,28.0,0.684269415000017,6.6,1453.96484375,37.69091796875
52.0,29.0,0.4784333770003286,4.2,1453.96484375,37.69091796875
52.0,30.0,0.6704349519995958,9.6,1453.96484375,37.69091796875
52.0,31.0,0.5816127719999713,7.0,1453.96484375,37.69091796875
52.0,32.0,0.5445863269997062,4.6,1453.96484375,37.69091796875
52.0,33.0,0.5568459639998764,6.3,1453.96484375,37.69091796875
52.0,34.0,0.47165040700019745,4.3,1453.96484375,37.69091796875
52.0,35.0,0.6079796550002357,7.4,1453.96484375,37.69091796875
52.0,36.0,0.6001546369998323,4.1,1453.96484375,37.69091796875
52.0,37.0,0.4722104769998623,11.7,1453.96484375,37.69091796875
52.0,38.0,0.6959980259998702,56.5,1453.96484375,37.69091796875
52.0,39.0,0.5229464090007241,60.6,1453.96484375,37.69091796875
52.0,40.0,0.574730988999363,49.6,1453.96484375,37.69091796875
52.0,41.0,0.5618557010002405,3.6,1453.96484375,37.69091796875
52.0,42.0,0.48070253700007015,13.7,1453.96484375,37.69091796875
52.0,43.0,0.556289979000212,8.0,1453.96484375,37.69091796875
52.0,44.0,0.5143828130003385,6.9,1453.96484375,37.69091796875
52.0,45.0,0.49302345200067066,5.1,1453.96875,37.69091796875
52.0,46.0,0.5077795060005883,6.9,1453.96875,37.69091796875
52.0,47.0,0.5485392730006424,5.5,1453.96875,37.69091796875
52.0,48.0,0.606127118000586,7.4,1453.96875,37.69091796875
52.0,49.0,0.5967607160000625,8.4,1453.96875,37.69091796875
52.0,50.0,0.32365803599986975,55.4,1453.96875,37.69091796875
52.0,51.0,0.5795787730003212,4.3,1454.05859375,37.69091796875
52.0,52.0,0.7624043619998702,7.2,1454.05859375,37.69091796875
52.0,53.0,0.4703916839998783,5.3,1454.05859375,37.69091796875
52.0,54.0,0.5041888480000125,6.0,1454.05859375,37.69091796875
52.0,55.0,0.5939576760001728,6.6,1454.05859375,37.69091796875
52.0,56.0,0.5859876599997733,6.9,1454.05859375,37.69091796875
52.0,57.0,0.49439008199988166,7.1,1454.05859375,37.69091796875
52.0,58.0,0.8595290109997222,17.0,1454.05859375,37.69091796875
52.0,59.0,0.5346830459993726,57.9,1454.05859375,37.69091796875
52.0,60.0,0.5714672909998626,57.4,1454.05859375,37.69091796875
52.0,61.0,0.6986295149999933,32.6,1454.05859375,37.69091796875
52.0,62.0,0.7477285810000467,5.4,1454.0625,37.69091796875
52.0,63.0,0.6143488520001483,4.9,1454.0625,37.69091796875
52.0,64.0,0.5133687249999639,7.7,1454.0625,37.69091796875
52.0,65.0,0.5708187130003353,6.1,1454.0625,37.69091796875
52.0,66.0,0.5529809729996487,4.5,1454.0625,37.69091796875
52.0,67.0,0.6367179489998307,7.0,1454.0625,37.69091796875
52.0,68.0,0.49238740900000266,5.1,1454.0625,37.69091796875
52.0,69.0,0.5315050749995862,6.6,1454.08203125,37.69091796875
52.0,70.0,0.5470661660001497,4.6,1454.08203125,37.69091796875
52.0,71.0,0.5710806309998588,6.1,1454.08203125,37.69091796875
52.0,72.0,0.7553677839996453,19.9,1454.08203125,37.69091796875
52.0,73.0,0.6110381239996059,4.9,1454.08203125,37.69091796875
52.0,74.0,0.5521016499997131,6.4,1454.08203125,37.69091796875
52.0,75.0,0.5493456249996598,5.4,1454.08203125,37.69091796875
52.0,76.0,0.573648661000334,6.1,1454.08203125,37.69091796875
52.0,77.0,0.5096650610003053,4.9,1454.08203125,37.69091796875
52.0,78.0,0.5801732749996518,35.7,1454.09765625,37.69091796875
52.0,79.0,0.4933522029996311,58.6,1454.09765625,37.69091796875
52.0,80.0,0.5660025230008614,63.7,1454.09765625,37.69091796875
52.0,81.0,0.6125286639999103,31.1,1454.09765625,37.69091796875
52.0,82.0,2.556876814000134,3.3,1454.09765625,37.69091796875
52.0,83.0,0.4895495809996646,6.1,1454.09765625,37.69091796875
52.0,84.0,0.6017376679992594,6.6,1454.09765625,37.69091796875
52.0,85.0,0.5948199720005505,4.2,1454.09765625,37.69091796875
52.0,86.0,0.5387307129994952,4.6,1454.09765625,37.69091796875
52.0,87.0,0.6334154279993527,4.8,1454.09765625,37.69091796875
52.0,88.0,0.9964389939996181,4.5,1454.09765625,37.69091796875
52.0,89.0,0.6792157720001342,3.7,1454.09765625,37.69091796875
52.0,90.0,0.5315919569993639,9.4,1454.09765625,37.69091796875
52.0,91.0,0.7921996049999507,7.6,1454.09765625,37.69091796875
52.0,92.0,0.5214897099995142,6.7,1454.09765625,37.69091796875
52.0,93.0,0.5548368210002081,7.1,1454.09765625,37.69091796875
52.0,94.0,0.5366142160000891,41.5,1454.09765625,37.69091796875
52.0,95.0,0.47839605399985885,61.7,1454.09765625,37.69091796875
52.0,96.0,0.4992684790004205,58.4,1454.09765625,37.69091796875
52.0,97.0,0.5245020170004864,40.8,1454.09765625,37.69091796875
52.0,98.0,0.6420546330000434,5.4,1454.09765625,37.69091796875
52.0,99.0,0.6464706340002522,5.5,1454.09765625,37.69091796875
52.0,100.0,0.5335726690000229,9.3,1454.09765625,37.69091796875
53.0,1.0,0.5579213780001737,4.5,1454.09765625,37.69091796875
53.0,2.0,0.48109075499996834,8.3,1454.09765625,37.69091796875
53.0,3.0,2.504288183999961,2.2,1454.09765625,37.69091796875
53.0,4.0,0.5598195559996384,8.0,1454.09765625,37.69091796875
53.0,5.0,0.5613749759995699,4.5,1454.09765625,37.69091796875
53.0,6.0,2.019855047999954,2.7,1454.09765625,37.69091796875
53.0,7.0,0.46117699299975357,8.6,1454.16796875,37.69091796875
53.0,8.0,0.5747483439999996,4.3,1454.16796875,37.69091796875
53.0,9.0,0.5757973519994266,42.1,1454.16796875,37.69091796875
53.0,10.0,0.5502116039997418,55.9,1454.16796875,37.69091796875
53.0,11.0,0.6379499529994064,61.4,1454.16796875,37.69091796875
53.0,12.0,0.4664164839996374,19.8,1454.16796875,37.69091796875
53.0,13.0,0.5277038060003179,6.7,1454.16796875,37.69091796875
53.0,14.0,0.4947739770004773,8.0,1454.16796875,37.69091796875
53.0,15.0,0.44814501799919526,4.4,1454.16796875,37.69091796875
53.0,16.0,1.3990737589992932,2.9,1454.16796875,37.69091796875
53.0,17.0,0.6063583400000425,6.6,1454.16796875,37.69091796875
53.0,18.0,0.5566916530005983,5.3,1454.16796875,37.69091796875
53.0,19.0,0.5715750849994947,7.0,1454.16796875,37.69091796875
53.0,20.0,0.5984856889999719,6.7,1454.16796875,37.69091796875
53.0,21.0,0.751978266000151,5.3,1454.16796875,37.69091796875
53.0,22.0,2.691067755000404,2.6,1454.16796875,37.69091796875
53.0,23.0,0.7019753980002861,5.0,1454.16796875,37.69091796875
53.0,24.0,0.6520104310002353,40.3,1454.16796875,37.69091796875
53.0,25.0,0.49481750700033444,54.5,1454.16796875,37.69091796875
53.0,26.0,0.5201106800004709,58.8,1454.16796875,37.69091796875
53.0,27.0,0.5228651500001433,34.6,1454.16796875,37.69091796875
53.0,28.0,0.5170997490004083,5.7,1454.16796875,37.69091796875
53.0,29.0,0.5786420080003154,9.6,1454.16796875,37.69091796875
53.0,30.0,0.5743397790001836,4.3,1454.16796875,37.69091796875
53.0,31.0,0.5890250009997544,6.0,1454.16796875,37.69091796875
53.0,32.0,0.553198875999442,6.2,1454.16796875,37.69091796875
53.0,33.0,2.886011024999789,3.5,1454.16796875,37.69091796875
53.0,34.0,0.5264686430000438,6.7,1454.16796875,37.69091796875
53.0,35.0,0.9479167709996545,5.8,1454.16796875,37.69091796875
53.0,36.0,2.605537182000262,3.7,1454.16796875,37.69091796875
53.0,37.0,0.5518121889999748,58.6,1454.16796875,37.69091796875
53.0,38.0,0.4935981680000623,61.2,1454.16796875,37.69091796875
53.0,39.0,0.9752870809998058,33.5,1454.16796875,37.69091796875
53.0,40.0,1.7342961280000964,3.2,1454.16796875,37.69091796875
53.0,41.0,0.5067474679999577,4.9,1454.16796875,37.69091796875
53.0,42.0,0.5210440909995668,6.8,1454.16796875,37.69091796875
53.0,43.0,0.7293100619999677,4.8,1454.16796875,37.69091796875
53.0,44.0,0.7342536119995202,3.4,1454.16796875,37.69091796875
53.0,45.0,0.5303456689998711,7.5,1454.16796875,37.69091796875
53.0,46.0,0.4945788940003695,5.1,1454.16796875,37.69091796875
53.0,47.0,0.5348382279998987,9.3,1454.16796875,37.69091796875
53.0,48.0,0.5694054140003573,3.5,1454.16796875,37.69091796875
53.0,49.0,0.6078170999999202,7.4,1454.16796875,37.69091796875
53.0,50.0,0.5816111490003095,6.9,1454.16796875,37.69091796875
53.0,51.0,0.5110877300003267,4.9,1454.16796875,37.69091796875
53.0,52.0,0.4852542729995548,7.2,1454.16796875,37.69091796875
53.0,53.0,0.4971647219999795,5.1,1454.16796875,37.69091796875
53.0,54.0,0.5606290309997348,14.3,1454.16796875,37.69091796875
53.0,55.0,0.5951021379996746,59.0,1454.16796875,37.69091796875
53.0,56.0,0.49838603000080184,61.4,1454.16796875,37.69091796875
53.0,57.0,0.638939866000328,48.4,1454.16796875,37.69091796875
53.0,58.0,0.6296881789994586,9.5,1454.16796875,37.69091796875
53.0,59.0,0.5060111109996797,6.9,1454.16796875,37.69091796875
53.0,60.0,0.5795881690000897,8.6,1454.16796875,37.69091796875
53.0,61.0,0.693499895000059,5.1,1454.16796875,37.69091796875
53.0,62.0,0.5579682170000524,5.3,1454.16796875,37.69091796875
53.0,63.0,0.6249857599996176,12.9,1454.16796875,37.69091796875
53.0,64.0,0.563027790999513,6.3,1454.16796875,37.69091796875
53.0,65.0,0.5133244009994087,6.8,1454.16796875,37.69091796875
53.0,66.0,0.9434934020000583,3.7,1454.16796875,37.69091796875
53.0,67.0,0.6410513470000296,4.7,1454.16796875,37.69091796875
53.0,68.0,0.7154718240008151,9.2,1454.16796875,37.69091796875
53.0,69.0,1.4068911710000975,3.9,1454.16796875,37.69091796875
53.0,70.0,0.5627028890003203,3.6,1454.203125,37.69091796875
53.0,71.0,1.3364246110004387,21.0,1454.203125,37.69091796875
53.0,72.0,0.745272150999881,61.7,1454.24609375,37.69091796875
53.0,73.0,0.61858099499932,47.5,1454.24609375,37.69091796875
53.0,74.0,0.5221256180002456,5.7,1454.24609375,37.69091796875
53.0,75.0,0.4856441249994532,7.2,1454.24609375,37.69091796875
53.0,76.0,0.6315694759996404,4.0,1454.3984375,37.69091796875
53.0,77.0,0.6597063910003271,15.9,1454.3984375,37.69091796875
53.0,78.0,0.5596024700007547,8.0,1454.3984375,37.69091796875
53.0,79.0,0.5026641200001905,5.0,1454.3984375,37.69091796875
53.0,80.0,0.7749554749998424,8.4,1454.3984375,37.69091796875
53.0,81.0,0.5203325319998839,3.9,1454.3984375,37.69091796875
53.0,82.0,0.5173663329996998,7.7,1454.3984375,37.69091796875
53.0,83.0,0.44808692100014014,5.6,1454.3984375,37.69091796875
53.0,84.0,0.5385595010002362,7.4,1454.3984375,37.69091796875
53.0,85.0,0.579738353000721,4.3,1454.3984375,37.69091796875
53.0,86.0,0.5146705170000132,5.9,1454.3984375,37.69091796875
53.0,87.0,0.5171411189994615,5.7,1454.3984375,37.69091796875
53.0,88.0,0.4977496550000069,8.0,1454.3984375,37.69091796875
53.0,89.0,0.6336162070001592,4.8,1454.3984375,37.69091796875
53.0,90.0,0.32186718999946606,55.6,1454.40234375,37.69091796875
53.0,91.0,0.5180256459998418,4.8,1454.40234375,37.69091796875
53.0,92.0,0.45207812699936767,53.3,1454.40234375,37.69091796875
53.0,93.0,0.5716792740004166,56.1,1454.40234375,37.69091796875
53.0,94.0,0.5526478239999051,62.4,1454.40234375,37.69091796875
53.0,95.0,0.5514318650002679,20.0,1454.40234375,37.69091796875
53.0,96.0,0.5362230179998733,7.5,1454.80859375,37.69091796875
53.0,97.0,0.5467343440004697,4.5,1454.80859375,37.69091796875
53.0,98.0,0.5857611359997463,6.0,1454.80859375,37.69091796875
53.0,99.0,0.6195913999999902,6.5,1454.80859375,37.69091796875
53.0,100.0,0.480796592999468,7.1,1454.80859375,37.69091796875
54.0,1.0,0.5817274670007464,7.0,1454.80859375,37.69091796875
54.0,2.0,0.7119862589997865,2.8,1454.80859375,37.69091796875
54.0,3.0,0.6129224760006764,6.5,1454.80859375,37.69091796875
54.0,4.0,0.6401997530001609,13.4,1454.80859375,37.69091796875
54.0,5.0,0.5195671550000043,5.8,1454.80859375,37.69091796875
54.0,6.0,0.5509469529997659,6.4,1454.80859375,37.69091796875
54.0,7.0,0.6668890890005059,10.4,1454.80859375,37.69091796875
54.0,8.0,0.6561048880003,5.4,1454.80859375,37.69091796875
54.0,9.0,0.5360270290002518,12.3,1454.8125,37.69091796875
54.0,10.0,0.5939904320002825,9.2,1454.8125,37.69091796875
54.0,11.0,0.4919670639992546,6.1,1455.22265625,37.69091796875
54.0,12.0,0.9491668270002265,44.1,1455.22265625,37.69091796875
54.0,13.0,0.5927935919999072,61.3,1455.22265625,37.69091796875
54.0,14.0,0.6780642209996586,30.6,1455.22265625,37.69091796875
54.0,15.0,0.5658016500001395,5.3,1455.22265625,37.69091796875
54.0,16.0,0.6049424519997046,6.6,1455.22265625,37.69091796875
54.0,17.0,1.4047383170000103,2.9,1455.22265625,37.69091796875
54.0,18.0,0.5337016690000382,6.6,1455.22265625,37.69091796875
54.0,19.0,0.5002258089998577,5.0,1455.22265625,37.69091796875
54.0,20.0,0.5051809919996231,6.9,1455.22265625,37.69091796875
54.0,21.0,0.6841022030002932,4.4,1455.22265625,37.69091796875
54.0,22.0,0.486165145999621,7.2,1455.22265625,37.69091796875
54.0,23.0,0.5867226099999243,4.3,1455.22265625,37.69091796875
54.0,24.0,0.5614513350001289,12.5,1455.22265625,37.69091796875
54.0,25.0,0.5513709169999856,8.1,1455.22265625,37.69091796875
54.0,26.0,0.5828214559996923,4.3,1455.22265625,37.69091796875
54.0,27.0,0.5116422259998217,8.8,1455.22265625,37.69091796875
54.0,28.0,0.6203770719994282,4.0,1455.22265625,37.69091796875
54.0,29.0,1.896636884000145,30.3,1455.2265625,37.69091796875
54.0,30.0,0.5984110460003649,63.9,1455.2265625,37.69091796875
54.0,31.0,0.8745821390002675,2.9,1455.2265625,37.69091796875
54.0,32.0,0.49182200100040063,9.2,1455.2265625,37.69091796875
54.0,33.0,0.6921206280003389,5.8,1455.2265625,37.69091796875
54.0,34.0,0.55514303200016,9.0,1455.2265625,37.69091796875
54.0,35.0,0.5344259529992996,8.4,1455.2265625,37.69091796875
54.0,36.0,1.6887395660005495,2.1,1455.2265625,37.69091796875
54.0,37.0,0.7521800280001116,14.7,1455.2265625,37.69091796875
54.0,38.0,0.48473513000044477,10.1,1455.2265625,37.69091796875
54.0,39.0,0.9392875289995573,2.7,1455.2265625,37.69091796875
54.0,40.0,0.5972875019997446,7.5,1455.2265625,37.69091796875
54.0,41.0,0.5482742410003993,6.4,1455.2265625,37.69091796875
54.0,42.0,0.5285831669998515,5.6,1455.2265625,37.69091796875
54.0,43.0,0.5082668970007944,7.0,1455.2265625,37.69091796875
54.0,44.0,1.4677620610000304,26.9,1455.2265625,37.69091796875
54.0,45.0,1.6933521370001472,34.4,1455.2265625,37.69091796875
54.0,46.0,0.6699440809998123,3.8,1455.2265625,37.69091796875
54.0,47.0,0.5020172069998807,8.8,1455.2265625,37.69091796875
54.0,48.0,0.5119248820001303,4.9,1455.2265625,37.69091796875
54.0,49.0,0.5206141549997483,7.6,1455.2265625,37.69091796875
54.0,50.0,0.7057811639997453,5.0,1455.2265625,37.69091796875
54.0,51.0,0.6507386049997876,3.1,1455.2265625,37.69091796875
54.0,52.0,0.5339113769996402,7.4,1455.2265625,37.69091796875
54.0,53.0,0.544016658000146,6.5,1455.2265625,37.69091796875
54.0,54.0,0.4911373220002133,7.1,1455.2265625,37.69091796875
54.0,55.0,0.48617229200044676,6.1,1455.2265625,37.69091796875
54.0,56.0,0.5755428769998616,5.3,1455.2265625,37.69091796875
54.0,57.0,0.657912612000473,5.3,1455.2265625,37.69091796875
54.0,58.0,0.7664504059994215,5.2,1455.2265625,37.69091796875
54.0,59.0,0.48916595299942855,6.2,1455.2265625,37.69091796875
54.0,60.0,0.5652882809999937,5.4,1455.2265625,37.69091796875
54.0,61.0,0.5949804080000831,10.9,1455.2265625,37.69091796875
54.0,62.0,0.8235284069996851,56.7,1455.2265625,37.69091796875
54.0,63.0,0.48616748599943094,60.4,1455.2265625,37.69091796875
54.0,64.0,0.5443370450002476,36.1,1455.2265625,37.69091796875
54.0,65.0,0.5540876019995267,5.4,1455.2265625,37.69091796875
54.0,66.0,0.48066592600025615,8.3,1455.2265625,37.69091796875
54.0,67.0,0.531297225000344,5.7,1455.2265625,37.69091796875
54.0,68.0,0.6546127710007568,9.9,1455.2265625,37.69091796875
54.0,69.0,0.5635306130006938,4.5,1455.2265625,37.69091796875
54.0,70.0,0.49679709900010494,7.1,1455.23828125,37.69091796875
54.0,71.0,0.6103075239998361,4.9,1455.828125,37.69091796875
54.0,72.0,0.5788317559999996,6.0,1455.828125,37.69091796875
54.0,73.0,0.9883669809996718,4.6,1455.828125,37.69091796875
54.0,74.0,0.3268335680004384,50.0,1455.828125,37.69091796875
54.0,75.0,1.6156442980000065,2.8,1455.828125,37.69091796875
54.0,76.0,0.7420649900004719,5.4,1455.828125,37.69091796875
54.0,77.0,0.5510805789999722,4.5,1455.828125,37.69091796875
54.0,78.0,0.4920673419992454,6.2,1455.828125,37.69091796875
54.0,79.0,0.5554353510005967,8.1,1455.828125,37.69091796875
54.0,80.0,0.5287838780004677,59.6,1455.828125,37.69091796875
54.0,81.0,0.5378878820001773,57.4,1455.828125,37.69091796875
54.0,82.0,0.7341178119995675,47.3,1455.828125,37.69091796875
54.0,83.0,0.5380625699999655,5.6,1455.828125,37.69091796875
54.0,84.0,0.5239607240000623,8.5,1455.828125,37.69091796875
54.0,85.0,0.6606982359999165,6.1,1455.828125,37.69091796875
54.0,86.0,0.6486925419994805,4.7,1455.828125,37.69091796875
54.0,87.0,0.5900973839998187,6.8,1455.828125,37.69091796875
54.0,88.0,0.4672294250003688,5.3,1455.828125,37.69091796875
54.0,89.0,0.5078122659997462,7.8,1455.828125,37.69091796875
54.0,90.0,0.6138296879998961,12.4,1455.828125,37.69091796875
54.0,91.0,0.5532513309999558,7.2,1455.828125,37.69091796875
54.0,92.0,0.46870735100037564,4.3,1455.828125,37.69091796875
54.0,93.0,0.730756893999569,5.4,1455.828125,37.69091796875
54.0,94.0,0.6892470840002716,5.8,1455.828125,37.69091796875
54.0,95.0,0.48878478200003883,4.1,1455.828125,37.69091796875
54.0,96.0,0.5399504580000212,7.4,1455.83203125,37.69091796875
54.0,97.0,0.4744471930007421,4.2,1455.83203125,37.69091796875
54.0,98.0,0.5131087469999329,7.8,1455.83203125,37.69091796875
54.0,99.0,0.4738983200004441,5.3,1455.83203125,37.69091796875
54.0,100.0,0.7088044179999997,43.6,1455.83203125,37.69091796875
55.0,1.0,0.6519795519998297,59.5,1455.8359375,37.69091796875
55.0,2.0,0.5277768289997766,61.0,1455.8359375,37.69091796875
55.0,3.0,0.6952871350003988,13.8,1455.8359375,37.69091796875
55.0,4.0,0.7997809600001347,4.4,1455.8359375,37.69091796875
55.0,5.0,0.7516381169998567,4.0,1455.8359375,37.69091796875
55.0,6.0,0.48005508299957,6.4,1455.8359375,37.69091796875
55.0,7.0,0.5278835659992183,4.7,1455.8359375,37.69091796875
55.0,8.0,0.5162984769995091,6.8,1455.8359375,37.69091796875
55.0,9.0,0.7162625900000421,4.9,1455.8359375,37.69091796875
55.0,10.0,0.32172879700010526,54.7,1455.8359375,37.69091796875
55.0,11.0,0.6782488439994268,3.0,1455.8359375,37.69091796875
55.0,12.0,0.6682707740001206,7.4,1455.83984375,37.69091796875
55.0,13.0,0.7432837669994115,15.1,1455.83984375,37.69091796875
55.0,14.0,0.6026951940002618,4.9,1455.83984375,37.69091796875
55.0,15.0,0.5234739290008292,5.8,1455.83984375,37.69091796875
55.0,16.0,0.5342102030008391,7.5,1456.25390625,37.69091796875
55.0,17.0,0.5750761389999752,8.8,1456.25390625,37.69091796875
55.0,18.0,1.1845976419999715,17.4,1456.25390625,37.69091796875
55.0,19.0,0.5164133700000093,58.7,1456.25390625,37.69091796875
55.0,20.0,0.511500743000397,60.8,1456.25390625,37.69091796875
55.0,21.0,0.5273210220002511,46.7,1456.25390625,37.69091796875
55.0,22.0,0.5753720210004758,2.6,1456.25390625,37.69091796875
55.0,23.0,0.5164338320000752,7.6,1456.25390625,37.69091796875
55.0,24.0,0.7859952999997404,4.5,1456.25390625,37.69091796875
55.0,25.0,0.5384583309996742,5.5,1456.25390625,37.69091796875
55.0,26.0,0.5108809680004924,6.9,1456.25390625,37.69091796875
55.0,27.0,0.48111079600039375,3.1,1456.25390625,37.69091796875
55.0,28.0,0.5384462210004131,5.7,1456.25390625,37.69091796875
55.0,29.0,0.5035591539999587,5.9,1456.25390625,37.69091796875
55.0,30.0,0.5700403049995657,6.1,1456.25390625,37.69091796875
55.0,31.0,0.578927259000011,3.5,1456.2578125,37.69091796875
55.0,32.0,0.9478990110001178,4.2,1456.2578125,37.69091796875
55.0,33.0,0.6208243060000314,5.6,1456.2578125,37.69091796875
55.0,34.0,0.6378239269997721,10.9,1456.2578125,37.69091796875
55.0,35.0,0.5562178210002457,6.3,1456.2578125,37.69091796875
55.0,36.0,0.5432735239992326,4.6,1456.2578125,37.69091796875
55.0,37.0,0.5190182120004465,6.8,1456.2578125,37.69091796875
55.0,38.0,0.7527818420003314,42.0,1456.2578125,37.69091796875
55.0,39.0,0.6165061339997919,54.0,1456.2578125,37.69091796875
55.0,40.0,0.6471582310005033,62.2,1456.2578125,37.69091796875
55.0,41.0,0.6042366399997263,10.7,1456.26171875,37.69091796875
55.0,42.0,0.54769552200014,4.5,1456.26171875,37.69091796875
55.0,43.0,0.4671409290003794,6.5,1456.26171875,37.69091796875
55.0,44.0,0.7411503350003841,4.8,1456.26171875,37.69091796875
55.0,45.0,0.4844471309997971,7.2,1456.26171875,37.69091796875
55.0,46.0,2.988040087000627,2.3,1456.26171875,37.69091796875
55.0,47.0,0.47776718600016466,6.2,1456.26171875,37.69091796875
55.0,48.0,0.5107941260002917,5.9,1456.26171875,37.69091796875
55.0,49.0,0.5702887460001875,5.3,1456.26171875,37.69091796875
55.0,50.0,0.5740403509998941,7.0,1456.26171875,37.69091796875
55.0,51.0,0.5555517869997857,7.2,1456.26171875,37.69091796875
55.0,52.0,0.7061811240000679,5.0,1456.26171875,37.69091796875
55.0,53.0,0.5507275099998878,7.2,1456.26171875,37.69091796875
55.0,54.0,0.5470134749994031,36.4,1456.26171875,37.69091796875
55.0,55.0,0.4900846319997072,58.2,1456.26171875,37.69091796875
55.0,56.0,0.5329180599992469,58.3,1456.51953125,37.69091796875
55.0,57.0,0.5443708270004208,41.5,1456.51953125,37.69091796875
55.0,58.0,0.7120986190002441,4.2,1456.51953125,37.69091796875
55.0,59.0,0.5122425599993221,7.8,1456.51953125,37.69091796875
55.0,60.0,0.5740159020006104,4.3,1456.51953125,37.69091796875
55.0,61.0,1.4155173700000887,3.5,1456.51953125,37.69091796875
55.0,62.0,0.4937206230006268,4.1,1456.51953125,37.69091796875
55.0,63.0,0.6505188649998672,6.9,1456.51953125,37.69091796875
55.0,64.0,0.47647017300005245,4.2,1456.51953125,37.69091796875
55.0,65.0,0.5328852729999198,8.3,1456.51953125,37.69091796875
55.0,66.0,0.546967235000011,11.0,1456.51953125,37.69091796875
55.0,67.0,0.7077056349999111,17.6,1456.51953125,37.69091796875
55.0,68.0,0.4977967449995049,7.1,1456.51953125,37.69091796875
55.0,69.0,0.9369511260001673,2.7,1456.51953125,37.69091796875
55.0,70.0,0.5611210209999626,8.0,1456.51953125,37.69091796875
55.0,71.0,0.9339240730005258,3.8,1456.51953125,37.69091796875
55.0,72.0,0.6474058929998137,43.4,1456.51953125,37.69091796875
55.0,73.0,0.587623141000222,54.7,1456.51953125,37.69091796875
55.0,74.0,0.5941828830000304,65.8,1456.51953125,37.69091796875
55.0,75.0,0.5290402500004348,11.3,1456.51953125,37.69091796875
55.0,76.0,0.595032696999624,10.1,1456.51953125,37.69091796875
55.0,77.0,0.6509214990001055,4.6,1456.51953125,37.69091796875
55.0,78.0,0.47759500600022875,7.3,1456.51953125,37.69091796875
55.0,79.0,0.4769777230003456,5.3,1456.51953125,37.69091796875
55.0,80.0,0.9036500770007478,5.5,1456.51953125,37.69091796875
55.0,81.0,0.5436026739998852,7.4,1456.51953125,37.69091796875
55.0,82.0,0.5953871969995816,4.2,1456.51953125,37.69091796875
55.0,83.0,0.5842101099997308,7.7,1456.51953125,37.69091796875
55.0,84.0,0.7356724440005564,3.4,1456.51953125,37.69091796875
55.0,85.0,0.5462941100004173,4.6,1456.51953125,37.69091796875
55.0,86.0,0.5648871659996075,8.0,1456.51953125,37.69091796875
55.0,87.0,0.572163627000009,13.9,1456.51953125,37.69091796875
55.0,88.0,1.4946066009997594,3.4,1456.51953125,37.69091796875
55.0,89.0,0.7130305629998475,6.2,1456.51953125,37.69091796875
55.0,90.0,0.5145550949991957,51.0,1456.51953125,37.69091796875
55.0,91.0,0.7058293179998145,59.2,1456.51953125,37.69091796875
55.0,92.0,0.6650811760000579,41.2,1456.51953125,37.69091796875
55.0,93.0,0.5169738059994415,8.7,1456.51953125,37.69091796875
55.0,94.0,0.5329724299999725,4.7,1456.51953125,37.69091796875
55.0,95.0,0.7111778519993095,5.0,1456.51953125,37.69091796875
55.0,96.0,0.5959984700002678,5.9,1456.51953125,37.69091796875
55.0,97.0,0.6774436720006634,10.2,1456.51953125,37.69091796875
55.0,98.0,0.4934944069991616,6.2,1456.5234375,37.69091796875
55.0,99.0,0.6052245720002247,6.5,1456.5234375,37.69091796875
55.0,100.0,0.6130477750002683,7.3,1456.5234375,37.69091796875
56.0,1.0,0.686905169000056,7.3,1456.5234375,37.69091796875
56.0,2.0,0.5144936990000133,4.9,1456.5234375,37.69091796875
56.0,3.0,0.5964711390006414,6.7,1456.5234375,37.69091796875
56.0,4.0,0.5635636750002959,4.5,1456.5234375,37.69091796875
56.0,5.0,0.8061914380004964,5.0,1456.5234375,37.69091796875
56.0,6.0,1.0466484720000153,3.8,1456.5234375,37.69091796875
56.0,7.0,0.5456946429994787,6.4,1456.5234375,37.69091796875
56.0,8.0,0.5406261999996786,33.6,1456.5234375,37.69091796875
56.0,9.0,0.5953381760000411,58.5,1456.5234375,37.69091796875
56.0,10.0,0.6082575730006283,61.2,1456.5234375,37.69091796875
56.0,11.0,0.5252967260003061,30.5,1456.96875,37.69091796875
56.0,12.0,0.6029130599999917,4.1,1456.96875,37.69091796875
56.0,13.0,0.7635215170002994,9.8,1456.96875,37.69091796875
56.0,14.0,0.5706176379999306,6.2,1456.96875,37.69091796875
56.0,15.0,0.5460220100003426,6.4,1456.96875,37.69091796875
56.0,16.0,0.5956851440005266,7.5,1456.96875,37.69091796875
56.0,17.0,0.4818216699995901,5.2,1456.96875,37.69091796875
56.0,18.0,0.5682709769998837,6.2,1456.96875,37.69091796875
56.0,19.0,0.47988777400041727,5.2,1456.96875,37.69091796875
56.0,20.0,0.4953563959998064,9.9,1456.97265625,37.69091796875
56.0,21.0,0.6417744569998831,4.7,1456.97265625,37.69091796875
56.0,22.0,0.5694025829998282,4.4,1456.97265625,37.69091796875
56.0,23.0,0.7790979450001032,12.2,1456.97265625,37.69091796875
56.0,24.0,0.5802810700006376,6.0,1456.97265625,37.69091796875
56.0,25.0,0.5328265859998282,7.5,1456.97265625,37.69091796875
56.0,26.0,0.48718394200022885,4.2,1456.97265625,37.69091796875
56.0,27.0,0.517375033999997,7.6,1456.97265625,37.69091796875
56.0,28.0,0.5413388959996155,14.8,1456.97265625,37.69091796875
56.0,29.0,0.49445174999982555,60.2,1456.97265625,37.69091796875
56.0,30.0,0.5686198900002637,57.1,1456.97265625,37.69091796875
56.0,31.0,0.5892271980001169,54.7,1456.9765625,37.69091796875
56.0,32.0,0.6744259270008115,5.9,1456.9765625,37.69091796875
56.0,33.0,0.5759298799994212,4.3,1456.9765625,37.69091796875
56.0,34.0,0.49953132400059985,7.1,1456.98046875,37.69091796875
56.0,35.0,0.6336548160006714,3.9,1456.98046875,37.69091796875
56.0,36.0,0.47086722399944847,8.4,1456.98046875,37.69091796875
56.0,37.0,0.6448595889996795,10.1,1456.98046875,37.69091796875
56.0,38.0,0.5345000609995623,7.4,1456.98046875,37.69091796875
56.0,39.0,0.530273512000349,4.8,1456.98046875,37.69091796875
56.0,40.0,0.7459576399996877,6.1,1456.98046875,37.69091796875
56.0,41.0,0.515732100000605,7.7,1456.98046875,37.69091796875
56.0,42.0,0.5251108109996494,3.8,1456.98046875,37.69091796875
56.0,43.0,0.6424714299992047,7.9,1456.98046875,37.69091796875
56.0,44.0,5.609020914999746,17.0,1456.98046875,37.69091796875
56.0,45.0,0.5517617149998841,6.4,1456.98046875,37.69091796875
56.0,46.0,0.523276936000002,3.9,1456.98046875,37.69091796875
56.0,47.0,0.5224078969995389,7.6,1456.98046875,37.69091796875
56.0,48.0,0.5513365959996008,6.3,1456.98046875,37.69091796875
56.0,49.0,0.48709800399956293,8.3,1456.98046875,37.69091796875
56.0,50.0,0.8460132970003542,5.9,1457.0,37.69091796875
56.0,51.0,0.5566588109995791,5.4,1457.0,37.69091796875
56.0,52.0,0.7002413980007987,5.7,1457.0,37.69091796875
56.0,53.0,0.5018542940006228,7.0,1457.0,37.69091796875
56.0,54.0,1.4425284029994145,4.2,1457.0,37.69091796875
56.0,55.0,0.4929310950001309,5.1,1457.0,37.69091796875
56.0,56.0,0.6416669610007375,18.8,1457.0,37.69091796875
56.0,57.0,1.2030549789997167,11.7,1457.0,37.69091796875
56.0,58.0,0.5636420069995438,58.0,1457.0,37.69091796875
56.0,59.0,0.5545360429996435,58.2,1457.0,37.69091796875
56.0,60.0,0.5232230870005878,46.7,1457.0,37.69091796875
56.0,61.0,0.47053075500025443,5.3,1457.0,37.69091796875
56.0,62.0,0.5847752270001365,7.8,1457.0,37.69091796875
56.0,63.0,0.47926083499987726,5.2,1457.0,37.69091796875
56.0,64.0,1.041002087000379,3.4,1457.0,37.69091796875
56.0,65.0,0.6751025379999192,5.9,1457.0,37.69091796875
56.0,66.0,1.093480860999989,3.7,1457.0,37.69091796875
56.0,67.0,0.5024901750002755,7.9,1457.0,37.69091796875
56.0,68.0,0.5246167689992944,4.8,1457.0,37.69091796875
56.0,69.0,0.5375602249996518,6.5,1457.0,37.69091796875
56.0,70.0,0.5266215750007177,4.7,1457.0,37.69091796875
56.0,71.0,0.7966019389996291,6.3,1457.0,37.69091796875
56.0,72.0,0.5889462879995335,4.2,1457.0,37.69091796875
56.0,73.0,0.6642354340001475,3.8,1457.0,37.69091796875
56.0,74.0,0.5569962740000847,4.4,1457.0,37.69091796875
56.0,75.0,0.5342831680000018,3.8,1457.0,37.69091796875
56.0,76.0,0.45221847300035733,35.6,1457.43359375,37.69091796875
56.0,77.0,0.7364984339992589,55.4,1457.43359375,37.69091796875
56.0,78.0,0.6409825670007194,62.7,1457.43359375,37.69091796875
56.0,79.0,0.7406140290004259,10.8,1457.43359375,37.69091796875
56.0,80.0,0.5230366289997619,4.9,1457.43359375,37.69091796875
56.0,81.0,0.5790234659998532,10.3,1457.43359375,37.69091796875
56.0,82.0,0.5595495710003888,4.5,1457.43359375,37.69091796875
56.0,83.0,0.7527768679992732,5.9,1457.43359375,37.69091796875
56.0,84.0,0.4698867679999239,7.4,1457.43359375,37.69091796875
56.0,85.0,1.2318226460001824,3.7,1457.43359375,37.69091796875
56.0,86.0,0.6442877889994634,6.2,1457.43359375,37.69091796875
56.0,87.0,2.9523255490003066,2.4,1457.43359375,37.69091796875
56.0,88.0,0.6332653230001597,6.2,1457.43359375,37.69091796875
56.0,89.0,0.5367473979995339,4.6,1457.43359375,37.69091796875
56.0,90.0,0.5454253670004618,19.6,1457.43359375,37.69091796875
56.0,91.0,0.5091075180007465,56.4,1457.43359375,37.69091796875
56.0,92.0,0.5665813179994075,59.3,1457.43359375,37.69091796875
56.0,93.0,0.6317453420006132,43.7,1457.43359375,37.69091796875
56.0,94.0,0.5639777320002395,5.3,1457.43359375,37.69091796875
56.0,95.0,0.5657767800003057,7.9,1457.43359375,37.69091796875
56.0,96.0,0.49367291199996544,6.1,1457.43359375,37.69091796875
56.0,97.0,0.6059954140000627,6.7,1457.43359375,37.69091796875
56.0,98.0,0.5277362160004486,6.6,1457.43359375,37.69091796875
56.0,99.0,0.6610471820004022,5.3,1457.43359375,37.69091796875
56.0,100.0,0.5427710840003783,12.8,1457.43359375,37.69091796875
57.0,1.0,0.5002728250001383,9.0,1457.43359375,37.69091796875
57.0,2.0,0.6734968569999182,11.9,1457.43359375,37.69091796875
57.0,3.0,0.6389721420000569,15.0,1457.43359375,37.69091796875
57.0,4.0,0.5659404580001137,6.2,1457.43359375,37.69091796875
57.0,5.0,0.6517370359997585,5.3,1457.43359375,37.69091796875
57.0,6.0,0.8130307179999363,7.4,1457.43359375,37.69091796875
57.0,7.0,0.5379691360003562,5.7,1457.43359375,37.69091796875
57.0,8.0,3.3672373760000482,27.6,1457.43359375,37.69091796875
57.0,9.0,0.4672908419997839,7.5,1457.43359375,37.69091796875
57.0,10.0,0.5640091670002221,5.3,1457.43359375,37.69091796875
57.0,11.0,0.5028465010000218,7.0,1457.43359375,37.69091796875
57.0,12.0,0.41483521699956327,6.0,1457.43359375,37.69091796875
57.0,13.0,0.5710044939996806,7.0,1457.43359375,37.69091796875
57.0,14.0,0.672341196999696,4.5,1457.71484375,37.69091796875
57.0,15.0,1.2862448619998759,4.3,1457.71484375,37.69091796875
57.0,16.0,0.547783261999939,7.3,1457.71484375,37.69091796875
57.0,17.0,0.4428964310000083,3.4,1457.71484375,37.69091796875
57.0,18.0,0.5799736050003048,6.1,1457.71484375,37.69091796875
57.0,19.0,0.8916011290002643,4.0,1457.71484375,37.69091796875
57.0,20.0,0.5746442169993315,5.2,1457.71484375,37.69091796875
57.0,21.0,3.1239464430000226,20.7,1457.71484375,37.69091796875
57.0,22.0,0.5612121980002485,60.0,1457.71484375,37.69091796875
57.0,23.0,0.5438725489993885,7.3,1457.71484375,37.69091796875
57.0,24.0,0.6727896800002782,3.7,1457.71484375,37.69091796875
57.0,25.0,0.48293657199974405,4.1,1457.71484375,37.69091796875
57.0,26.0,0.5107235860004948,10.8,1458.31640625,37.69091796875
57.0,27.0,0.6575935700002447,6.1,1458.31640625,37.69091796875
57.0,28.0,0.5420373690003544,3.7,1458.31640625,37.69091796875
57.0,29.0,0.7259706659997391,5.5,1458.31640625,37.69091796875
57.0,30.0,1.148778085000231,3.5,1458.31640625,37.69091796875
57.0,31.0,0.525607343000047,6.7,1458.31640625,37.69091796875
57.0,32.0,0.5144018539995159,4.8,1458.31640625,37.69091796875
57.0,33.0,0.5259607580001102,7.6,1458.31640625,37.69091796875
57.0,34.0,0.5351045409997823,3.8,1458.31640625,37.69091796875
57.0,35.0,0.4505347600006644,7.6,1458.31640625,37.69091796875
57.0,36.0,0.5128208799997083,4.0,1458.31640625,37.69091796875
57.0,37.0,0.4465706639994096,6.6,1458.31640625,37.69091796875
57.0,38.0,0.5232072090002475,5.8,1458.31640625,37.69091796875
57.0,39.0,0.5721619840005587,10.4,1458.31640625,37.69091796875
57.0,40.0,0.45464518400058296,50.0,1458.31640625,37.69091796875
57.0,41.0,0.5355119530004231,59.8,1458.31640625,37.69091796875
57.0,42.0,0.6215048209996894,71.0,1458.31640625,37.69091796875
57.0,43.0,0.4354006359999403,33.7,1458.31640625,37.69091796875
57.0,44.0,0.5458547360003649,7.2,1458.31640625,37.69091796875
57.0,45.0,0.551567802000136,7.3,1458.31640625,37.69091796875
57.0,46.0,0.38971815500008233,5.2,1458.31640625,37.69091796875
57.0,47.0,0.4547726760001751,9.9,1458.31640625,37.69091796875
57.0,48.0,0.4927672900003017,6.1,1458.31640625,37.69091796875
57.0,49.0,0.5832113970000137,6.0,1458.31640625,37.69091796875
57.0,50.0,0.5510505780002859,4.5,1458.31640625,37.69091796875
57.0,51.0,0.5066682940005194,8.0,1458.31640625,37.69091796875
57.0,52.0,1.122422863999418,12.9,1458.31640625,37.69091796875
57.0,53.0,0.4929021070001909,4.1,1458.31640625,37.69091796875
57.0,54.0,0.660579805999987,11.4,1458.31640625,37.69091796875
57.0,55.0,0.6341675740004575,6.2,1458.31640625,37.69091796875
57.0,56.0,0.6226910889999999,3.3,1458.31640625,37.69091796875
57.0,57.0,0.5203750659993602,7.6,1458.31640625,37.69091796875
57.0,58.0,0.6659860730005676,3.8,1458.31640625,37.69091796875
57.0,59.0,0.5945681080002032,5.1,1458.31640625,37.69091796875
57.0,60.0,0.40919021499939845,14.6,1458.31640625,37.69091796875
57.0,61.0,0.4871993349997865,63.9,1458.31640625,37.69091796875
57.0,62.0,0.7202325690004727,63.2,1458.31640625,37.69091796875
57.0,63.0,0.4736429370004771,52.1,1458.31640625,37.69091796875
57.0,64.0,0.550347151999631,7.3,1458.31640625,37.69091796875
57.0,65.0,0.4872547120003219,4.1,1458.31640625,37.69091796875
57.0,66.0,0.5457860369997434,6.4,1458.31640625,37.69091796875
57.0,67.0,0.6307088330004262,4.7,1458.31640625,37.69091796875
57.0,68.0,1.2193219499995394,3.3,1458.31640625,37.69091796875
57.0,69.0,0.9674188250000952,4.7,1458.31640625,37.69091796875
57.0,70.0,0.49945079699955386,9.0,1458.31640625,37.69091796875
57.0,71.0,0.5716201309996904,4.4,1458.31640625,37.69091796875
57.0,72.0,0.517908067999997,7.7,1458.31640625,37.69091796875
57.0,73.0,0.6571174870005052,7.6,1458.31640625,37.69091796875
57.0,74.0,0.7871486980002373,3.2,1458.31640625,37.69091796875
57.0,75.0,0.3312932199996794,54.5,1458.31640625,37.69091796875
57.0,76.0,0.5145779439999387,3.9,1458.31640625,37.69091796875
57.0,77.0,0.5179530030000024,7.7,1458.31640625,37.69091796875
57.0,78.0,0.9388786919998893,4.3,1458.31640625,37.69091796875
57.0,79.0,0.8125239720002355,44.4,1458.31640625,37.69091796875
57.0,80.0,0.6265808440002729,60.3,1458.31640625,37.69091796875
57.0,81.0,0.6187474889993609,42.3,1458.31640625,37.69091796875
57.0,82.0,0.6031950739998138,3.4,1458.31640625,37.69091796875
57.0,83.0,0.6532018810003137,6.1,1458.31640625,37.69091796875
57.0,84.0,0.5331763320000391,10.4,1458.31640625,37.69091796875
57.0,85.0,0.590201650000381,7.6,1458.31640625,37.69091796875
57.0,86.0,0.6562152149999747,5.3,1458.31640625,37.69091796875
57.0,87.0,0.6337979679992713,5.5,1458.31640625,37.69091796875
57.0,88.0,0.4207632419993388,8.3,1458.31640625,37.69091796875
57.0,89.0,0.4961910040001385,5.1,1458.31640625,37.69091796875
57.0,90.0,0.981615774000602,4.1,1458.31640625,37.69091796875
57.0,91.0,0.4674529789999724,4.3,1458.31640625,37.69091796875
57.0,92.0,0.5156662400004279,9.7,1458.31640625,37.69091796875
57.0,93.0,0.5738764359994093,6.1,1458.31640625,37.69091796875
57.0,94.0,0.5207843089992821,5.8,1458.31640625,37.69091796875
57.0,95.0,0.5409860530007791,6.4,1458.31640625,37.69091796875
57.0,96.0,0.5792268300001524,5.2,1458.31640625,37.69091796875
57.0,97.0,1.6340901809999195,23.6,1458.31640625,37.69091796875
57.0,98.0,0.5558463799998208,58.6,1458.31640625,37.69091796875
57.0,99.0,0.792756140000165,35.4,1458.31640625,37.69091796875
57.0,100.0,0.6168543010007852,5.7,1458.31640625,37.69091796875
58.0,1.0,0.7054347639996195,3.6,1458.31640625,37.69091796875
58.0,2.0,0.5293324900003427,7.5,1458.31640625,37.69091796875
58.0,3.0,0.6110353809999651,4.9,1458.31640625,37.69091796875
58.0,4.0,0.625187160000678,7.2,1458.31640625,37.69091796875
58.0,5.0,0.5607628400002795,6.2,1458.31640625,37.69091796875
58.0,6.0,0.6306182839998655,3.2,1458.31640625,37.69091796875
58.0,7.0,0.5192607230001158,4.8,1458.31640625,37.69091796875
58.0,8.0,0.5742219230005503,4.4,1458.31640625,37.69091796875
58.0,9.0,0.5595938710002883,12.5,1458.31640625,37.69091796875
58.0,10.0,0.6420040739994874,5.5,1458.31640625,37.69091796875
58.0,11.0,0.5670056290000502,5.3,1458.31640625,37.69091796875
58.0,12.0,0.44356741100000363,5.7,1458.31640625,37.69091796875
58.0,13.0,0.5063385829998879,9.9,1458.31640625,37.69091796875
58.0,14.0,0.5286697170004118,9.4,1458.31640625,37.69091796875
58.0,15.0,0.5098323239999445,7.9,1458.31640625,37.69091796875
58.0,16.0,0.575560485999631,16.5,1458.31640625,37.69091796875
58.0,17.0,1.8014652479996585,46.6,1458.31640625,37.69091796875
58.0,18.0,0.7161436549995415,5.7,1458.31640625,37.69091796875
58.0,19.0,0.5661856579999949,7.9,1458.31640625,37.69091796875
58.0,20.0,0.6457742320008037,5.3,1458.31640625,37.69091796875
58.0,21.0,0.5313637660001405,7.5,1458.31640625,37.69091796875
58.0,22.0,0.5999430330002724,3.3,1458.31640625,37.69091796875
58.0,23.0,0.5306285090000529,6.7,1458.31640625,37.69091796875
58.0,24.0,0.6377459510003973,9.4,1458.31640625,37.69091796875
58.0,25.0,0.6310462680003184,5.6,1458.31640625,37.69091796875
58.0,26.0,0.6336711889998696,6.3,1458.31640625,37.69091796875
58.0,27.0,0.5925159990001703,4.2,1458.31640625,37.69091796875
58.0,28.0,0.6521129600005224,6.2,1458.31640625,37.69091796875
58.0,29.0,0.5832510529999126,5.1,1458.31640625,37.69091796875
58.0,30.0,0.6137374859999909,9.0,1458.31640625,37.69091796875
58.0,31.0,0.6261846079996758,4.0,1458.31640625,37.69091796875
58.0,32.0,3.798148582000067,24.3,1458.31640625,37.69091796875
58.0,33.0,0.5771395289993961,6.0,1458.31640625,37.69091796875
58.0,34.0,0.5455867020000369,9.2,1458.31640625,37.69091796875
58.0,35.0,0.6190756870000769,4.8,1458.31640625,37.69091796875
58.0,36.0,0.5106007040003533,8.8,1458.31640625,37.69091796875
58.0,37.0,0.7234750400002667,4.1,1458.31640625,37.69091796875
58.0,38.0,0.6970219320000979,5.1,1458.31640625,37.69091796875
58.0,39.0,0.5593207709998751,7.1,1458.31640625,37.69091796875
58.0,40.0,0.472915319999629,5.3,1458.31640625,37.69091796875
58.0,41.0,0.6210526360000586,5.6,1458.31640625,37.69091796875
58.0,42.0,0.653287671999351,4.6,1458.31640625,37.69091796875
58.0,43.0,0.6339724879999267,6.3,1458.31640625,37.69091796875
58.0,44.0,0.5548872059998757,5.4,1458.31640625,37.69091796875
58.0,45.0,0.5085142799998721,7.8,1458.31640625,37.69091796875
58.0,46.0,0.5146970480000164,5.0,1458.31640625,37.69091796875
58.0,47.0,0.6063678809996418,7.4,1458.31640625,37.69091796875
58.0,48.0,0.5671168769995347,54.9,1458.31640625,37.69091796875
58.0,49.0,0.6668299169996317,56.7,1458.31640625,37.69091796875
58.0,50.0,0.6730684309995922,45.5,1458.31640625,37.69091796875
58.0,51.0,0.552038557000742,5.4,1458.31640625,37.69091796875
58.0,52.0,0.6606098620004559,6.1,1458.31640625,37.69091796875
58.0,53.0,0.5250012129999959,12.4,1458.31640625,37.69091796875
58.0,54.0,0.4860606479996932,4.2,1458.31640625,37.69091796875
58.0,55.0,0.5072465309995096,6.9,1458.31640625,37.69091796875
58.0,56.0,0.6233766310006104,7.9,1458.31640625,37.69091796875
58.0,57.0,0.5777058930007115,5.3,1458.31640625,37.69091796875
58.0,58.0,0.5976735370004462,5.8,1458.31640625,37.69091796875
58.0,59.0,0.7776781209995534,5.2,1458.31640625,37.69091796875
58.0,60.0,0.44883856999967975,8.9,1458.31640625,37.69091796875
58.0,61.0,0.5631633229995714,5.3,1458.31640625,37.69091796875
58.0,62.0,0.4873428419996344,8.2,1458.31640625,37.69091796875
58.0,63.0,0.7541176779996022,2.7,1458.31640625,37.69091796875
58.0,64.0,0.562321202000021,8.0,1458.31640625,37.69091796875
58.0,65.0,0.552285366000433,3.6,1458.31640625,37.69091796875
58.0,66.0,0.49291914900004485,8.1,1458.31640625,37.69091796875
58.0,67.0,0.9329432169997744,22.0,1458.31640625,37.69091796875
58.0,68.0,2.8024097690004055,26.3,1458.31640625,37.69091796875
58.0,69.0,0.6035486709997713,5.7,1458.31640625,37.69091796875
58.0,70.0,0.6246398570001475,5.6,1458.31640625,37.69091796875
58.0,71.0,0.5819352519993117,4.3,1458.31640625,37.69091796875
58.0,72.0,0.8374101440003869,5.4,1458.31640625,37.69091796875
58.0,73.0,3.493950068999766,2.7,1458.31640625,37.69091796875
58.0,74.0,0.6892282389999309,3.6,1458.31640625,37.69091796875
58.0,75.0,0.6073308759996507,6.6,1458.31640625,37.69091796875
58.0,76.0,1.1564862969999012,10.8,1458.31640625,37.69091796875
58.0,77.0,0.6175711960004264,59.0,1458.31640625,37.69091796875
58.0,78.0,0.6041098139994574,57.5,1458.31640625,37.69091796875
58.0,79.0,0.535506902000634,37.0,1458.31640625,37.69091796875
58.0,80.0,0.7636762800002543,9.9,1458.31640625,37.69091796875
58.0,81.0,0.5561269350000657,8.8,1458.31640625,37.69091796875
58.0,82.0,0.7312558290004745,4.9,1458.31640625,37.69091796875
58.0,83.0,0.5138228539999545,4.9,1458.31640625,37.69091796875
58.0,84.0,1.5404039879995253,4.6,1458.31640625,37.69091796875
58.0,85.0,0.5743482010002481,5.2,1458.31640625,37.69091796875
58.0,86.0,0.688436892000027,5.1,1458.31640625,37.69091796875
58.0,87.0,0.41459500000019034,4.8,1458.31640625,37.69091796875
58.0,88.0,0.5709313729994392,5.4,1458.31640625,37.69091796875
58.0,89.0,0.6525145770001473,6.8,1458.31640625,37.69091796875
58.0,90.0,0.7308814420002818,3.4,1458.31640625,37.69091796875
58.0,91.0,0.5034192889997939,7.1,1458.31640625,37.69091796875
58.0,92.0,0.6621127630005503,9.0,1458.31640625,37.69091796875
58.0,93.0,0.8671223470000768,8.1,1458.31640625,37.69091796875
58.0,94.0,0.8608188419993894,56.6,1458.31640625,37.69091796875
58.0,95.0,0.5300247489994945,63.5,1458.31640625,37.69091796875
58.0,96.0,0.4931203420001111,29.0,1458.31640625,37.69091796875
58.0,97.0,0.5900049680003576,8.4,1458.31640625,37.69091796875
58.0,98.0,0.5212951690000409,3.9,1458.31640625,37.69091796875
58.0,99.0,0.5109758630005672,4.0,1458.31640625,37.69091796875
58.0,100.0,0.4728097010001875,5.3,1458.31640625,37.69091796875
59.0,1.0,0.9541419839997616,4.2,1458.31640625,37.69091796875
59.0,2.0,0.5536327440004243,7.2,1458.31640625,37.69091796875
59.0,3.0,0.8482876150001175,5.4,1458.31640625,37.69091796875
59.0,4.0,0.5249240519997329,6.6,1458.31640625,37.69091796875
59.0,5.0,0.5741833820002284,9.5,1458.31640625,37.69091796875
59.0,6.0,0.5405659090001791,4.6,1458.31640625,37.69091796875
59.0,7.0,0.525184027999785,7.6,1458.31640625,37.69091796875
59.0,8.0,0.45934743099951447,5.4,1458.31640625,37.69091796875
59.0,9.0,0.6723818520003988,5.2,1458.31640625,37.69091796875
59.0,10.0,0.5153085960000681,5.8,1458.31640625,37.69091796875
59.0,11.0,0.5512510890002886,7.3,1458.31640625,37.69091796875
59.0,12.0,0.7155303469999126,6.3,1458.31640625,37.69091796875
59.0,13.0,0.4501910079998197,47.2,1458.31640625,37.69091796875
59.0,14.0,0.836262261000229,57.2,1458.31640625,37.69091796875
59.0,15.0,0.5501887170003101,54.6,1458.31640625,37.69091796875
59.0,16.0,0.5424495320003189,6.5,1458.31640625,37.69091796875
59.0,17.0,0.5298362730000008,7.4,1458.31640625,37.69091796875
59.0,18.0,1.542213165999783,3.6,1458.31640625,37.69091796875
59.0,19.0,0.5888927460000559,5.1,1458.31640625,37.69091796875
59.0,20.0,0.48789099300029193,8.1,1458.31640625,37.69091796875
59.0,21.0,0.815480602000207,4.3,1458.31640625,37.69091796875
59.0,22.0,0.6102114569994228,4.1,1458.31640625,37.69091796875
59.0,23.0,0.5638527239998439,6.2,1458.31640625,37.69091796875
59.0,24.0,0.5257892749996245,7.5,1458.44921875,37.69091796875
59.0,25.0,0.5194128749999436,5.8,1458.44921875,37.69091796875
59.0,26.0,0.8623943250004231,4.1,1458.44921875,37.69091796875
59.0,27.0,0.5249555899999905,5.7,1458.44921875,37.69091796875
59.0,28.0,0.6091999400005079,5.7,1458.44921875,37.69091796875
59.0,29.0,0.5038132720001158,8.1,1458.44921875,37.69091796875
59.0,30.0,0.7925855559997217,12.6,1458.44921875,37.69091796875
59.0,31.0,0.5979514020000352,58.0,1458.44921875,37.69091796875
59.0,32.0,0.5600448420000248,57.7,1458.44921875,37.69091796875
59.0,33.0,0.8998352230000819,26.8,1458.44921875,37.69091796875
59.0,34.0,0.5077953449999768,6.9,1458.44921875,37.69091796875
59.0,35.0,0.659038566000163,4.5,1458.44921875,37.69091796875
59.0,36.0,0.5954480129994408,6.7,1458.44921875,37.69091796875
59.0,37.0,0.5368119229997319,4.6,1458.44921875,37.69091796875
59.0,38.0,0.5615351589995043,7.1,1458.44921875,37.69091796875
59.0,39.0,4.225671520000105,2.6,1458.44921875,37.69091796875
59.0,40.0,0.4275552899998729,7.0,1458.4609375,37.69091796875
59.0,41.0,0.571097448000728,8.8,1458.4609375,37.69091796875
59.0,42.0,0.43990184999984194,5.6,1458.4609375,37.69091796875
59.0,43.0,0.6868829420000111,9.6,1458.4609375,37.69091796875
59.0,44.0,0.7092446400001791,41.4,1458.4609375,37.69091796875
59.0,45.0,1.2015407429998959,54.2,1458.4609375,37.69091796875
59.0,46.0,0.5606430389998422,6.2,1458.4609375,37.69091796875
59.0,47.0,0.9234070210004575,3.3,1458.4609375,37.69091796875
59.0,48.0,0.5358971519999614,8.3,1458.4609375,37.69091796875
59.0,49.0,0.8052425370005949,5.6,1458.4609375,37.69091796875
59.0,50.0,0.5889786729994739,4.2,1458.4609375,37.69091796875
59.0,51.0,0.6432537709997632,4.7,1458.4609375,37.69091796875
59.0,52.0,0.5529650709995622,7.1,1458.4609375,37.69091796875
59.0,53.0,0.5231204089996027,4.9,1458.4609375,37.69091796875
59.0,54.0,0.5554651039992677,6.3,1458.4609375,37.69091796875
59.0,55.0,0.522734987000149,5.7,1458.4609375,37.69091796875
59.0,56.0,0.5506470169993918,9.1,1458.46875,37.69091796875
59.0,57.0,0.5805737629998475,5.2,1458.46875,37.69091796875
59.0,58.0,0.7488628669998434,5.9,1458.46875,37.69091796875
59.0,59.0,0.7007778220004184,5.8,1458.46875,37.69091796875
59.0,60.0,0.5252587670001958,4.7,1458.7421875,37.69091796875
59.0,61.0,0.5958042660004139,7.6,1458.7421875,37.69091796875
59.0,62.0,0.8347819430000527,68.5,1458.7421875,37.69091796875
59.0,63.0,0.5067079190002914,57.8,1458.7421875,37.69091796875
59.0,64.0,1.7231304869992528,15.7,1458.7421875,37.69091796875
59.0,65.0,0.5596871289999399,4.5,1458.7421875,37.69091796875
59.0,66.0,0.4980942900001537,7.1,1458.7421875,37.69091796875
59.0,67.0,0.5675593580008353,5.2,1458.7421875,37.69091796875
59.0,68.0,0.5370239889998629,7.5,1458.7421875,37.69091796875
59.0,69.0,0.5662443299997904,3.6,1458.7421875,37.69091796875
59.0,70.0,0.5251077099992472,7.5,1458.7421875,37.69091796875
59.0,71.0,0.6695991099995808,6.0,1458.75,37.69091796875
59.0,72.0,0.71768389799945,4.2,1458.75,37.69091796875
59.0,73.0,0.4256418949998988,10.6,1458.75,37.69091796875
59.0,74.0,0.572761253999488,5.2,1458.75,37.69091796875
59.0,75.0,0.5297221090004314,7.5,1458.75,37.69091796875
59.0,76.0,0.5056404899996778,4.0,1458.75,37.69091796875
59.0,77.0,0.5550465390006138,6.3,1458.75,37.69091796875
59.0,78.0,0.666271809999671,7.5,1458.75,37.69091796875
59.0,79.0,0.5813246830002754,7.0,1458.75,37.69091796875
59.0,80.0,0.6000442450003902,47.9,1458.75,37.69091796875
59.0,81.0,0.5596925149993695,56.2,1458.75,37.69091796875
59.0,82.0,1.0298638059994119,36.8,1458.8125,37.69091796875
59.0,83.0,0.6962925779998841,7.9,1458.8125,37.69091796875
59.0,84.0,0.5634547919999022,4.5,1458.8125,37.69091796875
59.0,85.0,0.6311767189999955,6.3,1458.8125,37.69091796875
59.0,86.0,0.5237886559998515,7.6,1458.8125,37.69091796875
59.0,87.0,0.4762847879992478,5.3,1458.8125,37.69091796875
59.0,88.0,0.6342534789991987,4.8,1458.8125,37.69091796875
59.0,89.0,0.4901922110002488,9.1,1458.8125,37.69091796875
59.0,90.0,0.5467758880004112,6.4,1458.8125,37.69091796875
59.0,91.0,0.4651171499999691,6.5,1458.8125,37.69091796875
59.0,92.0,0.4778992589999689,6.3,1458.8125,37.69091796875
59.0,93.0,0.5518698109999605,5.4,1458.8125,37.69091796875
59.0,94.0,0.5946420090003812,11.9,1458.8125,37.69091796875
59.0,95.0,0.6395056949995706,4.7,1458.8125,37.69091796875
59.0,96.0,0.7619983690001391,4.6,1458.8125,37.69091796875
59.0,97.0,0.8487584790000255,4.7,1458.8125,37.69091796875
59.0,98.0,0.5848207339995497,6.8,1458.8125,37.69091796875
59.0,99.0,0.5718110140005592,53.5,1458.8125,37.69091796875
59.0,100.0,0.5575024390000181,59.5,1458.8125,37.69091796875
60.0,1.0,0.5256636510002863,61.2,1458.8125,37.69091796875
60.0,2.0,0.5229161099996418,11.3,1458.8125,37.69091796875
60.0,3.0,0.8960907459995724,4.5,1458.8125,37.69091796875
60.0,4.0,0.5253574910002499,7.6,1458.8125,37.69091796875
60.0,5.0,0.5873428089998924,5.9,1459.05078125,37.69091796875
60.0,6.0,0.6351226420001694,4.0,1459.05078125,37.69091796875
60.0,7.0,0.6218607569999222,5.6,1459.05078125,37.69091796875
60.0,8.0,0.5435936869998841,4.6,1459.05078125,37.69091796875
60.0,9.0,0.47269598999992013,8.4,1459.05078125,37.69091796875
60.0,10.0,0.5270344059999843,4.8,1459.05078125,37.69091796875
60.0,11.0,0.7952553680006531,5.0,1459.05078125,37.69091796875
60.0,12.0,1.2003068540007007,2.9,1459.05078125,37.69091796875
60.0,13.0,0.5297172890004731,7.5,1459.05078125,37.69091796875
60.0,14.0,0.5083866659997511,4.9,1459.05078125,37.69091796875
60.0,15.0,0.6556256640005813,5.4,1459.05078125,37.69091796875
60.0,16.0,0.7204726800000572,5.5,1459.05078125,37.69091796875
60.0,17.0,0.4921759529997871,30.9,1459.05078125,37.69091796875
60.0,18.0,0.5039882450000732,58.4,1459.05078125,37.69091796875
60.0,19.0,0.5456619540000247,60.6,1459.05078125,37.69091796875
60.0,20.0,0.5030146079998303,46.9,1459.05078125,37.69091796875
60.0,21.0,0.4915728619998845,6.0,1459.5,37.69091796875
60.0,22.0,1.4444205160007186,3.5,1459.5,37.69091796875
60.0,23.0,0.512404864999553,6.8,1459.5,37.69091796875
60.0,24.0,0.748202959000082,6.7,1459.5,37.69091796875
60.0,25.0,0.4725180369996451,4.2,1459.5,37.69091796875
60.0,26.0,0.6868160419999185,5.8,1459.5,37.69091796875
60.0,27.0,0.7558344199997009,5.3,1459.5,37.69091796875
60.0,28.0,1.126682695999989,3.1,1459.5,37.69091796875
60.0,29.0,0.5036971700001232,4.0,1459.5,37.69091796875
60.0,30.0,0.5137634509992495,8.6,1459.5,37.69091796875
60.0,31.0,0.49809390399968834,4.0,1459.5,37.69091796875
60.0,32.0,0.7393247640002301,6.8,1459.5,37.69091796875
60.0,33.0,0.5707078140003432,7.8,1459.5,37.69091796875
60.0,34.0,0.5119497169998795,4.0,1459.5,37.69091796875
60.0,35.0,0.47505897199971514,36.8,1459.5,37.69091796875
60.0,36.0,0.6587740400000257,55.3,1459.5,37.69091796875
60.0,37.0,0.5130123610006194,61.0,1459.5,37.69091796875
60.0,38.0,0.6121138399994379,30.3,1459.5,37.69091796875
60.0,39.0,0.5118112959999053,6.9,1459.5,37.69091796875
60.0,40.0,0.8531586700000844,5.3,1459.50390625,37.69091796875
60.0,41.0,0.7043301860003339,4.3,1459.50390625,37.69091796875
60.0,42.0,0.662997176999852,6.7,1459.50390625,37.69091796875
60.0,43.0,0.4355921309997939,6.8,1459.5078125,37.69091796875
60.0,44.0,0.5286322299998574,7.7,1459.5078125,37.69091796875
60.0,45.0,0.5317551210000602,5.6,1459.5078125,37.69091796875
60.0,46.0,0.550671211000008,7.3,1459.5078125,37.69091796875
60.0,47.0,0.5270873200006463,5.7,1459.5078125,37.69091796875
60.0,48.0,0.47069022200048494,10.5,1459.5078125,37.69091796875
60.0,49.0,0.44978309599991917,4.5,1459.5078125,37.69091796875
60.0,50.0,0.5648018680003588,7.0,1459.5078125,37.69091796875
60.0,51.0,0.66266777599958,6.1,1459.5078125,37.69091796875
60.0,52.0,0.7187686360002772,3.5,1459.5078125,37.69091796875
60.0,53.0,0.5245816139995441,7.6,1459.5078125,37.69091796875
60.0,54.0,1.3717799670002933,20.2,1459.5078125,37.69091796875
60.0,55.0,0.43045412199990096,61.6,1459.5078125,37.69091796875
60.0,56.0,0.5238805059998413,57.7,1459.5078125,37.69091796875
60.0,57.0,0.6176058430000921,29.5,1459.5078125,37.69091796875
60.0,58.0,0.5987892559996908,5.0,1459.5078125,37.69091796875
60.0,59.0,0.4412104120001459,7.9,1459.5078125,37.69091796875
60.0,60.0,0.6162821819998499,4.8,1459.5078125,37.69091796875
60.0,61.0,0.4193711140005689,7.3,1459.5078125,37.69091796875
60.0,62.0,0.5549767969996537,6.2,1459.5078125,37.69091796875
60.0,63.0,0.9239040020001994,3.8,1459.5078125,37.69091796875
60.0,64.0,0.9564332490008383,4.7,1459.5078125,37.69091796875
60.0,65.0,0.5115908690004289,6.9,1459.5078125,37.69091796875
60.0,66.0,0.6681984789993294,12.8,1459.5078125,37.69091796875
60.0,67.0,0.4868950390000464,7.1,1459.5078125,37.69091796875
60.0,68.0,0.6176257430006444,4.9,1459.5078125,37.69091796875
60.0,69.0,0.5924265269995885,5.9,1459.5078125,37.69091796875
60.0,70.0,0.6361484169992764,7.1,1459.5078125,37.69091796875
60.0,71.0,0.6447650979998798,4.7,1459.5078125,37.69091796875
60.0,72.0,1.0691344950000712,10.4,1459.5078125,37.69091796875
60.0,73.0,0.6172444800004087,57.3,1459.5078125,37.69091796875
60.0,74.0,0.6398260719997779,58.6,1459.5078125,37.69091796875
60.0,75.0,0.6389862050000374,38.4,1459.5078125,37.69091796875
60.0,76.0,0.5928255069993611,5.8,1459.51953125,37.69091796875
60.0,77.0,1.5970821920000162,2.5,1459.51953125,37.69091796875
60.0,78.0,0.5372781239993856,7.3,1459.51953125,37.69091796875
60.0,79.0,0.5523716180005067,3.7,1459.51953125,37.69091796875
60.0,80.0,0.5681912079999165,7.0,1459.51953125,37.69091796875
60.0,81.0,0.5367133170002489,4.6,1459.51953125,37.69091796875
60.0,82.0,1.0257157050000387,5.4,1459.51953125,37.69091796875
60.0,83.0,0.6498760329996003,5.4,1459.51953125,37.69091796875
60.0,84.0,1.3067193030001363,5.4,1459.51953125,37.69091796875
60.0,85.0,0.5641495769996254,6.3,1459.5234375,37.69091796875
60.0,86.0,0.8517554609998115,4.7,1459.5234375,37.69091796875
60.0,87.0,0.5728291650002575,5.2,1459.5234375,37.69091796875
60.0,88.0,0.5221392430003107,30.8,1459.5234375,37.69091796875
60.0,89.0,0.6815522689994395,54.7,1459.5234375,37.69091796875
60.0,90.0,0.5740274919999138,70.2,1459.5234375,37.69091796875
60.0,91.0,0.7001115909997679,21.0,1459.52734375,37.69091796875
60.0,92.0,0.6415029069994489,4.7,1459.52734375,37.69091796875
60.0,93.0,0.5007270609994521,7.8,1459.52734375,37.69091796875
60.0,94.0,0.45987040199997864,6.7,1459.52734375,37.69091796875
60.0,95.0,0.5259684439997727,7.5,1459.52734375,37.69091796875
60.0,96.0,0.6774025320000874,4.4,1459.52734375,37.69091796875
60.0,97.0,0.6453863860006095,5.5,1459.52734375,37.69091796875
60.0,98.0,0.7636724330004654,5.2,1459.52734375,37.69091796875
60.0,99.0,0.59106804700059,3.4,1459.52734375,37.69091796875
60.0,100.0,0.46918735500003095,8.6,1459.52734375,37.69091796875
61.0,1.0,0.5580034900003739,21.2,1461.31640625,37.69091796875
61.0,2.0,0.5732148320003034,5.2,1461.31640625,37.69091796875
61.0,3.0,0.48822608099999343,7.2,1461.31640625,37.69091796875
61.0,4.0,1.2129392340002596,3.7,1461.31640625,37.69091796875
61.0,5.0,0.5492825709998215,4.6,1461.31640625,37.69091796875
61.0,6.0,0.5250770450002165,8.6,1461.31640625,37.69091796875
61.0,7.0,0.7991059809992294,55.6,1461.31640625,37.69091796875
61.0,8.0,0.46987266300038755,58.5,1461.31640625,37.69091796875
61.0,9.0,0.5603429400007371,43.6,1461.31640625,37.69091796875
61.0,10.0,0.42752551899957325,4.7,1461.31640625,37.69091796875
61.0,11.0,0.4238797899997735,9.4,1461.31640625,37.69091796875
61.0,12.0,0.434216137000476,5.7,1461.31640625,37.69091796875
61.0,13.0,0.5876385390001815,6.8,1461.31640625,37.69091796875
61.0,14.0,0.5369267949999994,4.7,1461.31640625,37.69091796875
61.0,15.0,0.5784642970002096,6.1,1461.31640625,37.69091796875
61.0,16.0,0.6700622580001436,4.4,1461.32421875,37.69091796875
61.0,17.0,0.9663417789997766,3.6,1461.32421875,37.69091796875
61.0,18.0,0.5953471920001903,6.7,1461.32421875,37.69091796875
61.0,19.0,0.6751325109999016,4.4,1461.7734375,37.69091796875
61.0,20.0,0.44114558000001125,10.1,1461.7734375,37.69091796875
61.0,21.0,0.508914026999264,3.0,1461.7734375,37.69091796875
61.0,22.0,0.49552082599984715,8.0,1461.7734375,37.69091796875
61.0,23.0,0.5273496660001911,3.8,1461.7734375,37.69091796875
61.0,24.0,0.5515008729998954,9.0,1461.7734375,37.69091796875
61.0,25.0,1.3813197730005413,4.0,1461.7734375,37.69091796875
61.0,26.0,0.5848206830005438,59.1,1461.77734375,37.69091796875
61.0,27.0,0.6898988269995243,59.4,1461.77734375,37.69091796875
61.0,28.0,0.6766142070000569,34.6,1461.77734375,37.69091796875
61.0,29.0,0.5925984550003704,6.0,1461.77734375,37.69091796875
61.0,30.0,0.6436800880001101,5.5,1461.77734375,37.69091796875
61.0,31.0,0.5446780570000556,6.4,1461.77734375,37.69091796875
61.0,32.0,0.5832003619998432,10.3,1461.77734375,37.69091796875
61.0,33.0,0.6251174590006485,4.8,1461.77734375,37.69091796875
61.0,34.0,0.6166362020003362,5.7,1461.77734375,37.69091796875
61.0,35.0,0.5473433530005423,3.7,1461.77734375,37.69091796875
61.0,36.0,0.45551378300024226,8.7,1461.77734375,37.69091796875
61.0,37.0,0.5604838290000771,3.6,1461.77734375,37.69091796875
61.0,38.0,0.6338008980001177,7.0,1461.77734375,37.69091796875
61.0,39.0,0.6827598339996257,5.2,1461.77734375,37.69091796875
61.0,40.0,0.42415131899997505,7.0,1461.77734375,37.69091796875
61.0,41.0,0.5498375099996338,7.3,1461.77734375,37.69091796875
61.0,42.0,0.5823854520003806,3.4,1461.77734375,37.69091796875
61.0,43.0,0.5229488460008724,6.7,1461.77734375,37.69091796875
61.0,44.0,0.5844973149996804,5.1,1461.77734375,37.69091796875
61.0,45.0,0.4371322130000408,8.0,1461.77734375,37.69091796875
61.0,46.0,0.5064187970001512,54.5,1461.77734375,37.69091796875
61.0,47.0,0.45327835099942604,61.5,1461.77734375,37.69091796875
61.0,48.0,0.5983867490003831,59.8,1461.77734375,37.69091796875
61.0,49.0,0.47972613199999614,24.2,1461.77734375,37.69091796875
61.0,50.0,0.5142498750001323,4.9,1461.77734375,37.69091796875
61.0,51.0,0.4167309900003602,8.3,1461.77734375,37.69091796875
61.0,52.0,0.6119930869999735,4.1,1461.77734375,37.69091796875
61.0,53.0,1.0247734889999265,4.4,1461.77734375,37.69091796875
61.0,54.0,0.7807998419993964,3.9,1461.77734375,37.69091796875
61.0,55.0,0.49960669899974164,8.9,1461.77734375,37.69091796875
61.0,56.0,0.43738612799916154,9.1,1461.7890625,37.69091796875
61.0,57.0,0.5227915079995,5.7,1461.7890625,37.69091796875
61.0,58.0,0.5765782559992658,6.1,1461.7890625,37.69091796875
61.0,59.0,0.5595638510003482,5.4,1461.7890625,37.69091796875
61.0,60.0,1.2756258839999646,4.3,1461.7890625,37.69091796875
61.0,61.0,0.54872219400022,4.6,1461.7890625,37.69091796875
61.0,62.0,0.31657708500006265,54.0,1461.7890625,37.69091796875
61.0,63.0,0.7160615799994048,4.2,1461.7890625,37.69091796875
61.0,64.0,0.5229990870002439,7.6,1461.7890625,37.69091796875
61.0,65.0,0.5509290990003137,26.9,1461.7890625,37.69091796875
61.0,66.0,0.6193971390002844,62.7,1461.7890625,37.69091796875
61.0,67.0,0.5902281660000881,57.6,1461.796875,37.69091796875
61.0,68.0,0.6033961059993089,29.2,1461.796875,37.69091796875
61.0,69.0,0.6922838979999142,5.0,1461.796875,37.69091796875
61.0,70.0,0.585582992000127,3.4,1461.796875,37.69091796875
61.0,71.0,0.47307046400055697,9.3,1461.796875,37.69091796875
61.0,72.0,0.5483127610004885,3.7,1461.796875,37.69091796875
61.0,73.0,0.5682977610003945,7.9,1461.796875,37.69091796875
61.0,74.0,0.8425206559995786,4.2,1461.796875,37.69091796875
61.0,75.0,0.6083216830002129,4.9,1461.796875,37.69091796875
61.0,76.0,0.5082031080000888,6.0,1461.796875,37.69091796875
61.0,77.0,0.6709941300005084,4.4,1461.796875,37.69091796875
61.0,78.0,0.5338197179999042,7.5,1461.796875,37.69091796875
61.0,79.0,0.5386305259999062,3.8,1461.796875,37.69091796875
61.0,80.0,0.6804889690001801,7.3,1461.796875,37.69091796875
61.0,81.0,0.4148499160000938,9.6,1461.80078125,37.69091796875
61.0,82.0,0.5586435260001963,5.4,1461.80078125,37.69091796875
61.0,83.0,0.5246129919996747,8.5,1461.80078125,37.69091796875
61.0,84.0,0.33411381200039614,59.1,1461.80078125,37.69091796875
61.0,85.0,0.5709154090000084,9.7,1461.80078125,37.69091796875
61.0,86.0,0.5351562409996404,57.9,1461.80078125,37.69091796875
61.0,87.0,0.4686074709998138,58.1,1461.80078125,37.69091796875
61.0,88.0,0.6925290239996684,52.5,1461.80078125,37.69091796875
61.0,89.0,0.6246782340003847,6.4,1461.80078125,37.69091796875
61.0,90.0,0.5167408899997099,5.7,1461.80078125,37.69091796875
61.0,91.0,0.7149593789999926,7.0,1461.80078125,37.69091796875
61.0,92.0,0.5258739219998461,4.8,1461.80078125,37.69091796875
61.0,93.0,0.6282325279998986,6.3,1461.80078125,37.69091796875
61.0,94.0,0.607919667000715,5.0,1461.80078125,37.69091796875
61.0,95.0,0.486496358000295,5.2,1461.80078125,37.69091796875
61.0,96.0,0.5938904499998898,10.8,1461.80078125,37.69091796875
61.0,97.0,0.6784381490006126,3.7,1461.80078125,37.69091796875
61.0,98.0,0.4265608140003678,8.2,1461.80078125,37.69091796875
61.0,99.0,0.9783463269995991,4.1,1461.80078125,37.69091796875
61.0,100.0,0.5235579190002682,6.7,1461.80078125,37.69091796875
62.0,1.0,0.4455032559999381,7.9,1461.80078125,37.69091796875
62.0,2.0,0.46953744500024186,5.4,1461.80078125,37.69091796875
62.0,3.0,0.6446204989997568,6.2,1461.80078125,37.69091796875
62.0,4.0,0.5155421150002439,2.9,1461.80078125,37.69091796875
62.0,5.0,0.4718824539995694,8.4,1461.80078125,37.69091796875
62.0,6.0,0.5795314819997657,55.3,1461.80078125,37.69091796875
62.0,7.0,0.8323795219994281,57.5,1461.80078125,37.69091796875
62.0,8.0,0.6608957850003208,26.5,1461.80078125,37.69091796875
62.0,9.0,0.5576451460001408,4.5,1461.80078125,37.69091796875
62.0,10.0,0.43867206499999156,8.0,1461.80078125,37.69091796875
62.0,11.0,0.5431309219993636,3.7,1461.80078125,37.69091796875
62.0,12.0,0.6933400349998919,5.1,1461.80078125,37.69091796875
62.0,13.0,0.5129331239995736,7.8,1461.80078125,37.69091796875
62.0,14.0,0.4914526559996375,6.0,1461.80078125,37.69091796875
62.0,15.0,0.5708829149998564,7.0,1461.80078125,37.69091796875
62.0,16.0,0.6293079730003228,4.0,1461.80078125,37.69091796875
62.0,17.0,1.4130036679998739,3.5,1461.80078125,37.69091796875
62.0,18.0,1.227057748000334,3.3,1461.80078125,37.69091796875
62.0,19.0,0.5931261890000314,4.2,1461.80078125,37.69091796875
62.0,20.0,0.5100685679999515,7.0,1461.80078125,37.69091796875
62.0,21.0,0.7407799490001707,6.0,1461.80078125,37.69091796875
62.0,22.0,0.9799574589997064,24.4,1461.80078125,37.69091796875
62.0,23.0,0.7008346709999387,56.4,1461.80078125,37.69091796875
62.0,24.0,0.6366619880000144,55.6,1461.80078125,37.69091796875
62.0,25.0,0.553414631999658,5.5,1461.80078125,37.69091796875
62.0,26.0,0.48373117400024057,8.2,1461.80078125,37.69091796875
62.0,27.0,0.47572846799994295,4.3,1461.80078125,37.69091796875
62.0,28.0,0.5499784029998409,6.4,1461.80078125,37.69091796875
62.0,29.0,0.6490383750006004,4.7,1461.80078125,37.69091796875
62.0,30.0,0.5901423479999721,5.1,1461.80078125,37.69091796875
62.0,31.0,0.6277602449999904,6.3,1461.80078125,37.69091796875
62.0,32.0,0.5339476850003848,5.7,1461.80078125,37.69091796875
62.0,33.0,0.966543599999568,8.3,1461.80078125,37.69091796875
62.0,34.0,0.633442821999779,5.6,1461.80078125,37.69091796875
62.0,35.0,1.5036971500003347,2.7,1461.80078125,37.69091796875
62.0,36.0,0.7785983459998533,4.5,1461.82421875,37.69091796875
62.0,37.0,1.4562585449994003,3.1,1461.82421875,37.69091796875
62.0,38.0,0.5575173719998929,49.1,1461.82421875,37.69091796875
62.0,39.0,0.5178001880003649,57.7,1461.82421875,37.69091796875
62.0,40.0,0.6913288489995466,62.2,1461.82421875,37.69091796875
62.0,41.0,0.6874984050000421,7.1,1461.91796875,37.69091796875
62.0,42.0,0.6175125499994465,4.9,1461.91796875,37.69091796875
62.0,43.0,0.5403280059999815,7.3,1461.91796875,37.69091796875
62.0,44.0,0.5824681350004539,7.0,1461.91796875,37.69091796875
62.0,45.0,0.6158602089999476,4.9,1461.91796875,37.69091796875
62.0,46.0,0.570821012000124,14.0,1461.91796875,37.69091796875
62.0,47.0,0.5708940249996886,6.1,1461.91796875,37.69091796875
62.0,48.0,0.606348445000549,6.7,1461.91796875,37.69091796875
62.0,49.0,0.6262154679998275,4.8,1461.91796875,37.69091796875
62.0,50.0,0.4766665679999278,6.4,1461.91796875,37.69091796875
62.0,51.0,0.5299535499998456,5.7,1461.91796875,37.69091796875
62.0,52.0,0.7377926489998572,5.4,1461.91796875,37.69091796875
62.0,53.0,0.5720709360002729,7.0,1461.91796875,37.69091796875
62.0,54.0,0.47926184099924285,6.2,1461.91796875,37.69091796875
62.0,55.0,0.6088057870001649,6.6,1461.91796875,37.69091796875
62.0,56.0,0.5473894429997017,5.5,1461.91796875,37.69091796875
62.0,57.0,0.578176902999985,6.9,1461.91796875,37.69091796875
62.0,58.0,0.5482466670000576,56.5,1461.91796875,37.69091796875
62.0,59.0,0.4828494799994587,59.4,1461.91796875,37.69091796875
62.0,60.0,0.5962400620001063,61.3,1461.91796875,37.69091796875
62.0,61.0,0.5570860640000319,9.8,1461.91796875,37.69091796875
62.0,62.0,0.5147472700000435,5.9,1461.91796875,37.69091796875
62.0,63.0,0.6066789000005883,4.9,1462.29296875,37.69091796875
62.0,64.0,0.5043471879998833,6.9,1462.29296875,37.69091796875
62.0,65.0,0.4805724170000758,5.2,1462.29296875,37.69091796875
62.0,66.0,0.5288418310001362,5.8,1462.29296875,37.69091796875
62.0,67.0,0.5430741860000126,4.6,1462.29296875,37.69091796875
62.0,68.0,0.5686229780003487,6.2,1462.29296875,37.69091796875
62.0,69.0,0.6302220809993742,6.3,1462.29296875,37.69091796875
62.0,70.0,0.6138207920002969,6.5,1462.29296875,37.69091796875
62.0,71.0,1.2440115379995405,3.2,1462.29296875,37.69091796875
62.0,72.0,0.5406547379998301,6.5,1462.29296875,37.69091796875
62.0,73.0,0.5072956740004884,4.9,1462.29296875,37.69091796875
62.0,74.0,0.5051853730001312,7.9,1462.29296875,37.69091796875
62.0,75.0,0.5548215830003755,4.5,1462.29296875,37.69091796875
62.0,76.0,0.555280710000261,7.3,1462.29296875,37.69091796875
62.0,77.0,0.6818748570003663,16.8,1462.29296875,37.69091796875
62.0,78.0,0.4912241450001602,59.2,1462.29296875,37.69091796875
62.0,79.0,0.4972522089992708,59.2,1462.29296875,37.69091796875
62.0,80.0,0.5227687829992647,61.5,1462.30078125,37.69091796875
62.0,81.0,0.6083324410001296,8.3,1462.30078125,37.69091796875
62.0,82.0,2.9942688889996134,2.5,1462.30078125,37.69091796875
62.0,83.0,0.7398660930002734,5.4,1462.30078125,37.69091796875
62.0,84.0,0.5226068920001126,6.7,1462.30078125,37.69091796875
62.0,85.0,0.5539379190004183,4.5,1462.30078125,37.69091796875
62.0,86.0,0.5168104290005431,7.8,1462.76171875,37.69091796875
62.0,87.0,0.47613595799975883,5.2,1462.76171875,37.69091796875
62.0,88.0,0.5221585819999746,7.6,1462.76171875,37.69091796875
62.0,89.0,2.701021557999411,2.0,1462.76171875,37.69091796875
62.0,90.0,2.6908398280002075,33.1,1462.76171875,37.69091796875
62.0,91.0,0.46948464900015097,5.3,1462.76171875,37.69091796875
62.0,92.0,0.545131801000025,6.4,1462.76171875,37.69091796875
62.0,93.0,0.46546219599986216,5.4,1462.76171875,37.69091796875
62.0,94.0,0.5417989299994588,7.4,1462.76171875,37.69091796875
62.0,95.0,0.596837341000537,6.7,1462.76171875,37.69091796875
62.0,96.0,0.516199196999878,9.7,1462.765625,37.69091796875
62.0,97.0,2.738501446000555,2.6,1462.765625,37.69091796875
62.0,98.0,0.5567107910001141,3.6,1462.765625,37.69091796875
62.0,99.0,0.6826786950005044,5.8,1462.765625,37.69091796875
62.0,100.0,0.5167994720004572,4.9,1462.765625,37.69091796875
63.0,1.0,0.6990179479998915,7.2,1462.765625,37.69091796875
63.0,2.0,0.6095953719996032,6.6,1463.2265625,37.69091796875
63.0,3.0,0.5310556790000192,36.4,1463.2265625,37.69091796875
63.0,4.0,0.474135001999457,59.6,1463.2265625,37.69091796875
63.0,5.0,0.6480116499997166,58.1,1463.2265625,37.69091796875
63.0,6.0,0.5797278369991545,27.8,1463.2265625,37.69091796875
63.0,7.0,0.7496711260000666,6.7,1463.2265625,37.69091796875
63.0,8.0,0.5651895109995166,9.7,1463.2265625,37.69091796875
63.0,9.0,0.5072010309995676,6.9,1463.2265625,37.69091796875
63.0,10.0,0.48140974099987943,6.2,1463.2265625,37.69091796875
63.0,11.0,0.7859515230002216,3.8,1463.2265625,37.69091796875
63.0,12.0,0.5963885319997644,7.5,1463.2265625,37.69091796875
63.0,13.0,0.6767524349997984,5.9,1463.2265625,37.69091796875
63.0,14.0,0.6139316469998448,6.5,1463.2265625,37.69091796875
63.0,15.0,0.6506533060000947,3.8,1463.2265625,37.69091796875
63.0,16.0,0.622964506000244,11.3,1463.2265625,37.69091796875
63.0,17.0,1.0674748649998946,4.7,1463.2265625,37.69091796875
63.0,18.0,0.6152880659992661,6.5,1463.2265625,37.69091796875
63.0,19.0,0.5197675979998166,4.8,1463.2265625,37.69091796875
63.0,20.0,1.3917712610000308,13.4,1463.2265625,37.69091796875
63.0,21.0,0.8451912869995795,55.3,1463.2265625,37.69091796875
63.0,22.0,0.6153674329998466,57.5,1463.2265625,37.69091796875
63.0,23.0,0.7405944319998525,5.4,1463.2265625,37.69091796875
63.0,24.0,0.6846506510000836,4.3,1463.2265625,37.69091796875
63.0,25.0,0.5372325949992955,11.3,1463.2265625,37.69091796875
63.0,26.0,3.210085970000364,2.5,1463.2265625,37.69091796875
63.0,27.0,0.46377248099997814,8.6,1463.2265625,37.69091796875
63.0,28.0,0.5628520220006976,6.1,1463.2265625,37.69091796875
63.0,29.0,0.6429301650005073,4.7,1463.2265625,37.69091796875
63.0,30.0,0.5129125620005652,4.9,1463.2265625,37.69091796875
63.0,31.0,0.6446401000002879,6.2,1463.2265625,37.69091796875
63.0,32.0,0.48164364399963233,6.2,1463.2265625,37.69091796875
63.0,33.0,0.5595000940002137,7.1,1463.2265625,37.69091796875
63.0,34.0,0.6927535400000124,5.1,1463.2265625,37.69091796875
63.0,35.0,0.5455871960002696,39.4,1463.2265625,37.69091796875
63.0,36.0,0.5360103410002921,59.8,1463.2265625,37.69091796875
63.0,37.0,0.477117781000743,60.0,1463.2265625,37.69091796875
63.0,38.0,0.5593996420002441,38.7,1463.2265625,37.69091796875
63.0,39.0,0.5355173219995777,6.4,1463.2265625,37.69091796875
63.0,40.0,0.7014057989999856,5.7,1463.2265625,37.69091796875
63.0,41.0,0.5369945129996267,3.8,1463.2265625,37.69091796875
63.0,42.0,0.625647724999908,6.4,1463.2265625,37.69091796875
63.0,43.0,0.46377937699980976,5.4,1463.2265625,37.69091796875
63.0,44.0,0.762682993999988,5.9,1463.2265625,37.69091796875
63.0,45.0,0.4611852660000295,7.6,1463.2265625,37.69091796875
63.0,46.0,0.5771859149999727,9.6,1463.2265625,37.69091796875
63.0,47.0,0.5359846849996757,7.5,1463.2265625,37.69091796875
63.0,48.0,0.6123805580000408,7.3,1463.2265625,37.69091796875
63.0,49.0,0.5163628179998341,6.8,1463.2265625,37.69091796875
63.0,50.0,0.5190639350003039,3.9,1463.2265625,37.69091796875
63.0,51.0,0.44560040900069,11.1,1463.2265625,37.69091796875
63.0,52.0,0.5369406969994088,7.5,1463.2265625,37.69091796875
63.0,53.0,0.5464710980004384,6.4,1463.2265625,37.69091796875
63.0,54.0,0.7452819589998398,10.0,1463.2265625,37.69091796875
63.0,55.0,1.0078320559996428,26.5,1463.2265625,37.69091796875
63.0,56.0,0.7613941649997287,58.6,1463.2265625,37.69091796875
63.0,57.0,0.483050636000371,64.2,1463.2265625,37.69091796875
63.0,58.0,0.7233359490001021,4.1,1463.26171875,37.69091796875
63.0,59.0,0.5150266030004786,7.8,1463.26171875,37.69091796875
63.0,60.0,0.525735934000295,4.7,1463.26171875,37.69091796875
63.0,61.0,0.9469654800004719,17.5,1463.26171875,37.69091796875
63.0,62.0,0.45411298499948316,22.2,1463.26171875,37.69091796875
63.0,63.0,0.490983765999772,5.1,1463.26171875,37.69091796875
63.0,64.0,0.6820230720004474,5.8,1463.26171875,37.69091796875
63.0,65.0,0.4441276019997531,4.5,1463.26171875,37.69091796875
63.0,66.0,0.5251274069996725,7.5,1463.26171875,37.69091796875
63.0,67.0,0.5985267340001883,6.7,1463.26171875,37.69091796875
63.0,68.0,1.110531237000032,9.9,1463.26171875,37.69091796875
63.0,69.0,0.8424454260002676,3.0,1463.26171875,37.69091796875
63.0,70.0,0.5041244079993703,8.9,1463.26171875,37.69091796875
63.0,71.0,0.6091211149996525,10.7,1463.26171875,37.69091796875
63.0,72.0,0.6159094699996785,3.3,1463.26171875,37.69091796875
63.0,73.0,0.5758142479999151,34.5,1463.26171875,37.69091796875
63.0,74.0,0.5303751290002765,56.2,1463.26171875,37.69091796875
63.0,75.0,0.6529727919996731,69.5,1463.26171875,37.69091796875
63.0,76.0,0.6624951199992211,32.1,1463.26171875,37.69091796875
63.0,77.0,0.4572992729999896,7.6,1463.26171875,37.69091796875
63.0,78.0,0.9354431100000511,4.3,1463.26171875,37.69091796875
63.0,79.0,0.42255693599963706,4.8,1463.26171875,37.69091796875
63.0,80.0,0.953848530999494,3.2,1463.26171875,37.69091796875
63.0,81.0,0.4330607780002538,9.2,1463.26171875,37.69091796875
63.0,82.0,0.5998712840000735,3.4,1463.26171875,37.69091796875
63.0,83.0,0.5848712340002749,10.1,1463.26171875,37.69091796875
63.0,84.0,0.6227348470001743,4.8,1463.28515625,37.69091796875
63.0,85.0,0.4666544880001311,7.4,1463.28515625,37.69091796875
63.0,86.0,0.5517817549998654,4.5,1463.75,37.69091796875
63.0,87.0,0.410961923999821,8.6,1463.75,37.69091796875
63.0,88.0,0.5447219399993628,5.5,1463.75,37.69091796875
63.0,89.0,1.051398395000433,3.8,1463.75,37.69091796875
63.0,90.0,0.5088419289995727,7.9,1463.75,37.69091796875
63.0,91.0,0.697333635999712,5.0,1463.75,37.69091796875
63.0,92.0,0.555979679000302,25.0,1463.75,37.69091796875
63.0,93.0,0.6302761040005862,57.1,1463.75,37.69091796875
63.0,94.0,0.46179625900003884,58.7,1463.75,37.69091796875
63.0,95.0,0.7600274060005177,31.1,1463.75,37.69091796875
63.0,96.0,0.512050454999553,5.8,1463.75,37.69091796875
63.0,97.0,1.5832710880004015,3.2,1463.75,37.69091796875
63.0,98.0,0.722800155999721,5.5,1463.75,37.69091796875
63.0,99.0,0.7534116309998353,4.0,1463.75,37.69091796875
63.0,100.0,0.5660375509996811,6.2,1463.75,37.69091796875
64.0,1.0,0.6924165310001626,6.5,1463.75,37.69091796875
64.0,2.0,0.7261336540004777,4.1,1463.75,37.69091796875
64.0,3.0,0.5235018459998173,6.7,1463.75,37.69091796875
64.0,4.0,0.5036027129999638,5.0,1463.75,37.69091796875
64.0,5.0,0.5174538270002813,8.7,1463.75,37.69091796875
64.0,6.0,0.5535487689994625,4.5,1463.75,37.69091796875
64.0,7.0,0.465737003999493,6.5,1463.75,37.69091796875
64.0,8.0,0.45680122600060713,6.5,1463.75,37.69091796875
64.0,9.0,0.5063096009998844,6.9,1463.75,37.69091796875
64.0,10.0,0.500506604000293,9.9,1463.75,37.69091796875
64.0,11.0,0.4866045500002656,60.8,1463.75,37.69091796875
64.0,12.0,0.5124858680001125,56.4,1463.75,37.69091796875
64.0,13.0,0.5478977729999315,64.2,1463.75,37.69091796875
64.0,14.0,0.5436569679995955,16.5,1463.75,37.69091796875
64.0,15.0,1.0539349799992124,3.8,1463.75,37.69091796875
64.0,16.0,0.5169475820002845,6.8,1463.75,37.69091796875
64.0,17.0,0.5035523590004232,5.0,1463.75,37.69091796875
64.0,18.0,0.5826220899998589,6.9,1463.75,37.69091796875
64.0,19.0,0.6450652050007193,8.5,1463.75,37.69091796875
64.0,20.0,0.46354861700001493,5.4,1463.75,37.69091796875
64.0,21.0,2.2522204669994608,2.5,1463.75,37.69091796875
64.0,22.0,0.8151803710006789,4.9,1463.76953125,37.69091796875
64.0,23.0,0.5453529689993957,8.3,1463.76953125,37.69091796875
64.0,24.0,0.4391986539994832,5.7,1463.76953125,37.69091796875
64.0,25.0,0.7282846400003109,6.2,1463.76953125,37.69091796875
64.0,26.0,0.3316348589996778,50.7,1463.76953125,37.69091796875
64.0,27.0,0.5525278689992774,8.0,1463.76953125,37.69091796875
64.0,28.0,0.5885563680003543,49.1,1463.76953125,37.69091796875
64.0,29.0,0.4797193269996569,59.4,1463.76953125,37.69091796875
64.0,30.0,1.6705762369992954,30.4,1463.76953125,37.69091796875
64.0,31.0,0.5568934729999455,7.1,1463.76953125,37.69091796875
64.0,32.0,0.4650326769997264,5.4,1463.76953125,37.69091796875
64.0,33.0,0.5127777210000204,6.9,1463.76953125,37.69091796875
64.0,34.0,0.8768275129996255,5.1,1463.76953125,37.69091796875
64.0,35.0,1.0654301980002856,8.9,1463.76953125,37.69091796875
64.0,36.0,0.484964059000049,4.2,1463.76953125,37.69091796875
64.0,37.0,0.7209808320003503,19.4,1463.76953125,37.69091796875
64.0,38.0,0.5539209110002048,4.5,1463.76953125,37.69091796875
64.0,39.0,0.687314122999851,6.6,1463.76953125,37.69091796875
64.0,40.0,0.49960880300022836,6.1,1463.76953125,37.69091796875
64.0,41.0,0.5654724280002483,5.3,1463.76953125,37.69091796875
64.0,42.0,0.8752858299994841,5.1,1463.76953125,37.69091796875
64.0,43.0,0.6057247179996921,5.8,1464.26171875,37.69091796875
64.0,44.0,0.6386652419996608,14.1,1464.26171875,37.69091796875
64.0,45.0,0.645630524999433,57.4,1464.26171875,37.69091796875
64.0,46.0,0.508429905000412,59.4,1464.26171875,37.69091796875
64.0,47.0,0.45493916400027956,55.6,1464.26171875,37.69091796875
64.0,48.0,0.5559195590003583,6.2,1464.26171875,37.69091796875
64.0,49.0,1.1406978790000721,3.5,1464.26171875,37.69091796875
64.0,50.0,0.5862280639994424,8.5,1464.26171875,37.69091796875
64.0,51.0,0.6427045350001208,5.5,1464.26171875,37.69091796875
64.0,52.0,0.7763099510002576,5.2,1464.26171875,37.69091796875
64.0,53.0,0.46889317800014396,7.5,1464.26171875,37.69091796875
64.0,54.0,0.6611335380002856,6.0,1464.26171875,37.69091796875
64.0,55.0,0.7954957980000472,3.2,1464.26171875,37.69091796875
64.0,56.0,0.5583905459998277,7.1,1464.26171875,37.69091796875
64.0,57.0,0.5299558390006496,4.7,1464.26171875,37.69091796875
64.0,58.0,0.571180472999913,10.5,1464.26171875,37.69091796875
64.0,59.0,0.7261864109996168,4.9,1464.26171875,37.69091796875
64.0,60.0,0.563223447999917,4.5,1464.26171875,37.69091796875
64.0,61.0,0.9417786969997906,4.2,1464.26171875,37.69091796875
64.0,62.0,0.5768507749999117,25.4,1464.26171875,37.69091796875
64.0,63.0,0.5518803899994964,56.2,1464.26171875,37.69091796875
64.0,64.0,0.4637220120002894,65.6,1464.26171875,37.69091796875
64.0,65.0,0.5831726209999033,48.7,1464.26171875,37.69091796875
64.0,66.0,0.4795303410000997,8.3,1464.26171875,37.69091796875
64.0,67.0,0.6835324409994428,2.9,1464.26171875,37.69091796875
64.0,68.0,2.509671656000137,4.8,1464.26171875,37.69091796875
64.0,69.0,0.4771241420003207,9.4,1464.26171875,37.69091796875
64.0,70.0,0.5181136100000003,7.8,1464.8125,37.69091796875
64.0,71.0,0.6464513799992346,3.9,1464.8125,37.69091796875
64.0,72.0,0.49025099300069996,9.2,1464.8125,37.69091796875
64.0,73.0,1.9360132000001613,3.6,1464.8125,37.69091796875
64.0,74.0,0.9510489510003026,4.2,1464.8125,37.69091796875
64.0,75.0,0.5550159520007583,9.1,1464.8125,37.69091796875
64.0,76.0,0.6436273859999346,8.5,1464.8125,37.69091796875
64.0,77.0,0.6348569960000532,59.5,1464.8125,37.69091796875
64.0,78.0,0.6822404529993946,56.6,1464.8125,37.69091796875
64.0,79.0,0.819755038999574,25.8,1464.8125,37.69091796875
64.0,80.0,0.6522259280000071,9.2,1464.8125,37.69091796875
64.0,81.0,0.5855409020005027,5.1,1464.8125,37.69091796875
64.0,82.0,0.5593801790000725,7.1,1464.8125,37.69091796875
64.0,83.0,0.5083088749997842,8.1,1464.8125,37.69091796875
64.0,84.0,0.7669327610001346,6.5,1464.8125,37.69091796875
64.0,85.0,0.5863039930000014,9.3,1464.8125,37.69091796875
64.0,86.0,0.7286043809999683,3.5,1464.8125,37.69091796875
64.0,87.0,1.1824380449997989,5.0,1464.8125,37.69091796875
64.0,88.0,0.6498430319998079,9.2,1464.8125,37.69091796875
64.0,89.0,0.41602304499974707,7.2,1464.8125,37.69091796875
64.0,90.0,0.6373122790000707,7.1,1464.8125,37.69091796875
64.0,91.0,0.7374311889998353,8.1,1464.8125,37.69091796875
64.0,92.0,0.6935228470001675,5.8,1464.8125,37.69091796875
64.0,93.0,0.6424495419996674,4.7,1464.8125,37.69091796875
64.0,94.0,0.6070539930005907,52.1,1464.8125,37.69091796875
64.0,95.0,0.5400549469995894,59.3,1464.8125,37.69091796875
64.0,96.0,0.7049358539998138,53.9,1464.8125,37.69091796875
64.0,97.0,0.7787485549997655,5.2,1464.8125,37.69091796875
64.0,98.0,0.5639762460004931,6.3,1464.8125,37.69091796875
64.0,99.0,0.49429365400010283,8.1,1464.8125,37.69091796875
64.0,100.0,0.5626162029993793,15.9,1464.8125,37.69091796875
65.0,1.0,0.9875064070001827,5.1,1464.8125,37.69091796875
65.0,2.0,0.5088740929995765,9.7,1464.8125,37.69091796875
65.0,3.0,1.8957610749994274,2.9,1464.8125,37.69091796875
65.0,4.0,0.6640927460002786,5.3,1464.8125,37.69091796875
65.0,5.0,0.6193612649994975,7.3,1464.8125,37.69091796875
65.0,6.0,0.5760400299996036,7.9,1464.8125,37.69091796875
65.0,7.0,2.766153816000042,12.1,1464.8125,37.69091796875
65.0,8.0,0.7907055380001111,58.0,1464.8125,37.69091796875
65.0,9.0,0.706724519999625,42.1,1464.8125,37.69091796875
65.0,10.0,0.5763064740003756,5.2,1464.8125,37.69091796875
65.0,11.0,0.6853053780005212,6.6,1464.8125,37.69091796875
65.0,12.0,0.575163165000049,7.0,1464.8125,37.69091796875
65.0,13.0,0.5675895659996968,5.2,1464.8125,37.69091796875
65.0,14.0,0.5286858879999272,6.7,1464.8125,37.69091796875
65.0,15.0,0.5773035009997329,4.3,1464.8125,37.69091796875
65.0,16.0,0.555205745999956,6.4,1464.8125,37.69091796875
65.0,17.0,1.4588345340007436,3.7,1464.8125,37.69091796875
65.0,18.0,0.5460430310004085,6.5,1464.8125,37.69091796875
65.0,19.0,0.4377891800004363,5.7,1464.8125,37.69091796875
65.0,20.0,0.5287392280006316,7.5,1464.8125,37.69091796875
65.0,21.0,0.5782572070002061,7.8,1464.8125,37.69091796875
65.0,22.0,0.8639969070000006,5.8,1464.8125,37.69091796875
65.0,23.0,0.6279032960001132,6.3,1464.8125,37.69091796875
65.0,24.0,0.6950850290004382,18.2,1464.8125,37.69091796875
65.0,25.0,0.6122944629996709,57.7,1464.8125,37.69091796875
65.0,26.0,0.6571670170005746,60.0,1464.8125,37.69091796875
65.0,27.0,0.5887707020001471,23.9,1464.8125,37.69091796875
65.0,28.0,1.8284584530001666,2.5,1464.8125,37.69091796875
65.0,29.0,0.5939379399997051,7.5,1464.8125,37.69091796875
65.0,30.0,0.8971082420002858,6.1,1464.8125,37.69091796875
65.0,31.0,0.5814348589992733,7.0,1464.8125,37.69091796875
65.0,32.0,0.4698507270004484,6.4,1464.8125,37.69091796875
65.0,33.0,0.5047745070005476,5.9,1464.8125,37.69091796875
65.0,34.0,0.9515610680000464,13.7,1464.8125,37.69091796875
65.0,35.0,0.5404759190005279,4.7,1464.8125,37.69091796875
65.0,36.0,0.48542088599970157,7.3,1464.8125,37.69091796875
65.0,37.0,0.5039279230004468,5.9,1464.8125,37.69091796875
65.0,38.0,0.7160029189999477,5.6,1464.8125,37.69091796875
65.0,39.0,0.9289498259995526,4.3,1464.8125,37.69091796875
65.0,40.0,1.1625716230000762,31.0,1464.8125,37.69091796875
65.0,41.0,0.5641031579998526,60.5,1464.8125,37.69091796875
65.0,42.0,0.8830481150007472,34.5,1464.8125,37.69091796875
65.0,43.0,0.6196137530005217,5.6,1464.8125,37.69091796875
65.0,44.0,0.525379406999491,7.7,1464.8125,37.69091796875
65.0,45.0,1.1681055789995298,3.8,1464.8125,37.69091796875
65.0,46.0,0.6875854230002005,5.8,1464.8125,37.69091796875
65.0,47.0,0.7433534890005831,6.7,1464.8125,37.69091796875
65.0,48.0,0.5642082770000343,12.4,1464.8125,37.69091796875
65.0,49.0,0.5434893669998928,4.6,1464.8125,37.69091796875
65.0,50.0,0.5599349880003501,7.1,1464.8125,37.69091796875
65.0,51.0,0.5841446099993846,5.1,1464.8125,37.69091796875
65.0,52.0,0.5014174379994074,7.0,1464.8125,37.69091796875
65.0,53.0,0.5174510420001752,5.8,1464.8125,37.69091796875
65.0,54.0,0.7610515360001955,4.6,1464.8125,37.69091796875
65.0,55.0,0.623276487000112,5.6,1464.8125,37.69091796875
65.0,56.0,0.48105082400070387,6.2,1464.8125,37.69091796875
65.0,57.0,0.5053505930000028,7.0,1464.8125,37.69091796875
65.0,58.0,0.5919734029994288,39.3,1464.8125,37.69091796875
65.0,59.0,0.9214845449996574,56.5,1464.8125,37.69091796875
65.0,60.0,1.2440921549996347,19.8,1464.8125,37.69091796875
65.0,61.0,2.7594592630002808,2.9,1464.8125,37.69091796875
65.0,62.0,0.5940910059998714,6.8,1464.8125,37.69091796875
65.0,63.0,0.5104443939999328,4.9,1464.8125,37.69091796875
65.0,64.0,0.6006308579999313,6.7,1464.828125,37.69091796875
65.0,65.0,0.6568403999999646,6.1,1464.828125,37.69091796875
65.0,66.0,1.3242194610002116,3.8,1464.828125,37.69091796875
65.0,67.0,0.48091734100034955,6.3,1464.828125,37.69091796875
65.0,68.0,0.7045543220001491,5.0,1464.828125,37.69091796875
65.0,69.0,0.8753982950001955,4.0,1464.828125,37.69091796875
65.0,70.0,0.4151953130003676,8.3,1464.828125,37.69091796875
65.0,71.0,0.5658422659998905,45.5,1464.828125,37.69091796875
65.0,72.0,0.5634616409997761,55.9,1464.828125,37.69091796875
65.0,73.0,0.5932273349999377,63.9,1464.828125,37.69091796875
65.0,74.0,0.6803389289998449,13.0,1464.828125,37.69091796875
65.0,75.0,0.43146216999957687,5.8,1464.828125,37.69091796875
65.0,76.0,0.7753783190000831,5.2,1464.828125,37.69091796875
65.0,77.0,0.5776895320004769,3.5,1464.828125,37.69091796875
65.0,78.0,0.606708762999915,7.3,1464.828125,37.69091796875
65.0,79.0,0.5443635950005046,6.5,1464.828125,37.69091796875
65.0,80.0,0.48054063800009317,9.4,1464.828125,37.69091796875
65.0,81.0,0.6482659080002122,13.8,1464.828125,37.69091796875
65.0,82.0,0.5112993399998231,4.9,1464.828125,37.69091796875
65.0,83.0,0.5730132460003006,10.6,1464.828125,37.69091796875
65.0,84.0,0.6297708839992993,4.7,1464.828125,37.69091796875
65.0,85.0,0.5767912000001161,5.3,1464.828125,37.69091796875
65.0,86.0,0.4172009110006911,7.1,1464.828125,37.69091796875
65.0,87.0,0.4755946209998001,6.5,1464.828125,37.69091796875
65.0,88.0,0.7497591410001405,4.0,1464.828125,37.69091796875
65.0,89.0,0.5203465319991665,7.7,1464.828125,37.69091796875
65.0,90.0,0.5278409699994882,9.6,1464.828125,37.69091796875
65.0,91.0,0.5390816720000657,29.0,1464.828125,37.69091796875
65.0,92.0,0.596763254000507,56.7,1464.828125,37.69091796875
65.0,93.0,0.6426627600003485,60.3,1464.828125,37.69091796875
65.0,94.0,0.5532595790000414,25.5,1464.828125,37.69091796875
65.0,95.0,0.4463163999998869,6.7,1464.828125,37.69091796875
65.0,96.0,0.3221976900003938,50.0,1464.828125,37.69091796875
65.0,97.0,0.5807463360006295,10.3,1464.828125,37.69091796875
65.0,98.0,0.6320243069994831,5.6,1464.828125,37.69091796875
65.0,99.0,0.4797659600008046,4.2,1464.828125,37.69091796875
65.0,100.0,0.6693780630002948,6.7,1464.828125,37.69091796875
66.0,1.0,0.7489050340000176,3.4,1464.828125,37.69091796875
66.0,2.0,0.6695380680002927,11.1,1464.828125,37.69091796875
66.0,3.0,0.42663963499944657,4.7,1464.828125,37.69091796875
66.0,4.0,0.4177580649993615,6.0,1464.828125,37.69091796875
66.0,5.0,0.39423036400057754,6.3,1464.828125,37.69091796875
66.0,6.0,0.6306447629995091,6.4,1464.828125,37.69091796875
66.0,7.0,0.4035366059997614,5.0,1464.828125,37.69091796875
66.0,8.0,0.5844117599999663,6.8,1464.828125,37.69091796875
66.0,9.0,0.6737860889998046,4.5,1464.828125,37.69091796875
66.0,10.0,0.38746697299939115,6.4,1464.828125,37.69091796875
66.0,11.0,0.5183848799997577,4.9,1464.828125,37.69091796875
66.0,12.0,0.6701288960002785,11.1,1464.828125,37.69091796875
66.0,13.0,0.5392856630005554,60.6,1464.828125,37.69091796875
66.0,14.0,0.5075254180001139,58.0,1464.828125,37.69091796875
66.0,15.0,0.5268528189999415,63.8,1464.828125,37.69091796875
66.0,16.0,0.5883996570000818,10.2,1464.828125,37.69091796875
66.0,17.0,0.516571887000282,6.8,1464.828125,37.69091796875
66.0,18.0,0.4914331339996352,5.1,1464.828125,37.69091796875
66.0,19.0,0.5513217370007624,6.4,1464.828125,37.69091796875
66.0,20.0,0.663839748999635,5.3,1464.828125,37.69091796875
66.0,21.0,0.5249069840001539,6.8,1464.96484375,37.69091796875
66.0,22.0,0.7854019370006426,5.1,1465.3984375,37.69091796875
66.0,23.0,0.48913161600012245,6.1,1465.3984375,37.69091796875
66.0,24.0,0.6228711300000214,8.1,1465.3984375,37.69091796875
66.0,25.0,0.47243493199948716,3.2,1465.3984375,37.69091796875
66.0,26.0,0.6498263559997213,9.2,1465.3984375,37.69091796875
66.0,27.0,0.4684737289999248,6.4,1465.3984375,37.69091796875
66.0,28.0,0.5060826779999843,8.0,1465.3984375,37.69091796875
66.0,29.0,0.5328916660000687,4.7,1465.3984375,37.69091796875
66.0,30.0,0.5483911390001595,7.3,1465.3984375,37.69091796875
66.0,31.0,0.9502337300000363,4.7,1465.3984375,37.69091796875
66.0,32.0,1.140950822999912,26.0,1465.3984375,37.69091796875
66.0,33.0,0.9007288559996596,57.5,1465.3984375,37.69091796875
66.0,34.0,0.5369678139995813,37.4,1465.3984375,37.69091796875
66.0,35.0,0.4332628490001298,9.2,1465.3984375,37.69091796875
66.0,36.0,0.4485716049994153,12.4,1465.3984375,37.69091796875
66.0,37.0,0.5254283710000891,7.6,1465.3984375,37.69091796875
66.0,38.0,0.6316134859998783,4.0,1465.3984375,37.69091796875
66.0,39.0,0.5364395770002375,8.3,1465.3984375,37.69091796875
66.0,40.0,0.6534730450002826,5.4,1465.3984375,37.69091796875
66.0,41.0,0.5168450490000396,6.8,1465.3984375,37.69091796875
66.0,42.0,0.5591656670003431,7.2,1465.3984375,37.69091796875
66.0,43.0,0.5050983909995921,5.9,1465.3984375,37.69091796875
66.0,44.0,0.4118296659999032,7.3,1465.3984375,37.69091796875
66.0,45.0,0.6270464609997362,7.1,1465.3984375,37.69091796875
66.0,46.0,0.5975347839994356,5.9,1465.3984375,37.69091796875
66.0,47.0,0.5615039449994583,4.5,1465.3984375,37.69091796875
66.0,48.0,0.8617595319992688,6.3,1465.3984375,37.69091796875
66.0,49.0,0.5226692950000142,6.7,1465.3984375,37.69091796875
66.0,50.0,1.0995745730006092,4.5,1465.3984375,37.69091796875
66.0,51.0,0.5648631340000065,37.8,1465.3984375,37.69091796875
66.0,52.0,0.5786978660007662,58.6,1465.3984375,37.69091796875
66.0,53.0,0.4692683310004213,55.3,1465.3984375,37.69091796875
66.0,54.0,0.47160750800048845,43.0,1465.3984375,37.69091796875
66.0,55.0,0.42639157800022076,7.1,1465.3984375,37.69091796875
66.0,56.0,0.4947370829995634,6.2,1465.3984375,37.69091796875
66.0,57.0,0.7222036550001576,4.1,1465.3984375,37.69091796875
66.0,58.0,0.44821210600002814,6.6,1465.3984375,37.69091796875
66.0,59.0,0.5676504759994714,5.3,1465.3984375,37.69091796875
66.0,60.0,0.5712023699998099,6.1,1465.3984375,37.69091796875
66.0,61.0,1.0518477030000213,3.8,1465.3984375,37.69091796875
66.0,62.0,1.0676794860000882,3.8,1465.3984375,37.69091796875
66.0,63.0,1.2048930740002106,3.3,1465.3984375,37.69091796875
66.0,64.0,0.482383041000503,7.4,1465.3984375,37.69091796875
66.0,65.0,0.39750754199940275,7.5,1465.3984375,37.69091796875
66.0,66.0,0.4023837619997721,7.4,1465.3984375,37.69091796875
66.0,67.0,0.4497094959997412,10.0,1465.3984375,37.69091796875
66.0,68.0,1.3487832489990979,3.0,1465.3984375,37.69091796875
66.0,69.0,0.6623209600002156,46.6,1465.3984375,37.69091796875
66.0,70.0,0.6829698740002641,58.3,1465.3984375,37.69091796875
66.0,71.0,0.4687612950001494,68.5,1465.3984375,37.69091796875
66.0,72.0,0.47482500600017374,7.4,1465.3984375,37.69091796875
66.0,73.0,0.6150568189996193,3.3,1465.3984375,37.69091796875
66.0,74.0,0.4592932759996984,7.5,1465.3984375,37.69091796875
66.0,75.0,0.8035895780003557,18.2,1465.3984375,37.69091796875
66.0,76.0,0.5027103059992442,7.0,1465.3984375,37.69091796875
66.0,77.0,1.0881762030003301,5.0,1465.3984375,37.69091796875
66.0,78.0,0.6069226939998771,2.5,1465.3984375,37.69091796875
66.0,79.0,0.7014776699998038,12.9,1465.3984375,37.69091796875
66.0,80.0,0.8897527569997692,5.6,1465.3984375,37.69091796875
66.0,81.0,0.5006430270004785,5.0,1465.3984375,37.69091796875
66.0,82.0,0.5287428000001455,7.6,1465.3984375,37.69091796875
66.0,83.0,0.4017580079998879,6.3,1465.3984375,37.69091796875
66.0,84.0,0.8929550620005102,14.6,1465.3984375,37.69091796875
66.0,85.0,0.5834606190001068,6.8,1465.3984375,37.69091796875
66.0,86.0,0.41061570000056236,7.3,1465.3984375,37.69091796875
66.0,87.0,0.7562960590003058,23.8,1465.3984375,37.69091796875
66.0,88.0,0.5384112490000916,55.1,1465.3984375,37.69091796875
66.0,89.0,0.430223493000085,65.5,1465.3984375,37.69091796875
66.0,90.0,1.2227266770005372,24.2,1465.3984375,37.69091796875
66.0,91.0,0.4885167860002184,7.2,1465.3984375,37.69091796875
66.0,92.0,0.49658271799944487,6.1,1465.3984375,37.69091796875
66.0,93.0,0.5033607610002946,6.9,1465.3984375,37.69091796875
66.0,94.0,0.6295853450001232,6.3,1465.3984375,37.69091796875
66.0,95.0,0.5511549980001291,9.0,1465.3984375,37.69091796875
66.0,96.0,0.48312406500008365,7.3,1465.3984375,37.69091796875
66.0,97.0,0.563075764000132,7.1,1465.3984375,37.69091796875
66.0,98.0,0.4046926219998568,6.2,1465.3984375,37.69091796875
66.0,99.0,0.6391024040003686,6.2,1465.3984375,37.69091796875
66.0,100.0,0.5177794619994529,5.9,1465.3984375,37.69091796875
67.0,1.0,0.6934464740006661,5.8,1465.3984375,37.69091796875
67.0,2.0,0.5547139259997493,4.5,1465.3984375,37.69091796875
67.0,3.0,0.4475598990002254,10.0,1465.3984375,37.69091796875
67.0,4.0,0.4796016990003409,5.2,1465.3984375,37.69091796875
67.0,5.0,0.7610762809999869,5.3,1465.3984375,37.69091796875
67.0,6.0,0.4394044059999942,8.0,1465.3984375,37.69091796875
67.0,7.0,0.7112388069999724,20.7,1465.3984375,37.69091796875
67.0,8.0,0.42842702100006136,62.1,1465.3984375,37.69091796875
67.0,9.0,0.49179538499993214,56.1,1465.3984375,37.69091796875
67.0,10.0,0.5004836059997615,65.0,1465.3984375,37.69091796875
67.0,11.0,0.4823688549995495,26.3,1465.3984375,37.69091796875
67.0,12.0,0.3852154169999267,6.3,1465.3984375,37.69091796875
67.0,13.0,1.5871524650001447,4.1,1465.3984375,37.69091796875
67.0,14.0,0.41879580299973895,6.0,1465.3984375,37.69091796875
67.0,15.0,0.6861214850005126,6.5,1465.3984375,37.69091796875
67.0,16.0,0.41698583099969255,7.3,1465.3984375,37.69091796875
67.0,17.0,1.5495756689997506,3.9,1465.3984375,37.69091796875
67.0,18.0,0.5411282260001826,7.4,1465.3984375,37.69091796875
67.0,19.0,0.8282160910002858,3.6,1465.3984375,37.69091796875
67.0,20.0,0.5185485450001579,9.5,1465.3984375,37.69091796875
67.0,21.0,0.5840975869996328,5.2,1465.3984375,37.69091796875
67.0,22.0,0.5891706530001102,6.0,1465.3984375,37.69091796875
67.0,23.0,0.4009456530002353,7.4,1465.3984375,37.69091796875
67.0,24.0,0.592283764000058,5.9,1465.3984375,37.69091796875
67.0,25.0,0.47702610200030904,6.3,1465.3984375,37.69091796875
67.0,26.0,0.45102073999987624,50.0,1465.3984375,37.69091796875
67.0,27.0,0.573890599999686,57.0,1465.3984375,37.69091796875
67.0,28.0,0.40705728200009617,63.0,1465.3984375,37.69091796875
67.0,29.0,0.6056187370004409,35.2,1465.3984375,37.69091796875
67.0,30.0,0.6612943630007067,11.5,1465.3984375,37.69091796875
67.0,31.0,0.5179926159999013,7.8,1465.3984375,37.69091796875
67.0,32.0,0.6304706269993403,4.7,1465.3984375,37.69091796875
67.0,33.0,0.4860186830001112,4.2,1465.3984375,37.69091796875
67.0,34.0,0.5748674139995273,6.0,1465.3984375,37.69091796875
67.0,35.0,0.5617284259997177,7.1,1465.3984375,37.69091796875
67.0,36.0,0.5456555910004681,11.1,1465.3984375,37.69091796875
67.0,37.0,0.42069845000060013,8.2,1465.3984375,37.69091796875
67.0,38.0,0.47916782799984503,6.2,1465.3984375,37.69091796875
67.0,39.0,0.4033516680001412,8.6,1465.3984375,37.69091796875
67.0,40.0,0.5560373939997589,3.7,1465.3984375,37.69091796875
67.0,41.0,0.48908375300015905,8.2,1465.3984375,37.69091796875
67.0,42.0,0.6060196030002771,4.1,1465.3984375,37.69091796875
67.0,43.0,0.6593569919996298,5.3,1465.3984375,37.69091796875
67.0,44.0,0.5738344549999965,6.1,1465.3984375,37.69091796875
67.0,45.0,0.469034102000478,11.7,1465.3984375,37.69091796875
67.0,46.0,0.7316517689996545,4.8,1465.3984375,37.69091796875
67.0,47.0,0.5028436660004445,25.3,1465.3984375,37.69091796875
67.0,48.0,0.43641485500029376,61.4,1465.3984375,37.69091796875
67.0,49.0,0.504669494999689,59.8,1465.3984375,37.69091796875
67.0,50.0,0.5134842699999353,62.4,1465.3984375,37.69091796875
67.0,51.0,0.6880553909995797,9.4,1465.3984375,37.69091796875
67.0,52.0,1.3818853800003126,4.0,1465.3984375,37.69091796875
67.0,53.0,0.7221783940003661,17.9,1465.3984375,37.69091796875
67.0,54.0,0.5205181679993984,8.6,1465.3984375,37.69091796875
67.0,55.0,0.4289512430004834,4.8,1465.3984375,37.69091796875
67.0,56.0,0.48890551299973595,7.1,1465.3984375,37.69091796875
67.0,57.0,0.553871615999924,2.7,1465.3984375,37.69091796875
67.0,58.0,0.4434725900000558,7.9,1465.3984375,37.69091796875
67.0,59.0,0.5016258370005744,6.0,1465.3984375,37.69091796875
67.0,60.0,0.4931126920000679,7.1,1465.3984375,37.69091796875
67.0,61.0,0.4955346710003141,5.1,1465.3984375,37.69091796875
67.0,62.0,0.7336009390000982,8.2,1465.3984375,37.69091796875
67.0,63.0,0.45747555199977796,4.4,1465.3984375,37.69091796875
67.0,64.0,0.44274509600018064,9.0,1465.3984375,37.69091796875
67.0,65.0,0.5110368030000245,5.8,1465.3984375,37.69091796875
67.0,66.0,0.6042619109994121,5.8,1465.3984375,37.69091796875
67.0,67.0,1.1741338809997615,32.1,1465.3984375,37.69091796875
67.0,68.0,0.4670216849999633,57.4,1465.3984375,37.69091796875
67.0,69.0,0.527593944999353,64.8,1465.3984375,37.69091796875
67.0,70.0,0.4785844169991833,12.6,1465.3984375,37.69091796875
67.0,71.0,0.4416787629997998,9.1,1465.3984375,37.69091796875
67.0,72.0,0.5275875380002617,4.7,1465.3984375,37.69091796875
67.0,73.0,0.4914569990005475,13.3,1465.3984375,37.69091796875
67.0,74.0,0.5340414120000787,4.7,1465.3984375,37.69091796875
67.0,75.0,0.475595603000329,7.4,1465.3984375,37.69091796875
67.0,76.0,0.46259116900000663,5.4,1465.3984375,37.69091796875
67.0,77.0,1.3970367259998966,3.9,1465.3984375,37.69091796875
67.0,78.0,0.4571139489999041,4.4,1465.3984375,37.69091796875
67.0,79.0,0.6721645620000345,12.0,1465.3984375,37.69091796875
67.0,80.0,0.6338249140007974,3.9,1465.51171875,37.69091796875
67.0,81.0,0.4775000919999002,7.4,1465.51171875,37.69091796875
67.0,82.0,0.4947682290003286,6.0,1465.51171875,37.69091796875
67.0,83.0,0.46288239600016823,7.6,1465.51171875,37.69091796875
67.0,84.0,0.5165712420002819,4.9,1465.51171875,37.69091796875
67.0,85.0,0.5782355969995479,6.9,1465.51171875,37.69091796875
67.0,86.0,0.6086460999995325,4.1,1465.51171875,37.69091796875
67.0,87.0,0.4990204870000525,28.0,1465.51171875,37.69091796875
67.0,88.0,0.8801009589997193,57.1,1465.515625,37.69091796875
67.0,89.0,0.7210320579997642,46.5,1465.515625,37.69091796875
67.0,90.0,1.0688882379999995,5.2,1465.515625,37.69091796875
67.0,91.0,0.4760209140004008,5.2,1465.515625,37.69091796875
67.0,92.0,0.5191589389996807,7.7,1465.515625,37.69091796875
67.0,93.0,0.7646493599995665,3.9,1465.515625,37.69091796875
67.0,94.0,0.4745561480003744,7.5,1465.515625,37.69091796875
67.0,95.0,0.4713726129994029,5.3,1465.515625,37.69091796875
67.0,96.0,1.6869642729998304,3.6,1465.515625,37.69091796875
67.0,97.0,0.4436212249993332,6.8,1465.515625,37.69091796875
67.0,98.0,0.5651556719994915,6.1,1465.515625,37.69091796875
67.0,99.0,0.5959910060000766,4.2,1465.515625,37.69091796875
67.0,100.0,0.49356227799944463,7.1,1465.515625,37.69091796875
68.0,1.0,0.48064387300019007,6.2,1465.515625,37.69091796875
68.0,2.0,0.5103597739998804,6.9,1465.515625,37.69091796875
68.0,3.0,0.598190335000254,5.0,1465.5234375,37.69091796875
68.0,4.0,0.500769957000557,9.0,1466.01171875,37.69091796875
68.0,5.0,0.47716116799983865,41.1,1466.01171875,37.69091796875
68.0,6.0,0.6773202900003525,56.9,1466.01171875,37.69091796875
68.0,7.0,0.5398710700001175,64.2,1466.01171875,37.69091796875
68.0,8.0,0.5106669730002977,21.4,1466.01171875,37.69091796875
68.0,9.0,0.49649315399983607,7.2,1466.01171875,37.69091796875
68.0,10.0,0.6431223990002763,3.9,1466.01171875,37.69091796875
68.0,11.0,0.4823769419999735,8.3,1466.01171875,37.69091796875
68.0,12.0,0.6052275749998444,5.0,1466.01171875,37.69091796875
68.0,13.0,0.5533658550002656,7.2,1466.01171875,37.69091796875
68.0,14.0,0.47513023000010435,4.3,1466.01171875,37.69091796875
68.0,15.0,2.560582377999708,2.7,1466.01171875,37.69091796875
68.0,16.0,0.6231427819993769,4.0,1466.01171875,37.69091796875
68.0,17.0,0.5623854760005997,7.1,1466.01171875,37.69091796875
68.0,18.0,0.5425022760000502,8.3,1466.01171875,37.69091796875
68.0,19.0,0.5605938319995403,8.1,1466.01171875,37.69091796875
68.0,20.0,0.5997730709996176,5.8,1466.01171875,37.69091796875
68.0,21.0,0.7201101209993794,4.9,1466.01171875,37.69091796875
68.0,22.0,0.4938697180004965,42.9,1466.01171875,37.69091796875
68.0,23.0,0.5028880549998576,57.0,1466.01171875,37.69091796875
68.0,24.0,0.4654443749996062,61.7,1466.01171875,37.69091796875
68.0,25.0,0.7946294409994152,29.7,1466.01171875,37.69091796875
68.0,26.0,0.5878713410002092,4.3,1466.01171875,37.69091796875
68.0,27.0,0.49753709600008733,10.9,1466.01171875,37.69091796875
68.0,28.0,0.556580216999464,3.6,1466.01171875,37.69091796875
68.0,29.0,0.4781204520004394,8.3,1466.01171875,37.69091796875
68.0,30.0,0.5386762699999963,6.4,1466.01171875,37.69091796875
68.0,31.0,0.5006878439999127,7.0,1466.01171875,37.69091796875
68.0,32.0,0.46964674299943,6.4,1466.01171875,37.69091796875
68.0,33.0,0.4197618429998329,9.6,1466.01171875,37.69091796875
68.0,34.0,0.47663359200032573,6.4,1466.01171875,37.69091796875
68.0,35.0,0.5620043760000044,4.4,1466.01171875,37.69091796875
68.0,36.0,2.6374982650004313,2.3,1466.01171875,37.69091796875
68.0,37.0,0.4918263340005069,7.1,1466.01171875,37.69091796875
68.0,38.0,0.4838127559996792,5.2,1466.01171875,37.69091796875
68.0,39.0,0.4412807819999216,9.1,1466.01171875,37.69091796875
68.0,40.0,0.6882463840001947,27.7,1466.01171875,37.69091796875
68.0,41.0,0.5121867130001192,65.0,1466.01171875,37.69091796875
68.0,42.0,0.4285392290003074,60.2,1466.01171875,37.69091796875
68.0,43.0,0.4696869429999424,61.7,1466.01171875,37.69091796875
68.0,44.0,0.5451080009997895,4.6,1466.01171875,37.69091796875
68.0,45.0,0.6642747500000041,6.8,1466.01171875,37.69091796875
68.0,46.0,0.41085962499983,6.0,1466.01171875,37.69091796875
68.0,47.0,0.4887763870001436,7.2,1466.01171875,37.69091796875
68.0,48.0,0.638473318999786,4.7,1466.01171875,37.69091796875
68.0,49.0,0.4205673279993789,8.3,1466.01171875,37.69091796875
68.0,50.0,0.4754470110001421,6.3,1466.01171875,37.69091796875
68.0,51.0,1.517641451999225,4.0,1466.01171875,37.69091796875
68.0,52.0,0.4347272190007061,5.7,1466.01171875,37.69091796875
68.0,53.0,0.643171835999965,6.2,1466.01171875,37.69091796875
68.0,54.0,0.4338915900007123,5.7,1466.01171875,37.69091796875
68.0,55.0,0.44745667799998046,7.9,1466.01171875,37.69091796875
68.0,56.0,1.129189948000203,3.6,1466.01171875,37.69091796875
68.0,57.0,0.45722103500065714,5.4,1466.01171875,37.69091796875
68.0,58.0,0.45269989100052044,8.8,1466.01171875,37.69091796875
68.0,59.0,0.42633314700015035,5.8,1466.01171875,37.69091796875
68.0,60.0,0.5900804659995629,30.5,1466.015625,37.69091796875
68.0,61.0,0.46402563199990254,56.0,1466.01953125,37.69091796875
68.0,62.0,0.5697955220002768,60.5,1466.01953125,37.69091796875
68.0,63.0,0.42504016699967906,60.2,1466.01953125,37.69091796875
68.0,64.0,0.6909873700005846,5.8,1466.01953125,37.69091796875
68.0,65.0,0.5556019710002147,4.5,1466.01953125,37.69091796875
68.0,66.0,0.4666694429997733,9.7,1466.01953125,37.69091796875
68.0,67.0,0.5699700360000861,4.4,1466.01953125,37.69091796875
68.0,68.0,0.44502578799983894,8.9,1466.01953125,37.69091796875
68.0,69.0,0.44267086899981223,7.9,1466.01953125,37.69091796875
68.0,70.0,0.48066398199989635,8.4,1466.01953125,37.69091796875
68.0,71.0,0.5321856729997307,4.7,1466.01953125,37.69091796875
68.0,72.0,0.5963817579995521,6.7,1466.01953125,37.69091796875
68.0,73.0,0.4794912139996086,6.3,1466.01953125,37.69091796875
68.0,74.0,0.4718052850003005,7.5,1466.01953125,37.69091796875
68.0,75.0,0.4794273239995164,4.2,1466.01953125,37.69091796875
68.0,76.0,0.6135240559997328,5.7,1466.01953125,37.69091796875
68.0,77.0,0.4320423209992441,6.9,1466.01953125,37.69091796875
68.0,78.0,0.6063123739995717,7.4,1466.01953125,37.69091796875
68.0,79.0,0.614533111000128,4.1,1466.0234375,37.69091796875
68.0,80.0,0.4664294849999351,8.6,1466.0234375,37.69091796875
68.0,81.0,0.4291752160006581,4.7,1466.0234375,37.69091796875
68.0,82.0,0.8354123680001067,20.2,1466.0234375,37.69091796875
68.0,83.0,0.48765008699956525,57.0,1466.0234375,37.69091796875
68.0,84.0,0.5999038139998447,58.8,1466.0625,37.69091796875
68.0,85.0,0.5036116050005148,42.9,1466.0625,37.69091796875
68.0,86.0,0.6639472980004939,3.8,1466.0625,37.69091796875
68.0,87.0,0.5638455239995892,9.6,1466.0625,37.69091796875
68.0,88.0,0.4786968899998101,5.3,1466.06640625,37.69091796875
68.0,89.0,0.4696758359996238,8.4,1466.06640625,37.69091796875
68.0,90.0,0.7075877810002567,2.9,1466.08203125,37.69091796875
68.0,91.0,0.49804730599953473,7.9,1466.08203125,37.69091796875
68.0,92.0,0.46180859400010377,8.7,1466.55859375,37.69091796875
68.0,93.0,0.5097813440006576,5.9,1466.55859375,37.69091796875
68.0,94.0,0.5090734639998118,5.9,1466.55859375,37.69091796875
68.0,95.0,0.4652649139998175,7.6,1466.55859375,37.69091796875
68.0,96.0,0.4947097449994544,6.1,1466.55859375,37.69091796875
68.0,97.0,0.46277672900032485,8.6,1466.55859375,37.69091796875
68.0,98.0,0.4505668269994203,11.1,1466.55859375,37.69091796875
68.0,99.0,0.5924928200001887,8.5,1466.55859375,37.69091796875
68.0,100.0,1.5882540069997049,2.8,1466.55859375,37.69091796875
69.0,1.0,0.6604838319999544,6.8,1466.55859375,37.69091796875
69.0,2.0,0.6027865899995959,52.1,1466.55859375,37.69091796875
69.0,3.0,0.4715160759997161,57.9,1466.55859375,37.69091796875
69.0,4.0,0.7488993100005246,60.7,1466.55859375,37.69091796875
69.0,5.0,0.5481153680002535,9.3,1466.55859375,37.69091796875
69.0,6.0,0.4993039379996844,7.0,1466.55859375,37.69091796875
69.0,7.0,0.566630491000069,5.3,1466.55859375,37.69091796875
69.0,8.0,0.470698973999788,7.4,1466.55859375,37.69091796875
69.0,9.0,0.767785166000067,5.9,1466.55859375,37.69091796875
69.0,10.0,0.7044003990004057,4.3,1466.55859375,37.69091796875
69.0,11.0,0.8501965890000065,4.1,1466.55859375,37.69091796875
69.0,12.0,0.40117394600019907,6.2,1466.55859375,37.69091796875
69.0,13.0,0.6784870600004069,5.9,1466.55859375,37.69091796875
69.0,14.0,0.616655572000127,7.3,1466.55859375,37.69091796875
69.0,15.0,0.45291815000018687,8.8,1466.55859375,37.69091796875
69.0,16.0,0.8015504860004512,5.0,1466.55859375,37.69091796875
69.0,17.0,0.4728031970007578,5.3,1466.55859375,37.69091796875
69.0,18.0,0.46788752900010877,7.5,1466.55859375,37.69091796875
69.0,19.0,0.6183268839995435,4.0,1466.55859375,37.69091796875
69.0,20.0,0.48300846599977376,10.4,1466.55859375,37.69091796875
69.0,21.0,0.563890913999785,4.4,1466.55859375,37.69091796875
69.0,22.0,0.6146059560005597,58.5,1466.55859375,37.69091796875
69.0,23.0,0.4859810420002759,60.8,1466.55859375,37.69091796875
69.0,24.0,0.5326831840002342,61.7,1466.55859375,37.69091796875
69.0,25.0,0.5034972749999724,21.2,1466.55859375,37.69091796875
69.0,26.0,0.4512332360000073,6.6,1466.55859375,37.69091796875
69.0,27.0,0.6401619379994372,6.2,1466.55859375,37.69091796875
69.0,28.0,0.4412625700006174,5.7,1466.55859375,37.69091796875
69.0,29.0,0.5225373159992159,6.8,1466.55859375,37.69091796875
69.0,30.0,0.6064726489994428,4.9,1466.55859375,37.69091796875
69.0,31.0,0.7536777240002266,5.3,1466.55859375,37.69091796875
69.0,32.0,0.5047623680002289,5.0,1466.55859375,37.69091796875
69.0,33.0,0.4506892480003444,7.9,1466.55859375,37.69091796875
69.0,34.0,0.7595612510003775,4.6,1466.55859375,37.69091796875
69.0,35.0,0.4535182479994546,6.5,1466.55859375,37.69091796875
69.0,36.0,0.43229844699999376,5.9,1466.55859375,37.69091796875
69.0,37.0,0.5316661850001765,7.5,1466.55859375,37.69091796875
69.0,38.0,0.5457567269995707,6.4,1466.55859375,37.69091796875
69.0,39.0,1.0655633129999842,4.2,1466.55859375,37.69091796875
69.0,40.0,0.5054263440006252,5.0,1466.55859375,37.69091796875
69.0,41.0,0.4600077390005026,7.6,1466.55859375,37.69091796875
69.0,42.0,0.5876929260002726,16.9,1466.55859375,37.69091796875
69.0,43.0,0.835283876000176,56.9,1466.55859375,37.69091796875
69.0,44.0,0.505055509000158,60.6,1466.55859375,37.69091796875
69.0,45.0,0.9048553669999819,15.5,1466.55859375,37.69091796875
69.0,46.0,0.4134743790000357,8.5,1466.5625,37.69091796875
69.0,47.0,0.525162447999719,3.8,1466.5625,37.69091796875
69.0,48.0,0.7369177760001548,6.8,1466.5625,37.69091796875
69.0,49.0,0.46945151899944904,9.6,1466.5625,37.69091796875
69.0,50.0,0.4618469590004679,8.7,1466.5625,37.69091796875
69.0,51.0,0.49565002500003175,4.0,1466.5625,37.69091796875
69.0,52.0,0.6068869860000632,5.8,1466.5625,37.69091796875
69.0,53.0,0.4791334219999044,5.2,1466.5625,37.69091796875
69.0,54.0,0.47670716299944615,7.4,1466.5625,37.69091796875
69.0,55.0,0.45507767999970383,5.6,1466.5625,37.69091796875
69.0,56.0,0.508838077999826,7.8,1466.5625,37.69091796875
69.0,57.0,0.8983197150000706,3.9,1466.5625,37.69091796875
69.0,58.0,0.6505911559997912,6.2,1466.5625,37.69091796875
69.0,59.0,0.601108392000242,6.7,1466.62890625,37.69091796875
69.0,60.0,0.4708973220003827,5.3,1466.62890625,37.69091796875
69.0,61.0,0.5884047649997228,6.7,1466.62890625,37.69091796875
69.0,62.0,1.0336099039996043,35.8,1466.62890625,37.69091796875
69.0,63.0,0.6786713450001116,57.4,1466.62890625,37.69091796875
69.0,64.0,0.5179987319997963,43.7,1466.62890625,37.69091796875
69.0,65.0,0.47124001100019086,8.4,1466.62890625,37.69091796875
69.0,66.0,0.4657333020004444,6.4,1466.62890625,37.69091796875
69.0,67.0,0.7080976160004866,5.0,1466.62890625,37.69091796875
69.0,68.0,0.5895820490004553,5.1,1466.62890625,37.69091796875
69.0,69.0,0.51119539299998,6.9,1466.62890625,37.69091796875
69.0,70.0,0.48617283000021416,6.2,1466.62890625,37.69091796875
69.0,71.0,0.4703374299997449,8.4,1466.62890625,37.69091796875
69.0,72.0,0.4278220699998201,5.9,1466.62890625,37.69091796875
69.0,73.0,0.7913763560000007,5.1,1466.62890625,37.69091796875
69.0,74.0,0.5078510299999834,5.0,1466.62890625,37.69091796875
69.0,75.0,0.5327829570005633,9.3,1466.62890625,37.69091796875
69.0,76.0,2.103329792000295,2.4,1466.62890625,37.69091796875
69.0,77.0,0.47324196499994287,8.4,1466.62890625,37.69091796875
69.0,78.0,0.46430140099982964,7.4,1466.62890625,37.69091796875
69.0,79.0,0.7654042289996141,4.6,1466.62890625,37.69091796875
69.0,80.0,1.4711540979997153,55.1,1466.62890625,37.69091796875
69.0,81.0,0.6034707499993601,22.1,1466.62890625,37.69091796875
69.0,82.0,0.5254530479996902,4.8,1466.62890625,37.69091796875
69.0,83.0,0.40586156000063056,7.5,1466.62890625,37.69091796875
69.0,84.0,0.6223487860006571,4.8,1466.62890625,37.69091796875
69.0,85.0,0.6703968780002469,5.3,1466.62890625,37.69091796875
69.0,86.0,0.4740144329998657,5.3,1466.62890625,37.69091796875
69.0,87.0,0.47449285099992267,7.3,1466.62890625,37.69091796875
69.0,88.0,0.6192561380003099,4.0,1466.62890625,37.69091796875
69.0,89.0,0.6423572049998256,7.1,1466.62890625,37.69091796875
69.0,90.0,0.5821742820007785,6.0,1466.62890625,37.69091796875
69.0,91.0,0.5557097840001006,4.5,1466.62890625,37.69091796875
69.0,92.0,0.6597769540003355,5.3,1466.62890625,37.69091796875
69.0,93.0,0.4383160220004356,6.7,1466.62890625,37.69091796875
69.0,94.0,0.4727554910004983,6.4,1466.62890625,37.69091796875
69.0,95.0,0.671592153000347,3.7,1466.62890625,37.69091796875
69.0,96.0,0.42617805400004727,9.4,1466.62890625,37.69091796875
69.0,97.0,0.6047687130003396,5.7,1466.62890625,37.69091796875
69.0,98.0,0.5748563990000548,10.5,1466.62890625,37.69091796875
69.0,99.0,0.5354214790004335,49.0,1466.62890625,37.69091796875
69.0,100.0,0.784798743000465,57.0,1466.62890625,37.69091796875
70.0,1.0,0.4873888160000206,54.6,1466.62890625,37.69091796875
70.0,2.0,0.5133575830004702,5.8,1466.62890625,37.69091796875
70.0,3.0,0.46162467200065294,6.6,1466.62890625,37.69091796875
70.0,4.0,0.4566446200005885,5.4,1466.62890625,37.69091796875
70.0,5.0,0.4807295780001368,8.3,1466.62890625,37.69091796875
70.0,6.0,0.5291472879998764,3.8,1466.62890625,37.69091796875
70.0,7.0,0.4538182490005056,7.7,1467.16015625,37.69091796875
70.0,8.0,0.7727473909999389,3.8,1467.16015625,37.69091796875
70.0,9.0,0.4275401340000826,8.2,1467.16015625,37.69091796875
70.0,10.0,0.4104966949998925,6.1,1467.16015625,37.69091796875
70.0,11.0,0.44244402299955254,6.8,1467.16015625,37.69091796875
70.0,12.0,0.47499023899945314,4.3,1467.16015625,37.69091796875
70.0,13.0,0.44515636500000255,9.0,1467.16015625,37.69091796875
70.0,14.0,1.9390499390001423,2.1,1467.16015625,37.69091796875
70.0,15.0,0.5553388819998872,6.3,1467.16015625,37.69091796875
70.0,16.0,0.4590363809993505,5.4,1467.16015625,37.69091796875
70.0,17.0,0.4444276419999369,9.0,1467.16015625,37.69091796875
70.0,18.0,0.4619279369999276,4.3,1467.16015625,37.69091796875
70.0,19.0,0.4192835969997759,43.4,1467.16015625,37.69091796875
70.0,20.0,0.4263693210004931,52.3,1467.16015625,37.69091796875
70.0,21.0,0.657622468000227,58.5,1467.16015625,37.69091796875
70.0,22.0,0.8752884630002882,22.5,1467.16015625,37.69091796875
70.0,23.0,0.4595616010001322,5.4,1467.16015625,37.69091796875
70.0,24.0,0.5165246930000649,7.6,1467.16015625,37.69091796875
70.0,25.0,0.5809988520004481,3.5,1467.16015625,37.69091796875
70.0,26.0,0.5250891499999852,8.6,1467.16015625,37.69091796875
70.0,27.0,0.4482152890004727,5.6,1467.16015625,37.69091796875
70.0,28.0,0.5484091259995694,7.3,1467.16015625,37.69091796875
70.0,29.0,0.49605900200003816,5.1,1467.16015625,37.69091796875
70.0,30.0,0.4256787100002839,8.3,1467.16015625,37.69091796875
70.0,31.0,0.44971419900048204,4.4,1467.16015625,37.69091796875
70.0,32.0,0.49085123099939665,6.0,1467.16015625,37.69091796875
70.0,33.0,0.47860031700020045,8.4,1467.16015625,37.69091796875
70.0,34.0,0.5323661920001541,10.4,1467.1796875,37.69091796875
70.0,35.0,0.43665040700034297,8.0,1467.1796875,37.69091796875
70.0,36.0,0.6240259019996302,4.8,1467.1796875,37.69091796875
70.0,37.0,0.48334753299968725,8.3,1467.1796875,37.69091796875
70.0,38.0,0.4991289429999597,5.1,1467.1796875,37.69091796875
70.0,39.0,0.5737722039993969,6.1,1467.1796875,37.69091796875
70.0,40.0,0.4437329070005944,5.6,1467.1796875,37.69091796875
70.0,41.0,0.49015194200001133,23.7,1467.1796875,37.69091796875
70.0,42.0,0.46474076499998773,57.6,1467.1796875,37.69091796875
70.0,43.0,0.4802914439997039,58.9,1467.1796875,37.69091796875
70.0,44.0,0.5332592309996471,62.3,1467.1796875,37.69091796875
70.0,45.0,1.6175591869996424,4.0,1467.19140625,37.69091796875
70.0,46.0,1.4555178259997774,3.4,1467.19140625,37.69091796875
70.0,47.0,0.630398912999226,9.6,1467.19140625,37.69091796875
70.0,48.0,0.4869854460002898,5.2,1467.19140625,37.69091796875
70.0,49.0,0.47026860999994824,9.5,1467.1953125,37.69091796875
70.0,50.0,0.4661158310000246,4.3,1467.1953125,37.69091796875
70.0,51.0,0.602789593000125,12.5,1467.1953125,37.69091796875
70.0,52.0,0.4319422879998456,5.8,1467.1953125,37.69091796875
70.0,53.0,0.484907750000275,8.2,1467.19921875,37.69091796875
70.0,54.0,0.4155468340004518,4.9,1467.19921875,37.69091796875
70.0,55.0,0.4676434489992971,5.3,1467.19921875,37.69091796875
70.0,56.0,0.6378662159995656,4.7,1467.69921875,37.69091796875
70.0,57.0,0.5713782070006346,6.1,1467.69921875,37.69091796875
70.0,58.0,0.43310376799945516,5.7,1467.69921875,37.69091796875
70.0,59.0,0.46611370200025704,8.6,1467.69921875,37.69091796875
70.0,60.0,0.40689330199984397,11.1,1467.69921875,37.69091796875
70.0,61.0,0.4623416039994481,61.3,1467.69921875,37.69091796875
70.0,62.0,0.4429131380002218,57.5,1467.69921875,37.69091796875
70.0,63.0,0.6037389790008092,61.3,1467.69921875,37.69091796875
70.0,64.0,0.4875116330003948,16.3,1467.69921875,37.69091796875
70.0,65.0,0.43742385799941985,8.0,1467.69921875,37.69091796875
70.0,66.0,0.4255903289995331,5.8,1467.69921875,37.69091796875
70.0,67.0,0.4120350339999277,4.9,1467.69921875,37.69091796875
70.0,68.0,0.6189823459999388,8.0,1467.69921875,37.69091796875
70.0,69.0,0.45680751700001565,4.4,1467.69921875,37.69091796875
70.0,70.0,0.6075187810001808,8.1,1467.69921875,37.69091796875
70.0,71.0,0.4738186790000327,11.5,1467.69921875,37.69091796875
70.0,72.0,0.46889061300043977,4.3,1467.69921875,37.69091796875
70.0,73.0,0.5546583770001234,8.1,1467.69921875,37.69091796875
70.0,74.0,0.45342799199988804,5.5,1467.69921875,37.69091796875
70.0,75.0,0.46485038599985273,5.4,1467.69921875,37.69091796875
70.0,76.0,0.5919391140005246,5.9,1467.69921875,37.69091796875
70.0,77.0,0.44308262699996703,5.6,1467.69921875,37.69091796875
70.0,78.0,0.495372373000464,9.2,1467.69921875,37.69091796875
70.0,79.0,0.5238075459992615,5.7,1467.69921875,37.69091796875
70.0,80.0,0.4930429659998481,6.2,1467.69921875,37.69091796875
70.0,81.0,0.48094524099997216,6.2,1467.69921875,37.69091796875
70.0,82.0,0.6691005530001348,5.2,1467.69921875,37.69091796875
70.0,83.0,0.45361739300005866,9.8,1467.69921875,37.69091796875
70.0,84.0,0.43853353499980585,53.5,1467.69921875,37.69091796875
70.0,85.0,0.4499526899999182,56.2,1467.69921875,37.69091796875
70.0,86.0,0.4458043730001009,62.9,1467.69921875,37.69091796875
70.0,87.0,0.44945440199990117,48.9,1467.69921875,37.69091796875
70.0,88.0,0.49236253799972474,7.2,1467.69921875,37.69091796875
70.0,89.0,0.4458559750000859,5.6,1467.69921875,37.69091796875
70.0,90.0,0.43491833500047505,10.3,1467.69921875,37.69091796875
70.0,91.0,0.434916739000073,6.8,1467.69921875,37.69091796875
70.0,92.0,0.5764829359995929,5.3,1467.69921875,37.69091796875
70.0,93.0,0.4475522849998015,6.6,1467.69921875,37.69091796875
70.0,94.0,0.43878972600032284,5.7,1467.69921875,37.69091796875
70.0,95.0,0.48194164400047157,11.3,1467.69921875,37.69091796875
70.0,96.0,0.44243225999980496,5.7,1467.69921875,37.69091796875
70.0,97.0,0.4769592860002376,8.5,1467.69921875,37.69091796875
70.0,98.0,0.4646651130005921,7.5,1467.69921875,37.69091796875
70.0,99.0,0.45401745199978905,8.7,1467.69921875,37.69091796875
70.0,100.0,0.4383430589996351,4.6,1467.69921875,37.69091796875
71.0,1.0,0.5332524619998367,25.4,1471.57421875,37.69091796875
71.0,2.0,0.4590928609995899,4.4,1471.57421875,37.69091796875
71.0,3.0,0.538457143999949,7.3,1471.57421875,37.69091796875
71.0,4.0,0.4276339630005168,5.9,1471.57421875,37.69091796875
71.0,5.0,0.422826081000494,8.3,1471.57421875,37.69091796875
71.0,6.0,0.5178815409999515,6.7,1471.57421875,37.69091796875
71.0,7.0,0.4734665340001811,6.5,1471.57421875,37.69091796875
71.0,8.0,0.6057667559998663,43.4,1471.57421875,37.69091796875
71.0,9.0,0.635084728000038,58.3,1471.57421875,37.69091796875
71.0,10.0,0.5353781889998572,63.8,1471.57421875,37.69091796875
71.0,11.0,0.5351845269997284,5.7,1471.57421875,37.69091796875
71.0,12.0,0.5599619129998246,11.6,1471.57421875,37.69091796875
71.0,13.0,0.5313022700001966,16.8,1471.57421875,37.69091796875
71.0,14.0,0.42228595599954133,7.2,1471.57421875,37.69091796875
71.0,15.0,2.9428477880001083,2.2,1471.57421875,37.69091796875
71.0,16.0,0.42048884199994063,8.3,1471.57421875,37.69091796875
71.0,17.0,0.5735440730004484,4.4,1471.57421875,37.69091796875
71.0,18.0,0.456541333000132,7.6,1471.57421875,37.69091796875
71.0,19.0,0.6240048050003679,6.3,1471.57421875,37.69091796875
71.0,20.0,0.46916781199979596,7.4,1471.57421875,37.69091796875
71.0,21.0,0.4922903659999065,6.1,1471.57421875,37.69091796875
71.0,22.0,0.7296873459999915,5.5,1471.57421875,37.69091796875
71.0,23.0,0.4289751989999786,7.1,1471.57421875,37.69091796875
71.0,24.0,0.3977550830004475,7.4,1471.57421875,37.69091796875
71.0,25.0,0.4518525479998061,12.4,1471.57421875,37.69091796875
71.0,26.0,0.4754050459996506,62.1,1471.57421875,37.69091796875
71.0,27.0,0.4614514849999978,55.4,1471.57421875,37.69091796875
71.0,28.0,0.7488910669999314,55.4,1471.57421875,37.69091796875
71.0,29.0,0.4804478180003571,5.2,1471.57421875,37.69091796875
71.0,30.0,0.48634653800036176,10.3,1471.57421875,37.69091796875
71.0,31.0,0.6616093949996866,6.1,1471.57421875,37.69091796875
71.0,32.0,0.4210002460004034,6.0,1471.57421875,37.69091796875
71.0,33.0,0.5981818710006337,6.7,1471.57421875,37.69091796875
71.0,34.0,0.3903541010004119,6.3,1471.57421875,37.69091796875
71.0,35.0,0.4604856660007499,5.4,1471.57421875,37.69091796875
71.0,36.0,0.44157790999997815,6.9,1471.57421875,37.69091796875
71.0,37.0,0.5319223240003339,2.8,1471.57421875,37.69091796875
71.0,38.0,0.5537031180001577,7.2,1471.57421875,37.69091796875
71.0,39.0,0.3967626700004985,5.1,1471.57421875,37.69091796875
71.0,40.0,0.6016982879991701,4.1,1471.57421875,37.69091796875
71.0,41.0,0.6919212640004844,5.1,1471.57421875,37.69091796875
71.0,42.0,0.5583167519998824,8.8,1471.57421875,37.69091796875
71.0,43.0,0.5515632990000086,6.4,1471.57421875,37.69091796875
71.0,44.0,0.47296684400043887,5.3,1471.57421875,37.69091796875
71.0,45.0,0.5488896769993517,7.3,1471.57421875,37.69091796875
71.0,46.0,0.3256247629997233,50.0,1471.57421875,37.69091796875
71.0,47.0,0.42568310600017867,7.1,1471.57421875,37.69091796875
71.0,48.0,0.41952242399929673,27.7,1471.57421875,37.69091796875
71.0,49.0,0.38890094500038686,98.7,1471.57421875,37.69091796875
71.0,50.0,0.6930454240000472,58.3,1471.57421875,37.69091796875
71.0,51.0,0.4841014310004539,61.9,1471.57421875,37.69091796875
71.0,52.0,0.4402877759994226,19.3,1471.57421875,37.69091796875
71.0,53.0,0.42544243600059417,4.8,1471.57421875,37.69091796875
71.0,54.0,0.45803712499946414,12.0,1471.57421875,37.69091796875
71.0,55.0,0.6437034110003879,4.6,1471.57421875,37.69091796875
71.0,56.0,0.4786898909997035,11.6,1471.57421875,37.69091796875
71.0,57.0,0.47489234100066824,5.3,1471.57421875,37.69091796875
71.0,58.0,0.7240527320000183,4.9,1471.57421875,37.69091796875
71.0,59.0,0.9521599630006676,4.7,1471.57421875,37.69091796875
71.0,60.0,0.5251728700004605,4.8,1471.57421875,37.69091796875
71.0,61.0,0.7061168270001872,5.0,1471.57421875,37.69091796875
71.0,62.0,0.5268593930004499,5.7,1471.57421875,37.69091796875
71.0,63.0,3.047889929000121,2.3,1471.57421875,37.69091796875
71.0,64.0,0.8342119090002598,16.2,1471.57421875,37.69091796875
71.0,65.0,0.453287618000104,60.4,1471.57421875,37.69091796875
71.0,66.0,0.43908815500071796,58.6,1471.57421875,37.69091796875
71.0,67.0,0.4330982120000044,65.1,1471.57421875,37.69091796875
71.0,68.0,0.438576667000234,21.8,1471.57421875,37.69091796875
71.0,69.0,0.8173234119994959,4.9,1471.57421875,37.69091796875
71.0,70.0,0.419789891999244,6.0,1471.57421875,37.69091796875
71.0,71.0,0.4882340750000367,7.2,1471.57421875,37.69091796875
71.0,72.0,1.554100446999655,4.5,1471.57421875,37.69091796875
71.0,73.0,0.42970516700006556,8.1,1471.57421875,37.69091796875
71.0,74.0,0.49920443200062437,5.0,1471.57421875,37.69091796875
71.0,75.0,0.4299025679993065,8.1,1471.57421875,37.69091796875
71.0,76.0,0.6031043259999933,4.1,1471.57421875,37.69091796875
71.0,77.0,0.6151569490002657,6.5,1471.57421875,37.69091796875
71.0,78.0,0.5031398110004375,11.0,1471.57421875,37.69091796875
71.0,79.0,0.4668964740003503,8.5,1471.57421875,37.69091796875
71.0,80.0,0.8441075090004233,4.2,1471.57421875,37.69091796875
71.0,81.0,0.6457121399998869,3.9,1471.57421875,37.69091796875
71.0,82.0,0.43482697599938547,10.3,1471.57421875,37.69091796875
71.0,83.0,0.7465922109995518,4.0,1471.57421875,37.69091796875
71.0,84.0,0.46604325199950836,43.0,1471.57421875,37.69091796875
71.0,85.0,0.6157443640004203,61.5,1471.57421875,37.69091796875
71.0,86.0,0.4601107899998169,60.2,1471.57421875,37.69091796875
71.0,87.0,0.48878226699980587,35.4,1471.57421875,37.69091796875
71.0,88.0,0.4724897209998744,9.5,1471.57421875,37.69091796875
71.0,89.0,0.4547898210003041,6.5,1471.57421875,37.69091796875
71.0,90.0,0.5277936160000536,6.7,1471.57421875,37.69091796875
71.0,91.0,0.547964790000151,4.5,1471.57421875,37.69091796875
71.0,92.0,0.6856876179999745,5.1,1471.57421875,37.69091796875
71.0,93.0,0.6390276539996194,6.2,1471.57421875,37.69091796875
71.0,94.0,0.5540232419998574,6.3,1471.57421875,37.69091796875
71.0,95.0,0.5347509260000152,6.6,1471.57421875,37.69091796875
71.0,96.0,0.47680128299998614,6.2,1471.57421875,37.69091796875
71.0,97.0,0.6682651589999296,12.8,1471.57421875,37.69091796875
71.0,98.0,0.5622099329993944,4.5,1471.57421875,37.69091796875
71.0,99.0,0.45542165400001977,7.8,1471.57421875,37.69091796875
71.0,100.0,0.9166995699997642,5.4,1471.57421875,37.69091796875
72.0,1.0,0.4416724270004124,5.7,1471.57421875,37.69091796875
72.0,2.0,2.197316884000429,12.1,1471.57421875,37.69091796875
72.0,3.0,0.7684781070001918,57.5,1471.57421875,37.69091796875
72.0,4.0,0.42174189900015335,64.3,1471.57421875,37.69091796875
72.0,5.0,0.47181450100015354,13.7,1471.57421875,37.69091796875
72.0,6.0,2.4065758750002715,2.5,1471.57421875,37.69091796875
72.0,7.0,0.5069141280000622,7.8,1471.57421875,37.69091796875
72.0,8.0,0.5976729009998962,4.2,1471.57421875,37.69091796875
72.0,9.0,0.40926610799942864,8.5,1471.57421875,37.69091796875
72.0,10.0,0.4181585289998111,7.0,1471.57421875,37.69091796875
72.0,11.0,3.319823217000703,2.4,1471.57421875,37.69091796875
72.0,12.0,0.6052403089997824,2.5,1471.57421875,37.69091796875
72.0,13.0,0.4314952340000673,9.3,1471.57421875,37.69091796875
72.0,14.0,0.6658338030001687,4.5,1471.57421875,37.69091796875
72.0,15.0,0.45895293800003856,40.7,1471.57421875,37.69091796875
72.0,16.0,0.46693143700031214,56.4,1471.57421875,37.69091796875
72.0,17.0,0.5324263669999709,61.0,1471.57421875,37.69091796875
72.0,18.0,0.47680576699985977,46.8,1471.57421875,37.69091796875
72.0,19.0,0.6158268979997956,6.5,1471.57421875,37.69091796875
72.0,20.0,0.46190117400055897,5.4,1471.57421875,37.69091796875
72.0,21.0,0.4971103710004172,7.1,1471.57421875,37.69091796875
72.0,22.0,0.5753932749994419,4.4,1471.57421875,37.69091796875
72.0,23.0,0.49580574199990224,7.0,1471.57421875,37.69091796875
72.0,24.0,0.4060162819996549,6.2,1471.57421875,37.69091796875
72.0,25.0,0.5866161809999539,6.8,1471.57421875,37.69091796875
72.0,26.0,0.4412005499998486,6.7,1471.57421875,37.69091796875
72.0,27.0,0.4324594409999918,6.9,1471.57421875,37.69091796875
72.0,28.0,0.6878103730005023,6.6,1471.57421875,37.69091796875
72.0,29.0,0.8559806200000821,5.3,1471.57421875,37.69091796875
72.0,30.0,0.5106662230000438,5.8,1471.57421875,37.69091796875
72.0,31.0,0.6194018490004964,7.4,1471.57421875,37.69091796875
72.0,32.0,0.5048830509995241,6.9,1471.57421875,37.69091796875
72.0,33.0,0.4144823409997116,6.0,1471.57421875,37.69091796875
72.0,34.0,0.8864999809993606,5.1,1471.57421875,37.69091796875
72.0,35.0,0.4076375389995519,8.4,1471.57421875,37.69091796875
72.0,36.0,0.7038720890004697,26.6,1471.57421875,37.69091796875
72.0,37.0,0.5106391959998291,57.3,1471.57421875,37.69091796875
72.0,38.0,0.7983717699999033,60.8,1471.57421875,37.69091796875
72.0,39.0,0.4366644690007888,20.7,1471.57421875,37.69091796875
72.0,40.0,0.47956943000008323,10.5,1471.57421875,37.69091796875
72.0,41.0,0.4109118470005342,8.5,1471.57421875,37.69091796875
72.0,42.0,0.4501158659995781,13.3,1471.57421875,37.69091796875
72.0,43.0,0.4348584800000026,4.7,1471.57421875,37.69091796875
72.0,44.0,0.423623048999616,9.3,1471.57421875,37.69091796875
72.0,45.0,0.4892767379997167,4.2,1471.57421875,37.69091796875
72.0,46.0,0.46681974300008733,4.3,1471.57421875,37.69091796875
72.0,47.0,0.5118245759995261,5.8,1471.57421875,37.69091796875
72.0,48.0,0.4703239159998702,6.5,1471.57421875,37.69091796875
72.0,49.0,0.45391119699979754,5.5,1471.57421875,37.69091796875
72.0,50.0,0.6302472039997156,5.6,1471.57421875,37.69091796875
72.0,51.0,0.4165363989995967,6.0,1471.57421875,37.69091796875
72.0,52.0,0.5494713979996959,7.3,1471.57421875,37.69091796875
72.0,53.0,0.4508772620001764,6.6,1471.57421875,37.69091796875
72.0,54.0,0.6544858750003186,6.1,1471.57421875,37.69091796875
72.0,55.0,0.5241818680005963,4.8,1471.57421875,37.69091796875
72.0,56.0,0.41591135100043175,8.4,1471.57421875,37.69091796875
72.0,57.0,0.42626448500050174,5.8,1471.57421875,37.69091796875
72.0,58.0,0.49787546999959886,9.1,1471.57421875,37.69091796875
72.0,59.0,0.4748690100004751,5.3,1471.57421875,37.69091796875
72.0,60.0,0.6848318569991534,59.1,1471.57421875,37.69091796875
72.0,61.0,0.4389216919998944,59.1,1471.57421875,37.69091796875
72.0,62.0,0.6098932170007174,50.0,1471.57421875,37.69091796875
72.0,63.0,1.8811293970002225,2.9,1471.57421875,37.69091796875
72.0,64.0,0.49129747599999973,5.1,1471.57421875,37.69091796875
72.0,65.0,0.43824218999998266,10.1,1471.57421875,37.69091796875
72.0,66.0,0.5184514640004636,4.9,1471.57421875,37.69091796875
72.0,67.0,0.4178497430002608,6.0,1471.57421875,37.69091796875
72.0,68.0,0.4026034009993964,11.3,1471.57421875,37.69091796875
72.0,69.0,0.4985274929995285,5.0,1471.57421875,37.69091796875
72.0,70.0,0.43805152400000225,8.0,1471.57421875,37.69091796875
72.0,71.0,0.46394321100069646,5.4,1471.57421875,37.69091796875
72.0,72.0,0.4897210350000023,7.1,1471.57421875,37.69091796875
72.0,73.0,0.5064409329997943,4.9,1471.57421875,37.69091796875
72.0,74.0,0.5120134389999293,10.8,1471.57421875,37.69091796875
72.0,75.0,0.4179723779998312,6.0,1471.57421875,37.69091796875
72.0,76.0,0.5141400360007538,6.8,1471.57421875,37.69091796875
72.0,77.0,0.4653035639994414,6.5,1471.57421875,37.69091796875
72.0,78.0,0.4733448500001032,8.4,1471.57421875,37.69091796875
72.0,79.0,0.5337156860005052,4.7,1471.57421875,37.69091796875
72.0,80.0,0.44649755799946433,14.4,1471.57421875,37.69091796875
72.0,81.0,0.43626635000055103,60.2,1471.57421875,37.69091796875
72.0,82.0,0.4327090220003811,57.0,1471.57421875,37.69091796875
72.0,83.0,0.4375576570000703,63.6,1471.57421875,37.69091796875
72.0,84.0,0.5386464599996543,37.4,1471.57421875,37.69091796875
72.0,85.0,0.43882900700009486,8.0,1471.57421875,37.69091796875
72.0,86.0,0.5073398009999437,5.9,1471.57421875,37.69091796875
72.0,87.0,0.45015172500006884,7.8,1471.57421875,37.69091796875
72.0,88.0,0.5123360429997774,4.0,1471.57421875,37.69091796875
72.0,89.0,0.47547230899999704,8.2,1471.57421875,37.69091796875
72.0,90.0,0.5013620479994643,6.1,1471.57421875,37.69091796875
72.0,91.0,0.6669308999998975,5.3,1471.57421875,37.69091796875
72.0,92.0,0.7727575819999402,4.5,1471.57421875,37.69091796875
72.0,93.0,0.5623970189999454,4.5,1471.57421875,37.69091796875
72.0,94.0,0.5353142579997439,6.5,1471.57421875,37.69091796875
72.0,95.0,0.5118485169996347,5.0,1471.57421875,37.69091796875
72.0,96.0,0.44627223899988167,9.0,1471.57421875,37.69091796875
72.0,97.0,0.4692195110001194,6.3,1471.57421875,37.69091796875
72.0,98.0,0.4512569889993756,7.7,1471.57421875,37.69091796875
72.0,99.0,1.2917461249999178,7.4,1471.57421875,37.69091796875
72.0,100.0,0.5333448319997842,4.7,1471.57421875,37.69091796875
73.0,1.0,0.4177408240002478,10.7,1471.57421875,37.69091796875
73.0,2.0,0.43042002099991805,38.1,1471.57421875,37.69091796875
73.0,3.0,0.42661113900066994,60.5,1471.57421875,37.69091796875
73.0,4.0,0.434561577999375,58.1,1471.57421875,37.69091796875
73.0,5.0,0.43376230299963936,61.6,1471.57421875,37.69091796875
73.0,6.0,0.522038443999918,20.2,1471.57421875,37.69091796875
73.0,7.0,0.48370073299975047,6.1,1471.57421875,37.69091796875
73.0,8.0,0.4532741980001447,7.9,1471.57421875,37.69091796875
73.0,9.0,0.46426556000005803,5.3,1471.57421875,37.69091796875
73.0,10.0,1.3287786569999298,3.8,1471.57421875,37.69091796875
73.0,11.0,0.9040991540005052,3.3,1471.57421875,37.69091796875
73.0,12.0,0.4641205380003157,9.8,1471.57421875,37.69091796875
73.0,13.0,0.5818770610003412,3.4,1471.57421875,37.69091796875
73.0,14.0,1.030501539999932,4.4,1471.57421875,37.69091796875
73.0,15.0,1.1645969910005078,11.1,1471.57421875,37.69091796875
73.0,16.0,0.48024303700003657,5.2,1471.57421875,37.69091796875
73.0,17.0,0.4501544710001326,7.8,1471.57421875,37.69091796875
73.0,18.0,0.4412065500000608,6.8,1471.57421875,37.69091796875
73.0,19.0,0.7532928720002019,5.3,1471.57421875,37.69091796875
73.0,20.0,0.4069841559994529,4.9,1471.57421875,37.69091796875
73.0,21.0,0.5173080679996929,43.1,1471.57421875,37.69091796875
73.0,22.0,0.40755464200083225,53.1,1471.57421875,37.69091796875
73.0,23.0,0.46719892700002674,58.9,1471.57421875,37.69091796875
73.0,24.0,0.6824694469996757,38.1,1471.57421875,37.69091796875
73.0,25.0,0.5146647909996318,6.9,1471.57421875,37.69091796875
73.0,26.0,0.510379176999777,4.9,1471.57421875,37.69091796875
73.0,27.0,0.426810084999488,9.4,1471.57421875,37.69091796875
73.0,28.0,0.4525305209999715,6.7,1471.57421875,37.69091796875
73.0,29.0,0.39822226199976285,5.0,1471.57421875,37.69091796875
73.0,30.0,0.6552767970006244,6.1,1471.57421875,37.69091796875
73.0,31.0,0.5529222689992821,6.4,1471.57421875,37.69091796875
73.0,32.0,0.7668562339995333,3.3,1471.57421875,37.69091796875
73.0,33.0,0.42745755100077076,8.1,1471.57421875,37.69091796875
73.0,34.0,0.5638289680000526,4.5,1471.57421875,37.69091796875
73.0,35.0,0.72469314799946,5.6,1471.57421875,37.69091796875
73.0,36.0,0.3991057680004815,7.4,1471.57421875,37.69091796875
73.0,37.0,0.6562268699999549,8.4,1471.57421875,37.69091796875
73.0,38.0,0.47049814900037745,6.4,1471.57421875,37.69091796875
73.0,39.0,0.6228236719998677,6.4,1471.57421875,37.69091796875
73.0,40.0,0.568279758999779,7.9,1471.57421875,37.69091796875
73.0,41.0,0.7518284210000274,3.3,1471.57421875,37.69091796875
73.0,42.0,0.6332248769995203,37.8,1471.57421875,37.69091796875
73.0,43.0,0.44458036799915135,57.8,1471.57421875,37.69091796875
73.0,44.0,0.44545626699982677,62.5,1471.57421875,37.69091796875
73.0,45.0,0.9497977250002805,23.7,1471.57421875,37.69091796875
73.0,46.0,0.3980854340006772,6.3,1471.57421875,37.69091796875
73.0,47.0,0.4446774580001147,9.1,1471.57421875,37.69091796875
73.0,48.0,0.45047084799989534,5.6,1471.57421875,37.69091796875
73.0,49.0,0.7076723250002033,2.8,1471.57421875,37.69091796875
73.0,50.0,0.7615537960000438,4.6,1471.57421875,37.69091796875
73.0,51.0,1.0311476550004954,4.4,1471.57421875,37.69091796875
73.0,52.0,0.4455314990000261,13.2,1471.57421875,37.69091796875
73.0,53.0,0.4508281790003821,5.6,1471.57421875,37.69091796875
73.0,54.0,0.5464556630004154,7.3,1471.57421875,37.69091796875
73.0,55.0,0.9279172369997468,4.8,1471.57421875,37.69091796875
73.0,56.0,0.6556364569996731,6.1,1471.57421875,37.69091796875
73.0,57.0,0.4746920699999464,6.3,1471.57421875,37.69091796875
73.0,58.0,0.4839023390004513,5.2,1471.57421875,37.69091796875
73.0,59.0,0.643609985000694,5.4,1471.57421875,37.69091796875
73.0,60.0,0.595813564999844,6.7,1471.57421875,37.69091796875
73.0,61.0,0.5374021749994427,26.7,1471.57421875,37.69091796875
73.0,62.0,0.49625233599999774,59.6,1471.57421875,37.69091796875
73.0,63.0,0.7040591269997094,56.7,1471.57421875,37.69091796875
73.0,64.0,0.416301373999886,39.8,1471.57421875,37.69091796875
73.0,65.0,0.5335587890003808,3.8,1471.57421875,37.69091796875
73.0,66.0,0.4928594269995301,7.1,1471.57421875,37.69091796875
73.0,67.0,1.2502830260000337,3.6,1471.57421875,37.69091796875
73.0,68.0,0.4301567599995906,4.7,1471.57421875,37.69091796875
73.0,69.0,0.6104538590006996,6.6,1471.57421875,37.69091796875
73.0,70.0,0.4876616739993551,6.2,1471.57421875,37.69091796875
73.0,71.0,0.4426017330006289,8.9,1471.57421875,37.69091796875
73.0,72.0,0.49275512999975035,5.1,1471.57421875,37.69091796875
73.0,73.0,0.4130994280003506,9.6,1471.57421875,37.69091796875
73.0,74.0,0.43752197499998147,6.9,1471.57421875,37.69091796875
73.0,75.0,0.5375642970002446,7.3,1471.57421875,37.69091796875
73.0,76.0,0.4748566200005371,11.6,1471.57421875,37.69091796875
73.0,77.0,0.44934477300012077,6.8,1471.57421875,37.69091796875
73.0,78.0,0.5906986350000807,5.1,1471.57421875,37.69091796875
73.0,79.0,0.4381760989999748,8.0,1471.57421875,37.69091796875
73.0,80.0,0.5620035869997082,5.4,1471.57421875,37.69091796875
73.0,81.0,0.43667039100000693,8.0,1471.57421875,37.69091796875
73.0,82.0,0.43165211499945144,9.3,1471.57421875,37.69091796875
73.0,83.0,0.44276241499937896,30.7,1471.57421875,37.69091796875
73.0,84.0,0.9733731910000643,56.0,1471.57421875,37.69091796875
73.0,85.0,0.5611571100007495,53.1,1471.57421875,37.69091796875
73.0,86.0,0.6086235739994663,11.5,1471.57421875,37.69091796875
73.0,87.0,0.4324720029999298,7.0,1471.57421875,37.69091796875
73.0,88.0,0.47645859999920503,6.3,1471.57421875,37.69091796875
73.0,89.0,0.6207194999997228,8.9,1471.57421875,37.69091796875
73.0,90.0,0.4356459750006252,9.1,1471.57421875,37.69091796875
73.0,91.0,0.44196400300006644,6.9,1471.57421875,37.69091796875
73.0,92.0,0.450950221000312,1.1,1471.57421875,37.69091796875
73.0,93.0,0.4951940690007177,8.1,1471.57421875,37.69091796875
73.0,94.0,0.48001238300003024,6.2,1471.57421875,37.69091796875
73.0,95.0,0.43972994799969456,5.8,1471.57421875,37.69091796875
73.0,96.0,0.4746564050001325,5.2,1471.57421875,37.69091796875
73.0,97.0,0.43426244399961433,8.0,1471.57421875,37.69091796875
73.0,98.0,0.4438510160007354,2.2,1471.57421875,37.69091796875
73.0,99.0,0.423638461000337,9.5,1471.57421875,37.69091796875
73.0,100.0,0.4481330620001245,9.0,1471.57421875,37.69091796875
74.0,1.0,0.43137341600049695,5.8,1471.57421875,37.69091796875
74.0,2.0,2.3945411029999377,4.6,1471.57421875,37.69091796875
74.0,3.0,3.3989406540003984,27.1,1471.57421875,37.69091796875
74.0,4.0,0.5233670019997589,10.6,1471.57421875,37.69091796875
74.0,5.0,0.530962955999712,3.8,1471.57421875,37.69091796875
74.0,6.0,0.44132653099950403,10.2,1471.57421875,37.69091796875
74.0,7.0,0.49302648900084023,6.1,1471.57421875,37.69091796875
74.0,8.0,0.5795864969995819,6.0,1471.57421875,37.69091796875
74.0,9.0,0.45861415399940597,5.5,1471.57421875,37.69091796875
74.0,10.0,0.5227614909999829,7.6,1471.57421875,37.69091796875
74.0,11.0,0.6074127610008873,4.1,1471.57421875,37.69091796875
74.0,12.0,0.6647464829993623,6.8,1471.57421875,37.69091796875
74.0,13.0,0.5148251020000316,5.7,1471.57421875,37.69091796875
74.0,14.0,0.4988281290006853,9.0,1471.57421875,37.69091796875
74.0,15.0,0.7815492210002049,4.5,1471.57421875,37.69091796875
74.0,16.0,0.4454787180002313,6.7,1471.57421875,37.69091796875
74.0,17.0,0.7143486569993911,4.3,1471.57421875,37.69091796875
74.0,18.0,0.4822720029997072,23.5,1471.57421875,37.69091796875
74.0,19.0,0.571727383000507,58.4,1471.57421875,37.69091796875
74.0,20.0,0.8036637770001107,56.9,1471.57421875,37.69091796875
74.0,21.0,4.7164104740004404,5.5,1471.57421875,37.69091796875
74.0,22.0,0.5650498869999865,7.1,1471.57421875,37.69091796875
74.0,23.0,0.45042667600046116,5.5,1471.57421875,37.69091796875
74.0,24.0,0.6386389030003556,5.5,1471.57421875,37.69091796875
74.0,25.0,0.616899020999881,4.8,1471.57421875,37.69091796875
74.0,26.0,0.5273099050000383,7.6,1471.57421875,37.69091796875
74.0,27.0,0.4511855099999593,5.6,1471.57421875,37.69091796875
74.0,28.0,0.711790903000292,5.6,1471.57421875,37.69091796875
74.0,29.0,0.6425784140001269,9.4,1471.57421875,37.69091796875
74.0,30.0,0.7561371359997793,3.3,1471.57421875,37.69091796875
74.0,31.0,0.6469861769992349,60.2,1471.57421875,37.69091796875
74.0,32.0,0.6294866379994346,62.7,1471.57421875,37.69091796875
74.0,33.0,0.5748190490003253,42.1,1471.57421875,37.69091796875
74.0,34.0,0.5798253670000122,6.8,1471.57421875,37.69091796875
74.0,35.0,0.9405018649995327,4.3,1471.57421875,37.69091796875
74.0,36.0,0.41195268699993903,1.2,1471.57421875,37.69091796875
74.0,37.0,3.800042735999341,2.5,1471.57421875,37.69091796875
74.0,38.0,0.46777010800087737,4.3,1471.57421875,37.69091796875
74.0,39.0,1.1158636440004557,4.9,1471.57421875,37.69091796875
74.0,40.0,0.6326988359996903,9.6,1471.57421875,37.69091796875
74.0,41.0,0.5821071240006859,6.0,1471.57421875,37.69091796875
74.0,42.0,0.4811047490002238,5.2,1471.57421875,37.69091796875
74.0,43.0,0.6382477049992303,6.2,1471.57421875,37.69091796875
74.0,44.0,0.5294788660003178,43.8,1471.57421875,37.69091796875
74.0,45.0,0.5770036769999933,58.3,1471.57421875,37.69091796875
74.0,46.0,0.6146908840000833,60.7,1471.57421875,37.69091796875
74.0,47.0,0.4727438700001585,7.4,1471.57421875,37.69091796875
74.0,48.0,0.4376280139995288,5.7,1471.57421875,37.69091796875
74.0,49.0,0.5563502280001558,7.1,1471.57421875,37.69091796875
74.0,50.0,0.6403962679996766,3.9,1471.57421875,37.69091796875
74.0,51.0,0.5092454460000226,11.9,1471.57421875,37.69091796875
74.0,52.0,0.5015276320000339,5.0,1471.57421875,37.69091796875
74.0,53.0,0.7082146469992949,6.2,1471.57421875,37.69091796875
74.0,54.0,3.143760986000416,2.1,1471.57421875,37.69091796875
74.0,55.0,0.6323074579995591,6.3,1471.57421875,37.69091796875
74.0,56.0,0.553184732999398,4.5,1471.57421875,37.69091796875
74.0,57.0,0.5795468619999156,6.1,1471.57421875,37.69091796875
74.0,58.0,0.5279155480002373,5.7,1471.57421875,37.69091796875
74.0,59.0,0.619683177999832,5.6,1471.57421875,37.69091796875
74.0,60.0,0.5166574660006518,51.0,1471.57421875,37.69091796875
74.0,61.0,0.6965455300005488,56.5,1471.57421875,37.69091796875
74.0,62.0,0.5922812469998462,53.4,1471.57421875,37.69091796875
74.0,63.0,1.0357702000001154,5.8,1471.57421875,37.69091796875
74.0,64.0,0.6380236499999228,3.9,1471.57421875,37.69091796875
74.0,65.0,0.6040050870005871,7.4,1471.57421875,37.69091796875
74.0,66.0,0.5307435529994109,7.6,1471.57421875,37.69091796875
74.0,67.0,0.4768821460002073,4.3,1471.57421875,37.69091796875
74.0,68.0,0.566931778000253,7.9,1471.57421875,37.69091796875
74.0,69.0,0.5422849189999397,7.3,1471.57421875,37.69091796875
74.0,70.0,0.6201225800004977,7.3,1471.57421875,37.69091796875
74.0,71.0,0.5477389200004836,10.0,1471.57421875,37.69091796875
74.0,72.0,0.5059560409999904,6.0,1471.57421875,37.69091796875
74.0,73.0,0.7703550390006058,4.5,1471.57421875,37.69091796875
74.0,74.0,0.4486621350006317,7.8,1471.57421875,37.69091796875
74.0,75.0,0.8068947189995015,6.2,1471.57421875,37.69091796875
74.0,76.0,0.6253477710006337,9.6,1471.57421875,37.69091796875
74.0,77.0,1.9685187650002263,24.4,1471.57421875,37.69091796875
74.0,78.0,0.5422719660000439,60.6,1471.57421875,37.69091796875
74.0,79.0,0.6966984509999747,37.2,1471.57421875,37.69091796875
74.0,80.0,0.5354618780002056,10.2,1471.57421875,37.69091796875
74.0,81.0,0.5575252429998727,8.1,1471.57421875,37.69091796875
74.0,82.0,0.5003815469999608,7.0,1471.57421875,37.69091796875
74.0,83.0,0.47258488999978,5.3,1471.57421875,37.69091796875
74.0,84.0,0.5683016580005642,8.0,1471.57421875,37.69091796875
74.0,85.0,0.7241462370002409,6.2,1471.57421875,37.69091796875
74.0,86.0,0.60745145600049,3.3,1471.57421875,37.69091796875
74.0,87.0,0.45431042200016236,8.8,1471.57421875,37.69091796875
74.0,88.0,0.4984587440003452,6.0,1471.57421875,37.69091796875
74.0,89.0,0.4724476189994675,7.4,1471.57421875,37.69091796875
74.0,90.0,0.5901046830003907,5.0,1471.57421875,37.69091796875
74.0,91.0,0.5959146539998983,6.7,1471.57421875,37.69091796875
74.0,92.0,0.6791652729998532,5.2,1471.57421875,37.69091796875
74.0,93.0,0.7728820330003146,3.2,1471.57421875,37.69091796875
74.0,94.0,0.600000719999116,9.2,1471.57421875,37.69091796875
74.0,95.0,0.4710224529999323,5.3,1471.57421875,37.69091796875
74.0,96.0,0.6054617500003587,17.5,1471.57421875,37.69091796875
74.0,97.0,0.6226317430000563,58.4,1471.57421875,37.69091796875
74.0,98.0,0.5783632129996477,55.2,1471.57421875,37.69091796875
74.0,99.0,0.7644431020007687,26.0,1471.57421875,37.69091796875
74.0,100.0,0.48885226600032183,6.1,1471.57421875,37.69091796875
75.0,1.0,0.6418809949991555,11.0,1471.57421875,37.69091796875
75.0,2.0,0.544384481000634,5.5,1471.57421875,37.69091796875
75.0,3.0,1.4051922359994933,3.2,1471.57421875,37.69091796875
75.0,4.0,0.6854093060001105,5.8,1471.57421875,37.69091796875
75.0,5.0,0.7440361230001145,3.4,1471.57421875,37.69091796875
75.0,6.0,0.45421647100010887,7.7,1471.57421875,37.69091796875
75.0,7.0,0.5615025139995851,11.6,1471.57421875,37.69091796875
75.0,8.0,0.4898744689999148,7.2,1471.57421875,37.69091796875
75.0,9.0,0.48716660300033254,6.1,1471.57421875,37.69091796875
75.0,10.0,0.7590824990002147,4.6,1471.57421875,37.69091796875
75.0,11.0,0.5484141450006064,10.0,1471.57421875,37.69091796875
75.0,12.0,0.49488897300034296,6.1,1471.57421875,37.69091796875
75.0,13.0,0.4454328349993375,7.9,1471.57421875,37.69091796875
75.0,14.0,0.7619438439996884,6.0,1471.57421875,37.69091796875
75.0,15.0,0.47687015399969823,61.5,1471.57421875,37.69091796875
75.0,16.0,1.4308620129995688,39.7,1471.57421875,37.69091796875
75.0,17.0,0.4763916559995778,7.4,1471.57421875,37.69091796875
75.0,18.0,0.6460458729998209,4.6,1471.57421875,37.69091796875
75.0,19.0,0.5480232770005387,8.2,1471.57421875,37.69091796875
75.0,20.0,0.4320337630006179,4.7,1471.57421875,37.69091796875
75.0,21.0,0.5100380120002228,7.8,1471.57421875,37.69091796875
75.0,22.0,0.43862935899960576,4.6,1471.57421875,37.69091796875
75.0,23.0,0.4452327380004135,8.0,1471.57421875,37.69091796875
75.0,24.0,0.6329380119996131,3.9,1471.57421875,37.69091796875
75.0,25.0,0.45843726600014634,7.6,1471.57421875,37.69091796875
75.0,26.0,0.4358668189997843,6.8,1471.57421875,37.69091796875
75.0,27.0,0.6015357710002718,6.7,1471.57421875,37.69091796875
75.0,28.0,0.7669610700004341,3.9,1471.57421875,37.69091796875
75.0,29.0,0.4522967630000494,8.9,1471.57421875,37.69091796875
75.0,30.0,0.45832933399924514,10.8,1471.57421875,37.69091796875
75.0,31.0,0.4670965499999511,7.5,1471.57421875,37.69091796875
75.0,32.0,0.47554260800006887,4.3,1471.57421875,37.69091796875
75.0,33.0,0.41991380699982983,9.5,1471.57421875,37.69091796875
75.0,34.0,1.152479319000122,18.6,1471.57421875,37.69091796875
75.0,35.0,0.4570628809997288,56.0,1471.57421875,37.69091796875
75.0,36.0,0.7455737990003399,58.1,1471.57421875,37.69091796875
75.0,37.0,0.5931251199999679,8.5,1471.57421875,37.69091796875
75.0,38.0,0.4435497040003611,12.2,1471.57421875,37.69091796875
75.0,39.0,0.4878880610003762,6.1,1471.57421875,37.69091796875
75.0,40.0,0.43003493800006254,8.2,1471.57421875,37.69091796875
75.0,41.0,0.5115142619997641,5.8,1471.57421875,37.69091796875
75.0,42.0,0.4006333170000289,8.7,1471.57421875,37.69091796875
75.0,43.0,0.4689370380001492,4.3,1471.57421875,37.69091796875
75.0,44.0,2.7699357569999847,2.9,1471.57421875,37.69091796875
75.0,45.0,1.182466948000183,3.4,1471.57421875,37.69091796875
75.0,46.0,0.4366798370001561,5.7,1471.57421875,37.69091796875
75.0,47.0,1.0441897370001243,6.7,1471.57421875,37.69091796875
75.0,48.0,0.5531430330001967,7.3,1471.57421875,37.69091796875
75.0,49.0,0.4926320280001164,8.1,1471.57421875,37.69091796875
75.0,50.0,0.6433715020002637,46.9,1471.57421875,37.69091796875
75.0,51.0,0.4505090779994134,60.0,1471.57421875,37.69091796875
75.0,52.0,1.1821815839994088,25.4,1471.57421875,37.69091796875
75.0,53.0,0.4824313549997896,5.2,1471.57421875,37.69091796875
75.0,54.0,0.48017016500034515,7.3,1471.57421875,37.69091796875
75.0,55.0,0.426998494000145,4.7,1471.57421875,37.69091796875
75.0,56.0,0.42462391200024285,9.4,1471.57421875,37.69091796875
75.0,57.0,0.45240573299997777,5.6,1471.57421875,37.69091796875
75.0,58.0,0.4379889550000371,5.7,1471.57421875,37.69091796875
75.0,59.0,0.4441097449998779,15.7,1471.57421875,37.69091796875
75.0,60.0,0.3944507390006038,5.1,1471.57421875,37.69091796875
75.0,61.0,0.6015185879996352,7.5,1471.57421875,37.69091796875
75.0,62.0,0.6654378739995082,4.5,1471.57421875,37.69091796875
75.0,63.0,0.6376715329997751,8.5,1471.57421875,37.69091796875
75.0,64.0,0.640878457999861,7.8,1471.57421875,37.69091796875
75.0,65.0,0.4931755260004138,4.1,1471.57421875,37.69091796875
75.0,66.0,0.4190890260006199,8.2,1471.57421875,37.69091796875
75.0,67.0,0.4247512290003215,4.7,1471.57421875,37.69091796875
75.0,68.0,0.49449487299989414,8.1,1471.57421875,37.69091796875
75.0,69.0,0.45475083499968605,6.7,1471.57421875,37.69091796875
75.0,70.0,0.4920333150002989,6.1,1471.57421875,37.69091796875
75.0,71.0,0.5234585079997487,21.2,1471.57421875,37.69091796875
75.0,72.0,0.5648645989995202,57.5,1471.57421875,37.69091796875
75.0,73.0,0.5337258890003795,59.8,1471.57421875,37.69091796875
75.0,74.0,0.4905360220000148,34.0,1471.57421875,37.69091796875
75.0,75.0,0.6227591440001561,17.6,1471.57421875,37.69091796875
75.0,76.0,0.4707807019995016,8.4,1471.57421875,37.69091796875
75.0,77.0,0.4221376979994602,6.0,1471.57421875,37.69091796875
75.0,78.0,0.4790257049999127,5.2,1471.57421875,37.69091796875
75.0,79.0,0.5377237470002001,8.3,1471.57421875,37.69091796875
75.0,80.0,0.43341421599961905,5.9,1471.57421875,37.69091796875
75.0,81.0,0.46736765499917965,8.4,1471.57421875,37.69091796875
75.0,82.0,0.435331190999932,4.7,1471.57421875,37.69091796875
75.0,83.0,0.5286683610002001,7.5,1471.57421875,37.69091796875
75.0,84.0,0.4615057949995389,5.4,1471.57421875,37.69091796875
75.0,85.0,0.45242820299972664,7.6,1471.57421875,37.69091796875
75.0,86.0,0.45348497699978907,4.4,1471.57421875,37.69091796875
75.0,87.0,0.6204846310001813,6.5,1471.57421875,37.69091796875
75.0,88.0,0.4335442640003748,5.7,1471.57421875,37.69091796875
75.0,89.0,0.5501090050001949,6.4,1471.57421875,37.69091796875
75.0,90.0,0.5270483780004724,5.6,1471.57421875,37.69091796875
75.0,91.0,0.4962866780006152,7.1,1471.57421875,37.69091796875
75.0,92.0,0.39863962399977027,5.1,1471.57421875,37.69091796875
75.0,93.0,0.521387694000623,7.7,1471.57421875,37.69091796875
75.0,94.0,0.4445925789996181,10.1,1471.57421875,37.69091796875
75.0,95.0,0.5083032209995508,61.4,1471.57421875,37.69091796875
75.0,96.0,0.9175042329998178,57.9,1471.57421875,37.69091796875
75.0,97.0,0.7954335510003148,5.0,1471.57421875,37.69091796875
75.0,98.0,0.4872182849994715,7.3,1471.57421875,37.69091796875
75.0,99.0,0.44587329600017256,6.7,1471.57421875,37.69091796875
75.0,100.0,0.5285208920004152,16.2,1471.57421875,37.69091796875
76.0,1.0,2.988150671999392,2.5,1471.57421875,37.69091796875
76.0,2.0,0.44825885399950494,5.6,1471.57421875,37.69091796875
76.0,3.0,0.4704165600005581,11.6,1471.57421875,37.69091796875
76.0,4.0,0.4623579889994289,9.7,1471.57421875,37.69091796875
76.0,5.0,0.5480159429998821,4.6,1471.57421875,37.69091796875
76.0,6.0,0.4359607490005146,9.2,1471.57421875,37.69091796875
76.0,7.0,1.0179822090003654,4.4,1471.57421875,37.69091796875
76.0,8.0,0.4454213709996111,8.0,1471.57421875,37.69091796875
76.0,9.0,0.4383153740000125,8.0,1471.57421875,37.69091796875
76.0,10.0,0.453011761000198,5.5,1471.57421875,37.69091796875
76.0,11.0,0.4798105689997101,62.5,1471.57421875,37.69091796875
76.0,12.0,0.4603033299999879,56.5,1471.57421875,37.69091796875
76.0,13.0,0.609603978999985,62.7,1471.57421875,37.69091796875
76.0,14.0,0.5939161259993853,10.0,1471.57421875,37.69091796875
76.0,15.0,0.8020530359999611,4.4,1471.57421875,37.69091796875
76.0,16.0,0.46456895400024223,8.7,1471.57421875,37.69091796875
76.0,17.0,0.4185310789998766,6.0,1471.57421875,37.69091796875
76.0,18.0,0.42354444899956434,5.9,1471.57421875,37.69091796875
76.0,19.0,0.43717937899964454,8.0,1471.57421875,37.69091796875
76.0,20.0,0.46017968599971937,7.5,1471.57421875,37.69091796875
76.0,21.0,0.6744532630000322,5.9,1471.57421875,37.69091796875
76.0,22.0,0.4557491020004818,6.6,1471.57421875,37.69091796875
76.0,23.0,0.6895576360002451,6.5,1471.57421875,37.69091796875
76.0,24.0,0.4606839199996102,5.4,1471.57421875,37.69091796875
76.0,25.0,1.7376919889993587,4.0,1471.57421875,37.69091796875
76.0,26.0,0.4505072359997939,6.7,1471.57421875,37.69091796875
76.0,27.0,1.4161803470005907,3.2,1471.57421875,37.69091796875
76.0,28.0,0.4634008969997012,5.4,1471.57421875,37.69091796875
76.0,29.0,0.49766050100060966,62.6,1471.57421875,37.69091796875
76.0,30.0,0.5204092379999565,56.7,1471.57421875,37.69091796875
76.0,31.0,0.4251705000006041,65.5,1471.57421875,37.69091796875
76.0,32.0,1.0996772529997543,9.1,1471.57421875,37.69091796875
76.0,33.0,0.4753428570002143,5.3,1471.57421875,37.69091796875
76.0,34.0,0.415105838999807,9.5,1471.57421875,37.69091796875
76.0,35.0,1.2451084460008133,6.5,1471.57421875,37.69091796875
76.0,36.0,0.45583546299985755,4.4,1471.57421875,37.69091796875
76.0,37.0,0.6446819920001872,8.5,1471.57421875,37.69091796875
76.0,38.0,0.47109555399947567,7.5,1471.57421875,37.69091796875
76.0,39.0,0.502164360000279,6.0,1471.57421875,37.69091796875
76.0,40.0,0.6987588579995645,5.7,1471.57421875,37.69091796875
76.0,41.0,0.4313272050003434,8.0,1471.57421875,37.69091796875
76.0,42.0,0.47871481899983337,7.3,1471.57421875,37.69091796875
76.0,43.0,0.43861912800002756,6.8,1471.57421875,37.69091796875
76.0,44.0,0.47153551900009916,8.4,1471.57421875,37.69091796875
76.0,45.0,0.8589749940001639,10.6,1471.57421875,37.69091796875
76.0,46.0,0.5652043830004914,7.0,1471.57421875,37.69091796875
76.0,47.0,0.579166573999828,11.3,1471.57421875,37.69091796875
76.0,48.0,0.5106828160005534,39.6,1471.57421875,37.69091796875
76.0,49.0,0.5423419130002003,56.9,1471.57421875,37.69091796875
76.0,50.0,0.9938578479996067,41.3,1471.57421875,37.69091796875
76.0,51.0,0.7299609649999184,5.5,1471.57421875,37.69091796875
76.0,52.0,0.44799984199926257,10.1,1471.57421875,37.69091796875
76.0,53.0,0.5316421630004697,6.5,1471.57421875,37.69091796875
76.0,54.0,0.5187609419999717,6.7,1471.57421875,37.69091796875
76.0,55.0,0.4707770819995858,7.4,1471.57421875,37.69091796875
76.0,56.0,0.7205850540003667,4.9,1471.57421875,37.69091796875
76.0,57.0,0.45783862299958855,6.5,1471.57421875,37.69091796875
76.0,58.0,0.5511320739997245,7.3,1471.57421875,37.69091796875
76.0,59.0,0.5848549049997018,4.3,1471.57421875,37.69091796875
76.0,60.0,0.4293503669996426,8.3,1471.57421875,37.69091796875
76.0,61.0,0.43343604100027733,5.7,1471.57421875,37.69091796875
76.0,62.0,0.4417425550000189,9.1,1471.57421875,37.69091796875
76.0,63.0,0.4878172660000928,5.1,1471.57421875,37.69091796875
76.0,64.0,0.4878661459997602,10.3,1471.57421875,37.69091796875
76.0,65.0,1.3391363259997888,3.7,1471.57421875,37.69091796875
76.0,66.0,0.5404545020001024,4.6,1471.57421875,37.69091796875
76.0,67.0,0.502698557000258,12.9,1471.57421875,37.69091796875
76.0,68.0,0.4571444439998231,60.0,1471.57421875,37.69091796875
76.0,69.0,0.5418205180003497,59.3,1471.57421875,37.69091796875
76.0,70.0,0.568514853999659,56.3,1471.57421875,37.69091796875
76.0,71.0,0.48968806999982917,8.1,1471.57421875,37.69091796875
76.0,72.0,0.6897700100007569,5.1,1471.57421875,37.69091796875
76.0,73.0,0.4234715070006132,5.9,1471.57421875,37.69091796875
76.0,74.0,0.6557818219998808,5.4,1471.57421875,37.69091796875
76.0,75.0,0.42992273599975306,5.7,1471.57421875,37.69091796875
76.0,76.0,0.4577738750003846,7.7,1471.57421875,37.69091796875
76.0,77.0,0.4681162239994592,9.6,1471.57421875,37.69091796875
76.0,78.0,0.5150889859996823,6.9,1471.57421875,37.69091796875
76.0,79.0,0.5577152689993454,5.4,1471.57421875,37.69091796875
76.0,80.0,0.4504740200000015,7.7,1471.57421875,37.69091796875
76.0,81.0,0.5430720680005834,8.4,1471.57421875,37.69091796875
76.0,82.0,0.5236711440002182,7.6,1471.57421875,37.69091796875
76.0,83.0,0.6631171019998874,3.0,1471.57421875,37.69091796875
76.0,84.0,0.5605550699992818,6.3,1471.57421875,37.69091796875
76.0,85.0,0.4243880229996648,7.1,1471.57421875,37.69091796875
76.0,86.0,0.47018973200010805,7.4,1471.57421875,37.69091796875
76.0,87.0,0.6521372810002504,5.3,1471.57421875,37.69091796875
76.0,88.0,0.5853433970005426,5.2,1471.57421875,37.69091796875
76.0,89.0,0.4657430609995572,21.3,1471.57421875,37.69091796875
76.0,90.0,2.7992869110003085,27.9,1471.57421875,37.69091796875
76.0,91.0,0.4966711259994554,6.1,1471.57421875,37.69091796875
76.0,92.0,0.45620276800036663,8.7,1471.57421875,37.69091796875
76.0,93.0,0.6015462109999135,6.7,1471.57421875,37.69091796875
76.0,94.0,0.4297278849999202,5.8,1471.57421875,37.69091796875
76.0,95.0,0.4502341669995076,5.6,1471.57421875,37.69091796875
76.0,96.0,0.48526229099934426,7.2,1471.57421875,37.69091796875
76.0,97.0,0.7151195309998002,6.3,1471.57421875,37.69091796875
76.0,98.0,0.4504132070005653,5.6,1471.57421875,37.69091796875
76.0,99.0,0.6338298780001423,5.5,1471.57421875,37.69091796875
76.0,100.0,0.556361177999861,4.5,1471.57421875,37.69091796875
77.0,1.0,0.549082026999713,7.2,1471.57421875,37.69091796875
77.0,2.0,0.4424629859995548,6.7,1471.57421875,37.69091796875
77.0,3.0,0.5459127530002661,5.5,1471.57421875,37.69091796875
77.0,4.0,0.4954348969995408,6.1,1471.57421875,37.69091796875
77.0,5.0,0.4342406280002251,8.0,1471.57421875,37.69091796875
77.0,6.0,0.6253506639995976,4.0,1471.57421875,37.69091796875
77.0,7.0,0.6455875619994913,52.8,1471.57421875,37.69091796875
77.0,8.0,0.6116795859998092,56.6,1471.57421875,37.69091796875
77.0,9.0,0.584951185999671,41.5,1471.57421875,37.69091796875
77.0,10.0,0.5783606730001338,6.1,1471.57421875,37.69091796875
77.0,11.0,0.502840780999577,5.9,1471.57421875,37.69091796875
77.0,12.0,0.5191799599997466,6.7,1471.57421875,37.69091796875
77.0,13.0,0.7531223890000547,4.6,1471.57421875,37.69091796875
77.0,14.0,1.1081504779995157,6.3,1471.57421875,37.69091796875
77.0,15.0,0.46908030600025086,7.6,1471.57421875,37.69091796875
77.0,16.0,0.6731585429997722,6.7,1471.57421875,37.69091796875
77.0,17.0,0.7875209059993722,3.8,1471.57421875,37.69091796875
77.0,18.0,0.4523099360003471,7.9,1471.57421875,37.69091796875
77.0,19.0,0.4739957249994404,5.3,1471.57421875,37.69091796875
77.0,20.0,0.4624713149996751,7.6,1471.57421875,37.69091796875
77.0,21.0,0.4303771920003783,5.8,1471.57421875,37.69091796875
77.0,22.0,0.6686010899993562,5.9,1471.57421875,37.69091796875
77.0,23.0,0.4962378730006094,4.1,1471.57421875,37.69091796875
77.0,24.0,0.6340172139998685,10.3,1471.57421875,37.69091796875
77.0,25.0,0.5846339950003312,4.3,1471.57421875,37.69091796875
77.0,26.0,0.7528512019998743,47.3,1471.57421875,37.69091796875
77.0,27.0,1.055059368000002,46.9,1471.57421875,37.69091796875
77.0,28.0,0.559750262000307,6.2,1471.57421875,37.69091796875
77.0,29.0,0.48638195100011217,7.1,1471.57421875,37.69091796875
77.0,30.0,0.6147021160004442,6.6,1471.57421875,37.69091796875
77.0,31.0,0.5072716419999779,5.0,1471.57421875,37.69091796875
77.0,32.0,0.500633378999737,10.0,1471.57421875,37.69091796875
77.0,33.0,0.6632311060002394,3.8,1471.57421875,37.69091796875
77.0,34.0,0.5770452360002309,9.5,1471.57421875,37.69091796875
77.0,35.0,0.5520451300008062,5.5,1471.57421875,37.69091796875
77.0,36.0,0.4756472830003986,6.2,1471.57421875,37.69091796875
77.0,37.0,0.5198032580001382,6.7,1471.57421875,37.69091796875
77.0,38.0,0.44785338600013347,5.6,1471.57421875,37.69091796875
77.0,39.0,0.4523328440000114,6.6,1471.57421875,37.69091796875
77.0,40.0,0.4796985559996756,7.4,1471.57421875,37.69091796875
77.0,41.0,0.4942234579993965,6.1,1471.57421875,37.69091796875
77.0,42.0,0.743762826999955,6.0,1471.57421875,37.69091796875
77.0,43.0,0.5016237520003415,7.9,1471.57421875,37.69091796875
77.0,44.0,0.6645890380004857,3.8,1471.57421875,37.69091796875
77.0,45.0,0.46860869100055424,8.6,1471.57421875,37.69091796875
77.0,46.0,0.48129167499973846,52.6,1471.57421875,37.69091796875
77.0,47.0,0.4634673320006186,60.2,1471.57421875,37.69091796875
77.0,48.0,0.5113696899998104,60.8,1471.57421875,37.69091796875
77.0,49.0,0.47360875199956354,19.1,1471.57421875,37.69091796875
77.0,50.0,0.5221231810000972,3.8,1471.57421875,37.69091796875
77.0,51.0,0.5254678270002842,9.3,1471.57421875,37.69091796875
77.0,52.0,0.5287795570002345,3.8,1471.57421875,37.69091796875
77.0,53.0,0.502600263000204,8.0,1471.57421875,37.69091796875
77.0,54.0,0.5215555780005161,5.7,1471.57421875,37.69091796875
77.0,55.0,0.49577577899981407,8.1,1471.57421875,37.69091796875
77.0,56.0,0.5024247199999081,5.0,1471.57421875,37.69091796875
77.0,57.0,0.4693800859995463,8.5,1471.57421875,37.69091796875
77.0,58.0,0.4497505240005921,6.7,1471.57421875,37.69091796875
77.0,59.0,0.5243274220001695,6.8,1471.57421875,37.69091796875
77.0,60.0,0.44477773100061313,5.6,1471.57421875,37.69091796875
77.0,61.0,0.5636143470001116,7.1,1471.57421875,37.69091796875
77.0,62.0,0.5548614469998938,3.6,1471.57421875,37.69091796875
77.0,63.0,0.41740195300008054,8.5,1471.57421875,37.69091796875
77.0,64.0,0.46259350899981655,7.5,1471.57421875,37.69091796875
77.0,65.0,0.47135131399954844,7.4,1471.57421875,37.69091796875
77.0,66.0,0.496830733999559,7.0,1471.57421875,37.69091796875
77.0,67.0,0.5479605270002139,10.2,1471.57421875,37.69091796875
77.0,68.0,0.454648578999695,8.8,1471.57421875,37.69091796875
77.0,69.0,0.6194311489998654,48.0,1471.57421875,37.69091796875
77.0,70.0,0.5175040080002873,63.5,1471.57421875,37.69091796875
77.0,71.0,0.662601445999826,48.1,1471.57421875,37.69091796875
77.0,72.0,0.48982684499969764,5.2,1471.57421875,37.69091796875
77.0,73.0,1.0663220659998842,3.3,1471.57421875,37.69091796875
77.0,74.0,0.7428589189994455,6.0,1471.57421875,37.69091796875
77.0,75.0,0.5049168460000146,6.9,1471.57421875,37.69091796875
77.0,76.0,0.5374154230003114,5.6,1471.57421875,37.69091796875
77.0,77.0,0.613360425000792,7.4,1471.57421875,37.69091796875
77.0,78.0,0.48885653799970896,5.1,1471.57421875,37.69091796875
77.0,79.0,0.574505744999442,8.6,1471.57421875,37.69091796875
77.0,80.0,0.4345399109997743,4.7,1471.57421875,37.69091796875
77.0,81.0,0.5160026990006372,7.8,1471.57421875,37.69091796875
77.0,82.0,0.474924304000524,9.4,1471.57421875,37.69091796875
77.0,83.0,0.44646209200072917,6.8,1471.57421875,37.69091796875
77.0,84.0,0.5760674060002202,6.9,1471.57421875,37.69091796875
77.0,85.0,0.484635593999883,5.2,1471.57421875,37.69091796875
77.0,86.0,0.4737970269998186,8.5,1471.57421875,37.69091796875
77.0,87.0,0.47985582599994814,9.3,1471.57421875,37.69091796875
77.0,88.0,0.7138745709999057,5.6,1471.57421875,37.69091796875
77.0,89.0,0.5876603480000995,40.2,1471.57421875,37.69091796875
77.0,90.0,0.5386742410000807,56.0,1471.57421875,37.69091796875
77.0,91.0,0.4963357399992674,66.7,1471.57421875,37.69091796875
77.0,92.0,0.5158109430003606,19.6,1471.57421875,37.69091796875
77.0,93.0,0.4936993239998628,6.1,1471.57421875,37.69091796875
77.0,94.0,0.554411703000369,5.4,1471.57421875,37.69091796875
77.0,95.0,0.4202065830004358,9.4,1471.57421875,37.69091796875
77.0,96.0,0.6511740519999876,3.8,1471.57421875,37.69091796875
77.0,97.0,0.4785199420002755,7.3,1471.57421875,37.69091796875
77.0,98.0,0.4437105489996611,6.8,1471.57421875,37.69091796875
77.0,99.0,0.4788666040003591,10.3,1471.57421875,37.69091796875
77.0,100.0,0.6608568990004642,4.5,1471.57421875,37.69091796875
78.0,1.0,0.5034221609994347,7.1,1471.57421875,37.69091796875
78.0,2.0,0.5727107220000107,6.0,1471.57421875,37.69091796875
78.0,3.0,0.4691710040006001,8.4,1471.57421875,37.69091796875
78.0,4.0,0.8264028419998795,4.9,1471.57421875,37.69091796875
78.0,5.0,0.4749900409997281,7.3,1471.57421875,37.69091796875
78.0,6.0,0.4845231179997427,6.3,1471.57421875,37.69091796875
78.0,7.0,0.45168674100023054,6.6,1471.57421875,37.69091796875
78.0,8.0,0.46638626200001454,5.4,1471.57421875,37.69091796875
78.0,9.0,0.5505078649994175,7.3,1471.57421875,37.69091796875
78.0,10.0,0.4588713260000077,4.4,1471.57421875,37.69091796875
78.0,11.0,0.42262658500021644,48.2,1471.57421875,37.69091796875
78.0,12.0,0.4465318500006106,57.3,1471.57421875,37.69091796875
78.0,13.0,0.6658711729996867,60.3,1471.57421875,37.69091796875
78.0,14.0,0.5913421189998189,13.4,1471.57421875,37.69091796875
78.0,15.0,0.4092109180000989,6.2,1471.57421875,37.69091796875
78.0,16.0,0.45016470399968966,6.7,1471.57421875,37.69091796875
78.0,17.0,0.42671129799964547,10.3,1471.57421875,37.69091796875
78.0,18.0,0.3827138830001786,5.3,1471.57421875,37.69091796875
78.0,19.0,1.0146791750003104,3.9,1471.57421875,37.69091796875
78.0,20.0,1.9784165560004112,2.8,1471.57421875,37.69091796875
78.0,21.0,0.6768305870000404,8.9,1471.57421875,37.69091796875
78.0,22.0,0.39274457699957566,5.1,1471.57421875,37.69091796875
78.0,23.0,1.068823842000711,6.1,1471.57421875,37.69091796875
78.0,24.0,0.3901733130005596,9.0,1471.57421875,37.69091796875
78.0,25.0,0.474382699000671,5.3,1471.57421875,37.69091796875
78.0,26.0,0.4389113509996605,8.0,1471.57421875,37.69091796875
78.0,27.0,0.38968908799961355,11.5,1471.57421875,37.69091796875
78.0,28.0,0.7122289130002173,5.6,1471.57421875,37.69091796875
78.0,29.0,0.5724842549998357,34.2,1471.57421875,37.69091796875
78.0,30.0,0.4491570780000984,60.2,1471.57421875,37.69091796875
78.0,31.0,0.4293635940002787,58.1,1471.57421875,37.69091796875
78.0,32.0,0.41153780200056644,45.8,1471.57421875,37.69091796875
78.0,33.0,0.39508642599957966,11.4,1471.57421875,37.69091796875
78.0,34.0,0.8327294780001466,4.8,1471.57421875,37.69091796875
78.0,35.0,0.505431860000499,11.0,1471.57421875,37.69091796875
78.0,36.0,0.4246522579996963,10.5,1471.57421875,37.69091796875
78.0,37.0,0.3891163709995453,9.0,1471.57421875,37.69091796875
78.0,38.0,0.42260348000036174,4.8,1471.57421875,37.69091796875
78.0,39.0,0.46907100600037666,8.5,1471.57421875,37.69091796875
78.0,40.0,0.6416175009999279,3.9,1471.57421875,37.69091796875
78.0,41.0,0.5614140970001245,7.1,1471.57421875,37.69091796875
78.0,42.0,0.47296497200022714,4.3,1471.57421875,37.69091796875
78.0,43.0,0.42850017700038734,9.3,1471.57421875,37.69091796875
78.0,44.0,0.5348098499998741,5.6,1471.57421875,37.69091796875
78.0,45.0,0.49179365300005884,7.1,1471.57421875,37.69091796875
78.0,46.0,0.4600821170006384,5.5,1471.57421875,37.69091796875
78.0,47.0,0.5204172319999998,8.7,1471.57421875,37.69091796875
78.0,48.0,0.4827734139998938,5.1,1471.57421875,37.69091796875
78.0,49.0,1.2410253349999039,3.6,1471.57421875,37.69091796875
78.0,50.0,0.4478002389996618,11.2,1471.57421875,37.69091796875
78.0,51.0,0.5665646659999766,48.2,1471.57421875,37.69091796875
78.0,52.0,0.6210968109999158,57.7,1471.57421875,37.69091796875
78.0,53.0,0.7325853959991946,34.5,1471.57421875,37.69091796875
78.0,54.0,0.5655178910001268,5.3,1471.57421875,37.69091796875
78.0,55.0,0.5498183850004352,6.4,1471.57421875,37.69091796875
78.0,56.0,0.9026298359995053,4.4,1471.57421875,37.69091796875
78.0,57.0,0.5702368120000756,5.3,1471.57421875,37.69091796875
78.0,58.0,0.6214172529998905,13.0,1471.57421875,37.69091796875
78.0,59.0,0.6083954060004544,6.5,1471.57421875,37.69091796875
78.0,60.0,0.5974279800002478,3.4,1471.57421875,37.69091796875
78.0,61.0,0.5228985129997454,7.6,1471.57421875,37.69091796875
78.0,62.0,0.5019716059996426,4.0,1471.57421875,37.69091796875
78.0,63.0,0.5354801500006943,7.4,1471.57421875,37.69091796875
78.0,64.0,0.6693283539998447,3.8,1471.57421875,37.69091796875
78.0,65.0,0.5393665579995286,12.8,1471.57421875,37.69091796875
78.0,66.0,0.6369788820002213,5.6,1471.57421875,37.69091796875
78.0,67.0,0.49926052699993306,8.0,1471.57421875,37.69091796875
78.0,68.0,0.905229619000238,3.9,1471.57421875,37.69091796875
78.0,69.0,0.5117829959999654,17.5,1471.57421875,37.69091796875
78.0,70.0,3.0535223010001573,25.5,1471.57421875,37.69091796875
78.0,71.0,0.46414776999972673,8.6,1471.57421875,37.69091796875
78.0,72.0,0.5495503459997053,4.6,1471.57421875,37.69091796875
78.0,73.0,0.4370956769998884,9.1,1471.57421875,37.69091796875
78.0,74.0,0.5936662459998843,5.0,1471.57421875,37.69091796875
78.0,75.0,0.43577941799958353,9.3,1471.57421875,37.69091796875
78.0,76.0,0.5839863470000637,5.9,1471.57421875,37.69091796875
78.0,77.0,1.4915781170002447,3.4,1471.57421875,37.69091796875
78.0,78.0,1.415534364999985,5.7,1471.57421875,37.69091796875
78.0,79.0,0.6051889159998609,5.0,1471.57421875,37.69091796875
78.0,80.0,0.5146936500004813,6.8,1471.57421875,37.69091796875
78.0,81.0,0.4691565120001542,8.6,1471.57421875,37.69091796875
78.0,82.0,0.4359383210003216,6.8,1471.57421875,37.69091796875
78.0,83.0,0.4143666910003958,29.3,1471.57421875,37.69091796875
78.0,84.0,0.5077092139999877,58.4,1471.57421875,37.69091796875
78.0,85.0,0.653451799999857,58.0,1471.57421875,37.69091796875
78.0,86.0,0.4592937860006714,29.7,1471.57421875,37.69091796875
78.0,87.0,0.6237637670001277,5.6,1471.57421875,37.69091796875
78.0,88.0,0.4563485939997918,4.4,1471.57421875,37.69091796875
78.0,89.0,0.537658029999875,8.3,1471.57421875,37.69091796875
78.0,90.0,0.4864471750006487,7.1,1471.57421875,37.69091796875
78.0,91.0,0.3318234050002502,54.5,1471.57421875,37.69091796875
78.0,92.0,0.5568221749999793,5.4,1471.57421875,37.69091796875
78.0,93.0,1.1746830029997,3.8,1471.57421875,37.69091796875
78.0,94.0,0.43619935600054305,9.3,1471.57421875,37.69091796875
78.0,95.0,0.6794225650000953,4.4,1471.57421875,37.69091796875
78.0,96.0,0.4697448610004358,7.6,1471.57421875,37.69091796875
78.0,97.0,0.5654320570001801,4.4,1471.57421875,37.69091796875
78.0,98.0,0.5349455030000172,9.4,1471.57421875,37.69091796875
78.0,99.0,0.6274158039996109,5.6,1471.57421875,37.69091796875
78.0,100.0,0.38393655000072613,10.5,1471.57421875,37.69091796875
79.0,1.0,0.5524004670005525,4.5,1471.57421875,37.69091796875
79.0,2.0,0.40478607900058705,10.0,1471.57421875,37.69091796875
79.0,3.0,0.5617476980005449,7.1,1471.57421875,37.69091796875
79.0,4.0,0.352504007000789,59.4,1471.57421875,37.69091796875
79.0,5.0,0.47092392000013206,58.5,1471.57421875,37.69091796875
79.0,6.0,0.42870722499992553,58.6,1471.57421875,37.69091796875
79.0,7.0,0.5502841249999619,60.6,1471.57421875,37.69091796875
79.0,8.0,0.41870043800008716,8.4,1471.57421875,37.69091796875
79.0,9.0,0.42466220099959173,6.0,1471.57421875,37.69091796875
79.0,10.0,0.5336708179993366,4.6,1471.57421875,37.69091796875
79.0,11.0,0.6820236589992419,11.0,1471.57421875,37.69091796875
79.0,12.0,0.5436211299993374,6.5,1471.57421875,37.69091796875
79.0,13.0,0.47730007599966484,6.2,1471.57421875,37.69091796875
79.0,14.0,0.5365590439996595,5.7,1471.57421875,37.69091796875
79.0,15.0,0.4203503369999453,6.0,1471.57421875,37.69091796875
79.0,16.0,0.4100932239998656,6.0,1471.57421875,37.69091796875
79.0,17.0,0.38580142600039835,10.4,1471.57421875,37.69091796875
79.0,18.0,0.4953415909994874,5.1,1471.57421875,37.69091796875
79.0,19.0,0.3365520319994175,55.2,1471.57421875,37.69091796875
79.0,20.0,0.43188348799958476,5.7,1471.57421875,37.69091796875
79.0,21.0,0.541416119999667,9.3,1471.57421875,37.69091796875
79.0,22.0,0.45584480299930874,4.4,1471.57421875,37.69091796875
79.0,23.0,0.5735131040000851,15.5,1471.57421875,37.69091796875
79.0,24.0,3.3107001819998914,18.2,1471.69921875,37.69091796875
79.0,25.0,0.5155973000000813,51.5,1471.69921875,37.69091796875
79.0,26.0,0.4843413970002075,9.3,1471.69921875,37.69091796875
79.0,27.0,0.4786088719993131,10.4,1471.69921875,37.69091796875
79.0,28.0,0.4329832710000119,7.0,1472.07421875,37.69091796875
79.0,29.0,0.5299344099994414,4.7,1472.07421875,37.69091796875
79.0,30.0,0.4659980030000952,10.6,1472.07421875,37.69091796875
79.0,31.0,0.48994850700000825,5.1,1472.07421875,37.69091796875
79.0,32.0,0.6672357749994262,5.3,1472.07421875,37.69091796875
79.0,33.0,0.42771366799934185,11.8,1472.07421875,37.69091796875
79.0,34.0,0.8123394730000655,5.5,1472.07421875,37.69091796875
79.0,35.0,0.9580063540006449,4.7,1472.07421875,37.69091796875
79.0,36.0,1.1017866399997729,4.5,1472.07421875,37.69091796875
79.0,37.0,0.5975440910006,6.7,1472.07421875,37.69091796875
79.0,38.0,0.702173882000352,3.6,1472.07421875,37.69091796875
79.0,39.0,0.6668208769997364,5.3,1472.07421875,37.69091796875
79.0,40.0,0.4245084130006944,9.2,1472.07421875,37.69091796875
79.0,41.0,0.41247821999968437,7.3,1472.07421875,37.69091796875
79.0,42.0,0.4744085830006952,33.7,1472.07421875,37.69091796875
79.0,43.0,1.539990022000893,44.8,1472.07421875,37.69091796875
79.0,44.0,0.6009705570004371,4.2,1472.07421875,37.69091796875
79.0,45.0,0.5252847199999451,7.5,1472.07421875,37.69091796875
79.0,46.0,0.44291480500032776,5.7,1472.07421875,37.69091796875
79.0,47.0,0.6437020970006415,5.4,1472.07421875,37.69091796875
79.0,48.0,0.6605370079996646,5.3,1472.07421875,37.69091796875
79.0,49.0,0.4332741520001946,5.8,1472.07421875,37.69091796875
79.0,50.0,0.4742135649994452,13.8,1472.07421875,37.69091796875
79.0,51.0,0.5439526310001384,4.5,1472.07421875,37.69091796875
79.0,52.0,0.4624533460000748,10.9,1472.07421875,37.69091796875
79.0,53.0,0.4180128969992438,7.1,1472.07421875,37.69091796875
79.0,54.0,0.6586338010001782,6.1,1472.07421875,37.69091796875
79.0,55.0,0.6639283069998783,5.3,1472.07421875,37.69091796875
79.0,56.0,1.6807463580007607,3.0,1472.07421875,37.69091796875
79.0,57.0,0.5155494360005832,6.8,1472.07421875,37.69091796875
79.0,58.0,0.3914489750004577,9.1,1472.07421875,37.69091796875
79.0,59.0,0.43718330999945465,6.8,1472.07421875,37.69091796875
79.0,60.0,0.4697387759997582,52.6,1472.07421875,37.69091796875
79.0,61.0,0.497450236000077,56.6,1472.07421875,37.69091796875
79.0,62.0,0.523463678000553,63.1,1472.07421875,37.69091796875
79.0,63.0,0.4136660280000797,16.9,1472.07421875,37.69091796875
79.0,64.0,0.46916226699977415,10.8,1472.07421875,37.69091796875
79.0,65.0,0.8497242570001617,7.1,1472.07421875,37.69091796875
79.0,66.0,0.39340178100064804,13.6,1472.07421875,37.69091796875
79.0,67.0,2.4560090770000897,2.7,1472.07421875,37.69091796875
79.0,68.0,0.4036701909999465,11.1,1472.07421875,37.69091796875
79.0,69.0,0.5060320809998302,5.9,1472.07421875,37.69091796875
79.0,70.0,0.6315266780002275,4.8,1472.07421875,37.69091796875
79.0,71.0,0.4651954939999996,6.4,1472.07421875,37.69091796875
79.0,72.0,0.40084255100009614,8.9,1472.07421875,37.69091796875
79.0,73.0,0.4748929520001184,5.3,1472.07421875,37.69091796875
79.0,74.0,0.41781497200008744,4.8,1472.07421875,37.69091796875
79.0,75.0,0.4648843750001106,8.5,1472.07421875,37.69091796875
79.0,76.0,0.42959047699969233,5.8,1472.07421875,37.69091796875
79.0,77.0,1.143451541000104,3.9,1472.07421875,37.69091796875
79.0,78.0,0.5652376839998396,48.7,1472.07421875,37.69091796875
79.0,79.0,0.4174795879998783,56.6,1472.07421875,37.69091796875
79.0,80.0,0.5280572209994716,66.3,1472.07421875,37.69091796875
79.0,81.0,0.5047386469996127,22.0,1472.07421875,37.69091796875
79.0,82.0,1.1007742909996523,3.7,1472.07421875,37.69091796875
79.0,83.0,0.5043212359996687,7.9,1472.07421875,37.69091796875
79.0,84.0,0.49373329500031105,5.1,1472.07421875,37.69091796875
79.0,85.0,0.45992390099945624,11.0,1472.09765625,37.69091796875
79.0,86.0,0.5047643859998061,5.0,1472.09765625,37.69091796875
79.0,87.0,0.5249300699997548,6.7,1472.09765625,37.69091796875
79.0,88.0,0.4496566100006021,6.6,1472.09765625,37.69091796875
79.0,89.0,0.42664794500069547,8.2,1472.09765625,37.69091796875
79.0,90.0,0.8191723549998642,4.3,1472.09765625,37.69091796875
79.0,91.0,0.635593555000014,5.5,1472.1015625,37.69091796875
79.0,92.0,0.4266845269994519,8.2,1472.1015625,37.69091796875
79.0,93.0,0.47990216899961524,5.2,1472.1015625,37.69091796875
79.0,94.0,0.5428505319996475,6.4,1472.1015625,37.69091796875
79.0,95.0,0.4750684819991875,6.2,1472.1015625,37.69091796875
79.0,96.0,0.7465643969999292,5.4,1472.1015625,37.69091796875
79.0,97.0,0.46873005100042064,4.3,1472.1015625,37.69091796875
79.0,98.0,0.4987590380005713,8.0,1472.1015625,37.69091796875
79.0,99.0,0.5152997129998766,52.5,1472.10546875,37.69091796875
79.0,100.0,0.4511342979994879,61.5,1472.10546875,37.69091796875
80.0,1.0,0.9225396869996985,40.1,1472.10546875,37.69091796875
80.0,2.0,0.47735668000041187,6.3,1472.10546875,37.69091796875
80.0,3.0,0.6069772330001797,7.3,1472.10546875,37.69091796875
80.0,4.0,0.4374831279992577,4.6,1472.10546875,37.69091796875
80.0,5.0,0.6412923609996142,8.7,1472.10546875,37.69091796875
80.0,6.0,2.557454642000266,2.2,1472.10546875,37.69091796875
80.0,7.0,0.5203549610005211,7.7,1472.10546875,37.69091796875
80.0,8.0,0.609375068999725,3.3,1472.10546875,37.69091796875
80.0,9.0,0.47727413200027513,8.3,1472.10546875,37.69091796875
80.0,10.0,0.6417996820000553,2.3,1472.10546875,37.69091796875
80.0,11.0,1.5748705180003526,3.8,1472.10546875,37.69091796875
80.0,12.0,0.5577510100001746,6.3,1472.10546875,37.69091796875
80.0,13.0,0.46559095599968714,5.4,1472.10546875,37.69091796875
80.0,14.0,0.4646611739999571,50.5,1472.10546875,37.69091796875
80.0,15.0,0.5087659490000078,59.4,1472.10546875,37.69091796875
80.0,16.0,0.615370525999424,58.5,1472.10546875,37.69091796875
80.0,17.0,3.1330482470002607,2.6,1472.10546875,37.69091796875
80.0,18.0,0.4610411280000335,5.4,1472.10546875,37.69091796875
80.0,19.0,0.40651917699960904,6.2,1472.10546875,37.69091796875
80.0,20.0,0.9795751490000839,4.1,1472.10546875,37.69091796875
80.0,21.0,0.4432533440003681,8.0,1472.10546875,37.69091796875
80.0,22.0,0.4623100639992117,5.4,1472.10546875,37.69091796875
80.0,23.0,0.45889531100056047,8.6,1472.10546875,37.69091796875
80.0,24.0,0.4095930209996368,6.2,1472.10546875,37.69091796875
80.0,25.0,0.5760174979996009,14.0,1472.10546875,37.69091796875
80.0,26.0,0.47440380999978515,6.4,1472.10546875,37.69091796875
80.0,27.0,0.44488922099935735,7.9,1472.10546875,37.69091796875
80.0,28.0,0.3796842519996062,6.5,1472.10546875,37.69091796875
80.0,29.0,0.4497914159992433,7.8,1472.10546875,37.69091796875
80.0,30.0,0.38761136999983137,7.7,1472.10546875,37.69091796875
80.0,31.0,0.41335500900004263,6.0,1472.10546875,37.69091796875
80.0,32.0,0.3869624869994368,57.9,1472.10546875,37.69091796875
80.0,33.0,0.6397079449998273,55.5,1472.10546875,37.69091796875
80.0,34.0,1.0209814069994536,31.5,1472.10546875,37.69091796875
80.0,35.0,0.5798547659996984,5.3,1472.12109375,37.69091796875
80.0,36.0,0.3839745220002442,7.7,1472.12109375,37.69091796875
80.0,37.0,0.41353419899951405,9.6,1472.12109375,37.69091796875
80.0,38.0,0.5473871929998495,5.4,1472.12109375,37.69091796875
80.0,39.0,0.4199175310004648,9.5,1472.12109375,37.69091796875
80.0,40.0,0.37926310900002136,5.3,1472.12109375,37.69091796875
80.0,41.0,0.6536764049997146,6.1,1472.12109375,37.69091796875
80.0,42.0,0.45027064900023106,5.6,1472.12109375,37.69091796875
80.0,43.0,0.7749289390003469,5.8,1472.12109375,37.69091796875
80.0,44.0,0.6157520639999348,4.9,1472.12109375,37.69091796875
80.0,45.0,0.6974139040003138,5.0,1472.12109375,37.69091796875
80.0,46.0,0.4271063950000098,5.9,1472.12109375,37.69091796875
80.0,47.0,0.48788056500052335,10.3,1472.12109375,37.69091796875
80.0,48.0,0.42535861499982275,8.2,1472.12109375,37.69091796875
80.0,49.0,0.5683075070000996,8.8,1472.12109375,37.69091796875
80.0,50.0,0.5663869299996804,4.4,1472.12109375,37.69091796875
80.0,51.0,0.6293971000004603,7.1,1472.12109375,37.69091796875
80.0,52.0,0.4443911710004613,9.0,1472.12109375,37.69091796875
80.0,53.0,0.4265683919993535,63.1,1472.12109375,37.69091796875
80.0,54.0,0.5822582390001116,56.4,1472.12109375,37.69091796875
80.0,55.0,0.44718352200015943,65.9,1472.12109375,37.69091796875
80.0,56.0,0.4685220990004382,14.0,1472.12109375,37.69091796875
80.0,57.0,0.4345087460005743,9.2,1472.12109375,37.69091796875
80.0,58.0,0.6323302250002598,7.9,1472.12109375,37.69091796875
80.0,59.0,0.45015334199979407,7.8,1472.12109375,37.69091796875
80.0,60.0,0.4637276399998882,6.5,1472.6484375,37.69091796875
80.0,61.0,0.6760063949996038,5.2,1472.6484375,37.69091796875
80.0,62.0,0.44622774199979176,5.6,1472.6484375,37.69091796875
80.0,63.0,0.4989015199998903,7.1,1472.6484375,37.69091796875
80.0,64.0,0.40551073499955237,7.4,1472.6484375,37.69091796875
80.0,65.0,0.3921184259997972,7.7,1472.6484375,37.69091796875
80.0,66.0,0.432525875000465,5.8,1472.6484375,37.69091796875
80.0,67.0,0.44507323399921006,8.8,1472.6484375,37.69091796875
80.0,68.0,0.44514595300006476,5.7,1472.6484375,37.69091796875
80.0,69.0,0.4306793979994836,5.8,1472.6484375,37.69091796875
80.0,70.0,0.6102903869996226,5.8,1472.6484375,37.69091796875
80.0,71.0,0.5068374290003703,7.8,1472.6484375,37.69091796875
80.0,72.0,0.45126413500020135,7.7,1472.6484375,37.69091796875
80.0,73.0,0.488814022999577,4.1,1472.6484375,37.69091796875
80.0,74.0,0.6188827400001173,6.5,1472.6484375,37.69091796875
80.0,75.0,0.49983931400038273,8.0,1472.6484375,37.69091796875
80.0,76.0,0.611001639999813,36.4,1472.6484375,37.69091796875
80.0,77.0,0.6947150340001826,57.6,1472.6484375,37.69091796875
80.0,78.0,0.4787189260005107,47.4,1472.6484375,37.69091796875
80.0,79.0,0.3880473869994603,9.0,1472.6484375,37.69091796875
80.0,80.0,0.5098404020000089,5.0,1472.6484375,37.69091796875
80.0,81.0,0.38926840699969034,9.0,1472.6484375,37.69091796875
80.0,82.0,0.7361230760006947,4.8,1472.6484375,37.69091796875
80.0,83.0,0.5471720349996758,8.2,1472.6484375,37.69091796875
80.0,84.0,0.6329661899999337,10.3,1472.6484375,37.69091796875
80.0,85.0,0.9752750550005658,4.1,1472.6484375,37.69091796875
80.0,86.0,0.7464507869999579,6.8,1472.6484375,37.69091796875
80.0,87.0,0.6415660239999852,5.5,1472.6484375,37.69091796875
80.0,88.0,0.6298630310002409,4.7,1472.6484375,37.69091796875
80.0,89.0,0.6657409339995866,6.8,1472.6484375,37.69091796875
80.0,90.0,0.42844575100025395,4.7,1472.6484375,37.69091796875
80.0,91.0,1.288952590000008,4.3,1472.6484375,37.69091796875
80.0,92.0,0.4740821860004871,5.2,1472.6484375,37.69091796875
80.0,93.0,0.4333645950000573,7.0,1472.6484375,37.69091796875
80.0,94.0,0.4824422609999601,16.8,1472.6484375,37.69091796875
80.0,95.0,0.4334594490001109,58.6,1472.6484375,37.69091796875
80.0,96.0,0.4712896520004506,56.4,1472.6484375,37.69091796875
80.0,97.0,0.4810198240002137,57.9,1472.6484375,37.69091796875
80.0,98.0,0.551237146000858,17.3,1472.6484375,37.69091796875
80.0,99.0,0.46998947999964,5.3,1472.6484375,37.69091796875
80.0,100.0,0.4698458410002786,8.4,1472.6484375,37.69091796875
81.0,1.0,0.4977796049997778,25.3,1474.6171875,37.69091796875
81.0,2.0,0.5464960469998914,4.5,1474.6171875,37.69091796875
81.0,3.0,0.4883528299997124,7.2,1474.6171875,37.69091796875
81.0,4.0,0.46553574800054776,4.3,1474.6171875,37.69091796875
81.0,5.0,0.5909997609996935,7.6,1474.6171875,37.69091796875
81.0,6.0,0.40426190300058806,7.4,1474.6171875,37.69091796875
81.0,7.0,0.41683805599950574,9.6,1474.6171875,37.69091796875
81.0,8.0,0.3961862879996261,6.3,1474.6171875,37.69091796875
81.0,9.0,0.47940083100002084,5.3,1474.6171875,37.69091796875
81.0,10.0,0.430878870000015,9.2,1474.6171875,37.69091796875
81.0,11.0,0.4590037560001292,8.8,1474.6171875,37.69091796875
81.0,12.0,0.4752852770006939,9.4,1474.6171875,37.69091796875
81.0,13.0,0.42220756400001846,4.8,1474.6171875,37.69091796875
81.0,14.0,0.5264526839991959,7.5,1474.6171875,37.69091796875
81.0,15.0,0.571932826000193,4.3,1474.6171875,37.69091796875
81.0,16.0,0.4699365289998241,7.5,1474.6171875,37.69091796875
81.0,17.0,0.4025777990000279,5.0,1474.6171875,37.69091796875
81.0,18.0,1.0714370989999225,52.8,1474.6171875,37.69091796875
81.0,19.0,0.468796927000767,66.7,1474.6171875,37.69091796875
81.0,20.0,0.7697744400002193,5.2,1474.6171875,37.69091796875
81.0,21.0,0.4557634140001028,7.7,1474.6171875,37.69091796875
81.0,22.0,0.4242530829997122,5.9,1474.6171875,37.69091796875
81.0,23.0,0.5436684839996815,8.3,1474.6171875,37.69091796875
81.0,24.0,0.46435271500013187,6.5,1474.6171875,37.69091796875
81.0,25.0,0.58007403099964,7.8,1474.6171875,37.69091796875
81.0,26.0,0.4920993219993761,5.1,1474.6171875,37.69091796875
81.0,27.0,0.5177197439998054,7.8,1474.6171875,37.69091796875
81.0,28.0,0.41887035600029776,6.0,1474.6171875,37.69091796875
81.0,29.0,0.6180983929998547,5.7,1474.6171875,37.69091796875
81.0,30.0,0.5135149889993045,5.8,1474.6171875,37.69091796875
81.0,31.0,1.4859979029997703,3.7,1474.6171875,37.69091796875
81.0,32.0,0.4317885919999753,5.7,1474.6171875,37.69091796875
81.0,33.0,0.46206025799983763,6.6,1474.6171875,37.69091796875
81.0,34.0,0.5155812089997198,5.7,1474.6171875,37.69091796875
81.0,35.0,0.5134503499994025,6.9,1474.6171875,37.69091796875
81.0,36.0,0.6033344199995554,4.1,1474.6171875,37.69091796875
81.0,37.0,0.43281599700003426,41.2,1474.6171875,37.69091796875
81.0,38.0,0.4580898209997031,57.0,1474.6171875,37.69091796875
81.0,39.0,0.4520599500001481,67.8,1474.6171875,37.69091796875
81.0,40.0,0.6726019930001712,36.1,1474.6171875,37.69091796875
81.0,41.0,0.49794524899971293,8.0,1474.6171875,37.69091796875
81.0,42.0,0.5548887840004681,4.5,1474.6171875,37.69091796875
81.0,43.0,0.4681068950003464,7.4,1474.6171875,37.69091796875
81.0,44.0,0.4001521230002254,7.5,1474.6171875,37.69091796875
81.0,45.0,0.5427529580001647,7.5,1474.6171875,37.69091796875
81.0,46.0,0.48949332000029244,6.1,1474.6171875,37.69091796875
81.0,47.0,0.51908539499982,6.8,1474.6171875,37.69091796875
81.0,48.0,1.2961844249994101,3.1,1474.6171875,37.69091796875
81.0,49.0,0.530850293000185,4.8,1474.6171875,37.69091796875
81.0,50.0,0.5556072400004268,7.1,1474.6171875,37.69091796875
81.0,51.0,0.39561722700000246,7.5,1474.6171875,37.69091796875
81.0,52.0,0.5580413880006745,6.3,1474.6171875,37.69091796875
81.0,53.0,1.3486427509997156,3.3,1474.6171875,37.69091796875
81.0,54.0,0.43169608499920287,7.0,1474.6171875,37.69091796875
81.0,55.0,0.4590617710000515,6.5,1474.6171875,37.69091796875
81.0,56.0,0.4536632270001064,6.7,1474.6171875,37.69091796875
81.0,57.0,0.4865816690007705,46.4,1474.6171875,37.69091796875
81.0,58.0,0.6608286179998686,57.3,1474.6171875,37.69091796875
81.0,59.0,0.47015165699940553,62.4,1474.6171875,37.69091796875
81.0,60.0,0.6141931029997068,8.9,1474.6171875,37.69091796875
81.0,61.0,0.44976732400027686,5.6,1474.6171875,37.69091796875
81.0,62.0,0.9317915390001872,4.3,1474.6171875,37.69091796875
81.0,63.0,0.4982525200002783,7.1,1474.6171875,37.69091796875
81.0,64.0,0.42923500800043257,7.0,1474.6171875,37.69091796875
81.0,65.0,0.4583833219994631,4.3,1474.6171875,37.69091796875
81.0,66.0,0.5498306119998233,6.4,1474.6171875,37.69091796875
81.0,67.0,0.5130448340005387,8.7,1474.6171875,37.69091796875
81.0,68.0,0.5150495210000372,7.8,1474.6171875,37.69091796875
81.0,69.0,0.4596810949997234,4.4,1474.6171875,37.69091796875
81.0,70.0,1.5416447400002653,3.6,1474.6171875,37.69091796875
81.0,71.0,0.6127833549999195,6.5,1474.6171875,37.69091796875
81.0,72.0,0.5932857520001562,4.2,1474.6171875,37.69091796875
81.0,73.0,0.5571612049998294,7.1,1474.6171875,37.69091796875
81.0,74.0,1.2408334440006001,4.0,1474.6171875,37.69091796875
81.0,75.0,0.511033416999453,55.9,1474.6171875,37.69091796875
81.0,76.0,0.6120035269996151,58.2,1474.6171875,37.69091796875
81.0,77.0,0.7403842339999755,33.1,1474.6171875,37.69091796875
81.0,78.0,0.48414233699986653,5.2,1474.6171875,37.69091796875
81.0,79.0,0.5701174719997653,7.0,1474.6171875,37.69091796875
81.0,80.0,0.585209728999871,5.1,1474.6171875,37.69091796875
81.0,81.0,0.6106177780002326,6.5,1474.6171875,37.69091796875
81.0,82.0,0.46628712700021424,4.3,1474.6171875,37.69091796875
81.0,83.0,0.43390379800075607,9.1,1474.6171875,37.69091796875
81.0,84.0,0.5202596790004463,5.0,1474.6171875,37.69091796875
81.0,85.0,0.4766681900000549,7.3,1474.6171875,37.69091796875
81.0,86.0,1.16049233800004,4.3,1474.203125,37.69091796875
81.0,87.0,0.48290067200014164,4.2,1474.203125,37.69091796875
81.0,88.0,0.44810075700024754,9.0,1474.203125,37.69091796875
81.0,89.0,0.46114766400023655,5.4,1474.203125,37.69091796875
81.0,90.0,0.5542187680002826,11.7,1474.203125,37.69091796875
81.0,91.0,0.6232537599998977,4.0,1474.203125,37.69091796875
81.0,92.0,0.45087267800045083,11.1,1474.203125,37.69091796875
81.0,93.0,0.5862017800000103,11.1,1474.203125,37.69091796875
81.0,94.0,0.4420247260004544,12.5,1474.203125,37.69091796875
81.0,95.0,0.5333707920008237,34.6,1474.203125,37.69091796875
81.0,96.0,0.5141374019995055,59.2,1474.203125,37.69091796875
81.0,97.0,0.45563938800023607,59.3,1474.203125,37.69091796875
81.0,98.0,0.577876008000203,30.7,1474.203125,37.69091796875
81.0,99.0,0.49037938699984807,4.1,1474.203125,37.69091796875
81.0,100.0,0.49695030099974247,7.9,1474.203125,37.69091796875
82.0,1.0,0.5911299730005339,4.2,1474.203125,37.69091796875
82.0,2.0,0.4946632380006122,9.2,1474.203125,37.69091796875
82.0,3.0,0.6398900369995317,6.2,1474.203125,37.69091796875
82.0,4.0,0.5467289440002787,7.4,1474.203125,37.69091796875
82.0,5.0,0.4496887309996964,9.9,1474.203125,37.69091796875
82.0,6.0,0.5041002240004673,4.0,1474.203125,37.69091796875
82.0,7.0,0.49995876899993164,8.0,1474.203125,37.69091796875
82.0,8.0,0.46489078199920186,6.5,1474.203125,37.69091796875
82.0,9.0,0.43776907799929177,5.7,1474.203125,37.69091796875
82.0,10.0,0.42364976899989415,10.6,1474.203125,37.69091796875
82.0,11.0,0.4629999009994208,6.5,1474.203125,37.69091796875
82.0,12.0,0.4766321920005794,7.4,1474.203125,37.69091796875
82.0,13.0,0.5649459289998049,5.3,1474.203125,37.69091796875
82.0,14.0,0.4936990079995667,7.2,1474.203125,37.69091796875
82.0,15.0,0.4861171580005248,5.1,1474.203125,37.69091796875
82.0,16.0,0.5341888989996733,9.4,1474.203125,37.69091796875
82.0,17.0,0.5077859200000603,4.9,1474.203125,37.69091796875
82.0,18.0,0.5450695370000176,54.2,1474.203125,37.69091796875
82.0,19.0,0.6879810479995285,60.1,1474.203125,37.69091796875
82.0,20.0,0.520496256000115,43.3,1474.203125,37.69091796875
82.0,21.0,0.5146049610002592,7.8,1474.203125,37.69091796875
82.0,22.0,0.5435765899992475,4.6,1474.203125,37.69091796875
82.0,23.0,0.5567382230001385,7.2,1474.203125,37.69091796875
82.0,24.0,0.6337244480000663,4.7,1474.203125,37.69091796875
82.0,25.0,0.9578800760000377,4.1,1474.203125,37.69091796875
82.0,26.0,1.0781910519999656,3.7,1474.203125,37.69091796875
82.0,27.0,0.9878571159997591,3.6,1474.203125,37.69091796875
82.0,28.0,0.41717841399986355,8.4,1474.203125,37.69091796875
82.0,29.0,0.5787589120000121,4.3,1474.59765625,37.69091796875
82.0,30.0,0.5062341640004888,7.9,1474.59765625,37.69091796875
82.0,31.0,0.5004033209997942,4.0,1474.59765625,37.69091796875
82.0,32.0,0.45563768000010896,8.7,1474.59765625,37.69091796875
82.0,33.0,0.43272342499949445,5.7,1474.59765625,37.69091796875
82.0,34.0,0.4750858919996972,8.5,1474.59765625,37.69091796875
82.0,35.0,0.368857417000072,6.8,1474.59765625,37.69091796875
82.0,36.0,0.48223571199923754,5.2,1474.59765625,37.69091796875
82.0,37.0,0.4298558519994913,27.9,1474.59765625,37.69091796875
82.0,38.0,0.8230343980003454,56.7,1474.59765625,37.69091796875
82.0,39.0,0.49993200700009766,62.0,1474.59765625,37.69091796875
82.0,40.0,0.4899710959998629,7.2,1474.59765625,37.69091796875
82.0,41.0,0.4717195580005864,4.3,1474.59765625,37.69091796875
82.0,42.0,0.6381711240001096,7.8,1474.59765625,37.69091796875
82.0,43.0,0.6285562109997045,4.8,1474.59765625,37.69091796875
82.0,44.0,0.40400794699962717,8.6,1474.59765625,37.69091796875
82.0,45.0,0.563226293000298,5.3,1474.59765625,37.69091796875
82.0,46.0,0.4382132820001061,7.0,1474.59765625,37.69091796875
82.0,47.0,0.5560981879998508,5.4,1474.59765625,37.69091796875
82.0,48.0,0.7783814150006947,5.1,1474.59765625,37.69091796875
82.0,49.0,0.5010036100002253,7.0,1474.59765625,37.69091796875
82.0,50.0,0.4842723459996705,8.2,1474.59765625,37.69091796875
82.0,51.0,0.47438985999997385,6.3,1474.59765625,37.69091796875
82.0,52.0,0.5130832759996338,6.8,1474.59765625,37.69091796875
82.0,53.0,0.44749201299964625,5.6,1474.59765625,37.69091796875
82.0,54.0,0.4698056629995335,7.4,1474.59765625,37.69091796875
82.0,55.0,0.7313421150001886,6.1,1474.59765625,37.69091796875
82.0,56.0,0.4563568679996024,5.6,1474.59765625,37.69091796875
82.0,57.0,0.4615010629995595,7.5,1474.59765625,37.69091796875
82.0,58.0,0.5068502989997796,10.9,1474.59765625,37.69091796875
82.0,59.0,0.520586448999893,59.0,1474.59765625,37.69091796875
82.0,60.0,0.48692313999981707,60.8,1474.59765625,37.69091796875
82.0,61.0,0.5171668620005221,52.9,1474.59765625,37.69091796875
82.0,62.0,0.5005267389997243,6.0,1474.59765625,37.69091796875
82.0,63.0,0.5087704860006852,8.7,1474.59765625,37.69091796875
82.0,64.0,0.4354852279993793,7.0,1474.59765625,37.69091796875
82.0,65.0,0.4867989269996542,6.2,1474.59765625,37.69091796875
82.0,66.0,0.3758844929998304,9.3,1474.59765625,37.69091796875
82.0,67.0,0.5670353240002441,5.3,1474.59765625,37.69091796875
82.0,68.0,0.5096107039998969,7.8,1474.59765625,37.69091796875
82.0,69.0,0.43243782799982,4.7,1474.59765625,37.69091796875
82.0,70.0,0.5368529039997156,7.5,1474.59765625,37.69091796875
82.0,71.0,0.5063274849999289,6.9,1474.59765625,37.69091796875
82.0,72.0,0.6855664319991774,8.7,1474.59765625,37.69091796875
82.0,73.0,0.684708591999879,4.4,1474.59765625,37.69091796875
82.0,74.0,0.6941336840000076,4.3,1474.59765625,37.69091796875
82.0,75.0,0.5212094619992058,6.7,1474.59765625,37.69091796875
82.0,76.0,0.3802566409995052,7.9,1474.59765625,37.69091796875
82.0,77.0,0.42417628200018953,6.0,1474.59765625,37.69091796875
82.0,78.0,0.5229930510004124,8.7,1474.59765625,37.69091796875
82.0,79.0,0.49073143799978425,5.1,1474.59765625,37.69091796875
82.0,80.0,0.5090411869996387,13.5,1474.59765625,37.69091796875
82.0,81.0,0.4947324269996898,45.9,1474.59765625,37.69091796875
82.0,82.0,0.4770500989998254,59.6,1474.59765625,37.69091796875
82.0,83.0,0.4862357600004543,66.3,1474.59765625,37.69091796875
82.0,84.0,0.4933364870003061,28.6,1474.59765625,37.69091796875
82.0,85.0,0.5438313019994894,5.5,1474.59765625,37.69091796875
82.0,86.0,0.4570737570002166,12.0,1474.59765625,37.69091796875
82.0,87.0,0.4388728699996136,6.8,1474.59765625,37.69091796875
82.0,88.0,0.40290928699960205,8.7,1474.59765625,37.69091796875
82.0,89.0,0.593214511000042,4.2,1474.59765625,37.69091796875
82.0,90.0,0.7872739639997235,6.4,1474.59765625,37.69091796875
82.0,91.0,0.5174775890000092,5.8,1474.59765625,37.69091796875
82.0,92.0,0.5129481359999772,7.8,1474.59765625,37.69091796875
82.0,93.0,0.43142814000020735,5.9,1474.59765625,37.69091796875
82.0,94.0,0.5439116270008526,8.2,1474.59765625,37.69091796875
82.0,95.0,0.4319030369997563,9.3,1474.59765625,37.69091796875
82.0,96.0,0.4267672219993983,9.4,1474.59765625,37.69091796875
82.0,97.0,0.6368017969998618,3.9,1474.59765625,37.69091796875
82.0,98.0,0.46451277199957985,13.8,1474.59765625,37.69091796875
82.0,99.0,0.5096815130000323,5.0,1474.59765625,37.69091796875
82.0,100.0,0.48541905599995516,8.2,1474.59765625,37.69091796875
83.0,1.0,0.4733650160005709,7.3,1474.59765625,37.69091796875
83.0,2.0,0.5823613970005681,6.9,1474.59765625,37.69091796875
83.0,3.0,0.5194735120003315,15.7,1474.59765625,37.69091796875
83.0,4.0,0.6872932760006734,55.1,1474.59765625,37.69091796875
83.0,5.0,0.5053120860002309,61.4,1474.59765625,37.69091796875
83.0,6.0,0.5703468350002368,30.7,1474.59765625,37.69091796875
83.0,7.0,0.6654865930004235,6.0,1474.59765625,37.69091796875
83.0,8.0,0.4393591269999888,5.7,1474.59765625,37.69091796875
83.0,9.0,0.3824359109994475,5.3,1474.59765625,37.69091796875
83.0,10.0,0.5564667010003177,5.4,1474.59765625,37.69091796875
83.0,11.0,0.5120343250000587,6.9,1474.59765625,37.69091796875
83.0,12.0,0.45988550599940936,5.4,1474.59765625,37.69091796875
83.0,13.0,0.6068423300002905,6.7,1474.59765625,37.69091796875
83.0,14.0,0.8461586729999908,8.2,1474.59765625,37.69091796875
83.0,15.0,0.4516234579996308,6.7,1474.59765625,37.69091796875
83.0,16.0,0.44380152500070835,6.7,1474.59765625,37.69091796875
83.0,17.0,0.6180260199998884,5.7,1474.59765625,37.69091796875
83.0,18.0,0.5080753540005389,8.7,1474.59765625,37.69091796875
83.0,19.0,0.6605900739996287,4.5,1474.59765625,37.69091796875
83.0,20.0,0.6145131450002737,7.4,1474.59765625,37.69091796875
83.0,21.0,0.5609398470005544,5.4,1474.59765625,37.69091796875
83.0,22.0,2.4332943230001547,27.1,1474.59765625,37.69091796875
83.0,23.0,2.021892934999414,11.9,1474.59765625,37.69091796875
83.0,24.0,0.45342805899963423,8.8,1474.59765625,37.69091796875
83.0,25.0,0.41767040500053554,9.6,1474.59765625,37.69091796875
83.0,26.0,1.3591256659992723,4.4,1474.59765625,37.69091796875
83.0,27.0,0.44507258700014063,4.5,1474.59765625,37.69091796875
83.0,28.0,0.5991905509999924,5.9,1474.59765625,37.69091796875
83.0,29.0,0.4286318280001069,6.9,1474.59765625,37.69091796875
83.0,30.0,0.5935278930001004,5.9,1474.59765625,37.69091796875
83.0,31.0,0.5384369960002005,12.1,1474.59765625,37.69091796875
83.0,32.0,0.6352382800005216,6.3,1474.59765625,37.69091796875
83.0,33.0,0.48415961699993204,5.2,1474.59765625,37.69091796875
83.0,34.0,0.419765286999791,6.0,1474.59765625,37.69091796875
83.0,35.0,0.5136491510002088,11.5,1474.59765625,37.69091796875
83.0,36.0,0.47057570699962525,7.4,1474.59765625,37.69091796875
83.0,37.0,0.45952725000006467,6.5,1474.59765625,37.69091796875
83.0,38.0,2.6773160530001405,30.3,1474.59765625,37.69091796875
83.0,39.0,0.5227404439992824,6.7,1474.59765625,37.69091796875
83.0,40.0,0.5228477970003951,6.7,1474.59765625,37.69091796875
83.0,41.0,0.442865396000343,6.7,1474.59765625,37.69091796875
83.0,42.0,1.1023065030003636,4.5,1474.59765625,37.69091796875
83.0,43.0,0.4387034909996146,5.7,1474.59765625,37.69091796875
83.0,44.0,0.45014971399996284,5.6,1474.59765625,37.69091796875
83.0,45.0,0.4905479610006296,7.1,1474.59765625,37.69091796875
83.0,46.0,0.5315624040003968,8.4,1474.59765625,37.69091796875
83.0,47.0,0.5559483260003617,7.3,1474.59765625,37.69091796875
83.0,48.0,0.6605346369997278,7.6,1474.59765625,37.69091796875
83.0,49.0,0.47859822800000984,9.3,1474.59765625,37.69091796875
83.0,50.0,0.5534545279997474,6.4,1474.59765625,37.69091796875
83.0,51.0,0.49154280600032507,6.1,1474.59765625,37.69091796875
83.0,52.0,0.4544729389999702,9.8,1474.59765625,37.69091796875
83.0,53.0,0.4909146089994465,6.3,1474.59765625,37.69091796875
83.0,54.0,0.7503916490004485,5.3,1474.59765625,37.69091796875
83.0,55.0,0.5448930390002715,38.9,1474.59765625,37.69091796875
83.0,56.0,0.5426688369998374,58.7,1474.59765625,37.69091796875
83.0,57.0,0.6486426410001513,52.7,1474.59765625,37.69091796875
83.0,58.0,0.4723778999996284,7.4,1474.59765625,37.69091796875
83.0,59.0,0.5998911240003508,10.9,1474.59765625,37.69091796875
83.0,60.0,0.45767548799994984,5.5,1474.59765625,37.69091796875
83.0,61.0,0.5077651010005866,4.9,1474.59765625,37.69091796875
83.0,62.0,0.5276062549992275,6.7,1474.59765625,37.69091796875
83.0,63.0,0.4534195500000351,5.5,1474.59765625,37.69091796875
83.0,64.0,0.574316858000202,5.3,1474.59765625,37.69091796875
83.0,65.0,0.7453412980003122,5.3,1474.59765625,37.69091796875
83.0,66.0,0.581105702000059,6.9,1474.59765625,37.69091796875
83.0,67.0,1.6700771120003992,3.0,1474.59765625,37.69091796875
83.0,68.0,0.4752116789995853,6.3,1474.59765625,37.69091796875
83.0,69.0,0.573316189000252,8.6,1474.59765625,37.69091796875
83.0,70.0,0.5074838040000031,5.0,1474.59765625,37.69091796875
83.0,71.0,0.5418331750006473,6.5,1474.59765625,37.69091796875
83.0,72.0,0.4808052790003785,6.2,1474.59765625,37.69091796875
83.0,73.0,0.5075098359993717,10.8,1474.59765625,37.69091796875
83.0,74.0,0.4919055419995857,36.7,1474.59765625,37.69091796875
83.0,75.0,0.6036064729996724,57.0,1474.59765625,37.69091796875
83.0,76.0,0.6297150479995253,58.1,1474.59765625,37.69091796875
83.0,77.0,0.6377480589999323,3.9,1474.59765625,37.69091796875
83.0,78.0,0.46585703100026876,8.6,1474.59765625,37.69091796875
83.0,79.0,0.4629833860008148,5.4,1474.59765625,37.69091796875
83.0,80.0,0.5667834159994527,6.2,1474.59765625,37.69091796875
83.0,81.0,0.6065646919996652,4.9,1474.59765625,37.69091796875
83.0,82.0,1.3258951500001785,4.5,1474.59765625,37.69091796875
83.0,83.0,0.43473455399998784,8.0,1474.59765625,37.69091796875
83.0,84.0,0.456090203999338,5.6,1474.59765625,37.69091796875
83.0,85.0,0.4503944979996959,8.8,1474.59765625,37.69091796875
83.0,86.0,0.5090259449998484,4.9,1474.59765625,37.69091796875
83.0,87.0,0.4971524740003588,7.1,1474.59765625,37.69091796875
83.0,88.0,0.4309899649997533,8.0,1474.62109375,37.69091796875
83.0,89.0,0.5052103760008322,8.9,1474.62109375,37.69091796875
83.0,90.0,0.45549024599949917,5.5,1474.62109375,37.69091796875
83.0,91.0,0.46225460700043186,9.6,1474.62109375,37.69091796875
83.0,92.0,0.4245775870003854,5.8,1474.62109375,37.69091796875
83.0,93.0,0.6714137469998605,6.0,1474.671875,37.69091796875
83.0,94.0,0.4313333229993077,5.8,1474.671875,37.69091796875
83.0,95.0,0.43007306499930564,45.9,1474.671875,37.69091796875
83.0,96.0,0.4593651770001088,57.6,1474.671875,37.69091796875
83.0,97.0,0.8506082359999709,50.3,1474.671875,37.69091796875
83.0,98.0,0.5494849279994014,5.5,1474.671875,37.69091796875
83.0,99.0,0.7267727159996866,6.2,1474.671875,37.69091796875
83.0,100.0,0.6047959960005755,6.6,1474.671875,37.69091796875
84.0,1.0,0.5004038879997097,6.0,1474.671875,37.69091796875
84.0,2.0,0.6705546619996312,5.3,1474.671875,37.69091796875
84.0,3.0,0.43929667600059474,5.7,1474.671875,37.69091796875
84.0,4.0,0.48856936399988626,7.2,1474.671875,37.69091796875
84.0,5.0,0.4097463970001627,6.0,1474.671875,37.69091796875
84.0,6.0,0.7196019140001226,6.9,1474.671875,37.69091796875
84.0,7.0,0.4323047499992754,5.9,1474.671875,37.69091796875
84.0,8.0,1.3552303840006061,3.3,1474.671875,37.69091796875
84.0,9.0,0.44622728200010897,7.8,1474.671875,37.69091796875
84.0,10.0,0.6819468359999519,8.8,1474.671875,37.69091796875
84.0,11.0,0.9817062309994071,4.1,1474.671875,37.69091796875
84.0,12.0,0.4288275449998764,5.8,1474.671875,37.69091796875
84.0,13.0,0.4293586989997493,12.6,1474.671875,37.69091796875
84.0,14.0,0.828294539000126,61.0,1474.671875,37.69091796875
84.0,15.0,0.8252684340004635,47.6,1474.671875,37.69091796875
84.0,16.0,0.4936048170002323,7.1,1474.671875,37.69091796875
84.0,17.0,0.5148628740007553,5.9,1474.671875,37.69091796875
84.0,18.0,0.5924205300007088,6.7,1474.671875,37.69091796875
84.0,19.0,0.42071733199918526,6.0,1474.671875,37.69091796875
84.0,20.0,0.5309556709999015,6.6,1474.671875,37.69091796875
84.0,21.0,0.5088806919993658,5.9,1474.671875,37.69091796875
84.0,22.0,0.44430403000023944,6.8,1474.671875,37.69091796875
84.0,23.0,0.42296399399947404,6.0,1474.671875,37.69091796875
84.0,24.0,0.4174514710002768,10.7,1474.671875,37.69091796875
84.0,25.0,0.37670866299959016,7.9,1474.671875,37.69091796875
84.0,26.0,0.42509031600002345,5.9,1474.671875,37.69091796875
84.0,27.0,0.49884589500015863,7.0,1474.671875,37.69091796875
84.0,28.0,1.506075989999772,3.0,1474.671875,37.69091796875
84.0,29.0,0.4584956529997726,7.6,1474.671875,37.69091796875
84.0,30.0,0.5607920729999023,5.4,1474.671875,37.69091796875
84.0,31.0,0.4437571279995609,6.8,1474.671875,37.69091796875
84.0,32.0,0.5669941680007469,6.1,1474.671875,37.69091796875
84.0,33.0,0.47548053599984996,11.7,1474.671875,37.69091796875
84.0,34.0,0.5422758439999598,46.7,1474.671875,37.69091796875
84.0,35.0,0.4194266879994757,60.7,1474.671875,37.69091796875
84.0,36.0,0.5055136350001703,68.3,1474.671875,37.69091796875
84.0,37.0,0.4687612990001071,36.6,1474.671875,37.69091796875
84.0,38.0,0.5393584159992315,14.8,1474.671875,37.69091796875
84.0,39.0,0.4259444559993426,8.1,1474.671875,37.69091796875
84.0,40.0,0.5832282599994869,5.2,1474.671875,37.69091796875
84.0,41.0,0.41400670500024717,8.4,1474.72265625,37.69091796875
84.0,42.0,0.4527043580001191,6.6,1475.2265625,37.69091796875
84.0,43.0,0.40667368699996587,6.1,1475.2265625,37.69091796875
84.0,44.0,0.4502577969997219,7.9,1475.2265625,37.69091796875
84.0,45.0,0.41765835099977267,7.2,1475.2265625,37.69091796875
84.0,46.0,0.44694703099958133,12.4,1475.2265625,37.69091796875
84.0,47.0,0.4493249629995262,5.6,1475.2265625,37.69091796875
84.0,48.0,0.4035042989999056,7.5,1475.2265625,37.69091796875
84.0,49.0,0.4352541130001555,8.0,1475.2265625,37.69091796875
84.0,50.0,0.4477630949995728,5.6,1475.2265625,37.69091796875
84.0,51.0,0.38725354000052903,10.4,1475.2265625,37.69091796875
84.0,52.0,0.39640861399948335,6.3,1475.2265625,37.69091796875
84.0,53.0,0.49593601600008697,9.1,1475.2265625,37.69091796875
84.0,54.0,0.4036680430008346,7.4,1475.2265625,37.69091796875
84.0,55.0,1.1458183329996245,3.5,1475.2265625,37.69091796875
84.0,56.0,0.915566867999587,4.4,1475.2265625,37.69091796875
84.0,57.0,0.44998346300053527,50.0,1475.2265625,37.69091796875
84.0,58.0,1.2584764459998041,52.4,1475.2265625,37.69091796875
84.0,59.0,0.43073290800020914,5.8,1475.2265625,37.69091796875
84.0,60.0,0.4355558209999799,11.4,1475.2265625,37.69091796875
84.0,61.0,0.5395747970005687,6.5,1475.2265625,37.69091796875
84.0,62.0,0.7544475289996626,9.9,1475.2265625,37.69091796875
84.0,63.0,0.5038596939994022,5.0,1475.2265625,37.69091796875
84.0,64.0,0.6371473899998819,7.8,1475.2265625,37.69091796875
84.0,65.0,0.7769150310004989,5.2,1475.2265625,37.69091796875
84.0,66.0,0.39258496099955664,13.9,1475.2265625,37.69091796875
84.0,67.0,0.38122113900044496,8.0,1475.2265625,37.69091796875
84.0,68.0,0.6419991890006713,7.8,1475.2265625,37.69091796875
84.0,69.0,2.725460929000292,2.8,1475.2265625,37.69091796875
84.0,70.0,0.5796886799998902,5.1,1475.2265625,37.69091796875
84.0,71.0,0.48591276000024664,8.2,1475.2265625,37.69091796875
84.0,72.0,0.4119019810004829,8.6,1475.2265625,37.69091796875
84.0,73.0,0.43598523199943884,48.3,1475.2265625,37.69091796875
84.0,74.0,0.4617489720003505,62.0,1475.2265625,37.69091796875
84.0,75.0,0.4028858029996627,59.3,1475.2265625,37.69091796875
84.0,76.0,0.5460836269994616,63.0,1475.2265625,37.69091796875
84.0,77.0,0.4770216259994413,18.7,1475.2265625,37.69091796875
84.0,78.0,0.5674072390002038,8.8,1475.2265625,37.69091796875
84.0,79.0,0.4488395259995741,7.8,1475.2265625,37.69091796875
84.0,80.0,0.4109978840006079,11.0,1475.2265625,37.69091796875
84.0,81.0,0.4807635509996544,6.2,1475.2265625,37.69091796875
84.0,82.0,0.4006375540002409,10.0,1475.44140625,37.69091796875
84.0,83.0,0.41396916000030615,6.1,1476.015625,37.69091796875
84.0,84.0,0.4176573410004494,10.8,1476.015625,37.69091796875
84.0,85.0,0.39108559000032983,6.4,1476.015625,37.69091796875
84.0,86.0,0.8106510140005412,6.1,1476.015625,37.69091796875
84.0,87.0,0.6754201049998301,4.4,1476.015625,37.69091796875
84.0,88.0,0.6656482150001466,6.0,1476.015625,37.69091796875
84.0,89.0,0.43507077699996444,8.1,1476.015625,37.69091796875
84.0,90.0,0.42195786999945994,7.1,1476.015625,37.69091796875
84.0,91.0,0.5217584540005191,4.8,1476.015625,37.69091796875
84.0,92.0,0.6195187690000239,6.5,1476.015625,37.69091796875
84.0,93.0,0.4435412430002543,7.8,1476.0234375,37.69091796875
84.0,94.0,0.4976169999999911,7.1,1476.0234375,37.69091796875
84.0,95.0,0.555608707999454,5.4,1476.0234375,37.69091796875
84.0,96.0,0.4925924019999002,23.2,1476.0234375,37.69091796875
84.0,97.0,0.48703908100014814,58.3,1476.0234375,37.69091796875
84.0,98.0,0.44519868200040946,60.7,1476.0234375,37.69091796875
84.0,99.0,0.4114740830000301,63.4,1476.0234375,37.69091796875
84.0,100.0,0.42960291799954575,41.9,1476.0234375,37.69091796875
85.0,1.0,0.4186434350003765,8.4,1476.0234375,37.69091796875
85.0,2.0,0.44926256100006867,11.0,1476.0234375,37.69091796875
85.0,3.0,0.4337116779997814,8.1,1476.0234375,37.69091796875
85.0,4.0,0.4359143559995573,9.2,1476.0234375,37.69091796875
85.0,5.0,0.3748399980004251,10.7,1476.0234375,37.69091796875
85.0,6.0,0.5112096620005104,6.8,1476.0234375,37.69091796875
85.0,7.0,0.553045129999191,9.2,1476.0234375,37.69091796875
85.0,8.0,0.4089380559998972,6.1,1476.0234375,37.69091796875
85.0,9.0,0.42816038700038916,9.4,1476.0234375,37.69091796875
85.0,10.0,0.44578881899997214,7.9,1476.0234375,37.69091796875
85.0,11.0,0.38750429799983976,5.1,1476.0234375,37.69091796875
85.0,12.0,0.4089214810001067,9.8,1476.0234375,37.69091796875
85.0,13.0,0.4425624069999685,7.9,1476.0234375,37.69091796875
85.0,14.0,0.4531243629999153,10.0,1476.0234375,37.69091796875
85.0,15.0,0.4713906960005261,6.4,1476.0234375,37.69091796875
85.0,16.0,0.454643195999779,9.8,1476.0234375,37.69091796875
85.0,17.0,0.5322196469996925,5.7,1476.0234375,37.69091796875
85.0,18.0,0.4496021960003418,15.7,1476.0234375,37.69091796875
85.0,19.0,0.4921598829996583,6.1,1476.0234375,37.69091796875
85.0,20.0,0.6268320369999856,7.9,1476.0390625,37.69091796875
85.0,21.0,0.44229504499980976,6.8,1476.0390625,37.69091796875
85.0,22.0,0.4004889519992503,45.0,1476.0390625,37.69091796875
85.0,23.0,0.45144641599927127,60.0,1476.0390625,37.69091796875
85.0,24.0,0.44506223799999134,60.0,1476.0390625,37.69091796875
85.0,25.0,0.7743277310000849,39.6,1476.0390625,37.69091796875
85.0,26.0,0.3830785279997144,13.3,1476.0390625,37.69091796875
85.0,27.0,0.5004929870001433,14.0,1476.0390625,37.69091796875
85.0,28.0,0.5734780279999541,8.7,1476.0390625,37.69091796875
85.0,29.0,0.4969060180001179,6.1,1476.0390625,37.69091796875
85.0,30.0,0.5323821430001772,15.0,1476.0390625,37.69091796875
85.0,31.0,0.4184926349998932,7.2,1476.0390625,37.69091796875
85.0,32.0,0.6284688480000113,6.4,1476.0390625,37.69091796875
85.0,33.0,0.675254472999768,5.9,1476.05078125,37.69091796875
85.0,34.0,0.446460377999756,9.0,1476.05078125,37.69091796875
85.0,35.0,0.6647015590006049,4.5,1476.05078125,37.69091796875
85.0,36.0,0.4796576290000303,9.6,1476.05078125,37.69091796875
85.0,37.0,0.4112778429998798,9.5,1476.05078125,37.69091796875
85.0,38.0,0.4129628700002286,9.8,1476.05078125,37.69091796875
85.0,39.0,0.4471710379993965,6.7,1476.05078125,37.69091796875
85.0,40.0,1.5582293580000623,3.9,1476.05078125,37.69091796875
85.0,41.0,0.41291207499943994,8.4,1476.05078125,37.69091796875
85.0,42.0,0.4317338289993131,5.8,1476.05078125,37.69091796875
85.0,43.0,0.44534774700059643,40.2,1476.05078125,37.69091796875
85.0,44.0,0.4555829270002505,58.7,1476.05078125,37.69091796875
85.0,45.0,0.4707286650000242,62.4,1476.05078125,37.69091796875
85.0,46.0,0.48271280500011926,59.8,1476.05078125,37.69091796875
85.0,47.0,2.1302904250005668,3.3,1476.05078125,37.69091796875
85.0,48.0,0.6316597960003492,7.1,1476.05078125,37.69091796875
85.0,49.0,0.5549028289997295,5.4,1476.05078125,37.69091796875
85.0,50.0,0.473174220999681,9.7,1476.05078125,37.69091796875
85.0,51.0,0.5419139219993667,6.4,1476.05078125,37.69091796875
85.0,52.0,0.6508113559993944,6.2,1476.05078125,37.69091796875
85.0,53.0,0.4358291990001817,10.2,1476.05078125,37.69091796875
85.0,54.0,0.4965636849992734,6.1,1476.05078125,37.69091796875
85.0,55.0,0.3933368240004711,7.7,1476.05078125,37.69091796875
85.0,56.0,1.2534370370003671,4.4,1476.06640625,37.69091796875
85.0,57.0,0.3975663920000443,7.6,1476.06640625,37.69091796875
85.0,58.0,0.5905149170002915,7.6,1476.06640625,37.69091796875
85.0,59.0,0.48292711100020824,7.3,1476.06640625,37.69091796875
85.0,60.0,0.45574238100016373,9.8,1476.06640625,37.69091796875
85.0,61.0,0.47973758399984945,16.7,1476.06640625,37.69091796875
85.0,62.0,0.4271797069995955,61.2,1476.06640625,37.69091796875
85.0,63.0,0.6472196509994319,60.5,1476.06640625,37.69091796875
85.0,64.0,0.455698050999672,56.7,1476.0703125,37.69091796875
85.0,65.0,0.4270479320002778,8.2,1476.0703125,37.69091796875
85.0,66.0,0.4274862739994205,8.0,1476.0703125,37.69091796875
85.0,67.0,0.44048905199997535,8.0,1476.0703125,37.69091796875
85.0,68.0,0.4929819730004965,7.1,1476.0703125,37.69091796875
85.0,69.0,0.41330950500014296,9.8,1476.0703125,37.69091796875
85.0,70.0,0.4022889469997608,6.2,1476.07421875,37.69091796875
85.0,71.0,0.4301544770005421,5.8,1476.07421875,37.69091796875
85.0,72.0,0.39469832199938537,10.1,1476.07421875,37.69091796875
85.0,73.0,0.43756369599941536,6.8,1476.07421875,37.69091796875
85.0,74.0,0.619555649999711,5.7,1476.07421875,37.69091796875
85.0,75.0,0.4667441429992323,7.4,1476.07421875,37.69091796875
85.0,76.0,0.49884908000058203,6.1,1476.07421875,37.69091796875
85.0,77.0,0.47579075300018303,12.4,1476.07421875,37.69091796875
85.0,78.0,0.4197422010001901,9.5,1476.07421875,37.69091796875
85.0,79.0,0.42648505000033765,8.1,1476.07421875,37.69091796875
85.0,80.0,0.41171140799997374,8.6,1476.07421875,37.69091796875
85.0,81.0,0.42781919299977744,6.9,1476.07421875,37.69091796875
85.0,82.0,0.44693477300006634,12.4,1476.07421875,37.69091796875
85.0,83.0,0.5869265450000967,5.2,1476.07421875,37.69091796875
85.0,84.0,0.44663605299956544,5.6,1476.07421875,37.69091796875
85.0,85.0,0.43368546499914373,9.2,1476.07421875,37.69091796875
85.0,86.0,0.800168396999652,33.1,1476.07421875,37.69091796875
85.0,87.0,0.46935065199977544,63.4,1476.07421875,37.69091796875
85.0,88.0,0.4745397579999917,61.3,1476.07421875,37.69091796875
85.0,89.0,0.46202580299996043,32.6,1476.07421875,37.69091796875
85.0,90.0,0.4334624729999632,6.8,1476.07421875,37.69091796875
85.0,91.0,0.5143922799998109,7.8,1476.07421875,37.69091796875
85.0,92.0,0.44087369099997886,5.7,1476.07421875,37.69091796875
85.0,93.0,0.5231490329997541,6.8,1476.07421875,37.69091796875
85.0,94.0,0.6626618159998543,4.5,1476.07421875,37.69091796875
85.0,95.0,0.4770256330002667,9.4,1476.07421875,37.69091796875
85.0,96.0,0.5067537819995778,6.9,1476.07421875,37.69091796875
85.0,97.0,0.45711072700032673,13.0,1476.07421875,37.69091796875
85.0,98.0,0.4009532019999824,6.2,1476.07421875,37.69091796875
85.0,99.0,0.44798158800040255,7.8,1476.07421875,37.69091796875
85.0,100.0,0.5857790339996427,6.0,1476.07421875,37.69091796875
86.0,1.0,0.42021438899973873,11.9,1476.07421875,37.69091796875
86.0,2.0,0.48260830199978955,5.3,1476.09375,37.69091796875
86.0,3.0,0.35676321600021765,5.6,1476.09375,37.69091796875
86.0,4.0,0.782501095999578,5.1,1476.67578125,37.69091796875
86.0,5.0,0.4153114490000007,8.4,1476.67578125,37.69091796875
86.0,6.0,1.1675987970002097,4.7,1476.67578125,37.69091796875
86.0,7.0,0.5456316469999365,2.8,1476.67578125,37.69091796875
86.0,8.0,0.720366851000108,50.7,1476.67578125,37.69091796875
86.0,9.0,0.5254425499997524,61.5,1476.67578125,37.69091796875
86.0,10.0,1.0372391149994655,22.7,1476.67578125,37.69091796875
86.0,11.0,0.4391907530007302,5.7,1476.67578125,37.69091796875
86.0,12.0,0.4804491289996804,9.4,1476.67578125,37.69091796875
86.0,13.0,0.4469850089999454,4.5,1476.67578125,37.69091796875
86.0,14.0,0.4138901039996199,6.0,1476.67578125,37.69091796875
86.0,15.0,0.5159130790007112,7.8,1476.67578125,37.69091796875
86.0,16.0,0.44457488900025055,5.7,1476.67578125,37.69091796875
86.0,17.0,0.4148060629995598,8.4,1476.67578125,37.69091796875
86.0,18.0,1.249070357999699,3.6,1476.67578125,37.69091796875
86.0,19.0,0.480487298999833,5.2,1476.67578125,37.69091796875
86.0,20.0,0.7126467349999075,5.6,1476.67578125,37.69091796875
86.0,21.0,0.4878338790003909,8.2,1476.67578125,37.69091796875
86.0,22.0,0.5918009470005927,5.1,1476.67578125,37.69091796875
86.0,23.0,0.4487608249992263,7.9,1476.67578125,37.69091796875
86.0,24.0,0.4987004179993164,6.0,1476.67578125,37.69091796875
86.0,25.0,0.44003215700013243,9.0,1476.67578125,37.69091796875
86.0,26.0,0.6439754459997857,3.9,1476.67578125,37.69091796875
86.0,27.0,0.4043079339999167,8.7,1476.67578125,37.69091796875
86.0,28.0,0.6253920350000044,43.9,1476.67578125,37.69091796875
86.0,29.0,0.5443161299999701,59.6,1476.67578125,37.69091796875
86.0,30.0,0.4594895780001025,61.1,1476.67578125,37.69091796875
86.0,31.0,0.4225073229999907,10.5,1476.67578125,37.69091796875
86.0,32.0,0.4911988140001995,7.1,1476.67578125,37.69091796875
86.0,33.0,0.5718532650007546,6.2,1476.67578125,37.69091796875
86.0,34.0,0.5842988559998048,5.1,1476.67578125,37.69091796875
86.0,35.0,0.6120179959998495,5.7,1476.67578125,37.69091796875
86.0,36.0,0.5785609399999885,5.2,1476.67578125,37.69091796875
86.0,37.0,1.170342907000304,7.2,1476.67578125,37.69091796875
86.0,38.0,0.5842766770001617,2.6,1476.67578125,37.69091796875
86.0,39.0,0.456432789000246,12.2,1476.67578125,37.69091796875
86.0,40.0,0.4378969549998146,5.7,1476.67578125,37.69091796875
86.0,41.0,0.422902559999784,8.3,1476.67578125,37.69091796875
86.0,42.0,0.49875880500076164,7.9,1476.67578125,37.69091796875
86.0,43.0,0.5411596160001864,7.3,1476.67578125,37.69091796875
86.0,44.0,0.6097552169994742,6.6,1476.67578125,37.69091796875
86.0,45.0,0.42588784400049917,6.0,1476.67578125,37.69091796875
86.0,46.0,0.4190503740001077,10.7,1476.67578125,37.69091796875
86.0,47.0,0.43429120699966006,6.9,1476.67578125,37.69091796875
86.0,48.0,0.47908943699985684,8.3,1476.67578125,37.69091796875
86.0,49.0,0.4541414609993808,34.1,1476.67578125,37.69091796875
86.0,50.0,0.4941177410000819,59.6,1476.67578125,37.69091796875
86.0,51.0,0.42034118400079024,59.0,1476.67578125,37.69091796875
86.0,52.0,0.68200885799979,39.4,1476.67578125,37.69091796875
86.0,53.0,0.4115274389996557,6.1,1476.67578125,37.69091796875
86.0,54.0,0.46696740700008377,8.5,1476.67578125,37.69091796875
86.0,55.0,0.42686205099926156,6.0,1476.67578125,37.69091796875
86.0,56.0,0.4076023890002034,7.2,1476.67578125,37.69091796875
86.0,57.0,0.4159122529999877,8.4,1476.67578125,37.69091796875
86.0,58.0,0.39238720100001956,6.3,1476.67578125,37.69091796875
86.0,59.0,0.475488523000422,7.4,1476.67578125,37.69091796875
86.0,60.0,0.4473217679997106,6.7,1476.67578125,37.69091796875
86.0,61.0,0.4510212679997494,6.7,1476.67578125,37.69091796875
86.0,62.0,0.6889806740000495,7.2,1476.67578125,37.69091796875
86.0,63.0,0.4413574790005441,8.0,1476.67578125,37.69091796875
86.0,64.0,0.3999350569993112,6.3,1476.67578125,37.69091796875
86.0,65.0,0.48242679800023325,7.2,1476.67578125,37.69091796875
86.0,66.0,0.4367674209997858,6.9,1476.67578125,37.69091796875
86.0,67.0,1.1176640260000568,3.6,1476.67578125,37.69091796875
86.0,68.0,0.47897765200013964,7.4,1476.67578125,37.69091796875
86.0,69.0,0.5273682959996222,5.7,1476.67578125,37.69091796875
86.0,70.0,0.6063380069999766,6.6,1476.67578125,37.69091796875
86.0,71.0,0.497244268999566,5.1,1476.67578125,37.69091796875
86.0,72.0,0.4818781140002102,53.1,1476.67578125,37.69091796875
86.0,73.0,0.4046746180001719,58.0,1476.67578125,37.69091796875
86.0,74.0,0.43587431100058893,59.1,1476.67578125,37.69091796875
86.0,75.0,0.4024852259999534,48.1,1476.67578125,37.69091796875
86.0,76.0,0.4423431699997309,7.9,1476.67578125,37.69091796875
86.0,77.0,0.7076933409998674,5.7,1476.67578125,37.69091796875
86.0,78.0,0.4605144389997804,5.4,1476.67578125,37.69091796875
86.0,79.0,0.44200125699990167,8.9,1476.67578125,37.69091796875
86.0,80.0,0.4114070919995356,4.9,1476.67578125,37.69091796875
86.0,81.0,0.4270717230001537,9.4,1476.67578125,37.69091796875
86.0,82.0,0.399500739999894,7.5,1476.67578125,37.69091796875
86.0,83.0,0.548158393000449,6.4,1476.67578125,37.69091796875
86.0,84.0,0.5072265170001629,5.9,1476.67578125,37.69091796875
86.0,85.0,0.7484020279998731,4.7,1476.67578125,37.69091796875
86.0,86.0,0.4342137569992701,5.8,1476.67578125,37.69091796875
86.0,87.0,0.43267584099976375,8.2,1476.67578125,37.69091796875
86.0,88.0,0.4169583140001123,7.1,1476.67578125,37.69091796875
86.0,89.0,0.523362349999843,10.4,1476.67578125,37.69091796875
86.0,90.0,2.052653470000223,2.7,1476.67578125,37.69091796875
86.0,91.0,0.40596032600024046,6.2,1476.67578125,37.69091796875
86.0,92.0,0.488440501999321,7.2,1476.67578125,37.69091796875
86.0,93.0,0.5144478370002616,62.5,1476.67578125,37.69091796875
86.0,94.0,0.41690894099974685,57.6,1476.67578125,37.69091796875
86.0,95.0,0.857376242999635,42.0,1476.67578125,37.69091796875
86.0,96.0,0.4876423440000508,9.2,1476.67578125,37.69091796875
86.0,97.0,0.4182997140005682,4.8,1476.67578125,37.69091796875
86.0,98.0,0.39216586299971823,11.2,1476.67578125,37.69091796875
86.0,99.0,0.4383035849996304,4.6,1476.67578125,37.69091796875
86.0,100.0,0.4224810880004952,5.9,1476.67578125,37.69091796875
87.0,1.0,0.4019045659997573,10.1,1476.67578125,37.69091796875
87.0,2.0,0.39069187300083286,6.5,1476.67578125,37.69091796875
87.0,3.0,0.41433617299935577,7.1,1476.67578125,37.69091796875
87.0,4.0,0.45727749000070617,5.5,1476.67578125,37.69091796875
87.0,5.0,0.6766073589997177,5.9,1476.67578125,37.69091796875
87.0,6.0,0.5532690820000425,5.4,1476.67578125,37.69091796875
87.0,7.0,0.3863284030003342,9.2,1476.67578125,37.69091796875
87.0,8.0,0.41602430199964147,6.1,1476.67578125,37.69091796875
87.0,9.0,0.42911667699991085,6.9,1476.67578125,37.69091796875
87.0,10.0,2.8288317770002323,2.7,1476.67578125,37.69091796875
87.0,11.0,0.5468644290003795,9.2,1476.67578125,37.69091796875
87.0,12.0,0.42193459999998595,55.4,1476.67578125,37.69091796875
87.0,13.0,0.4669960209994315,61.3,1476.67578125,37.69091796875
87.0,14.0,0.5101059019998502,62.4,1476.67578125,37.69091796875
87.0,15.0,0.4217960360001598,31.8,1476.67578125,37.69091796875
87.0,16.0,0.431610556999658,6.9,1476.67578125,37.69091796875
87.0,17.0,0.47473450400048023,5.3,1476.67578125,37.69091796875
87.0,18.0,0.5184143610003957,6.8,1476.67578125,37.69091796875
87.0,19.0,0.4527318569998897,7.5,1476.67578125,37.69091796875
87.0,20.0,0.44888486900072166,7.9,1476.67578125,37.69091796875
87.0,21.0,0.4915446539998811,5.2,1476.67578125,37.69091796875
87.0,22.0,0.4536125290005657,8.7,1476.67578125,37.69091796875
87.0,23.0,0.6348863909997817,3.9,1476.67578125,37.69091796875
87.0,24.0,0.57917660899966,6.1,1476.67578125,37.69091796875
87.0,25.0,0.4485546449996036,6.7,1476.67578125,37.69091796875
87.0,26.0,2.534262866000063,3.4,1476.67578125,37.69091796875
87.0,27.0,0.5612898429999404,5.4,1476.67578125,37.69091796875
87.0,28.0,0.4805617339998207,7.3,1476.67578125,37.69091796875
87.0,29.0,0.4590687899999466,5.4,1476.67578125,37.69091796875
87.0,30.0,0.38573571799952333,10.3,1476.67578125,37.69091796875
87.0,31.0,0.4128363160007211,13.6,1476.67578125,37.69091796875
87.0,32.0,0.474694556999566,62.1,1476.67578125,37.69091796875
87.0,33.0,0.6233198569998422,56.8,1476.67578125,37.69091796875
87.0,34.0,0.47108746400044765,49.5,1476.67578125,37.69091796875
87.0,35.0,0.47227992199987057,5.3,1476.67578125,37.69091796875
87.0,36.0,0.4302851640004519,9.2,1476.67578125,37.69091796875
87.0,37.0,0.781013358000564,3.2,1476.67578125,37.69091796875
87.0,38.0,0.41729348300032143,9.5,1476.67578125,37.69091796875
87.0,39.0,0.6141085320005004,4.1,1476.67578125,37.69091796875
87.0,40.0,0.4904688089991396,8.1,1476.67578125,37.69091796875
87.0,41.0,0.4263931279992903,4.7,1476.67578125,37.69091796875
87.0,42.0,0.4915397659997325,8.1,1476.67578125,37.69091796875
87.0,43.0,0.7655675790001624,4.6,1476.67578125,37.69091796875
87.0,44.0,0.48240611199980776,9.1,1476.67578125,37.69091796875
87.0,45.0,0.5369806020007672,11.1,1476.67578125,37.69091796875
87.0,46.0,0.4305714950005495,7.1,1476.67578125,37.69091796875
87.0,47.0,2.8919170259996463,2.4,1476.67578125,37.69091796875
87.0,48.0,0.5418315510005414,7.3,1476.67578125,37.69091796875
87.0,49.0,0.47684536700035096,58.1,1476.67578125,37.69091796875
87.0,50.0,0.7952456940001866,59.1,1476.67578125,37.69091796875
87.0,51.0,0.49640823300069314,47.0,1476.67578125,37.69091796875
87.0,52.0,0.42367754400038393,6.0,1476.67578125,37.69091796875
87.0,53.0,0.5379071999996086,8.4,1476.67578125,37.69091796875
87.0,54.0,0.4826123249995362,5.2,1476.67578125,37.69091796875
87.0,55.0,0.421169399000064,9.5,1476.67578125,37.69091796875
87.0,56.0,0.4494608570003038,5.6,1476.67578125,37.69091796875
87.0,57.0,0.4882292749998669,7.1,1476.67578125,37.69091796875
87.0,58.0,0.4432753450000746,7.8,1476.67578125,37.69091796875
87.0,59.0,0.6433564409999235,5.5,1476.67578125,37.69091796875
87.0,60.0,0.42055599200011784,5.9,1476.67578125,37.69091796875
87.0,61.0,0.4129965709998942,9.8,1476.67578125,37.69091796875
87.0,62.0,1.1421360300000742,4.4,1476.67578125,37.69091796875
87.0,63.0,0.7159931590003907,4.9,1476.67578125,37.69091796875
87.0,64.0,0.6310854820003442,7.9,1476.67578125,37.69091796875
87.0,65.0,0.5498509290000584,6.4,1476.67578125,37.69091796875
87.0,66.0,0.5065535759995328,5.9,1476.67578125,37.69091796875
87.0,67.0,0.47221797299971513,7.4,1476.67578125,37.69091796875
87.0,68.0,0.45415813099953084,6.6,1476.67578125,37.69091796875
87.0,69.0,0.8575903749997451,22.2,1476.67578125,37.69091796875
87.0,70.0,1.0403329399996437,57.0,1476.67578125,37.69091796875
87.0,71.0,0.6117790819998845,26.2,1476.67578125,37.69091796875
87.0,72.0,0.6799399640003685,5.9,1476.67578125,37.69091796875
87.0,73.0,0.5473884120001458,18.3,1476.67578125,37.69091796875
87.0,74.0,0.43594667699926504,5.7,1476.67578125,37.69091796875
87.0,75.0,0.472914961999777,8.4,1476.67578125,37.69091796875
87.0,76.0,0.7966999549998945,3.8,1476.67578125,37.69091796875
87.0,77.0,0.44309070500003145,8.9,1476.67578125,37.69091796875
87.0,78.0,0.4675730789995214,5.4,1476.67578125,37.69091796875
87.0,79.0,1.352814440999282,4.1,1476.67578125,37.69091796875
87.0,80.0,0.4947529270002633,6.1,1476.67578125,37.69091796875
87.0,81.0,0.4315110799998365,6.9,1476.67578125,37.69091796875
87.0,82.0,0.560361513999851,7.2,1476.67578125,37.69091796875
87.0,83.0,0.4491415810007311,6.7,1476.67578125,37.69091796875
87.0,84.0,11.63000921099956,8.7,1476.67578125,37.69091796875
87.0,85.0,0.7184456909999426,5.6,1476.67578125,37.69091796875
87.0,86.0,0.6323922359997596,4.8,1476.67578125,37.69091796875
87.0,87.0,0.612836143000095,7.3,1476.67578125,37.69091796875
87.0,88.0,0.5026986080001734,29.3,1476.67578125,37.69091796875
87.0,89.0,1.049920108999686,56.5,1476.67578125,37.69091796875
87.0,90.0,1.6882051439997667,12.2,1476.67578125,37.69091796875
87.0,91.0,0.4998778510007469,8.0,1476.67578125,37.69091796875
87.0,92.0,0.4405104859997664,9.2,1476.67578125,37.69091796875
87.0,93.0,0.5127075780001178,4.9,1476.67578125,37.69091796875
87.0,94.0,0.5082075989994337,7.8,1476.67578125,37.69091796875
87.0,95.0,0.5047818019993429,6.0,1476.67578125,37.69091796875
87.0,96.0,0.4629486289995839,7.5,1476.67578125,37.69091796875
87.0,97.0,0.5918266869994113,4.2,1476.67578125,37.69091796875
87.0,98.0,0.5350258789994768,10.3,1476.67578125,37.69091796875
87.0,99.0,0.47695698299958167,6.3,1476.67578125,37.69091796875
87.0,100.0,0.5415507600000637,7.4,1476.67578125,37.69091796875
88.0,1.0,0.4327184439998746,8.0,1476.67578125,37.69091796875
88.0,2.0,0.4215030810000826,6.0,1476.67578125,37.69091796875
88.0,3.0,0.4746350679997704,5.3,1476.67578125,37.69091796875
88.0,4.0,0.5068481380003504,8.8,1476.67578125,37.69091796875
88.0,5.0,0.4724888459995782,6.5,1476.67578125,37.69091796875
88.0,6.0,0.4777108620000945,8.4,1476.67578125,37.69091796875
88.0,7.0,0.4012423789999957,7.4,1476.67578125,37.69091796875
88.0,8.0,0.4874059539997688,33.0,1476.67578125,37.69091796875
88.0,9.0,1.5399797089994536,48.9,1476.67578125,37.69091796875
88.0,10.0,0.645682633999968,6.2,1476.67578125,37.69091796875
88.0,11.0,0.6387740899999699,4.7,1476.67578125,37.69091796875
88.0,12.0,1.3591863720002948,4.1,1476.67578125,37.69091796875
88.0,13.0,0.4375943129998632,6.8,1476.67578125,37.69091796875
88.0,14.0,0.8785685810007635,5.1,1476.67578125,37.69091796875
88.0,15.0,1.3756449960001191,4.0,1476.67578125,37.69091796875
88.0,16.0,0.701550374999897,7.1,1476.67578125,37.69091796875
88.0,17.0,0.6274554659994465,6.4,1476.67578125,37.69091796875
88.0,18.0,0.6079482159993859,4.1,1476.67578125,37.69091796875
88.0,19.0,1.0917108220000955,5.0,1476.67578125,37.69091796875
88.0,20.0,0.6726562359999662,7.5,1476.67578125,37.69091796875
88.0,21.0,0.7675906929998746,7.9,1476.67578125,37.69091796875
88.0,22.0,0.628302103000351,57.1,1476.67578125,37.69091796875
88.0,23.0,0.630302761999701,59.8,1476.67578125,37.69091796875
88.0,24.0,0.6318058999995628,25.4,1476.67578125,37.69091796875
88.0,25.0,0.5724439700006769,8.8,1476.67578125,37.69091796875
88.0,26.0,0.5780207600000722,6.9,1476.67578125,37.69091796875
88.0,27.0,0.473481152000204,6.3,1476.67578125,37.69091796875
88.0,28.0,0.6719868620002671,5.9,1476.67578125,37.69091796875
88.0,29.0,0.47932238199973654,10.5,1476.67578125,37.69091796875
88.0,30.0,0.6278787730007025,6.3,1476.67578125,37.69091796875
88.0,31.0,0.6880163510004422,5.1,1476.67578125,37.69091796875
88.0,32.0,0.6169152649999887,8.9,1476.67578125,37.69091796875
88.0,33.0,0.6458632720004971,6.2,1476.67578125,37.69091796875
88.0,34.0,0.6272368569998434,5.5,1476.67578125,37.69091796875
88.0,35.0,0.5228438189997178,7.8,1476.67578125,37.69091796875
88.0,36.0,0.7835472950000621,4.5,1476.67578125,37.69091796875
88.0,37.0,0.5093116090001786,5.9,1476.67578125,37.69091796875
88.0,38.0,0.6538416449993747,5.4,1476.67578125,37.69091796875
88.0,39.0,0.6270409100006873,4.0,1476.67578125,37.69091796875
88.0,40.0,0.7789140430004409,26.0,1476.67578125,37.69091796875
88.0,41.0,0.6292418459997862,58.3,1476.67578125,37.69091796875
88.0,42.0,0.7143617359997734,47.9,1476.67578125,37.69091796875
88.0,43.0,0.6162965110006553,7.3,1476.67578125,37.69091796875
88.0,44.0,0.7229121540003689,4.8,1476.67578125,37.69091796875
88.0,45.0,0.573220579000008,4.4,1476.67578125,37.69091796875
88.0,46.0,0.7893137329992896,5.7,1476.67578125,37.69091796875
88.0,47.0,0.671143339000082,6.0,1476.67578125,37.69091796875
88.0,48.0,0.453810230000272,7.6,1476.67578125,37.69091796875
88.0,49.0,0.5550584220000019,6.4,1476.67578125,37.69091796875
88.0,50.0,0.5830918000001475,5.9,1476.67578125,37.69091796875
88.0,51.0,0.6115771000004315,6.6,1476.67578125,37.69091796875
88.0,52.0,0.47493951700016623,5.3,1476.67578125,37.69091796875
88.0,53.0,0.4522391479995349,9.9,1476.67578125,37.69091796875
88.0,54.0,0.4830535379996945,4.2,1476.67578125,37.69091796875
88.0,55.0,0.45391665999977704,8.8,1476.67578125,37.69091796875
88.0,56.0,0.4949616980002247,5.1,1476.67578125,37.69091796875
88.0,57.0,0.4521848840004168,7.8,1476.67578125,37.69091796875
88.0,58.0,0.45582713699968735,6.5,1476.67578125,37.69091796875
88.0,59.0,0.7651908210000329,4.6,1476.67578125,37.69091796875
88.0,60.0,0.6623592920004739,43.9,1476.67578125,37.69091796875
88.0,61.0,0.43004529399968305,57.0,1476.67578125,37.69091796875
88.0,62.0,0.5198122789997797,62.1,1476.67578125,37.69091796875
88.0,63.0,0.6873861980002403,17.5,1476.67578125,37.69091796875
88.0,64.0,0.4942699760003961,7.1,1476.67578125,37.69091796875
88.0,65.0,0.5120431340001232,5.8,1476.67578125,37.69091796875
88.0,66.0,1.1148048969998854,12.1,1476.67578125,37.69091796875
88.0,67.0,0.7100920109996878,5.7,1476.67578125,37.69091796875
88.0,68.0,0.44837514299979375,6.7,1476.67578125,37.69091796875
88.0,69.0,0.581817276000038,6.0,1476.67578125,37.69091796875
88.0,70.0,0.4911815369996475,7.1,1476.67578125,37.69091796875
88.0,71.0,0.5121629479999683,7.8,1476.67578125,37.69091796875
88.0,72.0,0.5274965649996375,2.9,1476.67578125,37.69091796875
88.0,73.0,0.4493345880000561,9.9,1476.67578125,37.69091796875
88.0,74.0,0.44052579999970476,6.9,1476.67578125,37.69091796875
88.0,75.0,0.4984910109997145,7.1,1476.67578125,37.69091796875
88.0,76.0,0.5881905969999934,5.8,1476.67578125,37.69091796875
88.0,77.0,0.4581542169999011,7.7,1476.67578125,37.69091796875
88.0,78.0,0.44850594499985164,5.7,1476.67578125,37.69091796875
88.0,79.0,0.4347630479996951,6.8,1476.67578125,37.69091796875
88.0,80.0,0.4276622219995261,8.2,1476.67578125,37.69091796875
88.0,81.0,0.4662387070002296,30.9,1476.67578125,37.69091796875
88.0,82.0,0.46618818899969483,61.7,1476.67578125,37.69091796875
88.0,83.0,0.5992554409995137,59.3,1476.67578125,37.69091796875
88.0,84.0,1.386198878999494,16.0,1476.67578125,37.69091796875
88.0,85.0,0.4104906789998495,6.1,1476.67578125,37.69091796875
88.0,86.0,0.5789935349994266,7.6,1476.67578125,37.69091796875
88.0,87.0,0.41880019800009904,6.0,1476.67578125,37.69091796875
88.0,88.0,0.5452253129997189,6.5,1476.67578125,37.69091796875
88.0,89.0,0.4442878280005971,6.7,1476.67578125,37.69091796875
88.0,90.0,0.43174981999982265,9.2,1476.67578125,37.69091796875
88.0,91.0,0.43876039199949446,5.8,1476.67578125,37.69091796875
88.0,92.0,0.870484303000012,4.6,1476.67578125,37.69091796875
88.0,93.0,0.5238323809999201,7.6,1476.67578125,37.69091796875
88.0,94.0,0.4857352169992737,6.2,1476.67578125,37.69091796875
88.0,95.0,0.4428128680001464,6.7,1476.67578125,37.69091796875
88.0,96.0,0.5165207580002971,7.7,1476.67578125,37.69091796875
88.0,97.0,0.4615542009996716,3.3,1476.67578125,37.69091796875
88.0,98.0,0.5322512580005423,7.5,1476.67578125,37.69091796875
88.0,99.0,0.44872168300025805,6.7,1476.67578125,37.69091796875
88.0,100.0,0.9881163070003822,5.6,1476.67578125,37.69091796875
89.0,1.0,0.51276388199949,24.0,1476.67578125,37.69091796875
89.0,2.0,0.7492121510003926,58.3,1476.67578125,37.69091796875
89.0,3.0,0.6482768590003616,54.7,1476.67578125,37.69091796875
89.0,4.0,0.5335638590004237,6.5,1476.67578125,37.69091796875
89.0,5.0,0.4512877680008387,10.1,1476.67578125,37.69091796875
89.0,6.0,2.545537809999587,2.8,1476.67578125,37.69091796875
89.0,7.0,2.708260024000083,2.4,1476.67578125,37.69091796875
89.0,8.0,0.504385280999486,7.8,1476.67578125,37.69091796875
89.0,9.0,0.5445676030003597,4.6,1476.67578125,37.69091796875
89.0,10.0,0.9534745099999782,4.7,1476.67578125,37.69091796875
89.0,11.0,0.6308546069994918,6.3,1476.67578125,37.69091796875
89.0,12.0,0.4355086810001012,5.8,1476.67578125,37.69091796875
89.0,13.0,2.7568817159999526,30.4,1476.67578125,37.69091796875
89.0,14.0,0.5148758939994877,8.7,1476.67578125,37.69091796875
89.0,15.0,0.5804256940000414,4.3,1476.67578125,37.69091796875
89.0,16.0,0.7851239769997846,5.1,1476.67578125,37.69091796875
89.0,17.0,0.4552035570004591,5.5,1476.67578125,37.69091796875
89.0,18.0,0.5670111680001355,7.0,1476.67578125,37.69091796875
89.0,19.0,0.5833865570002672,6.0,1476.67578125,37.69091796875
89.0,20.0,0.5421906049996323,8.3,1476.67578125,37.69091796875
89.0,21.0,0.6798661119992175,5.9,1476.67578125,37.69091796875
89.0,22.0,0.4432075190006799,5.7,1476.67578125,37.69091796875
89.0,23.0,0.45328089899976476,8.8,1476.67578125,37.69091796875
89.0,24.0,0.3587388240002838,2.8,1476.67578125,37.69091796875
89.0,25.0,0.436319770999944,14.9,1476.67578125,37.69091796875
89.0,26.0,0.4360160270007327,9.1,1476.67578125,37.69091796875
89.0,27.0,0.44435396199969546,5.6,1476.67578125,37.69091796875
89.0,28.0,0.4274953079993793,9.4,1476.67578125,37.69091796875
89.0,29.0,0.6193782239997745,4.9,1476.67578125,37.69091796875
89.0,30.0,0.48183818600045925,7.3,1476.67578125,37.69091796875
89.0,31.0,0.45605429599982017,10.8,1476.67578125,37.69091796875
89.0,32.0,0.7575366649998614,60.9,1476.67578125,37.69091796875
89.0,33.0,0.6494956070000626,56.7,1476.67578125,37.69091796875
89.0,34.0,0.4558022700002766,22.8,1476.67578125,37.69091796875
89.0,35.0,0.4981094730001132,5.9,1476.67578125,37.69091796875
89.0,36.0,0.48768057800043607,8.2,1476.67578125,37.69091796875
89.0,37.0,0.48799593500007177,5.2,1476.67578125,37.69091796875
89.0,38.0,0.4216034720002426,9.4,1476.67578125,37.69091796875
89.0,39.0,0.5658304540002064,8.9,1476.67578125,37.69091796875
89.0,40.0,0.47849256500012416,10.5,1476.67578125,37.69091796875
89.0,41.0,0.4218814209998527,5.9,1476.67578125,37.69091796875
89.0,42.0,0.5949730640004418,6.7,1476.67578125,37.69091796875
89.0,43.0,0.6103772480000771,9.9,1476.67578125,37.69091796875
89.0,44.0,0.5746428810007274,13.8,1476.67578125,37.69091796875
89.0,45.0,0.7037762740001199,6.4,1476.67578125,37.69091796875
89.0,46.0,0.44208069700016495,6.8,1476.67578125,37.69091796875
89.0,47.0,0.42237272599959397,7.1,1476.67578125,37.69091796875
89.0,48.0,0.46090119799919194,8.7,1476.67578125,37.69091796875
89.0,49.0,1.1212360760000593,4.0,1476.67578125,37.69091796875
89.0,50.0,0.42919326500032184,5.9,1476.67578125,37.69091796875
89.0,51.0,0.529169722000006,8.4,1476.67578125,37.69091796875
89.0,52.0,0.4302291320000222,11.8,1476.67578125,37.69091796875
89.0,53.0,0.6349648579998757,59.8,1476.67578125,37.69091796875
89.0,54.0,0.5248521720004646,62.3,1476.67578125,37.69091796875
89.0,55.0,0.4469045780006127,50.0,1476.67578125,37.69091796875
89.0,56.0,0.6011770029999752,6.6,1476.67578125,37.69091796875
89.0,57.0,1.268197708000116,3.2,1476.67578125,37.69091796875
89.0,58.0,0.52122288999999,4.9,1476.67578125,37.69091796875
89.0,59.0,0.4975437310004054,9.9,1476.67578125,37.69091796875
89.0,60.0,0.5535238699994807,4.5,1476.67578125,37.69091796875
89.0,61.0,0.8972579999999653,5.0,1476.67578125,37.69091796875
89.0,62.0,0.4757262189996254,8.4,1476.92578125,37.69091796875
89.0,63.0,0.6211857050002436,4.0,1476.92578125,37.69091796875
89.0,64.0,0.4691213129999596,8.4,1476.92578125,37.69091796875
89.0,65.0,1.1619188160002523,3.0,1476.92578125,37.69091796875
89.0,66.0,0.6366815110004609,6.3,1476.92578125,37.69091796875
89.0,67.0,0.44831936599985056,5.6,1476.92578125,37.69091796875
89.0,68.0,0.45061940999949,5.6,1476.92578125,37.69091796875
89.0,69.0,0.7978500359995451,5.0,1476.92578125,37.69091796875
89.0,70.0,0.5102953429995978,12.5,1476.92578125,37.69091796875
89.0,71.0,0.4888792399997328,58.3,1476.92578125,37.69091796875
89.0,72.0,0.6868122989999392,58.8,1476.92578125,37.69091796875
89.0,73.0,0.45101713500025653,41.8,1476.92578125,37.69091796875
89.0,74.0,0.5881592589994398,6.0,1476.92578125,37.69091796875
89.0,75.0,0.41584129900002154,7.1,1476.92578125,37.69091796875
89.0,76.0,0.6649346180001885,6.8,1476.92578125,37.69091796875
89.0,77.0,0.6428193029996692,7.9,1476.92578125,37.69091796875
89.0,78.0,0.6215787159999309,8.0,1476.92578125,37.69091796875
89.0,79.0,0.4363098320000063,9.1,1476.92578125,37.69091796875
89.0,80.0,0.43776497099952394,5.8,1476.92578125,37.69091796875
89.0,81.0,0.48787336599980335,8.2,1476.92578125,37.69091796875
89.0,82.0,0.4798395050002,7.3,1476.92578125,37.69091796875
89.0,83.0,0.5224110629997085,6.7,1476.92578125,37.69091796875
89.0,84.0,0.7095144109998728,7.8,1476.92578125,37.69091796875
89.0,85.0,0.8833536140000433,5.6,1476.92578125,37.69091796875
89.0,86.0,0.4521733680003308,6.7,1476.92578125,37.69091796875
89.0,87.0,0.5577004070000839,8.9,1476.92578125,37.69091796875
89.0,88.0,0.5889088699996137,7.6,1476.92578125,37.69091796875
89.0,89.0,0.4535482579995005,5.6,1476.92578125,37.69091796875
89.0,90.0,0.43746559100054583,5.8,1476.92578125,37.69091796875
89.0,91.0,0.44031886300035694,15.7,1476.92578125,37.69091796875
89.0,92.0,0.4902075899999545,59.6,1476.92578125,37.69091796875
89.0,93.0,0.4258858370003509,60.7,1476.92578125,37.69091796875
89.0,94.0,0.4339973669993924,62.8,1476.92578125,37.69091796875
89.0,95.0,0.43735624100008863,25.3,1476.92578125,37.69091796875
89.0,96.0,0.6498021019997395,5.4,1476.92578125,37.69091796875
89.0,97.0,0.7185586030000195,5.6,1476.92578125,37.69091796875
89.0,98.0,1.9271948539999357,3.6,1476.92578125,37.69091796875
89.0,99.0,0.45928740900035336,8.6,1476.92578125,37.69091796875
89.0,100.0,0.6915213859992946,5.1,1476.92578125,37.69091796875
90.0,1.0,0.48526011899957666,8.2,1476.92578125,37.69091796875
90.0,2.0,2.6263052840004093,3.2,1476.92578125,37.69091796875
90.0,3.0,0.5829234599996198,6.9,1476.92578125,37.69091796875
90.0,4.0,0.45211411099990073,5.6,1476.92578125,37.69091796875
90.0,5.0,0.45625974999984464,9.7,1476.92578125,37.69091796875
90.0,6.0,0.6881243790003282,9.6,1476.92578125,37.69091796875
90.0,7.0,0.6734461410005679,58.5,1476.92578125,37.69091796875
90.0,8.0,0.6479111789994931,58.6,1476.92578125,37.69091796875
90.0,9.0,0.48950033400069515,25.5,1476.92578125,37.69091796875
90.0,10.0,0.4199562679996234,6.0,1476.92578125,37.69091796875
90.0,11.0,0.6000953990005655,6.7,1476.92578125,37.69091796875
90.0,12.0,0.43431195199991635,6.9,1476.92578125,37.69091796875
90.0,13.0,0.45475907900072343,8.8,1476.92578125,37.69091796875
90.0,14.0,0.4180196719999003,7.2,1476.92578125,37.69091796875
90.0,15.0,0.4830284159997973,8.2,1476.92578125,37.69091796875
90.0,16.0,0.4763388900000791,5.3,1476.92578125,37.69091796875
90.0,17.0,0.4910788759998468,13.1,1476.92578125,37.69091796875
90.0,18.0,0.43925607400069566,5.7,1476.92578125,37.69091796875
90.0,19.0,0.41931624800054124,6.0,1476.92578125,37.69091796875
90.0,20.0,0.46067829799994797,14.1,1476.92578125,37.69091796875
90.0,21.0,1.5523291770005017,2.9,1476.92578125,37.69091796875
90.0,22.0,0.7462937079999392,5.4,1476.92578125,37.69091796875
90.0,23.0,0.43661158200029604,9.2,1476.92578125,37.69091796875
90.0,24.0,0.4365262379997148,5.7,1476.92578125,37.69091796875
90.0,25.0,0.44191844499982835,6.8,1476.92578125,37.69091796875
90.0,26.0,0.529823356999259,10.4,1476.92578125,37.69091796875
90.0,27.0,0.39586337200034905,6.3,1476.92578125,37.69091796875
90.0,28.0,0.4198420400007308,65.5,1476.92578125,37.69091796875
90.0,29.0,0.9530555460005417,56.9,1476.92578125,37.69091796875
90.0,30.0,0.480975330999172,32.0,1476.92578125,37.69091796875
90.0,31.0,0.6172514979998596,10.7,1476.92578125,37.69091796875
90.0,32.0,0.5367992789997516,5.6,1476.92578125,37.69091796875
90.0,33.0,0.7596073550002984,5.9,1476.92578125,37.69091796875
90.0,34.0,0.4414312389999395,6.7,1476.92578125,37.69091796875
90.0,35.0,0.522427930000049,9.7,1476.92578125,37.69091796875
90.0,36.0,0.5851356980001583,6.8,1476.92578125,37.69091796875
90.0,37.0,0.4899982920005641,6.1,1476.92578125,37.69091796875
90.0,38.0,0.7142528650001623,5.6,1476.98046875,37.69091796875
90.0,39.0,0.593301371999587,5.9,1476.98046875,37.69091796875
90.0,40.0,0.40771236499949737,9.8,1476.98046875,37.69091796875
90.0,41.0,0.697469495000405,5.0,1476.98046875,37.69091796875
90.0,42.0,0.4640912839995508,8.7,1476.98046875,37.69091796875
90.0,43.0,0.4695068609998998,5.4,1476.98046875,37.69091796875
90.0,44.0,0.5124859150000702,9.6,1476.98046875,37.69091796875
90.0,45.0,0.4400870679992295,5.7,1476.98046875,37.69091796875
90.0,46.0,0.4977126389994737,7.1,1476.98046875,37.69091796875
90.0,47.0,0.4130555389992878,7.2,1476.98046875,37.69091796875
90.0,48.0,0.6326328409995767,15.1,1476.98046875,37.69091796875
90.0,49.0,0.42390694900041126,60.0,1476.98046875,37.69091796875
90.0,50.0,0.5287772819992824,60.0,1476.98046875,37.69091796875
90.0,51.0,0.41575589400054014,61.0,1476.98046875,37.69091796875
90.0,52.0,0.4499910620006631,21.1,1476.98046875,37.69091796875
90.0,53.0,0.45972633399924234,6.5,1476.98046875,37.69091796875
90.0,54.0,0.4807733859997825,5.3,1476.98046875,37.69091796875
90.0,55.0,0.5375195920005353,11.0,1476.98046875,37.69091796875
90.0,56.0,0.4302513960001306,9.3,1476.98046875,37.69091796875
90.0,57.0,0.45329112199942756,7.7,1476.98046875,37.69091796875
90.0,58.0,0.4095297080002638,7.4,1476.98046875,37.69091796875
90.0,59.0,0.5627448140003253,7.1,1476.98046875,37.69091796875
90.0,60.0,1.7653912380001202,4.5,1476.98046875,37.69091796875
90.0,61.0,0.5579322879993924,4.5,1476.98046875,37.69091796875
90.0,62.0,0.4042008540000097,11.0,1476.98046875,37.69091796875
90.0,63.0,0.7787755040008051,11.6,1476.98046875,37.69091796875
90.0,64.0,0.45629345099951024,8.7,1476.98046875,37.69091796875
90.0,65.0,0.5754150039992965,5.3,1476.98046875,37.69091796875
90.0,66.0,0.6250092950003818,6.4,1476.98046875,37.69091796875
90.0,67.0,0.41528304099938396,9.4,1476.98046875,37.69091796875
90.0,68.0,0.470404163999774,13.8,1476.98046875,37.69091796875
90.0,69.0,0.4490392959996825,36.0,1476.98046875,37.69091796875
90.0,70.0,0.6826175509995664,56.9,1476.98046875,37.69091796875
90.0,71.0,0.43965549299991835,60.9,1476.98046875,37.69091796875
90.0,72.0,2.8535824639993734,5.6,1476.98046875,37.69091796875
90.0,73.0,2.314388646000225,2.6,1476.98046875,37.69091796875
90.0,74.0,0.4788520720003362,6.3,1476.98046875,37.69091796875
90.0,75.0,0.4162550070004727,7.2,1476.98046875,37.69091796875
90.0,76.0,0.43765036999957374,8.0,1476.98046875,37.69091796875
90.0,77.0,0.6331068839999716,4.7,1476.98046875,37.69091796875
90.0,78.0,0.4568664409998746,7.8,1476.98046875,37.69091796875
90.0,79.0,0.7928081979998751,10.7,1476.98046875,37.69091796875
90.0,80.0,3.035660759000166,24.5,1476.98046875,37.69091796875
90.0,81.0,0.5466164979998211,36.4,1476.98046875,37.69091796875
90.0,82.0,0.4036899349994201,5.0,1476.98046875,37.69091796875
90.0,83.0,0.4187723420000111,8.4,1476.98046875,37.69091796875
90.0,84.0,0.41859081399979914,7.1,1476.98046875,37.69091796875
90.0,85.0,0.5530241520000345,6.4,1476.98046875,37.69091796875
90.0,86.0,0.4485799889998816,5.7,1476.98046875,37.69091796875
90.0,87.0,0.43825322700013203,8.0,1476.98046875,37.69091796875
90.0,88.0,0.44623929299996234,6.7,1476.98046875,37.69091796875
90.0,89.0,0.4425171869997939,10.1,1476.98046875,37.69091796875
90.0,90.0,0.48916184100016835,8.2,1476.98046875,37.69091796875
90.0,91.0,0.4791439110003921,6.2,1476.98046875,37.69091796875
90.0,92.0,0.47543155800030945,8.4,1476.98046875,37.69091796875
90.0,93.0,0.6592875559999811,6.1,1476.98046875,37.69091796875
90.0,94.0,0.4481465429998934,6.7,1476.98046875,37.69091796875
90.0,95.0,0.4304160370002137,5.8,1476.98046875,37.69091796875
90.0,96.0,0.8104352410000502,5.0,1476.98046875,37.69091796875
90.0,97.0,0.5271429470003568,7.6,1476.98046875,37.69091796875
90.0,98.0,0.43652418900001067,6.7,1476.98046875,37.69091796875
90.0,99.0,0.6532085819999338,6.2,1476.98046875,37.69091796875
90.0,100.0,0.42309426400061056,7.1,1477.0234375,37.69091796875
91.0,1.0,0.47837654300019494,65.4,1480.921875,37.69091796875
91.0,2.0,0.8183352080004624,58.6,1480.921875,37.69091796875
91.0,3.0,0.7011351820001437,11.4,1480.921875,37.69091796875
91.0,4.0,0.6870759710000129,3.6,1480.921875,37.69091796875
91.0,5.0,0.4262784239999746,11.5,1480.921875,37.69091796875
91.0,6.0,0.42747453700030746,5.9,1480.921875,37.69091796875
91.0,7.0,0.4507312239993553,8.9,1480.921875,37.69091796875
91.0,8.0,0.4714380550003625,6.3,1480.921875,37.69091796875
91.0,9.0,0.4388099409998176,5.7,1480.921875,37.69091796875
91.0,10.0,0.4123492759999863,12.0,1480.921875,37.69091796875
91.0,11.0,0.6398914290002722,4.7,1480.921875,37.69091796875
91.0,12.0,0.6096391579994815,8.2,1480.921875,37.69091796875
91.0,13.0,0.41064488499978324,13.6,1480.921875,37.69091796875
91.0,14.0,0.6489052489996538,9.2,1480.921875,37.69091796875
91.0,15.0,0.4150334389996715,10.7,1480.921875,37.69091796875
91.0,16.0,0.3916470369995295,6.4,1480.921875,37.69091796875
91.0,17.0,0.558890381999845,4.5,1480.921875,37.69091796875
91.0,18.0,2.15990533600052,3.5,1480.921875,37.69091796875
91.0,19.0,0.439236828000503,38.6,1480.921875,37.69091796875
91.0,20.0,0.4857216749996951,58.2,1480.921875,37.69091796875
91.0,21.0,0.6209651499993925,60.2,1480.921875,37.69091796875
91.0,22.0,0.6314279059997716,30.7,1480.921875,37.69091796875
91.0,23.0,0.5882535580003605,5.1,1480.921875,37.69091796875
91.0,24.0,0.48106199799985916,8.3,1480.921875,37.69091796875
91.0,25.0,0.40053135600010137,2.5,1480.921875,37.69091796875
91.0,26.0,0.5658268160004809,7.1,1480.921875,37.69091796875
91.0,27.0,0.5571026140005415,4.5,1480.921875,37.69091796875
91.0,28.0,0.423065396000311,9.5,1480.921875,37.69091796875
91.0,29.0,0.40436264800064237,8.4,1480.921875,37.69091796875
91.0,30.0,1.3585145260003628,3.3,1480.921875,37.69091796875
91.0,31.0,0.5653647809995164,9.6,1480.921875,37.69091796875
91.0,32.0,0.420604815999468,6.1,1480.921875,37.69091796875
91.0,33.0,0.47747616200013,8.3,1480.921875,37.69091796875
91.0,34.0,0.4246032049995847,7.0,1480.921875,37.69091796875
91.0,35.0,0.6199464479996095,5.7,1480.921875,37.69091796875
91.0,36.0,0.47509251199971914,4.3,1480.921875,37.69091796875
91.0,37.0,0.402125395999974,9.9,1480.921875,37.69091796875
91.0,38.0,0.3986998009995659,6.3,1480.921875,37.69091796875
91.0,39.0,0.42864600000029895,8.1,1480.921875,37.69091796875
91.0,40.0,0.42615160000059404,8.1,1480.921875,37.69091796875
91.0,41.0,0.3958941290002258,46.2,1480.921875,37.69091796875
91.0,42.0,0.45648174799953267,59.8,1480.921875,37.69091796875
91.0,43.0,0.6296902190006222,59.2,1480.921875,37.69091796875
91.0,44.0,0.45472805600002175,24.2,1480.921875,37.69091796875
91.0,45.0,0.47716985600072803,17.5,1480.921875,37.69091796875
91.0,46.0,0.438754026999959,8.0,1480.921875,37.69091796875
91.0,47.0,0.5791050930001802,5.2,1480.921875,37.69091796875
91.0,48.0,0.43857238900000084,8.0,1480.921875,37.69091796875
91.0,49.0,0.5676242350000393,7.8,1480.921875,37.69091796875
91.0,50.0,0.4702849250006693,7.4,1480.921875,37.69091796875
91.0,51.0,0.40604856299978564,7.4,1480.921875,37.69091796875
91.0,52.0,0.45029894199979026,7.9,1480.921875,37.69091796875
91.0,53.0,0.40165474800051015,7.5,1480.921875,37.69091796875
91.0,54.0,0.45695262199933495,5.4,1480.921875,37.69091796875
91.0,55.0,0.45018424299996695,7.8,1480.921875,37.69091796875
91.0,56.0,0.41565877299944987,7.1,1480.921875,37.69091796875
91.0,57.0,0.6229848409993792,5.6,1480.921875,37.69091796875
91.0,58.0,0.4350834840006428,8.0,1480.921875,37.69091796875
91.0,59.0,0.4012180500003524,8.7,1480.921875,37.69091796875
91.0,60.0,0.4129016059996502,7.3,1480.921875,37.69091796875
91.0,61.0,0.4709179449992007,8.6,1480.921875,37.69091796875
91.0,62.0,0.8170815820003554,4.3,1480.921875,37.69091796875
91.0,63.0,0.6450301300001229,6.2,1480.921875,37.69091796875
91.0,64.0,0.530418899000324,34.0,1480.921875,37.69091796875
91.0,65.0,0.40690610900037427,57.5,1480.921875,37.69091796875
91.0,66.0,0.42282485900068423,56.5,1480.921875,37.69091796875
91.0,67.0,0.47227743700022984,53.2,1480.921875,37.69091796875
91.0,68.0,0.4493986560000849,7.8,1480.921875,37.69091796875
91.0,69.0,0.49208341000030487,15.2,1480.921875,37.69091796875
91.0,70.0,0.43589238899949123,15.1,1480.921875,37.69091796875
91.0,71.0,0.4441514019999886,9.0,1480.921875,37.69091796875
91.0,72.0,0.40425365600003715,9.8,1480.921875,37.69091796875
91.0,73.0,0.3784076210004059,1.3,1480.921875,37.69091796875
91.0,74.0,0.4009890839997752,10.0,1480.921875,37.69091796875
91.0,75.0,0.3709114770008455,8.1,1480.921875,37.69091796875
91.0,76.0,0.43585108400020545,6.9,1480.921875,37.69091796875
91.0,77.0,0.42553804500039405,11.6,1480.921875,37.69091796875
91.0,78.0,0.5171169860004738,4.9,1480.921875,37.69091796875
91.0,79.0,0.41632255600052304,11.0,1480.921875,37.69091796875
91.0,80.0,0.6543572219998168,7.6,1480.921875,37.69091796875
91.0,81.0,0.5215924080002878,5.8,1480.921875,37.69091796875
91.0,82.0,0.4649708549995921,5.4,1480.921875,37.69091796875
91.0,83.0,0.474380181000015,12.6,1480.921875,37.69091796875
91.0,84.0,0.4656885969998257,6.4,1480.921875,37.69091796875
91.0,85.0,0.411509604999992,8.8,1480.921875,37.69091796875
91.0,86.0,0.8646094310006447,4.6,1480.921875,37.69091796875
91.0,87.0,1.4115826229999584,23.8,1480.921875,37.69091796875
91.0,88.0,0.4290037830005531,58.6,1480.921875,37.69091796875
91.0,89.0,0.48428242499994667,68.4,1480.921875,37.69091796875
91.0,90.0,0.45801476199994795,22.0,1480.921875,37.69091796875
91.0,91.0,0.5383251669991296,10.2,1480.921875,37.69091796875
91.0,92.0,0.8355267580000145,6.0,1480.921875,37.69091796875
91.0,93.0,0.42508255499978986,4.8,1480.921875,37.69091796875
91.0,94.0,0.4368555009996271,10.2,1480.921875,37.69091796875
91.0,95.0,1.2638814990004903,3.2,1480.921875,37.69091796875
91.0,96.0,0.42430925900043803,9.4,1480.921875,37.69091796875
91.0,97.0,0.4493336540008386,14.3,1480.921875,37.69091796875
91.0,98.0,0.4912331699997594,5.1,1480.921875,37.69091796875
91.0,99.0,0.40153622800062294,8.8,1480.921875,37.69091796875
91.0,100.0,0.47530536399972334,9.5,1480.921875,37.69091796875
92.0,1.0,0.4223122630000944,11.9,1480.921875,37.69091796875
92.0,2.0,0.43045116200028133,16.1,1480.921875,37.69091796875
92.0,3.0,0.7834256220003226,5.7,1480.921875,37.69091796875
92.0,4.0,0.37125142100012454,6.8,1480.921875,37.69091796875
92.0,5.0,0.6573324060000232,6.2,1480.921875,37.69091796875
92.0,6.0,0.4063001690001329,8.5,1480.921875,37.69091796875
92.0,7.0,0.890436757000316,12.9,1480.921875,37.69091796875
92.0,8.0,0.6455474310005229,56.9,1480.921875,37.69091796875
92.0,9.0,0.44798149399957765,61.8,1480.921875,37.69091796875
92.0,10.0,0.516745350999372,48.5,1480.921875,37.69091796875
92.0,11.0,0.46642903500014654,10.6,1480.921875,37.69091796875
92.0,12.0,0.5682046709998758,4.4,1480.921875,37.69091796875
92.0,13.0,0.48732848599956924,9.3,1480.921875,37.69091796875
92.0,14.0,0.40404988800037245,8.7,1480.5703125,37.69091796875
92.0,15.0,0.4158932549999008,9.6,1480.5703125,37.69091796875
92.0,16.0,0.44151149799927225,5.6,1480.5703125,37.69091796875
92.0,17.0,0.6734860470005515,6.0,1480.5703125,37.69091796875
92.0,18.0,0.7525282169999628,6.0,1480.5703125,37.69091796875
92.0,19.0,0.41776969700003974,8.3,1480.5703125,37.69091796875
92.0,20.0,0.39276326800063543,6.4,1480.5703125,37.69091796875
92.0,21.0,0.4346998050004913,8.0,1480.5703125,37.69091796875
92.0,22.0,0.49241609899945615,8.0,1480.5703125,37.69091796875
92.0,23.0,0.6159389650001685,5.7,1480.5703125,37.69091796875
92.0,24.0,0.494495508,5.1,1480.5703125,37.69091796875
92.0,25.0,0.43792357799975434,10.2,1480.5703125,37.69091796875
92.0,26.0,0.6398069120004948,4.7,1480.5703125,37.69091796875
92.0,27.0,0.41613200399933703,7.3,1480.5703125,37.69091796875
92.0,28.0,0.47846356599984574,16.8,1480.5703125,37.69091796875
92.0,29.0,0.4356964050002716,9.1,1480.5703125,37.69091796875
92.0,30.0,0.42317461899983755,21.4,1480.5703125,37.69091796875
92.0,31.0,0.4329195370000889,59.8,1480.5703125,37.69091796875
92.0,32.0,0.4631209930003024,63.4,1480.5703125,37.69091796875
92.0,33.0,0.4776698880004915,66.3,1480.5703125,37.69091796875
92.0,34.0,0.5981058870002016,24.4,1480.5703125,37.69091796875
92.0,35.0,0.45018925800013676,10.0,1480.5703125,37.69091796875
92.0,36.0,0.494867591000002,8.0,1480.5703125,37.69091796875
92.0,37.0,0.6597402059996966,8.4,1480.5703125,37.69091796875
92.0,38.0,0.4296087209995676,10.5,1480.5703125,37.69091796875
92.0,39.0,0.47073147799983417,11.7,1480.5703125,37.69091796875
92.0,40.0,0.4162916770001175,7.1,1480.5703125,37.69091796875
92.0,41.0,0.49388569300026575,11.2,1480.5703125,37.69091796875
92.0,42.0,0.7447862170001827,10.1,1480.5703125,37.69091796875
92.0,43.0,0.6386221479997403,7.1,1480.5703125,37.69091796875
92.0,44.0,0.4680068490006306,10.5,1480.5703125,37.69091796875
92.0,45.0,0.5097914900006799,9.8,1480.5703125,37.69091796875
92.0,46.0,0.6840614229995481,3.7,1480.5703125,37.69091796875
92.0,47.0,0.44354235799983144,11.2,1480.5703125,37.69091796875
92.0,48.0,0.6906962559996828,10.1,1480.5703125,37.69091796875
92.0,49.0,0.606393971000216,12.5,1480.5703125,37.69091796875
92.0,50.0,0.3461848070000997,50.7,1480.5703125,37.69091796875
92.0,51.0,0.4452151049999884,8.9,1480.5703125,37.69091796875
92.0,52.0,0.41244414700031484,8.4,1480.5703125,37.69091796875
92.0,53.0,0.42052397999941604,53.0,1480.5703125,37.69091796875
92.0,54.0,0.3891830149996167,59.0,1480.5703125,37.69091796875
92.0,55.0,0.3870736879998731,59.5,1480.5703125,37.69091796875
92.0,56.0,0.45059690499965654,58.4,1480.5703125,37.69091796875
92.0,57.0,0.5633925570000429,4.5,1480.5703125,37.69091796875
92.0,58.0,0.43518244799997774,9.1,1480.5703125,37.69091796875
92.0,59.0,0.3969643680002264,6.3,1480.5703125,37.69091796875
92.0,60.0,0.5893522740007029,6.0,1480.5703125,37.69091796875
92.0,61.0,0.7228062200001659,4.8,1480.5703125,37.69091796875
92.0,62.0,0.5116946779999125,7.9,1480.5703125,37.69091796875
92.0,63.0,0.4032175570000618,6.2,1480.5703125,37.69091796875
92.0,64.0,0.43901597399963066,10.2,1480.5703125,37.69091796875
92.0,65.0,0.5005481430007421,7.9,1480.5703125,37.69091796875
92.0,66.0,0.4510582200000499,7.8,1480.5703125,37.69091796875
92.0,67.0,0.4572309370005314,7.7,1480.5703125,37.69091796875
92.0,68.0,0.5769396229998165,7.0,1480.5703125,37.69091796875
92.0,69.0,0.4785912309998821,6.3,1480.5703125,37.69091796875
92.0,70.0,0.4881919330000528,6.1,1480.5703125,37.69091796875
92.0,71.0,0.5720270399997389,17.4,1480.5703125,37.69091796875
92.0,72.0,0.5412081630001921,7.5,1480.5703125,37.69091796875
92.0,73.0,0.4475451369999064,5.6,1480.5703125,37.69091796875
92.0,74.0,0.45476426699951844,7.7,1480.5703125,37.69091796875
92.0,75.0,0.6542045360001794,3.8,1480.5703125,37.69091796875
92.0,76.0,0.44543792700005724,40.9,1480.5703125,37.69091796875
92.0,77.0,0.46090184599961503,56.5,1480.5703125,37.69091796875
92.0,78.0,0.5162247329999445,59.6,1480.5703125,37.69091796875
92.0,79.0,0.40940291399965645,50.6,1480.5703125,37.69091796875
92.0,80.0,0.4166635050005425,12.0,1480.5703125,37.69091796875
92.0,81.0,0.39818462899984297,7.7,1480.5703125,37.69091796875
92.0,82.0,0.40818819899959635,6.1,1480.5703125,37.69091796875
92.0,83.0,0.3934833080002136,10.0,1480.5703125,37.69091796875
92.0,84.0,0.3795892440002717,6.6,1480.5703125,37.69091796875
92.0,85.0,0.559042636000413,7.2,1480.5703125,37.69091796875
92.0,86.0,0.3976594280002246,6.2,1480.5703125,37.69091796875
92.0,87.0,0.432408946000578,10.6,1480.5703125,37.69091796875
92.0,88.0,0.6065082259992778,7.4,1480.5703125,37.69091796875
92.0,89.0,0.40818228900025133,7.2,1480.5703125,37.69091796875
92.0,90.0,0.3871179920006398,17.1,1480.5703125,37.69091796875
92.0,91.0,0.41291903300043487,6.1,1480.5703125,37.69091796875
92.0,92.0,0.4367073650000748,9.1,1480.5703125,37.69091796875
92.0,93.0,0.4032517089999601,6.3,1480.5703125,37.69091796875
92.0,94.0,0.452970087999347,11.0,1480.5703125,37.69091796875
92.0,95.0,0.6376848700001574,7.0,1480.5703125,37.69091796875
92.0,96.0,0.4610176539999884,8.8,1480.5703125,37.69091796875
92.0,97.0,0.45751058400037437,6.5,1480.5703125,37.69091796875
92.0,98.0,0.5801230070001111,18.3,1480.5703125,37.69091796875
92.0,99.0,0.5643201720004072,6.1,1480.5703125,37.69091796875
92.0,100.0,0.4372163379994163,9.2,1480.5703125,37.69091796875
93.0,1.0,0.35484857100072986,21.1,1480.5703125,37.69091796875
93.0,2.0,0.5719888530002208,57.5,1480.5703125,37.69091796875
93.0,3.0,0.44037951300015266,63.2,1480.5703125,37.69091796875
93.0,4.0,0.7537311449996196,35.1,1480.5703125,37.69091796875
93.0,5.0,0.46449287999985245,5.4,1480.5703125,37.69091796875
93.0,6.0,0.4214466410003297,8.2,1480.5703125,37.69091796875
93.0,7.0,0.7728851270003361,7.8,1480.5703125,37.69091796875
93.0,8.0,0.6646500040005776,6.0,1480.5703125,37.69091796875
93.0,9.0,0.46942566800044006,13.8,1480.5703125,37.69091796875
93.0,10.0,0.4769702670000697,6.4,1480.5703125,37.69091796875
93.0,11.0,1.20873274799942,3.7,1480.5703125,37.69091796875
93.0,12.0,0.49736613200002466,6.1,1480.5703125,37.69091796875
93.0,13.0,0.5474759520002408,8.2,1480.5703125,37.69091796875
93.0,14.0,0.4326537639999515,6.9,1480.5703125,37.69091796875
93.0,15.0,0.4230967849998706,9.4,1480.5703125,37.69091796875
93.0,16.0,1.234680013999423,4.1,1480.5703125,37.69091796875
93.0,17.0,0.518515189000027,8.7,1480.5703125,37.69091796875
93.0,18.0,0.6691322589995252,4.5,1480.5703125,37.69091796875
93.0,19.0,1.4443148810005368,27.8,1480.5703125,37.69091796875
93.0,20.0,0.42138331800015294,59.5,1480.5703125,37.69091796875
93.0,21.0,0.47549536299993633,61.1,1480.5703125,37.69091796875
93.0,22.0,0.5236098069999571,6.7,1480.5703125,37.69091796875
93.0,23.0,0.44529944799978693,6.7,1480.5703125,37.69091796875
93.0,24.0,0.7067745129998002,8.5,1480.5703125,37.69091796875
93.0,25.0,0.4498866840003757,7.9,1480.5703125,37.69091796875
93.0,26.0,0.650418377999813,6.2,1480.5703125,37.69091796875
93.0,27.0,0.38702294799986703,9.1,1480.5703125,37.69091796875
93.0,28.0,0.3731386019999263,7.9,1480.5703125,37.69091796875
93.0,29.0,0.48868400399987877,6.2,1480.5703125,37.69091796875
93.0,30.0,0.47214704299949517,8.4,1480.5703125,37.69091796875
93.0,31.0,0.42327439300061087,6.0,1480.5703125,37.69091796875
93.0,32.0,1.5470572929998525,3.6,1480.5703125,37.69091796875
93.0,33.0,0.4190643790007016,7.1,1480.5703125,37.69091796875
93.0,34.0,0.4187377079997532,11.8,1480.5703125,37.69091796875
93.0,35.0,2.287185999999565,2.9,1480.5703125,37.69091796875
93.0,36.0,0.4653705599994282,18.3,1480.5703125,37.69091796875
93.0,37.0,0.7710780349998458,57.1,1480.5703125,37.69091796875
93.0,38.0,0.627518968000004,60.0,1480.5703125,37.69091796875
93.0,39.0,0.45728889600013645,5.5,1480.5703125,37.69091796875
93.0,40.0,0.6593710699999065,9.9,1480.5703125,37.69091796875
93.0,41.0,0.6252976189998662,4.8,1480.5703125,37.69091796875
93.0,42.0,0.7023139970006014,5.0,1480.5703125,37.69091796875
93.0,43.0,0.46026775399968756,15.1,1480.5703125,37.69091796875
93.0,44.0,0.4336919699999271,5.8,1480.5703125,37.69091796875
93.0,45.0,0.49280136700053845,5.1,1480.5703125,37.69091796875
93.0,46.0,2.2679186490004213,3.8,1480.5703125,37.69091796875
93.0,47.0,0.5050186620001114,5.0,1480.5703125,37.69091796875
93.0,48.0,0.4744782819998363,8.4,1480.5703125,37.69091796875
93.0,49.0,0.435457896999651,5.7,1480.5703125,37.69091796875
93.0,50.0,0.4439118050004254,9.0,1480.5703125,37.69091796875
93.0,51.0,0.8318229529995733,3.6,1480.5703125,37.69091796875
93.0,52.0,0.40795816799982276,12.0,1480.5703125,37.69091796875
93.0,53.0,0.43730413899993437,6.9,1480.5703125,37.69091796875
93.0,54.0,0.7613047209997603,36.4,1480.5703125,37.69091796875
93.0,55.0,0.4207054530006644,59.5,1480.5703125,37.69091796875
93.0,56.0,0.5459165000002031,62.7,1480.5703125,37.69091796875
93.0,57.0,0.4306624959999681,24.4,1480.5703125,37.69091796875
93.0,58.0,0.671007238999664,5.9,1480.5703125,37.69091796875
93.0,59.0,0.5577959399997781,4.5,1480.5703125,37.69091796875
93.0,60.0,0.5599828160002289,8.8,1480.5703125,37.69091796875
93.0,61.0,0.4184437659996547,6.0,1480.5703125,37.69091796875
93.0,62.0,0.4861127120002493,8.2,1480.5703125,37.69091796875
93.0,63.0,1.2905109140001514,3.1,1480.5703125,37.69091796875
93.0,64.0,0.4530672979999508,9.9,1480.5703125,37.69091796875
93.0,65.0,0.42975990700051625,7.0,1480.5703125,37.69091796875
93.0,66.0,0.40693490499961626,7.4,1480.5703125,37.69091796875
93.0,67.0,0.42125419000058173,9.4,1480.5703125,37.69091796875
93.0,68.0,0.48257642700082215,11.3,1480.5703125,37.69091796875
93.0,69.0,0.4914312350001637,7.2,1480.5703125,37.69091796875
93.0,70.0,0.41521100099998876,7.2,1480.5703125,37.69091796875
93.0,71.0,0.7022598300000027,16.9,1480.5703125,37.69091796875
93.0,72.0,1.3899686509994353,3.6,1480.5703125,37.69091796875
93.0,73.0,0.4432037010001295,9.0,1480.5703125,37.69091796875
93.0,74.0,0.4376137729996117,52.3,1480.5703125,37.69091796875
93.0,75.0,0.4234402840002076,62.8,1480.5703125,37.69091796875
93.0,76.0,0.42834321500049555,58.6,1480.5703125,37.69091796875
93.0,77.0,0.40384390800045367,44.3,1480.5703125,37.69091796875
93.0,78.0,0.4436096389999875,9.0,1480.5703125,37.69091796875
93.0,79.0,0.428378253000119,5.9,1480.5703125,37.69091796875
93.0,80.0,0.7380079689992272,6.8,1480.5703125,37.69091796875
93.0,81.0,0.5853561750000154,6.0,1480.5703125,37.69091796875
93.0,82.0,0.7826976100004686,3.8,1480.5703125,37.69091796875
93.0,83.0,0.46405842100011796,7.6,1480.5703125,37.69091796875
93.0,84.0,0.5354117010001573,5.6,1480.5703125,37.69091796875
93.0,85.0,0.3939244849998431,9.0,1480.5703125,37.69091796875
93.0,86.0,0.41886813800010714,7.2,1480.5703125,37.69091796875
93.0,87.0,0.6053208809998978,6.6,1480.5703125,37.69091796875
93.0,88.0,0.413122852000015,6.1,1480.5703125,37.69091796875
93.0,89.0,0.4839402510006039,8.2,1480.5703125,37.69091796875
93.0,90.0,0.42992209600015485,5.9,1480.5703125,37.69091796875
93.0,91.0,0.3787271809997037,5.3,1480.5703125,37.69091796875
93.0,92.0,0.4364262199997029,9.1,1480.5703125,37.69091796875
93.0,93.0,0.44232521100002486,4.5,1480.5703125,37.69091796875
93.0,94.0,0.5903880269997899,6.8,1480.5703125,37.69091796875
93.0,95.0,0.4752785219998259,5.3,1480.5703125,37.69091796875
93.0,96.0,0.44303495199983445,9.0,1480.5703125,37.69091796875
93.0,97.0,0.47401935099969705,23.4,1480.5703125,37.69091796875
93.0,98.0,0.4328177240004152,62.1,1480.5703125,37.69091796875
93.0,99.0,0.41899324000041815,58.3,1480.5703125,37.69091796875
93.0,100.0,0.48310021300039807,62.5,1480.5703125,37.69091796875
94.0,1.0,0.45094413599963445,17.8,1480.5703125,37.69091796875
94.0,2.0,0.44714051599930826,6.7,1480.5703125,37.69091796875
94.0,3.0,0.4306630060000316,8.1,1480.5703125,37.69091796875
94.0,4.0,0.3861021829998208,6.4,1480.5703125,37.69091796875
94.0,5.0,0.45232056399981957,7.9,1480.5703125,37.69091796875
94.0,6.0,0.5906256560001566,5.0,1480.5703125,37.69091796875
94.0,7.0,0.5825959570001942,6.0,1480.5703125,37.69091796875
94.0,8.0,0.4553432820002854,7.7,1480.5703125,37.69091796875
94.0,9.0,1.2597668839998732,3.6,1480.5703125,37.69091796875
94.0,10.0,0.7468819579999035,6.7,1480.5703125,37.69091796875
94.0,11.0,2.47991160499987,3.0,1480.5703125,37.69091796875
94.0,12.0,0.6234345120001308,4.8,1480.5703125,37.69091796875
94.0,13.0,0.45719773400014674,8.7,1480.5703125,37.69091796875
94.0,14.0,0.4835565469993526,6.2,1480.5703125,37.69091796875
94.0,15.0,0.6514464280007815,43.0,1480.5703125,37.69091796875
94.0,16.0,0.44777683099982823,57.8,1480.5703125,37.69091796875
94.0,17.0,0.7358863919998839,58.9,1480.5703125,37.69091796875
94.0,18.0,0.4438564009997208,6.7,1480.5703125,37.69091796875
94.0,19.0,0.5245437019993915,10.7,1480.5703125,37.69091796875
94.0,20.0,0.4209013899999263,8.2,1480.5703125,37.69091796875
94.0,21.0,0.6550243730007423,6.8,1480.5703125,37.69091796875
94.0,22.0,0.38121848799983127,6.6,1480.5703125,37.69091796875
94.0,23.0,0.48266850100026204,9.5,1480.5703125,37.69091796875
94.0,24.0,0.8373639179999373,16.7,1480.5703125,37.69091796875
94.0,25.0,0.4479990859999816,6.7,1480.5703125,37.69091796875
94.0,26.0,0.5860313209996093,6.8,1480.5703125,37.69091796875
94.0,27.0,0.4137225539998326,7.2,1480.5703125,37.69091796875
94.0,28.0,0.4167771980000907,7.2,1480.5703125,37.69091796875
94.0,29.0,0.45353807999981655,9.8,1480.5703125,37.69091796875
94.0,30.0,0.6306853529995351,5.6,1480.5703125,37.69091796875
94.0,31.0,0.6205091309993804,22.8,1480.5703125,37.69091796875
94.0,32.0,0.4177543969999533,8.2,1480.5703125,37.69091796875
94.0,33.0,0.41532504799943126,12.0,1480.5703125,37.69091796875
94.0,34.0,0.49180371800048306,6.1,1480.5703125,37.69091796875
94.0,35.0,0.5839988369998537,7.8,1480.5703125,37.69091796875
94.0,36.0,3.0389646570001787,28.3,1480.5703125,37.69091796875
94.0,37.0,0.454211086000214,11.1,1480.5703125,37.69091796875
94.0,38.0,0.3696462159996372,5.4,1480.5703125,37.69091796875
94.0,39.0,0.4319327799994426,9.2,1480.5703125,37.69091796875
94.0,40.0,0.42599048000010953,9.4,1480.5703125,37.69091796875
94.0,41.0,1.7424391340000511,2.6,1480.5703125,37.69091796875
94.0,42.0,0.39743431900024007,11.3,1480.5703125,37.69091796875
94.0,43.0,0.4681504730006054,6.5,1480.5703125,37.69091796875
94.0,44.0,0.41492022199963685,14.1,1480.5703125,37.69091796875
94.0,45.0,2.832149660000141,3.5,1480.5703125,37.69091796875
94.0,46.0,0.5138114729998051,7.8,1480.5703125,37.69091796875
94.0,47.0,0.410289290000037,6.1,1480.5703125,37.69091796875
94.0,48.0,0.7584193129996493,16.0,1480.5703125,37.69091796875
94.0,49.0,0.4899800499997582,61.2,1480.5703125,37.69091796875
94.0,50.0,0.4763953550000224,61.1,1480.5703125,37.69091796875
94.0,51.0,0.4393823070004146,63.5,1480.5703125,37.69091796875
94.0,52.0,0.5237946930001272,20.0,1480.5703125,37.69091796875
94.0,53.0,0.47202618600022106,6.3,1480.5703125,37.69091796875
94.0,54.0,0.5155301590002637,9.7,1480.5703125,37.69091796875
94.0,55.0,0.4036925250002241,6.2,1480.5703125,37.69091796875
94.0,56.0,0.5606675629996971,7.1,1480.5703125,37.69091796875
94.0,57.0,0.45176112999979523,6.5,1480.5703125,37.69091796875
94.0,58.0,0.40167778999966686,11.1,1480.5703125,37.69091796875
94.0,59.0,0.4191131649995441,6.0,1480.5703125,37.69091796875
94.0,60.0,0.3783337990007567,6.7,1480.5703125,37.69091796875
94.0,61.0,0.6407394010002463,6.3,1480.5703125,37.69091796875
94.0,62.0,0.39199091699993005,7.6,1480.5703125,37.69091796875
94.0,63.0,0.6019312520002131,6.7,1480.5703125,37.69091796875
94.0,64.0,0.4250440109999545,5.9,1480.5703125,37.69091796875
94.0,65.0,2.2355151149995436,3.4,1480.5703125,37.69091796875
94.0,66.0,1.5999608110005283,3.1,1480.5703125,37.69091796875
94.0,67.0,0.4451660959994115,65.2,1480.5703125,37.69091796875
94.0,68.0,0.469516482000472,58.5,1480.5703125,37.69091796875
94.0,69.0,0.44849774399972375,60.7,1480.5703125,37.69091796875
94.0,70.0,1.0528537870004584,23.7,1480.5703125,37.69091796875
94.0,71.0,0.9295159480006987,8.6,1480.5703125,37.69091796875
94.0,72.0,2.1839497139999366,3.0,1480.5703125,37.69091796875
94.0,73.0,0.44415194200064434,5.7,1480.5703125,37.69091796875
94.0,74.0,0.3955103030002647,8.9,1480.5703125,37.69091796875
94.0,75.0,0.4503868080000757,8.8,1480.5703125,37.69091796875
94.0,76.0,0.4194307210000261,6.0,1480.5703125,37.69091796875
94.0,77.0,0.40369138499954715,9.8,1480.5703125,37.69091796875
94.0,78.0,0.5992571690003388,4.2,1480.5703125,37.69091796875
94.0,79.0,0.4439609049995852,9.1,1480.5703125,37.69091796875
94.0,80.0,0.39663770199967985,7.5,1480.5703125,37.69091796875
94.0,81.0,0.4139299110001957,7.2,1480.5703125,37.69091796875
94.0,82.0,0.5318951429999288,16.8,1480.5703125,37.69091796875
94.0,83.0,0.6483865230002266,6.9,1480.5703125,37.69091796875
94.0,84.0,0.44446432499989896,5.6,1480.5703125,37.69091796875
94.0,85.0,0.48435034199974325,9.3,1480.5703125,37.69091796875
94.0,86.0,0.4859698460004438,61.9,1480.5703125,37.69091796875
94.0,87.0,0.4781735139995362,57.4,1480.5703125,37.69091796875
94.0,88.0,0.4145011450000311,65.1,1480.5703125,37.69091796875
94.0,89.0,0.4982948920005583,27.0,1480.5703125,37.69091796875
94.0,90.0,0.7016409660000136,5.7,1480.5703125,37.69091796875
94.0,91.0,0.39271633999942424,6.4,1480.5703125,37.69091796875
94.0,92.0,0.4442070329996568,6.7,1480.5703125,37.69091796875
94.0,93.0,0.4196691629995257,7.1,1480.5703125,37.69091796875
94.0,94.0,0.4388493679998646,8.0,1480.5703125,37.69091796875
94.0,95.0,0.44416965500022343,12.4,1480.5703125,37.69091796875
94.0,96.0,0.4219893189992945,8.3,1480.5703125,37.69091796875
94.0,97.0,0.5975360770007683,5.8,1480.5703125,37.69091796875
94.0,98.0,0.41356439199989836,9.6,1480.5703125,37.69091796875
94.0,99.0,0.7740851210000983,5.8,1480.5703125,37.69091796875
94.0,100.0,0.45252670500030945,8.8,1480.5703125,37.69091796875
95.0,1.0,0.447474427999623,6.7,1480.5703125,37.69091796875
95.0,2.0,0.4606797610003923,7.6,1480.5703125,37.69091796875
95.0,3.0,0.4444133510005486,7.9,1480.5703125,37.69091796875
95.0,4.0,0.45075414199982333,7.9,1480.5703125,37.69091796875
95.0,5.0,0.670539134000137,8.1,1480.5703125,37.69091796875
95.0,6.0,0.45405522500004736,8.9,1480.5703125,37.69091796875
95.0,7.0,0.47245976199974393,3.2,1480.5703125,37.69091796875
95.0,8.0,0.6821758860005502,5.9,1480.5703125,37.69091796875
95.0,9.0,0.5074181730005876,53.5,1480.5703125,37.69091796875
95.0,10.0,0.4038556770001378,62.2,1480.5703125,37.69091796875
95.0,11.0,0.6221326150007371,60.2,1480.5703125,37.69091796875
95.0,12.0,0.6076374390004275,9.8,1480.5703125,37.69091796875
95.0,13.0,0.464089853000587,5.4,1480.5703125,37.69091796875
95.0,14.0,0.9460841200007053,4.8,1480.5703125,37.69091796875
95.0,15.0,0.47998500800076727,7.3,1480.5703125,37.69091796875
95.0,16.0,0.5131542479994096,6.8,1480.5703125,37.69091796875
95.0,17.0,0.4009812600006626,9.9,1480.5703125,37.69091796875
95.0,18.0,0.4391022259997044,8.0,1480.5703125,37.69091796875
95.0,19.0,0.697490882999773,7.2,1480.5703125,37.69091796875
95.0,20.0,0.4175510340000983,6.1,1480.5703125,37.69091796875
95.0,21.0,0.414778669000043,7.1,1480.5703125,37.69091796875
95.0,22.0,0.41042873400056124,13.3,1480.5703125,37.69091796875
95.0,23.0,0.39503907300058927,6.3,1480.5703125,37.69091796875
95.0,24.0,0.40138847599973815,8.8,1480.5703125,37.69091796875
95.0,25.0,0.788896996999938,5.1,1480.5703125,37.69091796875
95.0,26.0,0.40771697699983633,9.8,1480.5703125,37.69091796875
95.0,27.0,0.5139432670002861,5.8,1480.5703125,37.69091796875
95.0,28.0,0.4040220300003057,9.9,1480.5703125,37.69091796875
95.0,29.0,0.4778124509994086,7.3,1480.5703125,37.69091796875
95.0,30.0,0.7035730219995457,5.7,1480.5703125,37.69091796875
95.0,31.0,0.5329982690000179,47.2,1480.5703125,37.69091796875
95.0,32.0,0.6047622369997043,59.5,1480.5703125,37.69091796875
95.0,33.0,1.670484934000342,18.9,1480.5703125,37.69091796875
95.0,34.0,0.5523090999995475,5.5,1480.5703125,37.69091796875
95.0,35.0,0.380272438999782,9.2,1480.5703125,37.69091796875
95.0,36.0,0.422216820000358,7.1,1480.5703125,37.69091796875
95.0,37.0,0.4266198859995711,5.9,1480.5703125,37.69091796875
95.0,38.0,1.4576986290003333,3.8,1480.5703125,37.69091796875
95.0,39.0,0.40606329900037963,6.2,1480.5703125,37.69091796875
95.0,40.0,0.43436129200017604,9.2,1480.5703125,37.69091796875
95.0,41.0,0.4572775169999659,5.4,1480.5703125,37.69091796875
95.0,42.0,0.4127427439998428,9.8,1480.5703125,37.69091796875
95.0,43.0,0.4696092860003773,6.5,1480.5703125,37.69091796875
95.0,44.0,1.9139141579998977,2.9,1480.5703125,37.69091796875
95.0,45.0,0.5363342609998654,4.7,1480.5703125,37.69091796875
95.0,46.0,0.46105236599942145,8.7,1480.5703125,37.69091796875
95.0,47.0,0.43865236999954504,5.7,1480.5703125,37.69091796875
95.0,48.0,0.41918203399927734,70.6,1480.5703125,37.69091796875
95.0,49.0,0.5228582239997195,56.2,1480.5703125,37.69091796875
95.0,50.0,0.7036796200000026,56.8,1480.5703125,37.69091796875
95.0,51.0,0.4149461910001264,8.4,1480.5703125,37.69091796875
95.0,52.0,0.5568227050007408,7.3,1480.5703125,37.69091796875
95.0,53.0,0.47825218199977826,6.2,1480.5703125,37.69091796875
95.0,54.0,0.5553911950000838,10.0,1480.5703125,37.69091796875
95.0,55.0,0.4985983139995369,7.9,1480.5703125,37.69091796875
95.0,56.0,0.41505830400001287,8.5,1480.5703125,37.69091796875
95.0,57.0,1.2595405090005443,2.8,1480.5703125,37.69091796875
95.0,58.0,0.38812688199959666,8.9,1480.5703125,37.69091796875
95.0,59.0,0.43832980999923166,13.8,1480.5703125,37.69091796875
95.0,60.0,1.9656813500005228,2.6,1480.5703125,37.69091796875
95.0,61.0,0.5995144909993542,13.3,1480.5703125,37.69091796875
95.0,62.0,0.44028785199952836,9.1,1480.5703125,37.69091796875
95.0,63.0,0.6925986469996133,4.3,1480.5703125,37.69091796875
95.0,64.0,0.6270388889997776,7.1,1480.5703125,37.69091796875
95.0,65.0,0.5213898430001791,8.7,1480.5703125,37.69091796875
95.0,66.0,0.4125398200003474,52.4,1480.5703125,37.69091796875
95.0,67.0,0.41746793699985574,58.3,1480.5703125,37.69091796875
95.0,68.0,0.5693488560000333,61.1,1480.5703125,37.69091796875
95.0,69.0,0.4939922399998977,28.3,1480.5703125,37.69091796875
95.0,70.0,0.5420355469996139,7.3,1480.5703125,37.69091796875
95.0,71.0,0.7045868920004068,5.7,1480.5703125,37.69091796875
95.0,72.0,1.3172795139998925,3.1,1480.5703125,37.69091796875
95.0,73.0,0.41997463000006974,9.5,1480.5703125,37.69091796875
95.0,74.0,0.977913167999759,5.6,1480.5703125,37.69091796875
95.0,75.0,0.6753086859998803,6.0,1480.5703125,37.69091796875
95.0,76.0,0.5217423510002845,9.5,1480.5703125,37.69091796875
95.0,77.0,0.5290964579999127,8.4,1480.5703125,37.69091796875
95.0,78.0,0.6007831569995687,5.9,1480.5703125,37.69091796875
95.0,79.0,0.513609476000056,13.6,1480.5703125,37.69091796875
95.0,80.0,0.46698020399981033,13.8,1480.5703125,37.69091796875
95.0,81.0,0.6927567980001186,4.3,1480.5703125,37.69091796875
95.0,82.0,1.2368423259995325,3.3,1480.5703125,37.69091796875
95.0,83.0,0.720492823999848,36.4,1480.5703125,37.69091796875
95.0,84.0,0.43204793099994276,61.6,1480.5703125,37.69091796875
95.0,85.0,0.40052751599978365,59.5,1480.5703125,37.69091796875
95.0,86.0,0.7762314390001848,38.7,1480.64453125,37.69091796875
95.0,87.0,0.41569928800072375,6.0,1480.64453125,37.69091796875
95.0,88.0,0.5970792509997409,6.7,1480.64453125,37.69091796875
95.0,89.0,0.5106049830001211,5.9,1480.64453125,37.69091796875
95.0,90.0,0.8358390410003267,4.8,1480.64453125,37.69091796875
95.0,91.0,0.5189498380004807,7.8,1480.64453125,37.69091796875
95.0,92.0,0.4547841850007899,5.5,1480.64453125,37.69091796875
95.0,93.0,0.5017478689997006,6.9,1480.64453125,37.69091796875
95.0,94.0,0.6126576000006025,6.6,1480.64453125,37.69091796875
95.0,95.0,0.3948835009996401,6.4,1480.64453125,37.69091796875
95.0,96.0,0.48183691699978226,7.3,1480.64453125,37.69091796875
95.0,97.0,0.45737256499978685,13.2,1480.64453125,37.69091796875
95.0,98.0,0.4112977260001571,8.5,1480.64453125,37.69091796875
95.0,99.0,1.502172739999878,3.0,1480.64453125,37.69091796875
95.0,100.0,0.4698549730001105,7.4,1480.64453125,37.69091796875
96.0,1.0,0.43147296300048765,8.1,1480.64453125,37.69091796875
96.0,2.0,0.5818102850007563,6.9,1480.64453125,37.69091796875
96.0,3.0,0.5540727710003921,14.4,1480.64453125,37.69091796875
96.0,4.0,0.5140611780007021,67.0,1480.64453125,37.69091796875
96.0,5.0,0.4532863249996808,57.3,1480.64453125,37.69091796875
96.0,6.0,0.4480315430000701,67.4,1480.64453125,37.69091796875
96.0,7.0,0.5120318039998892,15.4,1480.64453125,37.69091796875
96.0,8.0,0.6128787399993598,6.6,1480.64453125,37.69091796875
96.0,9.0,0.7172160489999442,4.2,1480.64453125,37.69091796875
96.0,10.0,0.40089765600077953,11.0,1480.64453125,37.69091796875
96.0,11.0,0.47771840799941856,6.3,1480.64453125,37.69091796875
96.0,12.0,0.43917581799996697,11.5,1480.64453125,37.69091796875
96.0,13.0,0.42749593099961203,7.0,1480.64453125,37.69091796875
96.0,14.0,0.4669800479996411,8.7,1480.64453125,37.69091796875
96.0,15.0,0.4577631610000026,10.9,1480.64453125,37.69091796875
96.0,16.0,0.4816634980006711,7.3,1480.64453125,37.69091796875
96.0,17.0,0.4693957599993155,6.4,1480.64453125,37.69091796875
96.0,18.0,0.7598358000004737,4.6,1480.64453125,37.69091796875
96.0,19.0,0.43483604900029604,6.8,1480.64453125,37.69091796875
96.0,20.0,0.4037462689993845,9.9,1480.64453125,37.69091796875
96.0,21.0,0.6266594019998593,4.0,1480.64453125,37.69091796875
96.0,22.0,0.44549175599968294,8.9,1480.64453125,37.69091796875
96.0,23.0,0.6253418750002311,4.0,1480.64453125,37.69091796875
96.0,24.0,0.3816311709997535,10.4,1480.64453125,37.69091796875
96.0,25.0,0.3970699350002178,6.3,1480.64453125,37.69091796875
96.0,26.0,0.4840739900000699,5.2,1480.64453125,37.69091796875
96.0,27.0,0.4771659409998392,60.6,1480.64453125,37.69091796875
96.0,28.0,0.4634308240001701,57.0,1480.64453125,37.69091796875
96.0,29.0,0.4682492270003422,64.2,1480.64453125,37.69091796875
96.0,30.0,0.4683567090005454,25.8,1480.64453125,37.69091796875
96.0,31.0,0.45161265099977754,10.0,1480.64453125,37.69091796875
96.0,32.0,0.4596741360001033,10.9,1480.64453125,37.69091796875
96.0,33.0,0.4611512740002581,8.7,1480.64453125,37.69091796875
96.0,34.0,0.49865957900055946,6.0,1480.64453125,37.69091796875
96.0,35.0,0.46566469199933636,8.5,1480.64453125,37.69091796875
96.0,36.0,0.5234078890007368,7.7,1480.64453125,37.69091796875
96.0,37.0,0.48898172600002,8.2,1480.64453125,37.69091796875
96.0,38.0,0.4489396460003263,12.1,1480.64453125,37.69091796875
96.0,39.0,0.707167830999424,5.7,1480.64453125,37.69091796875
96.0,40.0,0.4514827699995294,4.5,1480.64453125,37.69091796875
96.0,41.0,0.40311319200009166,9.8,1480.64453125,37.69091796875
96.0,42.0,0.48874154399982217,10.2,1480.64453125,37.69091796875
96.0,43.0,0.41875008899933164,6.0,1480.64453125,37.69091796875
96.0,44.0,0.5068748530002267,7.0,1480.64453125,37.69091796875
96.0,45.0,0.42319732699979795,8.2,1480.64453125,37.69091796875
96.0,46.0,0.392598834000637,8.9,1480.64453125,37.69091796875
96.0,47.0,0.5665476760004822,4.4,1480.64453125,37.69091796875
96.0,48.0,0.39173572700019577,10.3,1480.64453125,37.69091796875
96.0,49.0,0.3964573830007794,6.2,1480.64453125,37.69091796875
96.0,50.0,0.626558070000101,6.5,1480.64453125,37.69091796875
96.0,51.0,0.4216192619996946,48.8,1480.64453125,37.69091796875
96.0,52.0,0.5045220689999041,61.0,1480.69921875,37.69091796875
96.0,53.0,0.42326999499982776,60.5,1480.69921875,37.69091796875
96.0,54.0,0.47737286999927164,33.7,1480.69921875,37.69091796875
96.0,55.0,0.4672326300005807,8.6,1480.69921875,37.69091796875
96.0,56.0,0.5177113979998467,6.7,1480.69921875,37.69091796875
96.0,57.0,0.4430492720002803,8.9,1480.69921875,37.69091796875
96.0,58.0,0.4556550929992227,14.4,1480.69921875,37.69091796875
96.0,59.0,0.6221545210000841,6.5,1480.69921875,37.69091796875
96.0,60.0,2.7689008739998826,2.9,1480.69921875,37.69091796875
96.0,61.0,0.45987106099983066,5.4,1480.69921875,37.69091796875
96.0,62.0,0.5175805689996196,6.8,1480.69921875,37.69091796875
96.0,63.0,0.512228997999955,4.9,1480.69921875,37.69091796875
96.0,64.0,0.41347091999978147,9.6,1480.69921875,37.69091796875
96.0,65.0,0.5150835289996394,15.5,1480.69921875,37.69091796875
96.0,66.0,0.4245878219999213,2.4,1480.69921875,37.69091796875
96.0,67.0,0.4905358519999936,14.3,1480.69921875,37.69091796875
96.0,68.0,0.379791708999619,6.7,1480.69921875,37.69091796875
96.0,69.0,0.43170520000057877,9.2,1480.69921875,37.69091796875
96.0,70.0,0.5208973910002896,28.6,1480.69921875,37.69091796875
96.0,71.0,0.5933058919999894,58.3,1480.69921875,37.69091796875
96.0,72.0,0.5284898139998404,61.2,1480.69921875,37.69091796875
96.0,73.0,0.418666810999639,34.5,1480.69921875,37.69091796875
96.0,74.0,0.4412956579999445,6.7,1480.69921875,37.69091796875
96.0,75.0,0.38932020399988687,11.7,1480.69921875,37.69091796875
96.0,76.0,0.3990410080004949,3.8,1480.69921875,37.69091796875
96.0,77.0,0.48759769200023584,6.1,1480.69921875,37.69091796875
96.0,78.0,0.6859412980002162,5.9,1480.69921875,37.69091796875
96.0,79.0,0.4713059530004102,9.6,1480.69921875,37.69091796875
96.0,80.0,0.526086720999956,9.4,1480.69921875,37.69091796875
96.0,81.0,0.5572730969997792,4.5,1480.69921875,37.69091796875
96.0,82.0,0.7835804489996008,4.5,1480.69921875,37.69091796875
96.0,83.0,0.4086901159998888,9.8,1480.69921875,37.69091796875
96.0,84.0,1.593372938000357,2.5,1480.69921875,37.69091796875
96.0,85.0,3.163382093999644,5.2,1480.69921875,37.69091796875
96.0,86.0,0.5221202619995893,58.7,1480.69921875,37.69091796875
96.0,87.0,0.5902896099996724,61.5,1480.69921875,37.69091796875
96.0,88.0,0.5867903180005669,35.3,1480.69921875,37.69091796875
96.0,89.0,0.48010348900061217,9.2,1480.69921875,37.69091796875
96.0,90.0,0.6830388820008011,4.4,1480.69921875,37.69091796875
96.0,91.0,0.5490199970008689,7.2,1480.69921875,37.69091796875
96.0,92.0,0.5300186929998745,5.7,1480.69921875,37.69091796875
96.0,93.0,0.5092027529999541,6.9,1480.69921875,37.69091796875
96.0,94.0,1.141143189000104,4.8,1480.69921875,37.69091796875
96.0,95.0,0.5642960629993468,9.8,1480.69921875,37.69091796875
96.0,96.0,0.6745153990004837,7.4,1480.69921875,37.69091796875
96.0,97.0,0.576102747000732,9.6,1480.69921875,37.69091796875
96.0,98.0,0.7202265840005566,6.2,1480.69921875,37.69091796875
96.0,99.0,0.5047068739995666,7.9,1480.69921875,37.69091796875
96.0,100.0,0.48202281599969865,6.2,1480.69921875,37.69091796875
97.0,1.0,0.6739154510005392,7.4,1480.69921875,37.69091796875
97.0,2.0,1.2505089090000183,5.2,1480.69921875,37.69091796875
97.0,3.0,1.5072011359998214,44.8,1480.69921875,37.69091796875
97.0,4.0,2.186641145000067,10.6,1480.69921875,37.69091796875
97.0,5.0,0.534280050000234,4.7,1480.69921875,37.69091796875
97.0,6.0,0.5211533709998548,7.7,1480.69921875,37.69091796875
97.0,7.0,0.6049668560008286,5.7,1480.69921875,37.69091796875
97.0,8.0,0.5415708709997489,8.3,1480.74609375,37.69091796875
97.0,9.0,0.6161652889995821,7.3,1480.74609375,37.69091796875
97.0,10.0,0.5255396439997639,4.8,1480.74609375,37.69091796875
97.0,11.0,0.5242639999996754,7.6,1480.74609375,37.69091796875
97.0,12.0,0.5428651430001992,6.5,1480.75,37.69091796875
97.0,13.0,0.6084804399997665,6.6,1480.75,37.69091796875
97.0,14.0,0.537489037999876,6.6,1480.75,37.69091796875
97.0,15.0,0.48887539299994387,14.1,1480.75,37.69091796875
97.0,16.0,0.5514537099998051,6.3,1480.75,37.69091796875
97.0,17.0,0.7154628239995873,5.7,1480.75,37.69091796875
97.0,18.0,0.50311856099961,9.9,1480.75,37.69091796875
97.0,19.0,0.5777745599998525,35.1,1480.75,37.69091796875
97.0,20.0,1.4024776309997833,46.4,1480.75,37.69091796875
97.0,21.0,0.4977028829998744,11.0,1480.75,37.69091796875
97.0,22.0,0.5037767539997731,5.1,1480.75,37.69091796875
97.0,23.0,0.619092640999952,5.6,1480.75,37.69091796875
97.0,24.0,1.404367541999818,3.9,1480.75,37.69091796875
97.0,25.0,0.4915394820000074,8.2,1480.75,37.69091796875
97.0,26.0,0.5017797509999582,5.0,1480.75,37.69091796875
97.0,27.0,0.4846175989996482,8.2,1480.75,37.69091796875
97.0,28.0,0.47438202800003637,5.3,1480.75,37.69091796875
97.0,29.0,0.5455598680000548,7.3,1480.75,37.69091796875
97.0,30.0,0.848811048999778,5.8,1480.75,37.69091796875
97.0,31.0,0.5330856210002821,4.7,1480.75,37.69091796875
97.0,32.0,0.5002029169991147,7.9,1480.75,37.69091796875
97.0,33.0,0.6239821980007036,4.0,1480.75,37.69091796875
97.0,34.0,0.514877413999784,6.9,1480.75,37.69091796875
97.0,35.0,0.48343433100035327,6.1,1480.75,37.69091796875
97.0,36.0,0.4819055580001077,8.2,1480.75,37.69091796875
97.0,37.0,0.5258206890002839,38.8,1480.75,37.69091796875
97.0,38.0,0.6979279879997193,57.6,1480.75,37.69091796875
97.0,39.0,0.5703316799999811,51.3,1480.75,37.69091796875
97.0,40.0,0.6228046959995481,6.4,1480.75,37.69091796875
97.0,41.0,0.6317148810003346,6.3,1480.75,37.69091796875
97.0,42.0,1.3133856209997248,3.4,1480.7734375,37.69091796875
97.0,43.0,0.6337012430003597,6.3,1480.7734375,37.69091796875
97.0,44.0,0.5114845019998029,2.0,1480.7734375,37.69091796875
97.0,45.0,0.7260712959996454,5.5,1480.77734375,37.69091796875
97.0,46.0,0.4825080889995661,6.3,1480.77734375,37.69091796875
97.0,47.0,0.516072573999736,7.7,1480.77734375,37.69091796875
97.0,48.0,0.5250760369999625,4.8,1480.77734375,37.69091796875
97.0,49.0,1.3697582400000101,4.8,1480.77734375,37.69091796875
97.0,50.0,0.6008114920005028,6.6,1480.77734375,37.69091796875
97.0,51.0,0.5279838750002455,7.5,1480.77734375,37.69091796875
97.0,52.0,0.5467586090007899,4.6,1480.77734375,37.69091796875
97.0,53.0,0.4704052990000491,8.5,1480.77734375,37.69091796875
97.0,54.0,0.5144070999995165,20.6,1480.77734375,37.69091796875
97.0,55.0,0.4954769270007091,60.6,1480.77734375,37.69091796875
97.0,56.0,0.5205122160004976,58.3,1480.77734375,37.69091796875
97.0,57.0,0.6444612579998648,37.5,1480.77734375,37.69091796875
97.0,58.0,0.5295999889995073,7.6,1480.77734375,37.69091796875
97.0,59.0,0.7877809809997416,6.3,1480.77734375,37.69091796875
97.0,60.0,0.6517427600001611,6.2,1480.77734375,37.69091796875
97.0,61.0,0.48119438999947306,6.2,1480.77734375,37.69091796875
97.0,62.0,0.538457630999801,7.4,1480.77734375,37.69091796875
97.0,63.0,2.419367859999511,2.5,1480.77734375,37.69091796875
97.0,64.0,0.5831927910003287,6.8,1480.77734375,37.69091796875
97.0,65.0,0.5328531619998103,4.7,1480.77734375,37.69091796875
97.0,66.0,0.6114692080000168,6.6,1480.77734375,37.69091796875
97.0,67.0,2.8025461369998084,7.2,1480.77734375,37.69091796875
97.0,68.0,0.5420663109998713,56.9,1480.77734375,37.69091796875
97.0,69.0,0.5677375630002643,61.1,1480.796875,37.69091796875
97.0,70.0,0.5292842899998504,24.0,1480.796875,37.69091796875
97.0,71.0,0.4559876740004256,9.7,1480.796875,37.69091796875
97.0,72.0,0.6263663290001205,5.6,1480.796875,37.69091796875
97.0,73.0,0.7189932820001559,5.6,1480.796875,37.69091796875
97.0,74.0,0.6406339060004029,6.2,1480.796875,37.69091796875
97.0,75.0,0.8021536199994443,14.4,1480.8046875,37.69091796875
97.0,76.0,0.6318389849993764,7.1,1480.8046875,37.69091796875
97.0,77.0,0.6691702859998259,5.3,1480.8046875,37.69091796875
97.0,78.0,0.5238088830001288,5.7,1480.8046875,37.69091796875
97.0,79.0,0.5786134249992756,6.9,1480.8046875,37.69091796875
97.0,80.0,0.6866767010005788,5.8,1480.8046875,37.69091796875
97.0,81.0,0.6159098580001228,4.9,1480.8046875,37.69091796875
97.0,82.0,0.6813852519999273,5.9,1480.8046875,37.69091796875
97.0,83.0,0.5923713130005126,4.2,1480.8046875,37.69091796875
97.0,84.0,0.510624972000187,8.7,1480.8046875,37.69091796875
97.0,85.0,0.6133217329997933,4.9,1480.8046875,37.69091796875
97.0,86.0,0.5619462639997437,36.0,1480.8046875,37.69091796875
97.0,87.0,0.569271115000447,59.1,1480.8046875,37.69091796875
97.0,88.0,0.5383804369994323,62.3,1480.8046875,37.69091796875
97.0,89.0,0.5290176329999667,21.9,1480.8046875,37.69091796875
97.0,90.0,0.5772901369991814,5.2,1480.8046875,37.69091796875
97.0,91.0,0.7781534929999907,5.8,1480.8046875,37.69091796875
97.0,92.0,0.6408634540002822,6.2,1480.8046875,37.69091796875
97.0,93.0,0.5325087259998327,4.7,1480.8046875,37.69091796875
97.0,94.0,0.8261510730008013,21.8,1480.8046875,37.69091796875
97.0,95.0,0.5775614149997637,4.3,1480.8046875,37.69091796875
97.0,96.0,0.48578561100021034,10.2,1480.8046875,37.69091796875
97.0,97.0,0.4630780699999377,6.5,1480.8046875,37.69091796875
97.0,98.0,0.9881830049998825,4.1,1480.8046875,37.69091796875
97.0,99.0,0.4930257909991269,9.1,1480.8046875,37.69091796875
97.0,100.0,0.5037860800002818,5.0,1480.8046875,37.69091796875
98.0,1.0,0.4983505359996343,9.0,1480.8046875,37.69091796875
98.0,2.0,0.4891851560005307,6.1,1480.8046875,37.69091796875
98.0,3.0,1.3224934740001117,4.2,1480.8046875,37.69091796875
98.0,4.0,0.5728349350001736,23.9,1480.8046875,37.69091796875
98.0,5.0,0.5984945170002902,59.2,1480.8046875,37.69091796875
98.0,6.0,0.5445114470003318,58.7,1480.8046875,37.69091796875
98.0,7.0,0.5539519679996374,27.5,1480.8046875,37.69091796875
98.0,8.0,0.5510049490003439,9.9,1480.8046875,37.69091796875
98.0,9.0,0.5181537119997301,7.8,1480.8046875,37.69091796875
98.0,10.0,0.549140178000016,9.2,1480.8046875,37.69091796875
98.0,11.0,1.1338935679996212,4.9,1480.8046875,37.69091796875
98.0,12.0,0.5130007950001527,5.9,1480.8046875,37.69091796875
98.0,13.0,0.6077527890001875,6.6,1480.8046875,37.69091796875
98.0,14.0,0.4778003279998302,5.3,1480.8046875,37.69091796875
98.0,15.0,0.5958809539997674,6.7,1480.8046875,37.69091796875
98.0,16.0,1.7362923719992978,4.6,1480.8046875,37.69091796875
98.0,17.0,0.6042655159999413,5.8,1480.8046875,37.69091796875
98.0,18.0,0.5254032169996208,9.4,1480.8046875,37.69091796875
98.0,19.0,0.6331368950004617,4.0,1480.8046875,37.69091796875
98.0,20.0,0.5030825579997327,7.9,1480.8046875,37.69091796875
98.0,21.0,0.5061836430004405,6.9,1480.8046875,37.69091796875
98.0,22.0,0.5266850429998158,45.2,1480.8046875,37.69091796875
98.0,23.0,0.6318152450003254,55.6,1480.8046875,37.69091796875
98.0,24.0,0.5568675139993502,57.8,1480.8046875,37.69091796875
98.0,25.0,0.47405260800042015,3.2,1480.8046875,37.69091796875
98.0,26.0,0.5113628629997038,8.7,1480.84765625,37.69091796875
98.0,27.0,1.0619509190000826,3.8,1481.49609375,37.69091796875
98.0,28.0,0.5836091080000188,7.0,1481.49609375,37.69091796875
98.0,29.0,0.5141880369992577,7.8,1481.49609375,37.69091796875
98.0,30.0,0.5153884920000564,6.8,1481.49609375,37.69091796875
98.0,31.0,0.5296470880002744,6.6,1481.49609375,37.69091796875
98.0,32.0,0.49739824600055726,6.0,1481.5,37.69091796875
98.0,33.0,0.541885459999321,7.4,1481.5,37.69091796875
98.0,34.0,0.5654949560002933,7.1,1481.5,37.69091796875
98.0,35.0,0.5422258349999538,9.3,1481.5,37.69091796875
98.0,36.0,0.6745947950003028,6.7,1481.5,37.69091796875
98.0,37.0,0.6505197989999942,8.5,1481.5078125,37.69091796875
98.0,38.0,0.8255275869996694,6.6,1482.15234375,37.69091796875
98.0,39.0,0.5202747359999194,7.7,1482.15234375,37.69091796875
98.0,40.0,0.5223555130005479,4.8,1482.15234375,37.69091796875
98.0,41.0,0.5365002999997159,23.4,1482.15234375,37.69091796875
98.0,42.0,0.5580845829999816,57.7,1482.15234375,37.69091796875
98.0,43.0,0.5727284539998436,60.5,1482.15234375,37.69091796875
98.0,44.0,0.6385031130002972,28.3,1482.15234375,37.69091796875
98.0,45.0,0.7101955660000385,4.9,1482.15234375,37.69091796875
98.0,46.0,0.5743408320004164,7.8,1482.15234375,37.69091796875
98.0,47.0,0.7621277470007044,3.9,1482.1640625,37.69091796875
98.0,48.0,0.6450937540002997,6.2,1482.1640625,37.69091796875
98.0,49.0,0.5058746040003825,7.9,1482.1640625,37.69091796875
98.0,50.0,0.48911870999927487,5.1,1482.1640625,37.69091796875
98.0,51.0,0.6233669040002496,6.4,1482.1640625,37.69091796875
98.0,52.0,0.7667232280000462,3.3,1482.1640625,37.69091796875
98.0,53.0,0.7519096199994237,6.0,1482.1640625,37.69091796875
98.0,54.0,0.5332588270002816,8.3,1482.1640625,37.69091796875
98.0,55.0,0.5878701740002725,4.3,1482.1640625,37.69091796875
98.0,56.0,0.55532411600052,7.2,1482.1640625,37.69091796875
98.0,57.0,0.5381001629993989,6.5,1482.1640625,37.69091796875
98.0,58.0,0.7234321730002193,7.6,1482.171875,37.69091796875
98.0,59.0,0.48498280300009355,5.2,1482.171875,37.69091796875
98.0,60.0,0.624145032999877,33.1,1482.17578125,37.69091796875
98.0,61.0,0.5146498340000107,59.2,1482.17578125,37.69091796875
98.0,62.0,0.5436833569992814,59.3,1482.17578125,37.69091796875
98.0,63.0,0.5183842489996096,25.2,1482.17578125,37.69091796875
98.0,64.0,0.4813602140002331,4.2,1482.17578125,37.69091796875
98.0,65.0,0.5484342520003338,6.4,1482.17578125,37.69091796875
98.0,66.0,0.5437783179995677,6.4,1482.17578125,37.69091796875
98.0,67.0,3.189624401000401,2.8,1482.17578125,37.69091796875
98.0,68.0,0.5692037700000583,12.9,1482.1796875,37.69091796875
98.0,69.0,1.175879256999906,3.4,1482.83203125,37.69091796875
98.0,70.0,0.5044668700002148,12.7,1482.83203125,37.69091796875
98.0,71.0,0.5906498670001383,5.1,1482.83203125,37.69091796875
98.0,72.0,0.5355301839999811,10.2,1482.83203125,37.69091796875
98.0,73.0,0.632613016000505,5.5,1482.83203125,37.69091796875
98.0,74.0,0.5065189799997825,6.9,1482.83203125,37.69091796875
98.0,75.0,0.6287406669998745,30.6,1482.83203125,37.69091796875
98.0,76.0,0.6925712779993773,58.7,1482.83203125,37.69091796875
98.0,77.0,0.7047684350000054,43.3,1482.83203125,37.69091796875
98.0,78.0,2.9309967040007905,2.6,1482.83203125,37.69091796875
98.0,79.0,0.5384466519999478,8.3,1482.83203125,37.69091796875
98.0,80.0,0.5482303580001826,10.2,1482.83203125,37.69091796875
98.0,81.0,0.679935285999818,8.0,1482.83203125,37.69091796875
98.0,82.0,0.48303394800041133,6.3,1482.83203125,37.69091796875
98.0,83.0,0.5784350750000158,6.0,1482.83203125,37.69091796875
98.0,84.0,3.252901560000282,2.6,1482.83203125,37.69091796875
98.0,85.0,0.5422205469994879,7.4,1482.83203125,37.69091796875
98.0,86.0,0.5162274920003256,41.7,1482.83203125,37.69091796875
98.0,87.0,1.1468639739996433,56.8,1482.83203125,37.69091796875
98.0,88.0,0.6701482739999847,5.2,1482.83203125,37.69091796875
98.0,89.0,0.5953821280008924,8.4,1482.83203125,37.69091796875
98.0,90.0,0.4724912889996631,5.3,1482.83203125,37.69091796875
98.0,91.0,0.6299293800002488,7.9,1482.83203125,37.69091796875
98.0,92.0,0.5424006370003553,9.3,1482.83203125,37.69091796875
98.0,93.0,0.5958183029997599,5.9,1482.83203125,37.69091796875
98.0,94.0,0.6084260140005426,6.6,1482.83203125,37.69091796875
98.0,95.0,0.5096711280002637,5.8,1482.83203125,37.69091796875
98.0,96.0,0.5311333409999861,6.7,1482.83203125,37.69091796875
98.0,97.0,0.5638764369996352,5.3,1482.83203125,37.69091796875
98.0,98.0,0.49744526599988603,11.1,1482.83203125,37.69091796875
98.0,99.0,0.5604494730005172,5.3,1482.83203125,37.69091796875
98.0,100.0,0.6895235060001141,10.9,1482.83203125,37.69091796875
99.0,1.0,0.5270593000004737,7.6,1482.83203125,37.69091796875
99.0,2.0,0.5231082570007857,4.8,1482.83203125,37.69091796875
99.0,3.0,0.49932864800030075,8.9,1482.83203125,37.69091796875
99.0,4.0,0.5190602180000496,4.9,1482.83203125,37.69091796875
99.0,5.0,0.4947353090001343,18.4,1482.83203125,37.69091796875
99.0,6.0,0.5476443070001551,58.7,1482.87109375,37.69091796875
99.0,7.0,1.0497171300003174,48.3,1482.87109375,37.69091796875
99.0,8.0,0.506076411000322,6.9,1482.87109375,37.69091796875
99.0,9.0,0.5055469580001954,10.9,1482.87109375,37.69091796875
99.0,10.0,0.571547699999428,7.1,1482.87109375,37.69091796875
99.0,11.0,0.5809474650004631,4.3,1482.87109375,37.69091796875
99.0,12.0,0.7096952950005289,8.5,1482.87109375,37.69091796875
99.0,13.0,2.2353088829995613,3.1,1482.87109375,37.69091796875
99.0,14.0,0.48556026999995083,7.3,1482.87109375,37.69091796875
99.0,15.0,0.5477352669995526,4.6,1482.87109375,37.69091796875
99.0,16.0,0.5829602779995184,6.8,1482.87109375,37.69091796875
99.0,17.0,0.556911675000265,4.5,1482.87109375,37.69091796875
99.0,18.0,0.5573483320004016,7.2,1482.87109375,37.69091796875
99.0,19.0,0.6121342699998422,12.2,1482.87109375,37.69091796875
99.0,20.0,0.5842078219993709,9.4,1482.87109375,37.69091796875
99.0,21.0,1.1957245530002183,23.2,1482.87109375,37.69091796875
99.0,22.0,0.6388195950003137,58.5,1482.87109375,37.69091796875
99.0,23.0,0.5579499609993945,46.8,1482.87109375,37.69091796875
99.0,24.0,0.5013886560000174,7.1,1482.87109375,37.69091796875
99.0,25.0,0.8808754159999808,19.5,1482.87109375,37.69091796875
99.0,26.0,0.506541259000187,6.8,1482.87109375,37.69091796875
99.0,27.0,0.5159041639999487,6.8,1482.87109375,37.69091796875
99.0,28.0,1.329626425999777,3.4,1482.87109375,37.69091796875
99.0,29.0,0.7904939890004243,7.6,1482.87109375,37.69091796875
99.0,30.0,0.5895325799992861,4.3,1482.87109375,37.69091796875
99.0,31.0,0.5271715680000852,6.7,1482.87109375,37.69091796875
99.0,32.0,0.6128760820001844,4.9,1482.87109375,37.69091796875
99.0,33.0,0.559123730000465,12.5,1482.87109375,37.69091796875
99.0,34.0,0.6549762360000386,6.9,1482.87109375,37.69091796875
99.0,35.0,0.4945774590005385,6.0,1482.87109375,37.69091796875
99.0,36.0,0.8837204880001082,5.1,1482.87109375,37.69091796875
99.0,37.0,0.5198885820000214,9.5,1482.87109375,37.69091796875
99.0,38.0,0.4873114120000537,7.2,1482.87109375,37.69091796875
99.0,39.0,0.5375810929999716,61.7,1482.87109375,37.69091796875
99.0,40.0,0.5231264389994976,56.7,1482.87109375,37.69091796875
99.0,41.0,0.5390783969996846,49.5,1482.87109375,37.69091796875
99.0,42.0,0.5100156189992049,5.9,1482.87109375,37.69091796875
99.0,43.0,0.5787430310001582,7.8,1482.87109375,37.69091796875
99.0,44.0,0.5020898680004393,5.9,1482.87109375,37.69091796875
99.0,45.0,0.6920901149997007,5.8,1482.87109375,37.69091796875
99.0,46.0,0.4978952869996647,6.1,1482.87109375,37.69091796875
99.0,47.0,0.5036279109999668,7.0,1482.87109375,37.69091796875
99.0,48.0,0.503729585999281,5.9,1482.87109375,37.69091796875
99.0,49.0,0.49332855099964945,8.1,1482.87109375,37.69091796875
99.0,50.0,0.6236033779996433,4.1,1482.87109375,37.69091796875
99.0,51.0,0.5396748000002844,7.4,1482.87109375,37.69091796875
99.0,52.0,0.5556834399994841,10.7,1482.87109375,37.69091796875
99.0,53.0,0.7936057370006893,5.1,1482.87109375,37.69091796875
99.0,54.0,0.575206796999737,7.0,1482.87109375,37.69091796875
99.0,55.0,0.5078621859993291,5.8,1482.87109375,37.69091796875
99.0,56.0,0.47941133200038166,9.4,1482.87109375,37.69091796875
99.0,57.0,0.7339848789997632,4.1,1482.87109375,37.69091796875
99.0,58.0,1.1194421800000782,21.5,1482.87109375,37.69091796875
99.0,59.0,0.5014673750001748,57.4,1482.87109375,37.69091796875
99.0,60.0,0.55960413899993,62.5,1482.87109375,37.69091796875
99.0,61.0,0.6294888470001752,9.5,1482.87109375,37.69091796875
99.0,62.0,0.6018533810001827,5.9,1482.87109375,37.69091796875
99.0,63.0,0.9142356719994496,6.0,1482.87109375,37.69091796875
99.0,64.0,0.5049289830003545,5.0,1482.87109375,37.69091796875
99.0,65.0,0.6935627570001088,7.2,1482.87109375,37.69091796875
99.0,66.0,0.5803425650001373,4.3,1482.87109375,37.69091796875
99.0,67.0,0.5217045039998993,9.6,1482.87109375,37.69091796875
99.0,68.0,0.6612443229996643,6.8,1482.87109375,37.69091796875
99.0,69.0,0.6038144929998452,4.1,1482.87109375,37.69091796875
99.0,70.0,0.5190191380006581,8.7,1482.87109375,37.69091796875
99.0,71.0,1.0044716970005538,4.5,1482.87109375,37.69091796875
99.0,72.0,0.5459736709999561,5.4,1482.87109375,37.69091796875
99.0,73.0,0.5473959170003582,6.5,1482.87109375,37.69091796875
99.0,74.0,0.6836322310000469,4.4,1482.87109375,37.69091796875
99.0,75.0,0.520933344999321,9.5,1482.87109375,37.69091796875
99.0,76.0,0.6022101970002041,16.0,1482.87109375,37.69091796875
99.0,77.0,0.6244234840005447,57.9,1482.87109375,37.69091796875
99.0,78.0,0.6526814830003786,60.5,1482.87109375,37.69091796875
99.0,79.0,0.5008615309998277,19.0,1482.87109375,37.69091796875
99.0,80.0,0.6883188679994419,8.7,1482.87109375,37.69091796875
99.0,81.0,0.5607978670004741,8.1,1482.87109375,37.69091796875
99.0,82.0,0.6357021089997943,6.2,1482.87109375,37.69091796875
99.0,83.0,0.7152007349995984,7.7,1482.87109375,37.69091796875
99.0,84.0,0.5682115609997709,4.4,1482.87109375,37.69091796875
99.0,85.0,0.5523313330004385,8.2,1482.87109375,37.69091796875
99.0,86.0,0.635759985999357,7.8,1482.87109375,37.69091796875
99.0,87.0,0.7006062430000384,4.3,1482.87109375,37.69091796875
99.0,88.0,0.47235311700023885,8.4,1482.87109375,37.69091796875
99.0,89.0,0.6467261070001769,3.9,1482.87109375,37.69091796875
99.0,90.0,0.5263535379999666,7.6,1482.87109375,37.69091796875
99.0,91.0,0.4915629279994391,7.0,1482.87109375,37.69091796875
99.0,92.0,0.6392446620002374,6.3,1482.87109375,37.69091796875
99.0,93.0,0.5084355680000954,5.0,1482.87109375,37.69091796875
99.0,94.0,0.7728239689995462,6.5,1482.87109375,37.69091796875
99.0,95.0,0.5644005210006071,14.3,1482.87109375,37.69091796875
99.0,96.0,0.6407291909999913,56.3,1482.87109375,37.69091796875
99.0,97.0,0.6108299490006175,63.4,1482.87109375,37.69091796875
99.0,98.0,0.6042159860007814,23.3,1483.625,37.69091796875
99.0,99.0,0.5213139649995355,6.7,1483.625,37.69091796875
99.0,100.0,0.6108489420003025,6.6,1483.625,37.69091796875
100.0,1.0,0.9483295220006767,7.4,1483.625,37.69091796875
100.0,2.0,0.6273307009996643,10.4,1483.625,37.69091796875
100.0,3.0,0.6667244939999364,7.5,1483.625,37.69091796875
100.0,4.0,0.5011981859997832,5.1,1483.625,37.69091796875
100.0,5.0,0.574041945999852,7.8,1483.625,37.69091796875
100.0,6.0,0.6378735339994819,6.2,1483.625,37.69091796875
100.0,7.0,0.513727796999774,5.8,1483.625,37.69091796875
100.0,8.0,1.46519564800019,4.1,1483.625,37.69091796875
100.0,9.0,0.7948273699994388,3.1,1483.625,37.69091796875
100.0,10.0,0.5121951299997818,7.8,1483.625,37.69091796875
100.0,11.0,0.7219316089995118,5.6,1483.625,37.69091796875
100.0,12.0,0.5253400239998882,13.3,1483.625,37.69091796875
100.0,13.0,0.6169342779994622,58.5,1483.625,37.69091796875
100.0,14.0,0.6725221499991676,61.2,1483.625,37.69091796875
100.0,15.0,0.5205039840002428,24.0,1483.625,37.69091796875
100.0,16.0,0.8847264070000165,4.5,1483.625,37.69091796875
100.0,17.0,0.5815577720004512,5.9,1483.625,37.69091796875
100.0,18.0,0.5861806430002616,5.2,1483.625,37.69091796875
100.0,19.0,0.6107266420003725,4.9,1483.625,37.69091796875
100.0,20.0,0.5998103120000451,5.8,1483.625,37.69091796875
100.0,21.0,0.57446356499986,7.0,1483.625,37.69091796875
100.0,22.0,0.6082617160000154,4.1,1483.625,37.69091796875
100.0,23.0,0.5357819519995246,7.5,1483.625,37.69091796875
100.0,24.0,0.6639170549997289,3.8,1483.625,37.69091796875
100.0,25.0,0.69649433900031,5.8,1483.625,37.69091796875
100.0,26.0,0.7781692309999926,5.7,1483.625,37.69091796875
100.0,27.0,0.6011742820001018,5.0,1483.625,37.69091796875
100.0,28.0,0.5630693389994121,7.1,1483.625,37.69091796875
100.0,29.0,0.7359745269995983,5.4,1483.625,37.69091796875
100.0,30.0,0.5218515039996419,2.9,1483.625,37.69091796875
100.0,31.0,0.6713948509996044,53.4,1483.625,37.69091796875
100.0,32.0,0.5527491269995153,57.5,1483.625,37.69091796875
100.0,33.0,0.553328042999965,41.3,1483.625,37.69091796875
100.0,34.0,0.5230016380000961,4.9,1483.625,37.69091796875
100.0,35.0,0.4813588090000849,9.2,1483.625,37.69091796875
100.0,36.0,0.5690233750001426,5.3,1483.625,37.69091796875
100.0,37.0,0.5730700890007938,7.1,1483.625,37.69091796875
100.0,38.0,0.6177889430000505,7.2,1483.625,37.69091796875
100.0,39.0,0.6481994710002255,3.9,1483.625,37.69091796875
100.0,40.0,0.6477218220006762,6.2,1483.625,37.69091796875
100.0,41.0,0.7775268069999584,4.5,1483.625,37.69091796875
100.0,42.0,0.6919452229994931,5.8,1483.625,37.69091796875
100.0,43.0,0.5244797169998492,6.7,1483.625,37.69091796875
100.0,44.0,0.6071632880002653,5.0,1483.625,37.69091796875
100.0,45.0,0.563284458000453,9.6,1483.625,37.69091796875
100.0,46.0,0.5066763869999704,5.9,1483.625,37.69091796875
100.0,47.0,0.701760464000472,7.8,1483.625,37.69091796875
100.0,48.0,0.6478373870004361,4.7,1483.625,37.69091796875
100.0,49.0,1.3483679829996618,31.5,1483.625,37.69091796875
100.0,50.0,0.6776838490004593,59.7,1483.625,37.69091796875
100.0,51.0,0.5567483590002666,22.1,1483.625,37.69091796875
100.0,52.0,0.6073515369998859,6.6,1483.625,37.69091796875
100.0,53.0,0.5160256510007457,4.8,1483.625,37.69091796875
100.0,54.0,0.5386071680004534,6.6,1483.625,37.69091796875
100.0,55.0,0.607858497000052,6.6,1483.625,37.69091796875
100.0,56.0,0.5522064279994083,6.3,1483.625,37.69091796875
100.0,57.0,0.5032626829997753,7.9,1483.625,37.69091796875
100.0,58.0,0.9643992609999259,3.1,1483.625,37.69091796875
100.0,59.0,0.6918296140001985,6.5,1483.625,37.69091796875
100.0,60.0,0.7164535870006148,4.9,1483.625,37.69091796875
100.0,61.0,0.4982653899996876,5.1,1483.625,37.69091796875
100.0,62.0,0.5223974049995377,7.5,1483.625,37.69091796875
100.0,63.0,0.6047322479998911,7.5,1483.625,37.69091796875
100.0,64.0,0.5592947869999989,5.4,1483.625,37.69091796875
100.0,65.0,0.5154894639999839,8.7,1483.625,37.69091796875
100.0,66.0,0.542911808000099,5.5,1483.625,37.69091796875
100.0,67.0,0.6660166290002962,9.8,1483.625,37.69091796875
100.0,68.0,0.5268996899994818,58.5,1483.625,37.69091796875
100.0,69.0,0.5393525399995269,60.4,1483.625,37.69091796875
100.0,70.0,0.6046311170002809,42.6,1483.625,37.69091796875
100.0,71.0,0.557043234000048,7.2,1483.625,37.69091796875
100.0,72.0,0.7603882159992281,5.3,1483.625,37.69091796875
100.0,73.0,0.5748068849998162,4.3,1483.625,37.69091796875
100.0,74.0,0.5416136029998597,8.3,1483.625,37.69091796875
100.0,75.0,0.5200020789998234,4.8,1483.625,37.69091796875
100.0,76.0,0.5001023599998007,8.0,1483.625,37.69091796875
100.0,77.0,0.5823663770006533,4.3,1483.625,37.69091796875
100.0,78.0,0.6276290420000805,3.2,1483.625,37.69091796875
100.0,79.0,0.6264542970002367,7.1,1483.625,37.69091796875
100.0,80.0,0.6700280579998434,4.5,1483.625,37.69091796875
100.0,81.0,0.5794270779997532,7.8,1483.625,37.69091796875
100.0,82.0,0.636056796000048,4.0,1483.625,37.69091796875
100.0,83.0,0.7930689679997158,5.0,1483.625,37.69091796875
100.0,84.0,0.5939693749996877,6.8,1483.625,37.69091796875
100.0,85.0,0.6412083670002175,5.4,1483.625,37.69091796875
100.0,86.0,0.5954992990000392,16.8,1483.625,37.69091796875
100.0,87.0,0.5857338149999123,61.2,1483.625,37.69091796875
100.0,88.0,0.6326632500004052,56.7,1483.625,37.69091796875
100.0,89.0,0.7791624240007877,25.0,1483.625,37.69091796875
100.0,90.0,1.3904681240001082,3.3,1483.625,37.69091796875
100.0,91.0,0.5955538799998976,6.7,1483.625,37.69091796875
100.0,92.0,0.5201062410005761,4.8,1483.625,37.69091796875
100.0,93.0,0.811531031999948,4.9,1483.625,37.69091796875
100.0,94.0,0.5800242900004378,6.0,1483.625,37.69091796875
100.0,95.0,0.6781420999996044,4.4,1483.625,37.69091796875
100.0,96.0,0.7226412499994694,6.2,1483.625,37.69091796875
100.0,97.0,0.600861848999557,5.8,1483.625,37.69091796875
100.0,98.0,0.6686268459998246,3.8,1483.625,37.69091796875
100.0,99.0,0.6623110950004047,7.5,1483.625,37.69091796875
100.0,100.0,0.6351782259998799,5.6,1483.625,37.69091796875
