Episodio,Epoch,Recompensa,Epsilon
1,1,0,1.0
2,1,0,1.0
3,2,0,0.995
4,2,4,0.995
5,3,0,0.990025
6,3,0,0.990025
