Epoch,Episodio,Tiempo(s),CPU(%),RAM(MB),GPU_mem(MB)
1.0,1.0,0.009403277000046728,56.0,580.0625,0.0
1.0,2.0,0.0039450019999094366,46.2,583.875,0.0
1.0,3.0,0.0033760020000954682,100.0,583.88671875,0.0
1.0,4.0,0.004184480000049007,0.0,583.89453125,0.0
1.0,5.0,0.003773111000100471,100.0,583.90625,0.0
1.0,6.0,0.003642570000010892,0.0,583.91015625,0.0
1.0,7.0,0.004255656999930579,50.0,583.91796875,0.0
1.0,8.0,0.0035769440000876784,0.0,583.92578125,0.0
1.0,9.0,0.005878536999944117,66.7,583.94140625,0.0
1.0,10.0,0.004293466000035551,0.0,583.95703125,0.0
1.0,11.0,0.004314021000027424,50.0,583.984375,0.0
1.0,12.0,0.0025518520001241995,0.0,583.9921875,0.0
1.0,13.0,0.003657924999970419,50.0,584.0078125,0.0
1.0,14.0,0.0025480929998593638,0.0,584.0234375,0.0
1.0,15.0,0.0033248689999254566,0.0,584.03515625,0.0
1.0,16.0,0.004285675000119227,50.0,584.0625,0.0
1.0,17.0,0.002512771000056091,0.0,584.08203125,0.0
1.0,18.0,0.0034698399999797402,50.0,584.10546875,0.0
1.0,19.0,0.003357420000156708,0.0,584.12109375,0.0
1.0,20.0,0.004193043999975998,50.0,584.1484375,0.0
1.0,21.0,0.0034843070000079024,0.0,584.1640625,0.0
1.0,22.0,0.004114321000088239,0.0,584.1953125,0.0
1.0,23.0,0.003655819999949017,50.0,584.22265625,0.0
1.0,24.0,0.003862874000105876,0.0,584.24609375,0.0
1.0,25.0,0.0043094229999951494,50.0,584.28515625,0.0
1.0,26.0,0.002559752000024673,0.0,584.3046875,0.0
1.0,27.0,0.0023990690001483017,0.0,584.32421875,0.0
1.0,28.0,0.003147588999809159,50.0,584.34765625,0.0
1.0,29.0,0.003277381000089008,0.0,584.37109375,0.0
1.0,30.0,0.003404209999871455,50.0,584.3984375,0.0
1.0,31.0,0.00307250900004874,0.0,584.42578125,0.0
1.0,32.0,0.002506413999981305,0.0,584.4453125,0.0
1.0,33.0,0.0032158019998860254,50.0,584.46875,0.0
1.0,34.0,0.0038799649998964014,0.0,584.47265625,0.0
1.0,35.0,0.004088073000048098,50.0,584.48046875,0.0
1.0,36.0,0.004202912999971886,0.0,584.484375,0.0
1.0,37.0,0.0024613000000499596,0.0,584.48828125,0.0
1.0,38.0,0.0024200509999445785,100.0,584.49609375,0.0
1.0,39.0,0.003260807999822646,0.0,584.5,0.0
1.0,40.0,0.0024454420001802646,50.0,584.50390625,0.0
1.0,41.0,0.0032319160000042757,0.0,584.50390625,0.0
1.0,42.0,0.0031852719998823886,0.0,584.50390625,0.0
1.0,43.0,0.0024418739999418904,0.0,584.51171875,0.0
1.0,44.0,0.004146440999875267,100.0,584.51953125,0.0
1.0,45.0,0.004038290999915262,0.0,584.51953125,0.0
1.0,46.0,0.003730976000042574,100.0,584.51953125,0.0
1.0,47.0,0.003129967999939254,0.0,584.5234375,0.0
1.0,48.0,0.0041704729999310075,50.0,584.52734375,0.0
1.0,49.0,0.0031336400002146547,0.0,584.53515625,0.0
1.0,50.0,0.004885669000032067,50.0,584.5390625,0.0
1.0,51.0,0.003278109999882872,0.0,584.5390625,0.0
1.0,52.0,0.0027025140000205283,0.0,584.5390625,0.0
1.0,53.0,0.0033338420000745828,50.0,584.54296875,0.0
1.0,54.0,0.0025645669998084486,0.0,584.5546875,0.0
1.0,55.0,0.0041435969999383815,50.0,584.55859375,0.0
1.0,56.0,0.0024383479999414703,0.0,584.55859375,0.0
1.0,57.0,0.002626425000016752,0.0,584.5625,0.0
1.0,58.0,0.0034567500001685403,50.0,584.56640625,0.0
1.0,59.0,0.002976598000032027,0.0,584.5703125,0.0
1.0,60.0,0.0032836699999734265,0.0,584.58203125,0.0
1.0,61.0,0.0033709580000049755,100.0,584.58203125,0.0
1.0,62.0,0.0041081990000293445,0.0,584.5859375,0.0
1.0,63.0,0.0025479339999492367,50.0,584.58984375,0.0
1.0,64.0,0.004293963000009171,0.0,584.59375,0.0
1.0,65.0,0.003265066000039951,0.0,584.6015625,0.0
1.0,66.0,0.004517179999993459,100.0,584.609375,0.0
1.0,67.0,0.0042373860001134744,0.0,584.6171875,0.0
1.0,68.0,0.003294396000001143,100.0,584.62109375,0.0
1.0,69.0,0.00454087699995398,0.0,584.62109375,0.0
1.0,70.0,0.002536664999979621,50.0,584.62890625,0.0
1.0,71.0,0.003454694000083691,0.0,584.6328125,0.0
1.0,72.0,0.0030718850000539533,50.0,584.63671875,0.0
1.0,73.0,0.004273882000006779,0.0,584.63671875,0.0
1.0,74.0,0.004509761000008439,50.0,584.65234375,0.0
1.0,75.0,0.004665062999947622,0.0,584.65625,0.0
1.0,76.0,0.004570511999872906,50.0,584.6640625,0.0
1.0,77.0,0.0042537460001312866,0.0,584.6640625,0.0
1.0,78.0,0.004510029000130089,50.0,584.671875,0.0
1.0,79.0,0.004447933999927045,0.0,584.671875,0.0
1.0,80.0,0.00358283500008838,50.0,584.6796875,0.0
1.0,81.0,0.0045818749999853026,0.0,584.69140625,0.0
1.0,82.0,0.0034062189999986003,50.0,584.6953125,0.0
1.0,83.0,0.0050728809999327495,100.0,584.6953125,0.0
1.0,84.0,0.005589626999835673,0.0,584.69921875,0.0
1.0,85.0,0.007651489999943806,100.0,584.7109375,0.0
1.0,86.0,0.005080646999886085,100.0,584.71484375,0.0
1.0,87.0,0.005316419000109818,100.0,584.72265625,0.0
1.0,88.0,0.003972021999970821,100.0,584.72265625,0.0
1.0,89.0,0.0045238340001105826,0.0,584.72265625,0.0
1.0,90.0,0.0026331569999911153,0.0,584.72265625,0.0
1.0,91.0,0.004373861999965811,50.0,584.73046875,0.0
1.0,92.0,0.004325449999896591,0.0,584.73828125,0.0
1.0,93.0,0.0045668830000522576,50.0,584.74609375,0.0
1.0,94.0,0.004416519999949742,0.0,584.75390625,0.0
1.0,95.0,0.0035533550001218828,50.0,584.7578125,0.0
1.0,96.0,0.00438954899982491,0.0,584.76953125,0.0
1.0,97.0,0.004438663999962955,50.0,584.7734375,0.0
1.0,98.0,0.003418827999894347,0.0,584.78125,0.0
1.0,99.0,0.004153196999823194,50.0,584.78125,0.0
1.0,100.0,0.003438815999970757,0.0,584.78125,0.0
2.0,1.0,0.0034138409998831776,50.0,584.79296875,0.0
2.0,2.0,0.003407203999813646,0.0,584.796875,0.0
2.0,3.0,0.0032316179999725136,0.0,584.796875,0.0
2.0,4.0,0.0030094209998878796,50.0,584.8046875,0.0
2.0,5.0,0.0033760070000425912,0.0,584.80859375,0.0
2.0,6.0,0.0037839060000806057,50.0,584.8125,0.0
2.0,7.0,0.004502550000097472,0.0,584.8203125,0.0
2.0,8.0,0.0035128790000271692,50.0,584.82421875,0.0
2.0,9.0,0.004185159000144267,0.0,584.82421875,0.0
2.0,10.0,0.00322562399992421,0.0,584.828125,0.0
2.0,11.0,0.003336815000011484,50.0,584.83203125,0.0
2.0,12.0,0.004368989000113288,0.0,584.8359375,0.0
2.0,13.0,0.0030978950001099292,50.0,584.8359375,0.0
2.0,14.0,0.004279525999891121,0.0,584.83984375,0.0
2.0,15.0,0.005296060000091529,66.7,584.84375,0.0
2.0,16.0,0.003491398000051049,0.0,584.84375,0.0
2.0,17.0,0.0026237789998049266,100.0,584.84375,0.0
2.0,18.0,0.0026883739999448153,0.0,584.890625,0.0
2.0,19.0,0.0038012889999663457,100.0,584.89453125,0.0
2.0,20.0,0.0034003430000666413,0.0,584.89453125,0.0
2.0,21.0,0.004062384000008024,0.0,584.89453125,0.0
2.0,22.0,0.0032919650000167167,100.0,584.90625,0.0
2.0,23.0,0.003988399000036225,0.0,584.90625,0.0
2.0,24.0,0.003264186000023983,100.0,584.90625,0.0
2.0,25.0,0.0032932809999692836,0.0,584.9140625,0.0
2.0,26.0,0.003406854999866482,100.0,584.9140625,0.0
2.0,27.0,0.004282093000028908,0.0,584.9140625,0.0
2.0,28.0,0.0037261669999679725,100.0,584.9140625,0.0
2.0,29.0,0.0043082870001853735,0.0,584.921875,0.0
2.0,30.0,0.0034000759999344154,50.0,584.921875,0.0
2.0,31.0,0.004275659000086307,0.0,584.921875,0.0
2.0,32.0,0.004537127000048713,50.0,584.921875,0.0
2.0,33.0,0.004593203000013091,0.0,584.93359375,0.0
2.0,34.0,0.004313918999969246,50.0,584.93359375,0.0
2.0,35.0,0.0036115389998485625,0.0,584.93359375,0.0
2.0,36.0,0.004504028000155813,50.0,584.93359375,0.0
2.0,37.0,0.0033516010000766983,0.0,584.94921875,0.0
2.0,38.0,0.0042076889999407285,0.0,584.94921875,0.0
2.0,39.0,0.004458699999986493,100.0,584.94921875,0.0
2.0,40.0,0.003345581000075981,0.0,584.94921875,0.0
2.0,41.0,0.003845472000193695,100.0,584.95703125,0.0
2.0,42.0,0.004231000999880052,0.0,584.95703125,0.0
2.0,43.0,0.003642630000058489,100.0,584.95703125,0.0
2.0,44.0,0.003501572999994096,0.0,584.95703125,0.0
2.0,45.0,0.0043907990000207064,50.0,584.96484375,0.0
2.0,46.0,0.0035922360000313347,0.0,584.96875,0.0
2.0,47.0,0.0035975690000213945,50.0,584.96875,0.0
2.0,48.0,0.004534824999836928,0.0,584.96875,0.0
2.0,49.0,0.00446583300004022,50.0,584.96875,0.0
2.0,50.0,0.0034315849998165504,0.0,584.9765625,0.0
2.0,51.0,0.002577493999979197,0.0,584.9765625,0.0
2.0,52.0,0.0025868339998851297,100.0,584.9765625,0.0
2.0,53.0,0.0032917410001118697,0.0,584.9765625,0.0
2.0,54.0,0.004394226999920647,50.0,584.9765625,0.0
2.0,55.0,0.0035723480000342533,0.0,584.98828125,0.0
2.0,56.0,0.003498375999924974,0.0,584.98828125,0.0
2.0,57.0,0.0026384669999970356,100.0,584.98828125,0.0
2.0,58.0,0.0052591829999073525,100.0,584.98828125,0.0
2.0,59.0,0.003885718999981691,0.0,584.98828125,0.0
2.0,60.0,0.0035717759999442933,100.0,584.99609375,0.0
2.0,61.0,0.003633265999951618,0.0,585.0,0.0
2.0,62.0,0.003497175000120478,100.0,585.0,0.0
2.0,63.0,0.0030134440000892937,0.0,585.0,0.0
2.0,64.0,0.004163756000025387,0.0,585.00390625,0.0
2.0,65.0,0.0024455699999634817,100.0,585.0078125,0.0
2.0,66.0,0.002581144000032509,0.0,585.0078125,0.0
2.0,67.0,0.0034474349999982223,0.0,585.0078125,0.0
2.0,68.0,0.002389337000067826,100.0,585.01171875,0.0
2.0,69.0,0.0036160459999337036,0.0,585.015625,0.0
2.0,70.0,0.0036533750001126464,0.0,585.015625,0.0
2.0,71.0,0.004625593000127992,50.0,585.015625,0.0
2.0,72.0,0.004204603000061979,0.0,585.01953125,0.0
2.0,73.0,0.002591701000028479,100.0,585.0234375,0.0
2.0,74.0,0.003690291999873807,0.0,585.0234375,0.0
2.0,75.0,0.0035622410000542004,100.0,585.03125,0.0
2.0,76.0,0.0035124590001487377,0.0,585.03125,0.0
2.0,77.0,0.0034115220000785484,100.0,585.0390625,0.0
2.0,78.0,0.004211079000015161,0.0,585.0390625,0.0
2.0,79.0,0.0044267089999721065,100.0,585.04296875,0.0
2.0,80.0,0.002570914999978413,0.0,585.046875,0.0
2.0,81.0,0.0034501710001677566,0.0,585.05078125,0.0
2.0,82.0,0.00370458000020335,100.0,585.0546875,0.0
2.0,83.0,0.00413874100013345,0.0,585.0546875,0.0
2.0,84.0,0.003465323000000353,100.0,585.0625,0.0
2.0,85.0,0.004272672999832139,0.0,585.06640625,0.0
2.0,86.0,0.003404244999956063,100.0,585.06640625,0.0
2.0,87.0,0.003532246000077066,0.0,585.06640625,0.0
2.0,88.0,0.003320865999967282,0.0,585.06640625,0.0
2.0,89.0,0.002460067000129129,100.0,585.0703125,0.0
2.0,90.0,0.004255233000094449,0.0,585.08203125,0.0
2.0,91.0,0.002523921999909362,100.0,585.08203125,0.0
2.0,92.0,0.004047829999990427,0.0,585.08203125,0.0
2.0,93.0,0.0034598409999944124,0.0,585.0859375,0.0
2.0,94.0,0.003301768999790511,100.0,585.08984375,0.0
2.0,95.0,0.006115801000078136,100.0,585.08984375,0.0
2.0,96.0,0.004179502999932083,50.0,585.1015625,0.0
2.0,97.0,0.004317842999853383,100.0,585.10546875,0.0
2.0,98.0,0.0035418209999988903,0.0,585.109375,0.0
2.0,99.0,0.004088666999905399,0.0,585.11328125,0.0
2.0,100.0,0.003347472000086782,100.0,585.11328125,0.0
3.0,1.0,0.004538908000085939,0.0,585.125,0.0
3.0,2.0,0.0029084489999604557,100.0,585.12890625,0.0
3.0,3.0,0.006805341000017506,100.0,585.1328125,0.0
3.0,4.0,0.005843397000035111,50.0,585.13671875,0.0
3.0,5.0,0.004327443999954994,100.0,585.13671875,0.0
3.0,6.0,0.0033256149999942863,0.0,585.140625,0.0
3.0,7.0,0.004257843999994293,50.0,585.140625,0.0
3.0,8.0,0.003300312999954258,0.0,585.14453125,0.0
3.0,9.0,0.004166178999867043,50.0,585.15234375,0.0
3.0,10.0,0.003505322000137312,0.0,585.15234375,0.0
3.0,11.0,0.004506325999955152,0.0,585.16015625,0.0
3.0,12.0,0.004590829000107988,100.0,585.16015625,0.0
3.0,13.0,0.0034854689999974653,0.0,585.1640625,0.0
3.0,14.0,0.003603467999937493,100.0,585.171875,0.0
3.0,15.0,0.004396030999942013,0.0,585.171875,0.0
3.0,16.0,0.005926541999997426,100.0,585.1796875,0.0
3.0,17.0,0.007377803000053973,100.0,585.1796875,0.0
3.0,18.0,0.005753860999902827,100.0,585.18359375,0.0
3.0,19.0,0.005999901999985013,100.0,585.18359375,0.0
3.0,20.0,0.003626252999993085,0.0,585.19140625,0.0
3.0,21.0,0.005540686999893296,100.0,585.19921875,0.0
3.0,22.0,0.00860697899997831,100.0,585.19921875,0.0
3.0,23.0,0.005831682000007277,100.0,585.19921875,0.0
3.0,24.0,0.006463962999987416,100.0,585.20703125,0.0
3.0,25.0,0.004699617999904149,0.0,585.20703125,0.0
3.0,26.0,0.003456491999941136,100.0,585.2109375,0.0
3.0,27.0,0.0033913830000074086,0.0,585.21484375,0.0
3.0,28.0,0.003470254000148998,100.0,585.21484375,0.0
3.0,29.0,0.0033702990001529542,0.0,585.22265625,0.0
3.0,30.0,0.004218256000058318,0.0,585.22265625,0.0
3.0,31.0,0.0034052680000513647,100.0,585.23046875,0.0
3.0,32.0,0.004289711999945212,0.0,585.23828125,0.0
3.0,33.0,0.004197025999928883,100.0,585.23828125,0.0
3.0,34.0,0.0034633230000054027,0.0,585.2421875,0.0
3.0,35.0,0.0027218540001285874,100.0,585.2421875,0.0
3.0,36.0,0.0033325130000321224,0.0,585.24609375,0.0
3.0,37.0,0.0033753519999208947,0.0,585.25,0.0
3.0,38.0,0.004301208000015322,100.0,585.25,0.0
3.0,39.0,0.0024585730000126205,0.0,585.25,0.0
3.0,40.0,0.0033124550000138697,0.0,585.25,0.0
3.0,41.0,0.005161541999996189,100.0,585.25390625,0.0
3.0,42.0,0.005138830999840138,66.7,585.2578125,0.0
3.0,43.0,0.004905354999891642,100.0,585.2578125,0.0
3.0,44.0,0.006380012000136048,100.0,585.26171875,0.0
3.0,45.0,0.002910250000013548,0.0,585.26171875,0.0
3.0,46.0,0.004514704000030179,50.0,585.26171875,0.0
3.0,47.0,0.004490759000191247,0.0,585.26953125,0.0
3.0,48.0,0.0043598120000751805,100.0,585.26953125,0.0
3.0,49.0,0.0028458320000481763,0.0,585.26953125,0.0
3.0,50.0,0.0036046790000909823,50.0,585.26953125,0.0
3.0,51.0,0.002517730000135998,0.0,585.26953125,0.0
3.0,52.0,0.004224889999932202,0.0,585.2734375,0.0
3.0,53.0,0.00282846499999323,100.0,585.2734375,0.0
3.0,54.0,0.0038446940000085306,0.0,585.27734375,0.0
3.0,55.0,0.0042141310000261,50.0,585.27734375,0.0
3.0,56.0,0.002578799000048093,0.0,585.28125,0.0
3.0,57.0,0.003551391999963016,0.0,585.28125,0.0
3.0,58.0,0.002592829000150232,100.0,585.28515625,0.0
3.0,59.0,0.003480036000155451,0.0,585.2890625,0.0
3.0,60.0,0.004024528999934773,50.0,585.2890625,0.0
3.0,61.0,0.004491438000059134,0.0,585.2890625,0.0
3.0,62.0,0.0026231450001432677,0.0,585.2890625,0.0
3.0,63.0,0.006907955000087895,100.0,585.2890625,0.0
3.0,64.0,0.00534832399989682,100.0,585.296875,0.0
3.0,65.0,0.002769317999991472,0.0,585.296875,0.0
3.0,66.0,0.003913690999979735,50.0,585.296875,0.0
3.0,67.0,0.0043856879999566445,0.0,585.30078125,0.0
3.0,68.0,0.004377336000061405,50.0,585.30078125,0.0
3.0,69.0,0.0033512780000819475,0.0,585.3046875,0.0
3.0,70.0,0.0035972919999949227,50.0,585.30859375,0.0
3.0,71.0,0.004634355999996842,0.0,585.30859375,0.0
3.0,72.0,0.0035067619999153976,50.0,585.30859375,0.0
3.0,73.0,0.004507910000029369,0.0,585.30859375,0.0
3.0,74.0,0.00469740600010482,50.0,585.30859375,0.0
3.0,75.0,0.0044450990001223545,0.0,585.3125,0.0
3.0,76.0,0.0045262010000897135,50.0,585.3125,0.0
3.0,77.0,0.004403208999974595,0.0,585.3125,0.0
3.0,78.0,0.005361552999829655,100.0,585.3125,0.0
3.0,79.0,0.0049472919999971054,50.0,585.31640625,0.0
3.0,80.0,0.00586120299999493,100.0,585.31640625,0.0
3.0,81.0,0.005485557999918456,100.0,585.3203125,0.0
3.0,82.0,0.006164619999935894,100.0,585.32421875,0.0
3.0,83.0,0.0043173819999537955,100.0,585.328125,0.0
3.0,84.0,0.004691402999924321,100.0,585.328125,0.0
3.0,85.0,0.004745457999888458,0.0,585.328125,0.0
3.0,86.0,0.0039172550000330375,100.0,585.328125,0.0
3.0,87.0,0.00461197100003119,50.0,585.328125,0.0
3.0,88.0,0.0038115699999252683,0.0,585.328125,0.0
3.0,89.0,0.003577536000193504,0.0,585.328125,0.0
3.0,90.0,0.0027329590000135795,100.0,585.33203125,0.0
3.0,91.0,0.0036043200000221987,0.0,585.3359375,0.0
3.0,92.0,0.003561953999906109,100.0,585.3359375,0.0
3.0,93.0,0.0037211329999990994,0.0,585.33984375,0.0
3.0,94.0,0.0036936079998213245,100.0,585.33984375,0.0
3.0,95.0,0.006500921999986531,0.0,585.34375,0.0
3.0,96.0,0.0029275990000314778,50.0,585.34765625,0.0
3.0,97.0,0.0037263680001160537,0.0,585.34765625,0.0
3.0,98.0,0.003742624000096839,50.0,585.34765625,0.0
3.0,99.0,0.0042711840001175005,0.0,585.35546875,0.0
3.0,100.0,0.006998936999934813,100.0,585.359375,0.0
4.0,1.0,0.004255342000078599,100.0,585.359375,0.0
4.0,2.0,0.005894329000057041,100.0,585.36328125,0.0
4.0,3.0,0.007070419999990918,100.0,585.37890625,0.0
4.0,4.0,0.004778352999892377,0.0,585.3828125,0.0
4.0,5.0,0.003939169999966907,50.0,585.38671875,0.0
4.0,6.0,0.0034548979999726726,0.0,585.38671875,0.0
4.0,7.0,0.00365169299993795,50.0,585.390625,0.0
4.0,8.0,0.003597440000021379,0.0,585.390625,0.0
4.0,9.0,0.002723255999853791,0.0,585.390625,0.0
4.0,10.0,0.0034812910000709962,50.0,585.3984375,0.0
4.0,11.0,0.004811979999885807,0.0,585.3984375,0.0
4.0,12.0,0.0044288110000252345,50.0,585.41015625,0.0
4.0,13.0,0.004225529999985156,0.0,585.41015625,0.0
4.0,14.0,0.003477688999964812,50.0,585.41015625,0.0
4.0,15.0,0.0035051980000844196,0.0,585.41796875,0.0
4.0,16.0,0.0027119320000110747,0.0,585.41796875,0.0
4.0,17.0,0.003350572000044849,50.0,585.421875,0.0
4.0,18.0,0.003426448000027449,0.0,585.5390625,0.0
4.0,19.0,0.002530940999804443,50.0,585.54296875,0.0
4.0,20.0,0.0024744980000832584,0.0,585.546875,0.0
4.0,21.0,0.004153275999897232,0.0,585.55078125,0.0
4.0,22.0,0.004257497000025978,50.0,585.5546875,0.0
4.0,23.0,0.003693877999921824,0.0,585.5546875,0.0
4.0,24.0,0.002775301999918156,100.0,585.5546875,0.0
4.0,25.0,0.004379749000008815,0.0,585.55859375,0.0
4.0,26.0,0.003518565000149465,100.0,585.5625,0.0
4.0,27.0,0.004743108000184293,0.0,585.5625,0.0
4.0,28.0,0.004367907999949239,100.0,585.5625,0.0
4.0,29.0,0.004106979999960458,0.0,585.5625,0.0
4.0,30.0,0.003468341999905533,100.0,585.56640625,0.0
4.0,31.0,0.004515509999919232,0.0,585.57421875,0.0
4.0,32.0,0.0026497239998661826,100.0,585.57421875,0.0
4.0,33.0,0.003138960999876872,0.0,585.57421875,0.0
4.0,34.0,0.0042164249998677406,0.0,585.57421875,0.0
4.0,35.0,0.003412076999893543,100.0,585.57421875,0.0
4.0,36.0,0.0041645559999778925,0.0,585.57421875,0.0
4.0,37.0,0.004355252999857839,100.0,585.578125,0.0
4.0,38.0,0.0042422159999659925,0.0,585.58203125,0.0
4.0,39.0,0.004145465999954467,100.0,585.58203125,0.0
4.0,40.0,0.004401638999979696,0.0,585.58203125,0.0
4.0,41.0,0.004134311999905549,100.0,585.58984375,0.0
4.0,42.0,0.002397197999925993,0.0,585.58984375,0.0
4.0,43.0,0.003562196999837397,100.0,585.58984375,0.0
4.0,44.0,0.002772172000049977,0.0,585.59375,0.0
4.0,45.0,0.005773692000047959,50.0,585.59765625,0.0
4.0,46.0,0.003805271000146604,0.0,585.59765625,0.0
4.0,47.0,0.003478148000112924,100.0,585.59765625,0.0
4.0,48.0,0.0032270320000407082,0.0,585.6015625,0.0
4.0,49.0,0.0035199180001654895,50.0,585.6015625,0.0
4.0,50.0,0.0033700480000788957,0.0,585.6015625,0.0
4.0,51.0,0.0024650259999816626,0.0,585.60546875,0.0
4.0,52.0,0.00412883699982558,100.0,585.60546875,0.0
4.0,53.0,0.0034566859999358712,0.0,585.609375,0.0
4.0,54.0,0.0036348520000046847,50.0,585.609375,0.0
4.0,55.0,0.0036101069999858737,0.0,585.609375,0.0
4.0,56.0,0.0025615959998503968,0.0,585.609375,0.0
4.0,57.0,0.002868406000061441,100.0,585.609375,0.0
4.0,58.0,0.004048813000053997,0.0,585.609375,0.0
4.0,59.0,0.004312054999900283,50.0,585.61328125,0.0
4.0,60.0,0.0031719319999865547,0.0,585.61328125,0.0
4.0,61.0,0.0045163879999563505,50.0,585.61328125,0.0
4.0,62.0,0.004300354999941192,100.0,585.61328125,0.0
4.0,63.0,0.0034140160000788455,0.0,585.61328125,0.0
4.0,64.0,0.003578698999945118,100.0,585.61328125,0.0
4.0,65.0,0.0025999710001087806,0.0,585.6171875,0.0
4.0,66.0,0.0032134870000390947,0.0,585.62109375,0.0
4.0,67.0,0.003934844000013982,100.0,585.62109375,0.0
4.0,68.0,0.003718733999903634,0.0,585.625,0.0
4.0,69.0,0.002448154999910912,100.0,585.625,0.0
4.0,70.0,0.003976498999918476,0.0,585.625,0.0
4.0,71.0,0.004116930999998658,100.0,585.62890625,0.0
4.0,72.0,0.004454143999964799,0.0,585.62890625,0.0
4.0,73.0,0.0042913160000352946,100.0,585.6328125,0.0
4.0,74.0,0.0034305140000014944,0.0,585.6328125,0.0
4.0,75.0,0.00412655599984646,50.0,585.63671875,0.0
4.0,76.0,0.004170934000057969,0.0,585.66015625,0.0
4.0,77.0,0.0025073219999285357,0.0,585.66015625,0.0
4.0,78.0,0.0031674389999807318,100.0,585.66015625,0.0
4.0,79.0,0.004940519999991011,0.0,585.66015625,0.0
4.0,80.0,0.0037950890000502113,100.0,585.66015625,0.0
4.0,81.0,0.00427465799998572,0.0,585.66796875,0.0
4.0,82.0,0.002508071999955064,100.0,585.66796875,0.0
4.0,83.0,0.0024651850001191633,0.0,585.66796875,0.0
4.0,84.0,0.004060428999991927,0.0,585.66796875,0.0
4.0,85.0,0.0033008460000019113,100.0,585.66796875,0.0
4.0,86.0,0.003221455000129936,0.0,585.66796875,0.0
4.0,87.0,0.0032332129999304016,0.0,585.66796875,0.0
4.0,88.0,0.003289855000048192,100.0,585.671875,0.0
4.0,89.0,0.0033973960000821535,0.0,585.6875,0.0
4.0,90.0,0.0034997390000626183,100.0,585.69140625,0.0
4.0,91.0,0.0032832480001161457,0.0,585.69140625,0.0
4.0,92.0,0.0024447069999951054,0.0,585.69140625,0.0
4.0,93.0,0.004156213999976899,100.0,585.69140625,0.0
4.0,94.0,0.0033277429999998276,0.0,585.6953125,0.0
4.0,95.0,0.004520090999903914,100.0,585.69921875,0.0
4.0,96.0,0.003285191000031773,0.0,585.69921875,0.0
4.0,97.0,0.0041194099999302125,100.0,585.69921875,0.0
4.0,98.0,0.0032875619999686023,0.0,585.69921875,0.0
4.0,99.0,0.004036248999909731,0.0,585.69921875,0.0
4.0,100.0,0.002474724999956379,100.0,585.69921875,0.0
5.0,1.0,0.0033617289998346678,0.0,585.70703125,0.0
5.0,2.0,0.004328497999949832,100.0,585.70703125,0.0
5.0,3.0,0.0033409760001177347,0.0,585.70703125,0.0
5.0,4.0,0.0032731900000726455,0.0,585.70703125,0.0
5.0,5.0,0.0036822229999415867,100.0,585.71875,0.0
5.0,6.0,0.0033628160001626384,0.0,585.71875,0.0
5.0,7.0,0.003488338999886764,100.0,585.72265625,0.0
5.0,8.0,0.004368387999875267,0.0,585.72265625,0.0
5.0,9.0,0.0027306200001930847,0.0,585.72265625,0.0
5.0,10.0,0.004026457000009032,100.0,585.7265625,0.0
5.0,11.0,0.0036215169998286,0.0,585.7421875,0.0
5.0,12.0,0.004288737000024412,100.0,585.74609375,0.0
5.0,13.0,0.0035616630000276928,0.0,585.74609375,0.0
5.0,14.0,0.0024365100000522943,100.0,585.75,0.0
5.0,15.0,0.003549390999978641,0.0,585.75,0.0
5.0,16.0,0.004144968999980847,50.0,585.75,0.0
5.0,17.0,0.0040917069998158695,0.0,585.7578125,0.0
5.0,18.0,0.00347610399990117,0.0,585.76171875,0.0
5.0,19.0,0.004275537000012264,100.0,585.76171875,0.0
5.0,20.0,0.004149353999991945,0.0,585.76953125,0.0
5.0,21.0,0.003290913000000728,100.0,585.76953125,0.0
5.0,22.0,0.0033144779999929597,0.0,585.7890625,0.0
5.0,23.0,0.004428899999993519,100.0,585.7890625,0.0
5.0,24.0,0.003431624000086231,0.0,585.7890625,0.0
5.0,25.0,0.003272999000046184,50.0,585.796875,0.0
5.0,26.0,0.003327241000079084,0.0,585.796875,0.0
5.0,27.0,0.003310477000013634,0.0,585.796875,0.0
5.0,28.0,0.0032276019999244454,100.0,585.80078125,0.0
5.0,29.0,0.0026524030001837673,0.0,585.80078125,0.0
5.0,30.0,0.002544446000001699,0.0,585.80078125,0.0
5.0,31.0,0.00405895399990186,100.0,585.8046875,0.0
5.0,32.0,0.003272888000083185,0.0,585.8046875,0.0
5.0,33.0,0.004080681000004915,100.0,585.828125,0.0
5.0,34.0,0.003537912999945547,0.0,585.828125,0.0
5.0,35.0,0.003226156999971863,50.0,585.828125,0.0
5.0,36.0,0.00400862599985885,0.0,585.828125,0.0
5.0,37.0,0.0032018219999372377,0.0,585.83203125,0.0
5.0,38.0,0.0031840099998134974,100.0,585.8359375,0.0
5.0,39.0,0.0025089739999657468,0.0,585.83984375,0.0
5.0,40.0,0.0034343740001077094,0.0,585.83984375,0.0
5.0,41.0,0.0024218620001192903,100.0,585.83984375,0.0
5.0,42.0,0.005391883999891434,0.0,585.83984375,0.0
5.0,43.0,0.0055968960000427614,100.0,585.83984375,0.0
5.0,44.0,0.003501154000105089,0.0,585.84375,0.0
5.0,45.0,0.0037407979998533847,100.0,585.84375,0.0
5.0,46.0,0.004198139999971318,0.0,585.84375,0.0
5.0,47.0,0.0031501160001425887,100.0,585.84375,0.0
5.0,48.0,0.0025187180001466913,0.0,585.84375,0.0
5.0,49.0,0.0041212590001578064,0.0,585.84765625,0.0
5.0,50.0,0.0024630899999920075,100.0,585.84765625,0.0
5.0,51.0,0.004006604000096559,0.0,585.84765625,0.0
5.0,52.0,0.00421972399999504,100.0,585.8515625,0.0
5.0,53.0,0.002473513000040839,0.0,585.8515625,0.0
5.0,54.0,0.004074445000014748,0.0,585.8515625,0.0
5.0,55.0,0.0032239130000562,100.0,585.8515625,0.0
5.0,56.0,0.002452145000006567,0.0,585.85546875,0.0
5.0,57.0,0.0024240819998340157,0.0,585.85546875,0.0
5.0,58.0,0.0023967869999523828,100.0,585.85546875,0.0
5.0,59.0,0.004009040000028108,0.0,585.85546875,0.0
5.0,60.0,0.003239785000005213,100.0,585.85546875,0.0
5.0,61.0,0.002430077000099118,0.0,585.85546875,0.0
5.0,62.0,0.004156293000050937,0.0,585.86328125,0.0
5.0,63.0,0.003907048999963081,100.0,585.86328125,0.0
5.0,64.0,0.0026950960000249324,0.0,585.86328125,0.0
5.0,65.0,0.002565993999951388,100.0,585.86328125,0.0
5.0,66.0,0.002625763999958508,0.0,585.8671875,0.0
5.0,67.0,0.004307771000185312,0.0,585.8671875,0.0
5.0,68.0,0.004126463999909902,100.0,585.87109375,0.0
5.0,69.0,0.0040837330000158545,0.0,585.875,0.0
5.0,70.0,0.003292074999990291,100.0,585.875,0.0
5.0,71.0,0.0032385819999944943,0.0,585.875,0.0
5.0,72.0,0.0032816489999731857,50.0,585.875,0.0
5.0,73.0,0.0040807889999996405,0.0,585.87890625,0.0
5.0,74.0,0.004027673999871695,0.0,585.87890625,0.0
5.0,75.0,0.002474352000035651,100.0,585.87890625,0.0
5.0,76.0,0.004032738999967478,0.0,585.8984375,0.0
5.0,77.0,0.004279786000097374,50.0,585.8984375,0.0
5.0,78.0,0.004313065999895116,0.0,585.90625,0.0
5.0,79.0,0.0025156009999136586,50.0,585.90625,0.0
5.0,80.0,0.004214491000084308,0.0,585.91015625,0.0
5.0,81.0,0.00242527099999279,0.0,585.91015625,0.0
5.0,82.0,0.0032385500001055334,100.0,585.9140625,0.0
5.0,83.0,0.002474437000046237,0.0,585.9140625,0.0
5.0,84.0,0.0032566280001447012,0.0,585.9140625,0.0
5.0,85.0,0.003170262000139701,100.0,585.9140625,0.0
5.0,86.0,0.0024252749999504886,0.0,585.9140625,0.0
5.0,87.0,0.002594431000034092,50.0,585.9140625,0.0
5.0,88.0,0.0026051889999507694,0.0,585.9140625,0.0
5.0,89.0,0.003995592000137549,0.0,585.9140625,0.0
5.0,90.0,0.0040274000000408705,50.0,585.91796875,0.0
5.0,91.0,0.0024081019998902775,0.0,585.91796875,0.0
5.0,92.0,0.002417392000097607,0.0,585.91796875,0.0
5.0,93.0,0.002419426999949792,100.0,585.91796875,0.0
5.0,94.0,0.0032649879999553377,0.0,585.91796875,0.0
5.0,95.0,0.003218161999939184,0.0,585.91796875,0.0
5.0,96.0,0.0032018560000324214,100.0,585.921875,0.0
5.0,97.0,0.002418818000023748,0.0,585.921875,0.0
5.0,98.0,0.0031655850000333885,0.0,585.921875,0.0
5.0,99.0,0.0032319809999989957,100.0,585.92578125,0.0
5.0,100.0,0.003193503999909808,0.0,585.9296875,0.0
6.0,1.0,0.0033106139999290463,50.0,585.9296875,0.0
6.0,2.0,0.00401857699989705,0.0,585.9296875,0.0
6.0,3.0,0.002524165000068024,50.0,585.9296875,0.0
6.0,4.0,0.002383518999977241,0.0,585.9296875,0.0
6.0,5.0,0.0024484560001383215,0.0,585.9296875,0.0
6.0,6.0,0.0032496180001544417,50.0,585.93359375,0.0
6.0,7.0,0.003282215000126598,0.0,585.94140625,0.0
6.0,8.0,0.004092885999853024,0.0,585.94140625,0.0
6.0,9.0,0.003206477000048835,100.0,585.94140625,0.0
6.0,10.0,0.0025225540000519686,0.0,585.94140625,0.0
6.0,11.0,0.0024428219999208522,0.0,585.94140625,0.0
6.0,12.0,0.004010892000223976,100.0,585.94140625,0.0
6.0,13.0,0.0032105539999065513,0.0,585.94140625,0.0
6.0,14.0,0.004349826999941797,50.0,585.94921875,0.0
6.0,15.0,0.002693550999993022,0.0,585.94921875,0.0
6.0,16.0,0.0028086400000120193,0.0,585.94921875,0.0
6.0,17.0,0.0042254059999322635,100.0,585.94921875,0.0
6.0,18.0,0.0050099939999199705,100.0,585.94921875,0.0
6.0,19.0,0.004224192000037874,0.0,585.94921875,0.0
6.0,20.0,0.002596655000161263,100.0,585.94921875,0.0
6.0,21.0,0.004281019000018205,0.0,585.953125,0.0
6.0,22.0,0.002541990000054284,0.0,585.95703125,0.0
6.0,23.0,0.004201277999982267,100.0,585.95703125,0.0
6.0,24.0,0.003627423000125418,0.0,585.95703125,0.0
6.0,25.0,0.003384151999853202,100.0,585.9609375,0.0
6.0,26.0,0.004056764999859297,0.0,585.9609375,0.0
6.0,27.0,0.004206936999935351,100.0,585.9609375,0.0
6.0,28.0,0.0028268539999771747,0.0,585.9609375,0.0
6.0,29.0,0.005241817999831255,100.0,585.96484375,0.0
6.0,30.0,0.0042767769998590666,0.0,585.96484375,0.0
6.0,31.0,0.0041803510000590904,50.0,585.96484375,0.0
6.0,32.0,0.0024625030000606785,0.0,585.96875,0.0
6.0,33.0,0.0034797650000655267,50.0,585.96875,0.0
6.0,34.0,0.002702998000131629,0.0,585.96875,0.0
6.0,35.0,0.002465246999918236,0.0,585.96875,0.0
6.0,36.0,0.004260660999989341,50.0,585.9765625,0.0
6.0,37.0,0.004307029000074181,0.0,585.98046875,0.0
6.0,38.0,0.0026030599999558035,100.0,585.98046875,0.0
6.0,39.0,0.002512285999955566,0.0,585.98046875,0.0
6.0,40.0,0.003388714000038817,0.0,585.984375,0.0
6.0,41.0,0.0050938159999986965,100.0,585.984375,0.0
6.0,42.0,0.0037149800000406685,100.0,585.984375,0.0
6.0,43.0,0.0038500369998928363,0.0,585.984375,0.0
6.0,44.0,0.005279399999835732,100.0,585.98828125,0.0
6.0,45.0,0.006702993999851969,100.0,586.01953125,0.0
6.0,46.0,0.0038465439999981754,100.0,586.01953125,0.0
6.0,47.0,0.003477895000060016,50.0,586.01953125,0.0
6.0,48.0,0.0036597870000605326,0.0,586.01953125,0.0
6.0,49.0,0.0042412949999288685,50.0,586.01953125,0.0
6.0,50.0,0.003449850999913906,0.0,586.01953125,0.0
6.0,51.0,0.002593860999922981,0.0,586.02734375,0.0
6.0,52.0,0.003237485999989076,100.0,586.02734375,0.0
6.0,53.0,0.003248474999963946,0.0,586.03125,0.0
6.0,54.0,0.0032922739999321493,0.0,586.03125,0.0
6.0,55.0,0.0032550710000123217,100.0,586.03125,0.0
6.0,56.0,0.0032701889999771083,0.0,586.03125,0.0
6.0,57.0,0.0033117069999661908,100.0,586.03515625,0.0
6.0,58.0,0.003385980000075506,0.0,586.03515625,0.0
6.0,59.0,0.00466013599998405,50.0,586.0390625,0.0
6.0,60.0,0.0034520699998665805,0.0,586.0390625,0.0
6.0,61.0,0.0037623700000040117,100.0,586.0390625,0.0
6.0,62.0,0.004520924000189552,100.0,586.0390625,0.0
6.0,63.0,0.003252111999927365,0.0,586.0390625,0.0
6.0,64.0,0.002590031999943676,0.0,586.04296875,0.0
6.0,65.0,0.0033938439999019465,50.0,586.046875,0.0
6.0,66.0,0.004134688000021924,0.0,586.046875,0.0
6.0,67.0,0.0025602059999982885,0.0,586.046875,0.0
6.0,68.0,0.00459050099993874,50.0,586.046875,0.0
6.0,69.0,0.004127401000005193,0.0,586.046875,0.0
6.0,70.0,0.0033234920001632418,50.0,586.046875,0.0
6.0,71.0,0.003467834000048242,0.0,586.046875,0.0
6.0,72.0,0.004076422000025559,50.0,586.05078125,0.0
6.0,73.0,0.003737628000180848,0.0,586.05078125,0.0
6.0,74.0,0.003674960999887844,100.0,586.05078125,0.0
6.0,75.0,0.004411893999986205,0.0,586.05078125,0.0
6.0,76.0,0.006429240999977992,100.0,586.05078125,0.0
6.0,77.0,0.005872435000128462,100.0,586.0546875,0.0
6.0,78.0,0.006107557999939672,100.0,586.0546875,0.0
6.0,79.0,0.005526064999912705,100.0,586.05859375,0.0
6.0,80.0,0.005250649999879897,50.0,586.0625,0.0
6.0,81.0,0.00436324100019192,0.0,586.07421875,0.0
6.0,82.0,0.004444712999884359,50.0,586.07421875,0.0
6.0,83.0,0.00419800400004533,0.0,586.078125,0.0
6.0,84.0,0.003372498999851814,100.0,586.078125,0.0
6.0,85.0,0.0025996970000505826,0.0,586.078125,0.0
6.0,86.0,0.004136711000001014,100.0,586.078125,0.0
6.0,87.0,0.0025652870001522388,0.0,586.078125,0.0
6.0,88.0,0.003344777999927828,0.0,586.08203125,0.0
6.0,89.0,0.00445579600000201,50.0,586.09765625,0.0
6.0,90.0,0.0037164920001941937,0.0,586.09765625,0.0
6.0,91.0,0.006645497999897998,50.0,586.09765625,0.0
6.0,92.0,0.003344530000049417,0.0,586.1015625,0.0
6.0,93.0,0.004262773999926139,50.0,586.1015625,0.0
6.0,94.0,0.003338351000138573,0.0,586.10546875,0.0
6.0,95.0,0.002579946999958338,100.0,586.109375,0.0
6.0,96.0,0.003530168999986927,0.0,586.109375,0.0
6.0,97.0,0.002532717999883971,0.0,586.109375,0.0
6.0,98.0,0.0033598119998714537,100.0,586.109375,0.0
6.0,99.0,0.0033192739999776677,0.0,586.109375,0.0
6.0,100.0,0.0024272250000194617,100.0,586.109375,0.0
7.0,1.0,0.004196300000103292,0.0,586.109375,0.0
7.0,2.0,0.00364710600001672,100.0,586.109375,0.0
7.0,3.0,0.0025431619999380928,0.0,586.109375,0.0
7.0,4.0,0.0033269809998728306,0.0,586.109375,0.0
7.0,5.0,0.003434216999949058,100.0,586.109375,0.0
7.0,6.0,0.003434486000060133,0.0,586.109375,0.0
7.0,7.0,0.004274355000006835,100.0,586.109375,0.0
7.0,8.0,0.0026075799999034643,0.0,586.109375,0.0
7.0,9.0,0.004203812000014295,0.0,586.11328125,0.0
7.0,10.0,0.0035403249999035324,100.0,586.11328125,0.0
7.0,11.0,0.0036183810000238736,0.0,586.11328125,0.0
7.0,12.0,0.00262013300016406,100.0,586.11328125,0.0
7.0,13.0,0.0036122750000231463,0.0,586.11328125,0.0
7.0,14.0,0.003424891000122443,0.0,586.140625,0.0
7.0,15.0,0.003297351999890452,100.0,586.140625,0.0
7.0,16.0,0.003444491999971433,0.0,586.140625,0.0
7.0,17.0,0.004487906000122166,100.0,586.140625,0.0
7.0,18.0,0.004312174000006053,0.0,586.14453125,0.0
7.0,19.0,0.0034569110000575165,100.0,586.14453125,0.0
7.0,20.0,0.002503501999854052,0.0,586.14453125,0.0
7.0,21.0,0.004263998999931573,0.0,586.14453125,0.0
7.0,22.0,0.0034130540000205656,100.0,586.1484375,0.0
7.0,23.0,0.0033928020000075776,0.0,586.1484375,0.0
7.0,24.0,0.0033029280000391736,100.0,586.1484375,0.0
7.0,25.0,0.0033550569999079016,0.0,586.1484375,0.0
7.0,26.0,0.004652380999914385,100.0,586.1484375,0.0
7.0,27.0,0.0034206499999527296,0.0,586.1484375,0.0
7.0,28.0,0.0025958990001981874,0.0,586.15234375,0.0
7.0,29.0,0.0034111439999833237,100.0,586.15625,0.0
7.0,30.0,0.0033541499999500957,0.0,586.15625,0.0
7.0,31.0,0.004130294000106005,100.0,586.15625,0.0
7.0,32.0,0.00415524799996092,0.0,586.15625,0.0
7.0,33.0,0.002587891000075615,0.0,586.15625,0.0
7.0,34.0,0.0033620579999933398,100.0,586.16015625,0.0
7.0,35.0,0.00334136799983753,0.0,586.16015625,0.0
7.0,36.0,0.003456474000131493,100.0,586.16015625,0.0
7.0,37.0,0.0033596200000829413,0.0,586.16015625,0.0
7.0,38.0,0.0032797300000311225,0.0,586.16015625,0.0
7.0,39.0,0.0026326610000069195,100.0,586.16015625,0.0
7.0,40.0,0.0035591550001754513,0.0,586.1640625,0.0
7.0,41.0,0.004110941999897477,100.0,586.16796875,0.0
7.0,42.0,0.0026805150000654976,0.0,586.16796875,0.0
7.0,43.0,0.004104913999981363,50.0,586.16796875,0.0
7.0,44.0,0.003278667999893514,0.0,586.16796875,0.0
7.0,45.0,0.004490646000022025,0.0,586.16796875,0.0
7.0,46.0,0.002562770999929853,100.0,586.16796875,0.0
7.0,47.0,0.0024074920002021827,0.0,586.16796875,0.0
7.0,48.0,0.004222498999979507,50.0,586.16796875,0.0
7.0,49.0,0.0035617529999854014,0.0,586.16796875,0.0
7.0,50.0,0.0028817869999784307,0.0,586.171875,0.0
7.0,51.0,0.0035170300000118004,100.0,586.171875,0.0
7.0,52.0,0.003529590999960419,100.0,586.1796875,0.0
7.0,53.0,0.004455660000076023,0.0,586.18359375,0.0
7.0,54.0,0.003373563999957696,0.0,586.1875,0.0
7.0,55.0,0.0033230620001631905,50.0,586.1875,0.0
7.0,56.0,0.00448206900000514,0.0,586.19140625,0.0
7.0,57.0,0.004771579999896858,50.0,586.19140625,0.0
7.0,58.0,0.0027882749998298095,0.0,586.19140625,0.0
7.0,59.0,0.0024475760001223534,100.0,586.19140625,0.0
7.0,60.0,0.004218003999994835,0.0,586.19140625,0.0
7.0,61.0,0.002524492000020473,0.0,586.19140625,0.0
7.0,62.0,0.0025825269999586453,100.0,586.19140625,0.0
7.0,63.0,0.0024509340000804514,0.0,586.19140625,0.0
7.0,64.0,0.0032790449999993143,0.0,586.1953125,0.0
7.0,65.0,0.002473758999940401,50.0,586.19921875,0.0
7.0,66.0,0.0024897539999528817,0.0,586.19921875,0.0
7.0,67.0,0.004175559000032081,100.0,586.19921875,0.0
7.0,68.0,0.0026267410000855307,0.0,586.19921875,0.0
7.0,69.0,0.002456921999964834,0.0,586.19921875,0.0
7.0,70.0,0.0024517110000488174,100.0,586.19921875,0.0
7.0,71.0,0.0034141850001105922,0.0,586.203125,0.0
7.0,72.0,0.0033393369999430433,0.0,586.20703125,0.0
7.0,73.0,0.00265661500020542,100.0,586.20703125,0.0
7.0,74.0,0.002483501999904547,0.0,586.20703125,0.0
7.0,75.0,0.0033371950000855577,0.0,586.20703125,0.0
7.0,76.0,0.0042158780001955165,50.0,586.20703125,0.0
7.0,77.0,0.004827288000115004,0.0,586.20703125,0.0
7.0,78.0,0.005556272000148965,50.0,586.20703125,0.0
7.0,79.0,0.004352068999878611,100.0,586.2109375,0.0
7.0,80.0,0.004352542000106041,50.0,586.2109375,0.0
7.0,81.0,0.0026943120001305942,0.0,586.2109375,0.0
7.0,82.0,0.0033798639999531588,100.0,586.21484375,0.0
7.0,83.0,0.00413622399992164,0.0,586.23828125,0.0
7.0,84.0,0.0033216140000149608,100.0,586.2421875,0.0
7.0,85.0,0.0042076740000993595,0.0,586.2421875,0.0
7.0,86.0,0.0033735340000475844,100.0,586.2421875,0.0
7.0,87.0,0.0035127080000165734,0.0,586.2421875,0.0
7.0,88.0,0.0033077390000926243,0.0,586.2421875,0.0
7.0,89.0,0.002494534000106796,100.0,586.25,0.0
7.0,90.0,0.0034339960000124847,0.0,586.25390625,0.0
7.0,91.0,0.00414706199990178,100.0,586.25390625,0.0
7.0,92.0,0.0033890409999912663,0.0,586.25390625,0.0
7.0,93.0,0.002496735000022454,0.0,586.25390625,0.0
7.0,94.0,0.004179893000127777,100.0,586.25390625,0.0
7.0,95.0,0.0025162890001411142,0.0,586.25390625,0.0
7.0,96.0,0.003367358999867065,100.0,586.2578125,0.0
7.0,97.0,0.0024613099999442056,0.0,586.26171875,0.0
7.0,98.0,0.002444217999936882,0.0,586.26171875,0.0
7.0,99.0,0.0034917840000616707,100.0,586.265625,0.0
7.0,100.0,0.0035187549999591283,0.0,586.265625,0.0
8.0,1.0,0.00308695900002931,0.0,586.265625,0.0
8.0,2.0,0.002727943000081723,100.0,586.265625,0.0
8.0,3.0,0.003580712999792013,0.0,586.265625,0.0
8.0,4.0,0.0034199409999473573,100.0,586.265625,0.0
8.0,5.0,0.0026613520001319557,0.0,586.265625,0.0
8.0,6.0,0.0025315309999314195,0.0,586.265625,0.0
8.0,7.0,0.003253918999917005,100.0,586.265625,0.0
8.0,8.0,0.003747781999891231,0.0,586.265625,0.0
8.0,9.0,0.005004621999887604,100.0,586.265625,0.0
8.0,10.0,0.004114766999919084,0.0,586.265625,0.0
8.0,11.0,0.005016451000074085,100.0,586.265625,0.0
8.0,12.0,0.004904545000044891,0.0,586.26953125,0.0
8.0,13.0,0.004578088000016578,100.0,586.2734375,0.0
8.0,14.0,0.0037941530001717183,0.0,586.2734375,0.0
8.0,15.0,0.00474822099999983,100.0,586.2734375,0.0
8.0,16.0,0.0025409359998320724,0.0,586.2734375,0.0
8.0,17.0,0.004900995000070907,100.0,586.2734375,0.0
8.0,18.0,0.0034880229998179857,0.0,586.27734375,0.0
8.0,19.0,0.004791126000100121,100.0,586.27734375,0.0
8.0,20.0,0.0027822879999348515,0.0,586.27734375,0.0
8.0,21.0,0.0027700739999545476,100.0,586.27734375,0.0
8.0,22.0,0.004751030000079481,0.0,586.27734375,0.0
8.0,23.0,0.0038303759999962494,100.0,586.27734375,0.0
8.0,24.0,0.004341986000099496,0.0,586.28125,0.0
8.0,25.0,0.003628510999988066,0.0,586.28125,0.0
8.0,26.0,0.0035023419998196914,100.0,586.28125,0.0
8.0,27.0,0.0027839420001782855,0.0,586.28125,0.0
8.0,28.0,0.0046884240000508726,100.0,586.28125,0.0
8.0,29.0,0.0049183040000571054,0.0,586.28125,0.0
8.0,30.0,0.0044600119999813614,100.0,586.28125,0.0
8.0,31.0,0.003685620999931416,0.0,586.28125,0.0
8.0,32.0,0.0038365529999282444,100.0,586.28125,0.0
8.0,33.0,0.002655826999898636,0.0,586.28125,0.0
8.0,34.0,0.0038232809999954043,100.0,586.28515625,0.0
8.0,35.0,0.0033101710000664752,0.0,586.28515625,0.0
8.0,36.0,0.004699674999983472,50.0,586.28515625,0.0
8.0,37.0,0.0036109029999806808,100.0,586.28515625,0.0
8.0,38.0,0.0036655480000717944,0.0,586.28515625,0.0
8.0,39.0,0.0055430280001473875,100.0,586.32421875,0.0
8.0,40.0,0.005456347999825084,100.0,586.328125,0.0
8.0,41.0,0.006470208000109778,100.0,586.33203125,0.0
8.0,42.0,0.0056761099999675935,100.0,586.33203125,0.0
8.0,43.0,0.0028090009998322785,100.0,586.3359375,0.0
8.0,44.0,0.0038015750001250126,0.0,586.3359375,0.0
8.0,45.0,0.0034454389999609702,100.0,586.3359375,0.0
8.0,46.0,0.004226809000101639,0.0,586.33984375,0.0
8.0,47.0,0.004368920999922921,100.0,586.33984375,0.0
8.0,48.0,0.0043099710001115454,0.0,586.33984375,0.0
8.0,49.0,0.0034100860000307875,100.0,586.34375,0.0
8.0,50.0,0.0025654909998138464,0.0,586.34375,0.0
8.0,51.0,0.002534743000069284,0.0,586.34375,0.0
8.0,52.0,0.004370893999976033,100.0,586.34765625,0.0
8.0,53.0,0.00450657900000806,0.0,586.34765625,0.0
8.0,54.0,0.0036072890000014013,100.0,586.34765625,0.0
8.0,55.0,0.003453395999940767,0.0,586.34765625,0.0
8.0,56.0,0.0027858540001943766,0.0,586.34765625,0.0
8.0,57.0,0.0035494880000896956,100.0,586.3515625,0.0
8.0,58.0,0.003492439999945418,0.0,586.3515625,0.0
8.0,59.0,0.004508530000066457,100.0,586.3515625,0.0
8.0,60.0,0.0028182029998333746,0.0,586.3515625,0.0
8.0,61.0,0.0027476089999254327,50.0,586.3515625,0.0
8.0,62.0,0.004150128999981462,0.0,586.3515625,0.0
8.0,63.0,0.0034641869999632036,50.0,586.3515625,0.0
8.0,64.0,0.002586989000064932,0.0,586.3515625,0.0
8.0,65.0,0.005771755000068879,100.0,586.3515625,0.0
8.0,66.0,0.003425611000011486,0.0,586.375,0.0
8.0,67.0,0.00429805200019473,100.0,586.421875,0.0
8.0,68.0,0.002648722000003545,0.0,586.42578125,0.0
8.0,69.0,0.0035034350000842096,100.0,586.4296875,0.0
8.0,70.0,0.003372840000110955,0.0,586.4296875,0.0
8.0,71.0,0.0033500780000395025,0.0,586.4296875,0.0
8.0,72.0,0.004801869000175429,100.0,586.4296875,0.0
8.0,73.0,0.004369264000160911,0.0,586.4296875,0.0
8.0,74.0,0.004016702999933841,100.0,586.43359375,0.0
8.0,75.0,0.006511388999797418,100.0,586.4375,0.0
8.0,76.0,0.004019038000024011,100.0,586.4375,0.0
8.0,77.0,0.0054165999999895575,100.0,586.4375,0.0
8.0,78.0,0.006725722000055612,100.0,586.4375,0.0
8.0,79.0,0.003599377000000459,0.0,586.4609375,0.0
8.0,80.0,0.004249895000157267,50.0,586.4609375,0.0
8.0,81.0,0.0024889290000373876,0.0,586.4609375,0.0
8.0,82.0,0.0026151679999202315,100.0,586.46484375,0.0
8.0,83.0,0.00455066400013493,0.0,586.46484375,0.0
8.0,84.0,0.004310776000011174,100.0,586.46875,0.0
8.0,85.0,0.004444279000153983,0.0,586.484375,0.0
8.0,86.0,0.002680297999859249,0.0,586.484375,0.0
8.0,87.0,0.0038071440001203882,100.0,586.484375,0.0
8.0,88.0,0.003487410999923668,0.0,586.484375,0.0
8.0,89.0,0.0033667469999727473,100.0,586.484375,0.0
8.0,90.0,0.004284987000119145,0.0,586.49609375,0.0
8.0,91.0,0.0025260560000788246,0.0,586.49609375,0.0
8.0,92.0,0.0025635399999828223,100.0,586.49609375,0.0
8.0,93.0,0.0034094920001734863,0.0,586.5,0.0
8.0,94.0,0.004335939000156941,100.0,586.5,0.0
8.0,95.0,0.0034956690001308743,0.0,586.50390625,0.0
8.0,96.0,0.003663204000076803,100.0,586.50390625,0.0
8.0,97.0,0.003561208999826704,0.0,586.5078125,0.0
8.0,98.0,0.002807209999900806,0.0,586.53125,0.0
8.0,99.0,0.003413788999978351,100.0,586.53125,0.0
8.0,100.0,0.0027573429999847576,0.0,586.53515625,0.0
9.0,1.0,0.003930116999981692,100.0,586.5390625,0.0
9.0,2.0,0.0026121200000943645,0.0,586.5390625,0.0
9.0,3.0,0.004475692999903913,0.0,586.5390625,0.0
9.0,4.0,0.0033627729999352596,100.0,586.5390625,0.0
9.0,5.0,0.0033815150000009453,0.0,586.5390625,0.0
9.0,6.0,0.0033977719999711553,100.0,586.5390625,0.0
9.0,7.0,0.00262455899996894,0.0,586.546875,0.0
9.0,8.0,0.0028331250000519503,0.0,586.546875,0.0
9.0,9.0,0.003697189000149592,100.0,586.546875,0.0
9.0,10.0,0.0034706959997947706,0.0,586.546875,0.0
9.0,11.0,0.0036630179999974644,100.0,586.546875,0.0
9.0,12.0,0.0034507139998822822,0.0,586.546875,0.0
9.0,13.0,0.004289146000019173,50.0,586.55078125,0.0
9.0,14.0,0.004669006999847625,0.0,586.5546875,0.0
9.0,15.0,0.002838277000137168,0.0,586.55859375,0.0
9.0,16.0,0.004334366999955819,100.0,586.55859375,0.0
9.0,17.0,0.004383225000083257,0.0,586.55859375,0.0
9.0,18.0,0.0036061620000964467,100.0,586.56640625,0.0
9.0,19.0,0.003655658999832667,0.0,586.56640625,0.0
9.0,20.0,0.0035104809999211284,100.0,586.56640625,0.0
9.0,21.0,0.0034383639999759907,0.0,586.56640625,0.0
9.0,22.0,0.002741630000173245,0.0,586.56640625,0.0
9.0,23.0,0.004293507000056707,100.0,586.5703125,0.0
9.0,24.0,0.0026344450000124198,0.0,586.57421875,0.0
9.0,25.0,0.0035480450001159625,100.0,586.57421875,0.0
9.0,26.0,0.0043237020001924975,0.0,586.57421875,0.0
9.0,27.0,0.005178087000103915,100.0,586.57421875,0.0
9.0,28.0,0.003531553999891912,100.0,586.58203125,0.0
9.0,29.0,0.00259069300000192,0.0,586.58203125,0.0
9.0,30.0,0.003520506000086243,0.0,586.5859375,0.0
9.0,31.0,0.003531840000050579,100.0,586.5859375,0.0
9.0,32.0,0.004524505000063073,0.0,586.58984375,0.0
9.0,33.0,0.005053644000099666,100.0,586.58984375,0.0
9.0,34.0,0.003936144999897806,0.0,586.59375,0.0
9.0,35.0,0.004272047000085877,100.0,586.6015625,0.0
9.0,36.0,0.003523691000054896,0.0,586.6015625,0.0
9.0,37.0,0.005896034999977928,100.0,586.6015625,0.0
9.0,38.0,0.003867721000005986,0.0,586.6015625,0.0
9.0,39.0,0.002648839999892516,50.0,586.60546875,0.0
9.0,40.0,0.003767725999978211,0.0,586.60546875,0.0
9.0,41.0,0.003603700999974535,50.0,586.609375,0.0
9.0,42.0,0.0025862019999749464,0.0,586.609375,0.0
9.0,43.0,0.002741842999967048,0.0,586.609375,0.0
9.0,44.0,0.004399513999942428,50.0,586.62109375,0.0
9.0,45.0,0.0042713550001280964,0.0,586.62109375,0.0
9.0,46.0,0.004000332000032358,100.0,586.62109375,0.0
9.0,47.0,0.003423670000074708,0.0,586.62109375,0.0
9.0,48.0,0.004295315000035771,100.0,586.62109375,0.0
9.0,49.0,0.002587645999938104,0.0,586.62109375,0.0
9.0,50.0,0.004729559999987032,50.0,586.62109375,0.0
9.0,51.0,0.002805968000075154,0.0,586.62109375,0.0
9.0,52.0,0.0034652760000426497,50.0,586.62109375,0.0
9.0,53.0,0.0045057950001137215,0.0,586.62109375,0.0
9.0,54.0,0.004514406999987841,50.0,586.62109375,0.0
9.0,55.0,0.004468881999855512,0.0,586.62109375,0.0
9.0,56.0,0.002621636999947441,100.0,586.62109375,0.0
9.0,57.0,0.0033982459999606363,0.0,586.62109375,0.0
9.0,58.0,0.004304353999941668,100.0,586.62109375,0.0
9.0,59.0,0.004288814000119601,0.0,586.625,0.0
9.0,60.0,0.004354730000159179,100.0,586.625,0.0
9.0,61.0,0.004606368999930055,0.0,586.625,0.0
9.0,62.0,0.00344913899994026,100.0,586.625,0.0
9.0,63.0,0.0034818409999388678,0.0,586.625,0.0
9.0,64.0,0.0038987660000202595,0.0,586.625,0.0
9.0,65.0,0.0035612350000064907,100.0,586.625,0.0
9.0,66.0,0.0025891400000546128,0.0,586.625,0.0
9.0,67.0,0.004394966000063505,100.0,586.625,0.0
9.0,68.0,0.0035170080000170856,0.0,586.625,0.0
9.0,69.0,0.0036144790001344518,0.0,586.625,0.0
9.0,70.0,0.0027962789999946835,100.0,586.625,0.0
9.0,71.0,0.003452742000035869,0.0,586.625,0.0
9.0,72.0,0.004869277999887345,100.0,586.625,0.0
9.0,73.0,0.0034660219998841058,0.0,586.625,0.0
9.0,74.0,0.003683160000036878,100.0,586.625,0.0
9.0,75.0,0.00439817899996342,0.0,586.625,0.0
9.0,76.0,0.003597733999868069,0.0,586.62890625,0.0
9.0,77.0,0.0034420909998971183,50.0,586.62890625,0.0
9.0,78.0,0.003705471000102989,0.0,586.62890625,0.0
9.0,79.0,0.0034864740000557504,100.0,586.62890625,0.0
9.0,80.0,0.0034375870000076247,0.0,586.62890625,0.0
9.0,81.0,0.004303974000094968,100.0,586.62890625,0.0
9.0,82.0,0.003990434999877834,0.0,586.6328125,0.0
9.0,83.0,0.0036203070001192827,0.0,586.6328125,0.0
9.0,84.0,0.002556132000108846,50.0,586.63671875,0.0
9.0,85.0,0.004343248999930438,0.0,586.64453125,0.0
9.0,86.0,0.00350435599989396,100.0,586.64453125,0.0
9.0,87.0,0.004410700999869732,0.0,586.64453125,0.0
9.0,88.0,0.004994593000219538,100.0,586.64453125,0.0
9.0,89.0,0.007711179000125412,100.0,586.64453125,0.0
9.0,90.0,0.005373683000016172,100.0,586.64453125,0.0
9.0,91.0,0.00459656700013511,100.0,586.6484375,0.0
9.0,92.0,0.004349016999867672,0.0,586.66796875,0.0
9.0,93.0,0.004246946999955981,100.0,586.671875,0.0
9.0,94.0,0.004250719000083336,0.0,586.671875,0.0
9.0,95.0,0.0033808339999268355,100.0,586.671875,0.0
9.0,96.0,0.003653169000017442,0.0,586.671875,0.0
9.0,97.0,0.005669198999839864,50.0,586.671875,0.0
9.0,98.0,0.004745018999983586,0.0,586.671875,0.0
9.0,99.0,0.005579782000040723,66.7,586.671875,0.0
9.0,100.0,0.003764502999956676,0.0,586.671875,0.0
10.0,1.0,0.0035281010000289825,50.0,586.6796875,0.0
10.0,2.0,0.0034512780000568455,0.0,586.6796875,0.0
10.0,3.0,0.0025871670000015,100.0,586.6796875,0.0
10.0,4.0,0.003417339000179709,0.0,586.6796875,0.0
10.0,5.0,0.0025960079999549635,0.0,586.6796875,0.0
10.0,6.0,0.003434836999986146,50.0,586.6796875,0.0
10.0,7.0,0.00447170699999333,0.0,586.6796875,0.0
10.0,8.0,0.0027024879998407414,100.0,586.72265625,0.0
10.0,9.0,0.0026246029999583698,0.0,586.72265625,0.0
10.0,10.0,0.00374499100007597,0.0,586.72265625,0.0
10.0,11.0,0.004259326999999757,50.0,586.7265625,0.0
10.0,12.0,0.004280256999891208,0.0,586.7265625,0.0
10.0,13.0,0.003527702999917892,50.0,586.7265625,0.0
10.0,14.0,0.00429075300007753,0.0,586.7265625,0.0
10.0,15.0,0.0034366490001502825,50.0,586.7265625,0.0
10.0,16.0,0.003472279000106937,0.0,586.734375,0.0
10.0,17.0,0.003458697000041866,100.0,586.734375,0.0
10.0,18.0,0.002606827999898087,0.0,586.73828125,0.0
10.0,19.0,0.0027869619998455164,0.0,586.73828125,0.0
10.0,20.0,0.004458016000171483,100.0,586.73828125,0.0
10.0,21.0,0.004644785000209595,0.0,586.7421875,0.0
10.0,22.0,0.002626226000074894,100.0,586.7421875,0.0
10.0,23.0,0.002615392000052452,0.0,586.7421875,0.0
10.0,24.0,0.0037869250002131594,100.0,586.7421875,0.0
10.0,25.0,0.003417988999899535,0.0,586.7421875,0.0
10.0,26.0,0.004283016000044881,0.0,586.75,0.0
10.0,27.0,0.0034247840001171426,100.0,586.75390625,0.0
10.0,28.0,0.003498741000157679,0.0,586.75390625,0.0
10.0,29.0,0.0034954380000726815,100.0,586.75390625,0.0
10.0,30.0,0.0025180069999350962,0.0,586.75390625,0.0
10.0,31.0,0.00431050200018035,0.0,586.75390625,0.0
10.0,32.0,0.0033643310000570636,100.0,586.75390625,0.0
10.0,33.0,0.0033793169998261874,0.0,586.7578125,0.0
10.0,34.0,0.0035310640000716376,100.0,586.7578125,0.0
10.0,35.0,0.004323156000054951,0.0,586.76171875,0.0
10.0,36.0,0.00352268799997546,100.0,586.76171875,0.0
10.0,37.0,0.0037079900000662747,0.0,586.765625,0.0
10.0,38.0,0.004302874999893902,100.0,586.76953125,0.0
10.0,39.0,0.003477926999948977,0.0,586.76953125,0.0
10.0,40.0,0.0036130490000232385,0.0,586.7734375,0.0
10.0,41.0,0.004258360999983779,50.0,586.7734375,0.0
10.0,42.0,0.003499109000131284,0.0,586.7734375,0.0
10.0,43.0,0.004457872999864776,100.0,586.78125,0.0
10.0,44.0,0.002648722000003545,0.0,586.78125,0.0
10.0,45.0,0.003542831999993723,100.0,586.78125,0.0
10.0,46.0,0.002550616999997146,0.0,586.78125,0.0
10.0,47.0,0.004290796000077535,0.0,586.78125,0.0
10.0,48.0,0.0034204040000531677,100.0,586.78125,0.0
10.0,49.0,0.003527200000007724,0.0,586.78515625,0.0
10.0,50.0,0.0035282979999919917,100.0,586.78515625,0.0
10.0,51.0,0.002588831999901231,0.0,586.79296875,0.0
10.0,52.0,0.003550636999989365,100.0,586.79296875,0.0
10.0,53.0,0.004376604999833944,0.0,586.79296875,0.0
10.0,54.0,0.00274073400009911,0.0,586.79296875,0.0
10.0,55.0,0.0044489839999641845,100.0,586.796875,0.0
10.0,56.0,0.003714681000019482,0.0,586.796875,0.0
10.0,57.0,0.0026480999999876076,100.0,586.796875,0.0
10.0,58.0,0.004035945000168795,0.0,586.796875,0.0
10.0,59.0,0.0026483389999611973,100.0,586.796875,0.0
10.0,60.0,0.004552261000071667,0.0,586.80078125,0.0
10.0,61.0,0.003459798999983832,50.0,586.8046875,0.0
10.0,62.0,0.0037914839999757532,0.0,586.8046875,0.0
10.0,63.0,0.0035806969999612193,0.0,586.8046875,0.0
10.0,64.0,0.0034799170000496815,100.0,586.8046875,0.0
10.0,65.0,0.0037882040001022688,0.0,586.8046875,0.0
10.0,66.0,0.00399493299983078,100.0,586.8046875,0.0
10.0,67.0,0.002894510000032824,0.0,586.80859375,0.0
10.0,68.0,0.0037014170000020385,50.0,586.80859375,0.0
10.0,69.0,0.0030356790000496403,0.0,586.80859375,0.0
10.0,70.0,0.004606291000072815,100.0,586.80859375,0.0
10.0,71.0,0.0026430030000028637,0.0,586.80859375,0.0
10.0,72.0,0.004415518000087104,0.0,586.80859375,0.0
10.0,73.0,0.004306893000148193,50.0,586.81640625,0.0
10.0,74.0,0.0026948280001306557,0.0,586.81640625,0.0
10.0,75.0,0.0027010029998564278,100.0,586.81640625,0.0
10.0,76.0,0.0034701209999639104,0.0,586.81640625,0.0
10.0,77.0,0.0025109949999659875,0.0,586.81640625,0.0
10.0,78.0,0.0036447859999952925,50.0,586.81640625,0.0
10.0,79.0,0.0026123489999463345,0.0,586.81640625,0.0
10.0,80.0,0.0026035799999135634,0.0,586.81640625,0.0
10.0,81.0,0.0026545360001364315,50.0,586.83203125,0.0
10.0,82.0,0.005714171999898099,100.0,586.83203125,0.0
10.0,83.0,0.0036598040001081245,0.0,586.83203125,0.0
10.0,84.0,0.004498271999864301,50.0,586.83203125,0.0
10.0,85.0,0.002858239000033791,0.0,586.83203125,0.0
10.0,86.0,0.003553121000095416,0.0,586.83203125,0.0
10.0,87.0,0.002736241000093287,100.0,586.83984375,0.0
10.0,88.0,0.003514154999948005,0.0,586.83984375,0.0
10.0,89.0,0.0035532470001271577,50.0,586.83984375,0.0
10.0,90.0,0.0036084089999803837,0.0,586.83984375,0.0
10.0,91.0,0.0043366669999613805,0.0,586.83984375,0.0
10.0,92.0,0.0035241780001342704,100.0,586.83984375,0.0
10.0,93.0,0.0025926719999915804,0.0,586.83984375,0.0
10.0,94.0,0.004301553999994212,50.0,586.83984375,0.0
10.0,95.0,0.0035272190000341652,0.0,586.83984375,0.0
10.0,96.0,0.0027165789999799017,0.0,586.83984375,0.0
10.0,97.0,0.0025594430001092405,100.0,586.84375,0.0
10.0,98.0,0.0027259849998699792,0.0,586.88671875,0.0
10.0,99.0,0.0037006239999755053,0.0,586.88671875,0.0
10.0,100.0,0.003591516999904343,100.0,586.88671875,0.0
11.0,1.0,0.003685308000058285,50.0,586.88671875,0.0
11.0,2.0,0.0028601590001926525,100.0,586.88671875,0.0
11.0,3.0,0.00446124899985989,0.0,586.88671875,0.0
11.0,4.0,0.004634601999896404,50.0,586.88671875,0.0
11.0,5.0,0.004403949000106877,0.0,586.88671875,0.0
11.0,6.0,0.005109264999873631,100.0,586.890625,0.0
11.0,7.0,0.00535862099991391,100.0,586.890625,0.0
11.0,8.0,0.005405744999961826,100.0,586.890625,0.0
11.0,9.0,0.0068605699998443015,100.0,586.890625,0.0
11.0,10.0,0.005470642000091175,100.0,586.890625,0.0
11.0,11.0,0.00495349199991324,0.0,586.890625,0.0
11.0,12.0,0.004682965000029071,50.0,586.890625,0.0
11.0,13.0,0.0033995000001141307,0.0,586.89453125,0.0
11.0,14.0,0.0035781300000508054,100.0,586.89453125,0.0
11.0,15.0,0.002643964000071719,0.0,586.89453125,0.0
11.0,16.0,0.003529894000166678,100.0,586.8984375,0.0
11.0,17.0,0.004337222000003749,0.0,586.8984375,0.0
11.0,18.0,0.004408700999874782,100.0,586.8984375,0.0
11.0,19.0,0.002633682000123372,0.0,586.8984375,0.0
11.0,20.0,0.003674544999967111,0.0,586.8984375,0.0
11.0,21.0,0.0035721479998755967,100.0,586.90234375,0.0
11.0,22.0,0.0035036540000419336,0.0,586.90234375,0.0
11.0,23.0,0.004356895999990229,100.0,586.90234375,0.0
11.0,24.0,0.003798839000182852,0.0,586.90234375,0.0
11.0,25.0,0.0036286130000462435,100.0,586.90234375,0.0
11.0,26.0,0.0035963160000846983,0.0,586.90234375,0.0
11.0,27.0,0.0035403320000568783,0.0,586.90234375,0.0
11.0,28.0,0.004384983000136344,100.0,586.90625,0.0
11.0,29.0,0.0035980449999897246,0.0,586.91015625,0.0
11.0,30.0,0.0035037389998251456,100.0,586.91015625,0.0
11.0,31.0,0.0028307899999617803,0.0,586.91015625,0.0
11.0,32.0,0.0036645889999817882,100.0,586.91015625,0.0
11.0,33.0,0.004646331000003556,0.0,586.91015625,0.0
11.0,34.0,0.0029826840000168886,100.0,586.91015625,0.0
11.0,35.0,0.003593454999872847,0.0,586.91015625,0.0
11.0,36.0,0.0026888479999342962,0.0,586.91796875,0.0
11.0,37.0,0.0026024339999821677,100.0,586.91796875,0.0
11.0,38.0,0.0035940499999469466,0.0,586.91796875,0.0
11.0,39.0,0.0049405069999011175,50.0,586.91796875,0.0
11.0,40.0,0.0034528659998613875,0.0,586.91796875,0.0
11.0,41.0,0.004596973999923648,50.0,586.91796875,0.0
11.0,42.0,0.0027825429999666085,0.0,586.921875,0.0
11.0,43.0,0.004469386999971903,0.0,586.921875,0.0
11.0,44.0,0.00268172100004449,100.0,586.921875,0.0
11.0,45.0,0.003515331000016886,0.0,586.921875,0.0
11.0,46.0,0.004370367000092301,50.0,586.92578125,0.0
11.0,47.0,0.0035119219999160123,0.0,586.92578125,0.0
11.0,48.0,0.0034344799998962117,0.0,586.92578125,0.0
11.0,49.0,0.004348599999957514,100.0,586.92578125,0.0
11.0,50.0,0.003377308000153789,0.0,586.92578125,0.0
11.0,51.0,0.0035157210002125794,100.0,586.92578125,0.0
11.0,52.0,0.004378412000050957,0.0,586.92578125,0.0
11.0,53.0,0.003567925999959698,100.0,586.92578125,0.0
11.0,54.0,0.002941356000064843,0.0,586.93359375,0.0
11.0,55.0,0.004573490999973728,50.0,586.93359375,0.0
11.0,56.0,0.003769051000062973,0.0,586.93359375,0.0
11.0,57.0,0.00780740599998353,100.0,586.93359375,0.0
11.0,58.0,0.0046388069999920845,50.0,586.93359375,0.0
11.0,59.0,0.003547404999835635,0.0,586.93359375,0.0
11.0,60.0,0.0034949809999034187,0.0,586.93359375,0.0
11.0,61.0,0.004375813000024209,100.0,586.93359375,0.0
11.0,62.0,0.004461930999923425,0.0,586.93359375,0.0
11.0,63.0,0.0028729030000249622,100.0,586.9375,0.0
11.0,64.0,0.003490208000130224,0.0,586.9375,0.0
11.0,65.0,0.004401197000106549,100.0,586.9375,0.0
11.0,66.0,0.004637792000039553,0.0,586.9375,0.0
11.0,67.0,0.0027380650001305185,100.0,586.9375,0.0
11.0,68.0,0.0043823150001571776,0.0,586.9375,0.0
11.0,69.0,0.004368003000081444,50.0,586.94140625,0.0
11.0,70.0,0.0044761100000414444,100.0,586.94140625,0.0
11.0,71.0,0.004391029000089475,50.0,586.94140625,0.0
11.0,72.0,0.0035698369999863644,0.0,586.9453125,0.0
11.0,73.0,0.002687407999928837,0.0,586.9453125,0.0
11.0,74.0,0.004472922999866569,100.0,586.9453125,0.0
11.0,75.0,0.0045903189998171,0.0,586.9453125,0.0
11.0,76.0,0.0035270389998913743,100.0,586.9453125,0.0
11.0,77.0,0.004537957000138704,0.0,586.9453125,0.0
11.0,78.0,0.0035398140000779676,100.0,586.9453125,0.0
11.0,79.0,0.002686688000039794,0.0,586.94921875,0.0
11.0,80.0,0.0026436410000769683,0.0,586.94921875,0.0
11.0,81.0,0.003456801000083942,100.0,586.94921875,0.0
11.0,82.0,0.004358474000127899,0.0,586.953125,0.0
11.0,83.0,0.004430738000110068,100.0,586.953125,0.0
11.0,84.0,0.00465881500008436,0.0,586.953125,0.0
11.0,85.0,0.0036740919999829202,100.0,586.953125,0.0
11.0,86.0,0.0035216190001392533,0.0,586.953125,0.0
11.0,87.0,0.004933883999910904,100.0,586.953125,0.0
11.0,88.0,0.0044288859999142005,0.0,586.953125,0.0
11.0,89.0,0.004578541000000769,100.0,586.953125,0.0
11.0,90.0,0.002647529000114446,0.0,586.95703125,0.0
11.0,91.0,0.0038355470001079084,50.0,587.0078125,0.0
11.0,92.0,0.0037272750000738597,0.0,587.01171875,0.0
11.0,93.0,0.0026664970000638277,0.0,587.03125,0.0
11.0,94.0,0.002679773999943791,100.0,587.03125,0.0
11.0,95.0,0.004436806999819964,0.0,587.03125,0.0
11.0,96.0,0.0049086959998021484,50.0,587.03125,0.0
11.0,97.0,0.0046307830000387185,0.0,587.03125,0.0
11.0,98.0,0.004562607000025309,100.0,587.03515625,0.0
11.0,99.0,0.0034952020000673656,0.0,587.03515625,0.0
11.0,100.0,0.0037490820000130043,50.0,587.03515625,0.0
12.0,1.0,0.004370213999891348,0.0,587.03515625,0.0
12.0,2.0,0.0025984610001614783,50.0,587.03515625,0.0
12.0,3.0,0.0026606450001054327,0.0,587.03515625,0.0
12.0,4.0,0.004565371000126106,0.0,587.03515625,0.0
12.0,5.0,0.0026928810000299563,100.0,587.0390625,0.0
12.0,6.0,0.003495631000077992,0.0,587.0390625,0.0
12.0,7.0,0.004393818999915311,50.0,587.0390625,0.0
12.0,8.0,0.003467534000037631,0.0,587.04296875,0.0
12.0,9.0,0.0043735100000503735,50.0,587.04296875,0.0
12.0,10.0,0.003569143000049735,0.0,587.046875,0.0
12.0,11.0,0.0036509750000277563,0.0,587.05078125,0.0
12.0,12.0,0.004468253000140976,100.0,587.05078125,0.0
12.0,13.0,0.0030328089999329677,0.0,587.05078125,0.0
12.0,14.0,0.0035607939998953952,100.0,587.05078125,0.0
12.0,15.0,0.004665432000138026,0.0,587.05078125,0.0
12.0,16.0,0.003954226000132621,100.0,587.0546875,0.0
12.0,17.0,0.0038769790000969806,0.0,587.0546875,0.0
12.0,18.0,0.003889173000061419,50.0,587.0546875,0.0
12.0,19.0,0.003925223000123879,0.0,587.0546875,0.0
12.0,20.0,0.003908685999931549,50.0,587.0546875,0.0
12.0,21.0,0.005174347000092894,0.0,587.0546875,0.0
12.0,22.0,0.004683806999992157,50.0,587.0546875,0.0
12.0,23.0,0.005755049000072177,0.0,587.0546875,0.0
12.0,24.0,0.005321325999830151,50.0,587.0546875,0.0
12.0,25.0,0.0027000100001259852,0.0,587.05859375,0.0
12.0,26.0,0.0037358390000008512,50.0,587.05859375,0.0
12.0,27.0,0.002649614999882033,0.0,587.05859375,0.0
12.0,28.0,0.0028820039999573055,100.0,587.05859375,0.0
12.0,29.0,0.004352977000053215,0.0,587.05859375,0.0
12.0,30.0,0.004508427000018855,100.0,587.05859375,0.0
12.0,31.0,0.003568758000028538,0.0,587.05859375,0.0
12.0,32.0,0.004475961000025563,100.0,587.05859375,0.0
12.0,33.0,0.0036157380000076955,0.0,587.0625,0.0
12.0,34.0,0.004497280999885334,0.0,587.0625,0.0
12.0,35.0,0.0034688579999055946,50.0,587.0625,0.0
12.0,36.0,0.0034678429999530636,0.0,587.0625,0.0
12.0,37.0,0.003579966000188506,100.0,587.0625,0.0
12.0,38.0,0.004732048000050781,0.0,587.0703125,0.0
12.0,39.0,0.003458844000078898,100.0,587.0703125,0.0
12.0,40.0,0.0026343970000652916,0.0,587.0703125,0.0
12.0,41.0,0.003827286999921853,0.0,587.0703125,0.0
12.0,42.0,0.0037237999999888416,50.0,587.0703125,0.0
12.0,43.0,0.004074758999877304,0.0,587.07421875,0.0
12.0,44.0,0.004486732000032134,50.0,587.07421875,0.0
12.0,45.0,0.004514354999855641,0.0,587.07421875,0.0
12.0,46.0,0.003503922999925635,50.0,587.07421875,0.0
12.0,47.0,0.004814983999949618,0.0,587.07421875,0.0
12.0,48.0,0.004584694999948624,50.0,587.07421875,0.0
12.0,49.0,0.0035719479999443138,0.0,587.07421875,0.0
12.0,50.0,0.00366442399990774,50.0,587.07421875,0.0
12.0,51.0,0.0037301699999261473,0.0,587.07421875,0.0
12.0,52.0,0.004640551999955278,100.0,587.07421875,0.0
12.0,53.0,0.00358792099996208,0.0,587.07421875,0.0
12.0,54.0,0.003971859000102995,100.0,587.07421875,0.0
12.0,55.0,0.0035802949998924305,0.0,587.07421875,0.0
12.0,56.0,0.0026922669999294158,0.0,587.078125,0.0
12.0,57.0,0.003651925999974992,50.0,587.078125,0.0
12.0,58.0,0.0030006449999291362,0.0,587.078125,0.0
12.0,59.0,0.004438140999809548,100.0,587.078125,0.0
12.0,60.0,0.004532078000011097,0.0,587.078125,0.0
12.0,61.0,0.005087816000013845,50.0,587.08203125,0.0
12.0,62.0,0.0036117160000230797,0.0,587.08203125,0.0
12.0,63.0,0.002731560000029276,100.0,587.08203125,0.0
12.0,64.0,0.0037331660000745615,0.0,587.08203125,0.0
12.0,65.0,0.003652271999953882,50.0,587.08203125,0.0
12.0,66.0,0.0029225660000520293,0.0,587.08203125,0.0
12.0,67.0,0.00439689199993154,50.0,587.0859375,0.0
12.0,68.0,0.004431866999993872,0.0,587.1015625,0.0
12.0,69.0,0.0027688959999068175,50.0,587.1015625,0.0
12.0,70.0,0.004416054000103031,0.0,587.1015625,0.0
12.0,71.0,0.00443097599986686,50.0,587.1015625,0.0
12.0,72.0,0.00282234399992376,0.0,587.10546875,0.0
12.0,73.0,0.004314036000096166,100.0,587.109375,0.0
12.0,74.0,0.0033451860001605382,0.0,587.109375,0.0
12.0,75.0,0.0036705899999560643,0.0,587.109375,0.0
12.0,76.0,0.004609964999872318,50.0,587.109375,0.0
12.0,77.0,0.0026687000001857086,0.0,587.109375,0.0
12.0,78.0,0.002942825999980414,100.0,587.109375,0.0
12.0,79.0,0.0035826539999561646,0.0,587.109375,0.0
12.0,80.0,0.003568832000155453,0.0,587.109375,0.0
12.0,81.0,0.003763110000136294,50.0,587.109375,0.0
12.0,82.0,0.004691266999998334,0.0,587.109375,0.0
12.0,83.0,0.004735929999924338,50.0,587.109375,0.0
12.0,84.0,0.004488771999831442,0.0,587.109375,0.0
12.0,85.0,0.004477437000105056,50.0,587.109375,0.0
12.0,86.0,0.004750905000037164,0.0,587.12109375,0.0
12.0,87.0,0.0046822740000607155,50.0,587.12109375,0.0
12.0,88.0,0.004524412999899141,100.0,587.125,0.0
12.0,89.0,0.0037280189999364666,0.0,587.125,0.0
12.0,90.0,0.0030401169999549893,0.0,587.125,0.0
12.0,91.0,0.004663913000058528,50.0,587.125,0.0
12.0,92.0,0.0026160890001847292,0.0,587.125,0.0
12.0,93.0,0.0036038170001120307,100.0,587.125,0.0
12.0,94.0,0.002900184000054651,0.0,587.13671875,0.0
12.0,95.0,0.0036697670000194194,100.0,587.140625,0.0
12.0,96.0,0.004144064999991315,0.0,587.140625,0.0
12.0,97.0,0.004491891000043324,100.0,587.14453125,0.0
12.0,98.0,0.003925048999917635,0.0,587.14453125,0.0
12.0,99.0,0.004477147999978115,0.0,587.14453125,0.0
12.0,100.0,0.003714402000014161,100.0,587.1484375,0.0
13.0,1.0,0.004585640999948737,50.0,587.1484375,0.0
13.0,2.0,0.004035268000052383,0.0,587.1484375,0.0
13.0,3.0,0.004535931999953391,50.0,587.1484375,0.0
13.0,4.0,0.003691097999990234,0.0,587.1484375,0.0
13.0,5.0,0.0035905820000152744,50.0,587.15234375,0.0
13.0,6.0,0.0035485789999256667,0.0,587.15625,0.0
13.0,7.0,0.004656715999999506,50.0,587.15625,0.0
13.0,8.0,0.002836956999999529,0.0,587.15625,0.0
13.0,9.0,0.004557359000045835,0.0,587.15625,0.0
13.0,10.0,0.003606491000027745,50.0,587.15625,0.0
13.0,11.0,0.0035584960000960564,0.0,587.16015625,0.0
13.0,12.0,0.003634781000073417,50.0,587.16015625,0.0
13.0,13.0,0.0026778729998113704,0.0,587.16015625,0.0
13.0,14.0,0.0036092010000174923,50.0,587.16015625,0.0
13.0,15.0,0.005277422999824921,0.0,587.16015625,0.0
13.0,16.0,0.0026899460001459374,0.0,587.1640625,0.0
13.0,17.0,0.0047463420000894985,50.0,587.16796875,0.0
13.0,18.0,0.0036466459998791834,0.0,587.16796875,0.0
13.0,19.0,0.0036054670001703926,50.0,587.16796875,0.0
13.0,20.0,0.004491847000053895,0.0,587.16796875,0.0
13.0,21.0,0.004495857999927466,50.0,587.16796875,0.0
13.0,22.0,0.0037747760000002017,0.0,587.171875,0.0
13.0,23.0,0.004434186000025875,50.0,587.171875,0.0
13.0,24.0,0.003656339999906777,0.0,587.17578125,0.0
13.0,25.0,0.0027492619999520684,50.0,587.1796875,0.0
13.0,26.0,0.0027198980001230666,0.0,587.1796875,0.0
13.0,27.0,0.004482424999878276,100.0,587.1796875,0.0
13.0,28.0,0.0037170369998875685,0.0,587.1875,0.0
13.0,29.0,0.008325401000092825,100.0,587.1875,0.0
13.0,30.0,0.006770297000002756,100.0,587.1875,0.0
13.0,31.0,0.0062571380001372745,100.0,587.1875,0.0
13.0,32.0,0.0039212140000017826,100.0,587.1875,0.0
13.0,33.0,0.007632902000068498,100.0,587.1875,0.0
13.0,34.0,0.005038306999949782,50.0,587.19140625,0.0
13.0,35.0,0.0036338660002002143,0.0,587.1953125,0.0
13.0,36.0,0.0035580720000325528,50.0,587.1953125,0.0
13.0,37.0,0.0028736319998188264,0.0,587.2421875,0.0
13.0,38.0,0.004574506999915684,100.0,587.2421875,0.0
13.0,39.0,0.002996553999992102,0.0,587.2421875,0.0
13.0,40.0,0.004687422999950286,100.0,587.2421875,0.0
13.0,41.0,0.0028432219999103836,0.0,587.2421875,0.0
13.0,42.0,0.004509277999886763,100.0,587.2421875,0.0
13.0,43.0,0.0028235979998498806,50.0,587.24609375,0.0
13.0,44.0,0.0026485719999982393,0.0,587.24609375,0.0
13.0,45.0,0.0037480990001768077,0.0,587.24609375,0.0
13.0,46.0,0.004907806000119308,50.0,587.24609375,0.0
13.0,47.0,0.0038800610000180313,0.0,587.24609375,0.0
13.0,48.0,0.0052460330000485556,50.0,587.24609375,0.0
13.0,49.0,0.003824606999842217,100.0,587.24609375,0.0
13.0,50.0,0.0035412880001786107,0.0,587.24609375,0.0
13.0,51.0,0.004638214999886259,0.0,587.25,0.0
13.0,52.0,0.003554798000095616,100.0,587.25,0.0
13.0,53.0,0.0045078430000558,0.0,587.25,0.0
13.0,54.0,0.00458282199997484,100.0,587.25390625,0.0
13.0,55.0,0.00460272200007239,0.0,587.25390625,0.0
13.0,56.0,0.0036731850000251143,100.0,587.25390625,0.0
13.0,57.0,0.004421998999987409,0.0,587.25390625,0.0
13.0,58.0,0.003526964999991833,100.0,587.25390625,0.0
13.0,59.0,0.004768187999843576,0.0,587.2578125,0.0
13.0,60.0,0.0035500100000263046,100.0,587.26171875,0.0
13.0,61.0,0.0047146890001386055,0.0,587.26171875,0.0
13.0,62.0,0.0036213500000030763,100.0,587.26171875,0.0
13.0,63.0,0.004496133999964513,0.0,587.26171875,0.0
13.0,64.0,0.003599152000106187,100.0,587.26171875,0.0
13.0,65.0,0.0044124940000074275,0.0,587.26171875,0.0
13.0,66.0,0.003633200999956898,0.0,587.26171875,0.0
13.0,67.0,0.0037067010000555456,50.0,587.265625,0.0
13.0,68.0,0.0035193240000808146,0.0,587.265625,0.0
13.0,69.0,0.002789262000078452,100.0,587.26953125,0.0
13.0,70.0,0.004683588000034433,0.0,587.26953125,0.0
13.0,71.0,0.004446205000022019,100.0,587.2734375,0.0
13.0,72.0,0.004738755000062156,0.0,587.27734375,0.0
13.0,73.0,0.003488677999939682,100.0,587.27734375,0.0
13.0,74.0,0.0036043499999323103,0.0,587.28515625,0.0
13.0,75.0,0.003621230000135256,100.0,587.28515625,0.0
13.0,76.0,0.0038814839999758988,0.0,587.28515625,0.0
13.0,77.0,0.0036547219999647496,0.0,587.28515625,0.0
13.0,78.0,0.003694472000006499,50.0,587.28515625,0.0
13.0,79.0,0.0028254589999505697,0.0,587.28515625,0.0
13.0,80.0,0.002810237999938181,100.0,587.2890625,0.0
13.0,81.0,0.0035349560000668134,0.0,587.2890625,0.0
13.0,82.0,0.004858907999960138,100.0,587.2890625,0.0
13.0,83.0,0.0034962489999088575,0.0,587.2890625,0.0
13.0,84.0,0.004437812000105623,0.0,587.2890625,0.0
13.0,85.0,0.0036097029999382357,50.0,587.29296875,0.0
13.0,86.0,0.002713658999937252,0.0,587.29296875,0.0
13.0,87.0,0.0035495390000050975,100.0,587.29296875,0.0
13.0,88.0,0.004601611999987654,0.0,587.29296875,0.0
13.0,89.0,0.004741807000073095,100.0,587.29296875,0.0
13.0,90.0,0.003513546000021961,0.0,587.29296875,0.0
13.0,91.0,0.004652613999951427,100.0,587.29296875,0.0
13.0,92.0,0.004545838999774787,0.0,587.29296875,0.0
13.0,93.0,0.004506830999844169,100.0,587.29296875,0.0
13.0,94.0,0.00441554899998664,0.0,587.29296875,0.0
13.0,95.0,0.004405254999937824,100.0,587.29296875,0.0
13.0,96.0,0.00490193900009217,0.0,587.29296875,0.0
13.0,97.0,0.002692660000093383,100.0,587.29296875,0.0
13.0,98.0,0.003761267000072621,0.0,587.29296875,0.0
13.0,99.0,0.0038044160000936245,100.0,587.29296875,0.0
13.0,100.0,0.005053598999893438,0.0,587.29296875,0.0
14.0,1.0,0.0036793990000205667,100.0,587.29296875,0.0
14.0,2.0,0.004806549000022642,0.0,587.29296875,0.0
14.0,3.0,0.004703426000105537,100.0,587.29296875,0.0
14.0,4.0,0.0036208999999871594,0.0,587.29296875,0.0
14.0,5.0,0.00278523000019959,100.0,587.29296875,0.0
14.0,6.0,0.004613824999978533,0.0,587.296875,0.0
14.0,7.0,0.004643818999966243,100.0,587.296875,0.0
14.0,8.0,0.004979673999969236,0.0,587.296875,0.0
14.0,9.0,0.00372693999997864,100.0,587.296875,0.0
14.0,10.0,0.003876153000192062,0.0,587.30078125,0.0
14.0,11.0,0.002795409999862386,0.0,587.3046875,0.0
14.0,12.0,0.0040507400001388305,100.0,587.3046875,0.0
14.0,13.0,0.0027874970000993926,0.0,587.3046875,0.0
14.0,14.0,0.003653645999975197,100.0,587.3046875,0.0
14.0,15.0,0.0028963340000700555,0.0,587.3046875,0.0
14.0,16.0,0.0035995870000533614,0.0,587.3046875,0.0
14.0,17.0,0.004097925999985819,100.0,587.30859375,0.0
14.0,18.0,0.0049797359999956825,0.0,587.30859375,0.0
14.0,19.0,0.0027298610000343615,100.0,587.30859375,0.0
14.0,20.0,0.0037599009999667032,0.0,587.30859375,0.0
14.0,21.0,0.0045005950000813755,100.0,587.30859375,0.0
14.0,22.0,0.003735237999990204,0.0,587.3125,0.0
14.0,23.0,0.0028240689998710877,0.0,587.31640625,0.0
14.0,24.0,0.0026194510001005256,100.0,587.31640625,0.0
14.0,25.0,0.002807178000011845,0.0,587.31640625,0.0
14.0,26.0,0.0035738589999709802,100.0,587.31640625,0.0
14.0,27.0,0.004648602000088431,0.0,587.31640625,0.0
14.0,28.0,0.0027239030000600906,0.0,587.31640625,0.0
14.0,29.0,0.0044774979999147035,100.0,587.3203125,0.0
14.0,30.0,0.002701355999988664,0.0,587.3203125,0.0
14.0,31.0,0.003583872000035626,100.0,587.3203125,0.0
14.0,32.0,0.0038976189998720656,0.0,587.3203125,0.0
14.0,33.0,0.0036637799998970877,100.0,587.32421875,0.0
14.0,34.0,0.004133145999958288,0.0,587.32421875,0.0
14.0,35.0,0.0035613940001439914,100.0,587.328125,0.0
14.0,36.0,0.004880483000079039,0.0,587.328125,0.0
14.0,37.0,0.00352618000010807,100.0,587.328125,0.0
14.0,38.0,0.004083485000137443,0.0,587.328125,0.0
14.0,39.0,0.00272321100010231,0.0,587.328125,0.0
14.0,40.0,0.0027851989998453064,100.0,587.328125,0.0
14.0,41.0,0.00391085500018562,0.0,587.328125,0.0
14.0,42.0,0.0040234559999134945,100.0,587.328125,0.0
14.0,43.0,0.004027944999961619,0.0,587.328125,0.0
14.0,44.0,0.004086408999910418,100.0,587.328125,0.0
14.0,45.0,0.003194102999941606,0.0,587.33203125,0.0
14.0,46.0,0.003924559000097361,100.0,587.33203125,0.0
14.0,47.0,0.0036927799999375566,0.0,587.33203125,0.0
14.0,48.0,0.00487571000007847,50.0,587.35546875,0.0
14.0,49.0,0.0037001200000759127,0.0,587.35546875,0.0
14.0,50.0,0.003716513999961535,0.0,587.35546875,0.0
14.0,51.0,0.0033050440001716197,100.0,587.35546875,0.0
14.0,52.0,0.004157149000093341,0.0,587.359375,0.0
14.0,53.0,0.0036957309998797427,100.0,587.359375,0.0
14.0,54.0,0.00279892599996856,0.0,587.359375,0.0
14.0,55.0,0.0029358599999795842,0.0,587.359375,0.0
14.0,56.0,0.0036988560000281723,100.0,587.36328125,0.0
14.0,57.0,0.00394593300006818,0.0,587.36328125,0.0
14.0,58.0,0.005398723999860522,100.0,587.36328125,0.0
14.0,59.0,0.004213648000131798,100.0,587.36328125,0.0
14.0,60.0,0.004306607999978951,0.0,587.36328125,0.0
14.0,61.0,0.0030560720001631125,100.0,587.36328125,0.0
14.0,62.0,0.004305416000079276,0.0,587.36328125,0.0
14.0,63.0,0.0032319409999672644,100.0,587.3671875,0.0
14.0,64.0,0.004301704999988942,0.0,587.3671875,0.0
14.0,65.0,0.004284812999912901,100.0,587.3671875,0.0
14.0,66.0,0.0040114969999649475,0.0,587.3671875,0.0
14.0,67.0,0.004551411999955235,100.0,587.3671875,0.0
14.0,68.0,0.0028097889999116887,0.0,587.3671875,0.0
14.0,69.0,0.002837587000158237,0.0,587.3671875,0.0
14.0,70.0,0.004518212000220956,100.0,587.3671875,0.0
14.0,71.0,0.0028597229998013063,0.0,587.37109375,0.0
14.0,72.0,0.0036669889998393046,100.0,587.37109375,0.0
14.0,73.0,0.0038762419999329722,0.0,587.375,0.0
14.0,74.0,0.0028567350000230363,0.0,587.37890625,0.0
14.0,75.0,0.004446389000122508,50.0,587.37890625,0.0
14.0,76.0,0.0037551670000084414,0.0,587.37890625,0.0
14.0,77.0,0.004467702000056306,50.0,587.37890625,0.0
14.0,78.0,0.003564734000065073,0.0,587.37890625,0.0
14.0,79.0,0.0038464740000563324,100.0,587.37890625,0.0
14.0,80.0,0.0027304939999339695,0.0,587.37890625,0.0
14.0,81.0,0.003672690999792394,100.0,587.3828125,0.0
14.0,82.0,0.004552340000145705,0.0,587.3828125,0.0
14.0,83.0,0.002779994999855262,100.0,587.3828125,0.0
14.0,84.0,0.0036196809999182733,0.0,587.3828125,0.0
14.0,85.0,0.004507550999960586,0.0,587.3828125,0.0
14.0,86.0,0.0046687449998898956,50.0,587.3828125,0.0
14.0,87.0,0.003676951999977973,0.0,587.3828125,0.0
14.0,88.0,0.002849481999874115,100.0,587.3828125,0.0
14.0,89.0,0.004860404000055496,0.0,587.3828125,0.0
14.0,90.0,0.002662763999978779,100.0,587.38671875,0.0
14.0,91.0,0.003765828000041438,0.0,587.38671875,0.0
14.0,92.0,0.00464021299990236,100.0,587.390625,0.0
14.0,93.0,0.0027849190000779345,0.0,587.390625,0.0
14.0,94.0,0.004525566999973307,0.0,587.39453125,0.0
14.0,95.0,0.0027832760001729184,100.0,587.39453125,0.0
14.0,96.0,0.0036386770000262914,0.0,587.39453125,0.0
14.0,97.0,0.00371433899999829,100.0,587.39453125,0.0
14.0,98.0,0.003685414999836212,0.0,587.40234375,0.0
14.0,99.0,0.004651909000131127,100.0,587.40625,0.0
14.0,100.0,0.003700171999980739,0.0,587.40625,0.0
15.0,1.0,0.0028099629998905584,0.0,587.40625,0.0
15.0,2.0,0.0049552699999821925,50.0,587.40625,0.0
15.0,3.0,0.002681457000107912,0.0,587.40625,0.0
15.0,4.0,0.004957459000024755,100.0,587.41015625,0.0
15.0,5.0,0.0037882890001128544,0.0,587.4140625,0.0
15.0,6.0,0.0036910000001171284,100.0,587.421875,0.0
15.0,7.0,0.00507324799991693,0.0,587.421875,0.0
15.0,8.0,0.003140533000077994,100.0,587.44921875,0.0
15.0,9.0,0.0049238359999890235,0.0,587.453125,0.0
15.0,10.0,0.0047640230000070005,100.0,587.453125,0.0
15.0,11.0,0.004232850000107646,0.0,587.453125,0.0
15.0,12.0,0.005058844999894063,50.0,587.453125,0.0
15.0,13.0,0.004767536999906952,100.0,587.453125,0.0
15.0,14.0,0.004678335000107836,0.0,587.45703125,0.0
15.0,15.0,0.003628913000056855,100.0,587.46484375,0.0
15.0,16.0,0.004157924000082858,0.0,587.46484375,0.0
15.0,17.0,0.0030575139999200474,50.0,587.46484375,0.0
15.0,18.0,0.0046166570000423235,0.0,587.46484375,0.0
15.0,19.0,0.003796802000124444,50.0,587.46875,0.0
15.0,20.0,0.003824888999815812,0.0,587.46875,0.0
15.0,21.0,0.004655859000195051,50.0,587.46875,0.0
15.0,22.0,0.0037375770000380726,0.0,587.46875,0.0
15.0,23.0,0.004664258000047994,100.0,587.47265625,0.0
15.0,24.0,0.0037337670000852086,0.0,587.47265625,0.0
15.0,25.0,0.003749951000145302,0.0,587.48046875,0.0
15.0,26.0,0.0037281200000052195,50.0,587.48046875,0.0
15.0,27.0,0.0027347410000402306,0.0,587.48046875,0.0
15.0,28.0,0.0036559679999754735,50.0,587.48046875,0.0
15.0,29.0,0.0038352579999809677,0.0,587.48046875,0.0
15.0,30.0,0.00483609200000501,50.0,587.484375,0.0
15.0,31.0,0.004686569999876156,0.0,587.484375,0.0
15.0,32.0,0.003825559000006251,50.0,587.484375,0.0
15.0,33.0,0.00274731299987252,0.0,587.484375,0.0
15.0,34.0,0.0037253780001265113,0.0,587.484375,0.0
15.0,35.0,0.003701374999991458,50.0,587.484375,0.0
15.0,36.0,0.0036263959998450446,0.0,587.484375,0.0
15.0,37.0,0.003644601999894803,50.0,587.484375,0.0
15.0,38.0,0.0028030299999954877,0.0,587.484375,0.0
15.0,39.0,0.004472974000009344,100.0,587.484375,0.0
15.0,40.0,0.003712574000019231,0.0,587.484375,0.0
15.0,41.0,0.004645358000061606,100.0,587.484375,0.0
15.0,42.0,0.003808520999882603,0.0,587.484375,0.0
15.0,43.0,0.00372473200013701,0.0,587.484375,0.0
15.0,44.0,0.003927943000007872,100.0,587.484375,0.0
15.0,45.0,0.006264909000037733,50.0,587.484375,0.0
15.0,46.0,0.003822001999878921,0.0,587.484375,0.0
15.0,47.0,0.004637618000060684,50.0,587.484375,0.0
15.0,48.0,0.004617679999910251,0.0,587.484375,0.0
15.0,49.0,0.0035763379999025346,50.0,587.484375,0.0
15.0,50.0,0.0029838580001069204,0.0,587.484375,0.0
15.0,51.0,0.005603625000048851,100.0,587.484375,0.0
15.0,52.0,0.004283480999902167,100.0,587.484375,0.0
15.0,53.0,0.007185195999909411,100.0,587.484375,0.0
15.0,54.0,0.006823119000046063,100.0,587.484375,0.0
15.0,55.0,0.003969613999970534,0.0,587.5078125,0.0
15.0,56.0,0.0035818870001094183,50.0,587.5078125,0.0
15.0,57.0,0.004828490999898349,0.0,587.5078125,0.0
15.0,58.0,0.004596684999796707,50.0,587.51171875,0.0
15.0,59.0,0.004851945999917007,0.0,587.5546875,0.0
15.0,60.0,0.0037621759997819026,50.0,587.5546875,0.0
15.0,61.0,0.002716552000038064,0.0,587.5546875,0.0
15.0,62.0,0.0037834790000488283,50.0,587.5546875,0.0
15.0,63.0,0.0027397050000672607,0.0,587.5546875,0.0
15.0,64.0,0.004613174000041909,0.0,587.5546875,0.0
15.0,65.0,0.0037877459999435814,100.0,587.5546875,0.0
15.0,66.0,0.0038393069999074214,0.0,587.5546875,0.0
15.0,67.0,0.0037537650000558642,50.0,587.5546875,0.0
15.0,68.0,0.003715979999924457,0.0,587.5546875,0.0
15.0,69.0,0.004715771999826757,50.0,587.5546875,0.0
15.0,70.0,0.003975987000103487,0.0,587.5546875,0.0
15.0,71.0,0.004647513000008985,50.0,587.5546875,0.0
15.0,72.0,0.002886269999862634,0.0,587.5546875,0.0
15.0,73.0,0.004554052000003139,50.0,587.5546875,0.0
15.0,74.0,0.002893370000037976,0.0,587.5546875,0.0
15.0,75.0,0.0036851310001111415,0.0,587.5546875,0.0
15.0,76.0,0.004727423000076669,100.0,587.5546875,0.0
15.0,77.0,0.004554742000209444,0.0,587.5546875,0.0
15.0,78.0,0.0038949130000673904,100.0,587.55859375,0.0
15.0,79.0,0.003824354000016683,0.0,587.55859375,0.0
15.0,80.0,0.003790459000128976,50.0,587.55859375,0.0
15.0,81.0,0.004598066000198742,0.0,587.55859375,0.0
15.0,82.0,0.004902672000071107,50.0,587.55859375,0.0
15.0,83.0,0.0037799570000061067,0.0,587.55859375,0.0
15.0,84.0,0.0028412839999418793,50.0,587.55859375,0.0
15.0,85.0,0.004711217000021861,0.0,587.55859375,0.0
15.0,86.0,0.004972737000116467,50.0,587.55859375,0.0
15.0,87.0,0.0036826779999046266,0.0,587.5625,0.0
15.0,88.0,0.00367862400003105,50.0,587.5625,0.0
15.0,89.0,0.004565143000036187,0.0,587.5625,0.0
15.0,90.0,0.0031098439999368566,50.0,587.5625,0.0
15.0,91.0,0.0037990849998550402,0.0,587.5625,0.0
15.0,92.0,0.003770701000121335,50.0,587.5625,0.0
15.0,93.0,0.004988793999928021,0.0,587.5625,0.0
15.0,94.0,0.003790135999906852,50.0,587.5625,0.0
15.0,95.0,0.002815824999970573,0.0,587.5625,0.0
15.0,96.0,0.0036469140000008338,0.0,587.5703125,0.0
15.0,97.0,0.0045527239999501035,50.0,587.5703125,0.0
15.0,98.0,0.0036610989998280274,0.0,587.5703125,0.0
15.0,99.0,0.004639909999923475,50.0,587.5703125,0.0
15.0,100.0,0.003711161999945034,0.0,587.5703125,0.0
16.0,1.0,0.0038048410001465527,50.0,587.5703125,0.0
16.0,2.0,0.002775510999981634,0.0,587.5703125,0.0
16.0,3.0,0.004017453999949794,50.0,587.5703125,0.0
16.0,4.0,0.0037744230000953394,0.0,587.57421875,0.0
16.0,5.0,0.00304304799988131,0.0,587.578125,0.0
16.0,6.0,0.00288966000016444,66.7,587.578125,0.0
16.0,7.0,0.003812479999851348,0.0,587.578125,0.0
16.0,8.0,0.003768425000089337,50.0,587.578125,0.0
16.0,9.0,0.0027680000000600558,0.0,587.578125,0.0
16.0,10.0,0.004621279000048162,100.0,587.578125,0.0
16.0,11.0,0.0028181879999920056,0.0,587.578125,0.0
16.0,12.0,0.003761056000030294,0.0,587.578125,0.0
16.0,13.0,0.003886421999823142,50.0,587.578125,0.0
16.0,14.0,0.0036885689999053284,0.0,587.578125,0.0
16.0,15.0,0.003164828000080888,50.0,587.58203125,0.0
16.0,16.0,0.00377766600013274,0.0,587.58203125,0.0
16.0,17.0,0.002769573000023229,0.0,587.58203125,0.0
16.0,18.0,0.0029251340001792414,50.0,587.58203125,0.0
16.0,19.0,0.004649249000067357,0.0,587.58203125,0.0
16.0,20.0,0.004938752000043678,50.0,587.58203125,0.0
16.0,21.0,0.0027727220001452224,0.0,587.58203125,0.0
16.0,22.0,0.00483495599996786,50.0,587.5859375,0.0
16.0,23.0,0.004691112000045905,0.0,587.5859375,0.0
16.0,24.0,0.004847154000117371,50.0,587.5859375,0.0
16.0,25.0,0.004627503999927285,0.0,587.58984375,0.0
16.0,26.0,0.004680694999933621,50.0,587.58984375,0.0
16.0,27.0,0.003917411999964315,0.0,587.58984375,0.0
16.0,28.0,0.0028554769999118434,50.0,587.58984375,0.0
16.0,29.0,0.0037614089999351563,0.0,587.58984375,0.0
16.0,30.0,0.004705187999888949,50.0,587.58984375,0.0
16.0,31.0,0.002994853000018338,0.0,587.58984375,0.0
16.0,32.0,0.003945310000062818,100.0,587.625,0.0
16.0,33.0,0.0036731430000145338,0.0,587.625,0.0
16.0,34.0,0.0036365290000048844,100.0,587.625,0.0
16.0,35.0,0.005003428999998505,0.0,587.69140625,0.0
16.0,36.0,0.0028198239999710495,100.0,587.69140625,0.0
16.0,37.0,0.004814724000198112,0.0,587.69140625,0.0
16.0,38.0,0.002938385999868842,0.0,587.69140625,0.0
16.0,39.0,0.0051361380001253565,50.0,587.69140625,0.0
16.0,40.0,0.003888665999966179,0.0,587.6953125,0.0
16.0,41.0,0.004859467999949629,50.0,587.6953125,0.0
16.0,42.0,0.002874423999855935,0.0,587.71484375,0.0
16.0,43.0,0.00475806300005388,50.0,587.71484375,0.0
16.0,44.0,0.004769371000065803,0.0,587.71875,0.0
16.0,45.0,0.0038339640000231157,50.0,587.74609375,0.0
16.0,46.0,0.004660331999957634,0.0,587.74609375,0.0
16.0,47.0,0.005466233000106513,50.0,587.75,0.0
16.0,48.0,0.0036821190001319337,100.0,587.75,0.0
16.0,49.0,0.005246145999990404,0.0,587.75,0.0
16.0,50.0,0.005021281999916027,50.0,587.75,0.0
16.0,51.0,0.0044441320001169515,50.0,587.75,0.0
16.0,52.0,0.004867859000114549,0.0,587.75390625,0.0
16.0,53.0,0.002833828000120775,0.0,587.75390625,0.0
16.0,54.0,0.00486994500010951,50.0,587.7578125,0.0
16.0,55.0,0.0028356350001104147,0.0,587.7578125,0.0
16.0,56.0,0.005051123999919582,50.0,587.765625,0.0
16.0,57.0,0.0028198289999181725,0.0,587.765625,0.0
16.0,58.0,0.0038714049999271083,50.0,587.765625,0.0
16.0,59.0,0.0029968439998810936,0.0,587.76953125,0.0
16.0,60.0,0.003888232000008429,0.0,587.76953125,0.0
16.0,61.0,0.0038012949999028933,100.0,587.76953125,0.0
16.0,62.0,0.004839029999857303,0.0,587.76953125,0.0
16.0,63.0,0.004010544000038863,100.0,587.76953125,0.0
16.0,64.0,0.0036754430000200955,0.0,587.76953125,0.0
16.0,65.0,0.0030513650001466885,50.0,587.76953125,0.0
16.0,66.0,0.003944964000083928,0.0,587.76953125,0.0
16.0,67.0,0.0029022349999650032,50.0,587.7734375,0.0
16.0,68.0,0.0037835779999113583,0.0,587.7734375,0.0
16.0,69.0,0.004067148000103771,50.0,587.7734375,0.0
16.0,70.0,0.003093812000088292,0.0,587.77734375,0.0
16.0,71.0,0.003874150000001464,0.0,587.77734375,0.0
16.0,72.0,0.004906823000055738,50.0,587.78515625,0.0
16.0,73.0,0.004799342999831424,100.0,587.7890625,0.0
16.0,74.0,0.004764663000059954,0.0,587.7890625,0.0
16.0,75.0,0.0028588709999439743,0.0,587.81640625,0.0
16.0,76.0,0.0038339000000178203,50.0,587.81640625,0.0
16.0,77.0,0.003934703999902922,0.0,587.81640625,0.0
16.0,78.0,0.0031265699999494245,50.0,587.8203125,0.0
16.0,79.0,0.0029408000000330503,0.0,587.8203125,0.0
16.0,80.0,0.0029666129998986435,0.0,587.82421875,0.0
16.0,81.0,0.0046946399997978006,50.0,587.82421875,0.0
16.0,82.0,0.004019619000018793,100.0,587.82421875,0.0
16.0,83.0,0.0038391000000501663,0.0,587.82421875,0.0
16.0,84.0,0.005009629999904064,0.0,587.82421875,0.0
16.0,85.0,0.00523926300002131,50.0,587.82421875,0.0
16.0,86.0,0.004990242999838301,50.0,587.82421875,0.0
16.0,87.0,0.004348004000121364,0.0,587.82421875,0.0
16.0,88.0,0.004959750000125496,50.0,587.82421875,0.0
16.0,89.0,0.0034509000001889945,0.0,587.82421875,0.0
16.0,90.0,0.004091323000011471,50.0,587.828125,0.0
16.0,91.0,0.0031350629999451485,0.0,587.828125,0.0
16.0,92.0,0.004171023000026253,100.0,587.828125,0.0
16.0,93.0,0.0042766030001075706,0.0,587.828125,0.0
16.0,94.0,0.005179560999977184,50.0,587.828125,0.0
16.0,95.0,0.004176889000063966,0.0,587.828125,0.0
16.0,96.0,0.005005258999972284,50.0,587.828125,0.0
16.0,97.0,0.004972923999957857,0.0,587.828125,0.0
16.0,98.0,0.004525924000063242,50.0,587.828125,0.0
16.0,99.0,0.004059208000171566,0.0,587.828125,0.0
16.0,100.0,0.0045394639998903585,50.0,587.84765625,0.0
17.0,1.0,0.004004268000016964,0.0,587.84765625,0.0
17.0,2.0,0.003958551000096122,50.0,587.84765625,0.0
17.0,3.0,0.003805569000178366,0.0,587.84765625,0.0
17.0,4.0,0.0039762570002039865,50.0,587.84765625,0.0
17.0,5.0,0.003873983999937991,0.0,587.84765625,0.0
17.0,6.0,0.002990749999980835,100.0,587.8515625,0.0
17.0,7.0,0.003889435000019148,0.0,587.8515625,0.0
17.0,8.0,0.0037888469998961227,100.0,587.8515625,0.0
17.0,9.0,0.003946203999930731,0.0,587.85546875,0.0
17.0,10.0,0.003968948999954591,100.0,587.85546875,0.0
17.0,11.0,0.00320687600014935,50.0,587.85546875,0.0
17.0,12.0,0.004158237999945413,0.0,587.859375,0.0
17.0,13.0,0.002909554000098069,100.0,587.859375,0.0
17.0,14.0,0.004267678000132946,0.0,587.859375,0.0
17.0,15.0,0.003966753999975481,100.0,587.859375,0.0
17.0,16.0,0.003928070000029038,0.0,587.859375,0.0
17.0,17.0,0.004149817000097755,100.0,587.859375,0.0
17.0,18.0,0.004622526999810361,0.0,587.86328125,0.0
17.0,19.0,0.004564847999972699,100.0,587.86328125,0.0
17.0,20.0,0.005709556000056182,0.0,587.86328125,0.0
17.0,21.0,0.0035993059998418175,100.0,587.87109375,0.0
17.0,22.0,0.004431479999993826,0.0,587.87109375,0.0
17.0,23.0,0.0034154060001583275,100.0,587.87109375,0.0
17.0,24.0,0.005267510000066977,0.0,587.90234375,0.0
17.0,25.0,0.005511286999990261,100.0,587.90625,0.0
17.0,26.0,0.004615032999936375,50.0,587.90625,0.0
17.0,27.0,0.005557760000101553,0.0,587.91015625,0.0
17.0,28.0,0.004054732999975386,50.0,587.91796875,0.0
17.0,29.0,0.0029386850001174025,0.0,587.91796875,0.0
17.0,30.0,0.003980887000125222,50.0,587.91796875,0.0
17.0,31.0,0.0042464010000458075,0.0,587.91796875,0.0
17.0,32.0,0.003981006999993042,50.0,587.91796875,0.0
17.0,33.0,0.005261681999854773,0.0,587.91796875,0.0
17.0,34.0,0.004226012999879458,50.0,587.91796875,0.0
17.0,35.0,0.005222337000077459,0.0,587.94140625,0.0
17.0,36.0,0.004201944999977059,50.0,587.94140625,0.0
17.0,37.0,0.003049622999924395,0.0,587.9453125,0.0
17.0,38.0,0.0032789319998300925,50.0,587.9453125,0.0
17.0,39.0,0.003246613000101206,0.0,587.94921875,0.0
17.0,40.0,0.005381784000064727,50.0,587.94921875,0.0
17.0,41.0,0.005328921999989689,0.0,587.94921875,0.0
17.0,42.0,0.004469383000014204,50.0,587.94921875,0.0
17.0,43.0,0.0031306200000926765,0.0,587.953125,0.0
17.0,44.0,0.0034534160001840064,50.0,587.953125,0.0
17.0,45.0,0.003530091999891738,0.0,587.95703125,0.0
17.0,46.0,0.004339308999988134,100.0,587.9609375,0.0
17.0,47.0,0.004070584999908533,0.0,587.9609375,0.0
17.0,48.0,0.005275977999872339,50.0,587.9609375,0.0
17.0,49.0,0.00415027300005022,0.0,587.9609375,0.0
17.0,50.0,0.002904794000187394,100.0,587.9609375,0.0
17.0,51.0,0.00553680500001974,0.0,587.96484375,0.0
17.0,52.0,0.006447076000085872,100.0,587.96484375,0.0
17.0,53.0,0.0036636579998230445,50.0,587.96484375,0.0
17.0,54.0,0.004198662999897351,0.0,587.96484375,0.0
17.0,55.0,0.0037744660000953445,100.0,587.96484375,0.0
17.0,56.0,0.0049362789998212975,0.0,587.96875,0.0
17.0,57.0,0.004348492999952214,100.0,587.96875,0.0
17.0,58.0,0.00522580899996683,50.0,587.96875,0.0
17.0,59.0,0.004212686000073518,0.0,587.96875,0.0
17.0,60.0,0.003367873000115651,0.0,587.96875,0.0
17.0,61.0,0.005375964999984717,50.0,587.96875,0.0
17.0,62.0,0.005788887999869985,100.0,587.97265625,0.0
17.0,63.0,0.0057351559999005985,100.0,587.97265625,0.0
17.0,64.0,0.0061616369998773735,100.0,587.97265625,0.0
17.0,65.0,0.006611001999999644,100.0,587.97265625,0.0
17.0,66.0,0.006330835999960982,100.0,587.97265625,0.0
17.0,67.0,0.005216386000029161,100.0,587.97265625,0.0
17.0,68.0,0.003255188999901293,0.0,587.97265625,0.0
17.0,69.0,0.002969384000152786,100.0,587.97265625,0.0
17.0,70.0,0.0050424189998921065,0.0,587.97265625,0.0
17.0,71.0,0.004096886000070299,0.0,587.97265625,0.0
17.0,72.0,0.004472862000056921,50.0,587.97265625,0.0
17.0,73.0,0.004508443000077023,100.0,587.97265625,0.0
17.0,74.0,0.00325688199995966,0.0,587.97265625,0.0
17.0,75.0,0.004955052000013893,50.0,587.97265625,0.0
17.0,76.0,0.004333245999987412,0.0,587.97265625,0.0
17.0,77.0,0.005491684000162422,100.0,587.97265625,0.0
17.0,78.0,0.0031259460001820116,0.0,587.97265625,0.0
17.0,79.0,0.0028916950000166253,100.0,587.97265625,0.0
17.0,80.0,0.005209439000054772,0.0,587.97265625,0.0
17.0,81.0,0.003119569999853411,100.0,587.97265625,0.0
17.0,82.0,0.005029371999853538,0.0,587.97265625,0.0
17.0,83.0,0.005171752000023844,50.0,587.97265625,0.0
17.0,84.0,0.004240044999960446,0.0,587.97265625,0.0
17.0,85.0,0.0030276980000962794,100.0,587.97265625,0.0
17.0,86.0,0.0030115570000361913,0.0,587.97265625,0.0
17.0,87.0,0.0031665710000652325,0.0,587.97265625,0.0
17.0,88.0,0.004356744000006074,100.0,587.97265625,0.0
17.0,89.0,0.0030428609998125467,0.0,587.97265625,0.0
17.0,90.0,0.0039048389999152278,100.0,587.97265625,0.0
17.0,91.0,0.0035186850000172853,0.0,587.97265625,0.0
17.0,92.0,0.004255299000078594,50.0,587.97265625,0.0
17.0,93.0,0.0031848650000938505,0.0,587.97265625,0.0
17.0,94.0,0.004105261000177052,50.0,587.97265625,0.0
17.0,95.0,0.0042954559999088815,0.0,587.97265625,0.0
17.0,96.0,0.0029599160000088887,0.0,587.97265625,0.0
17.0,97.0,0.004065298000114126,100.0,587.97265625,0.0
17.0,98.0,0.004358894999995755,0.0,587.9765625,0.0
17.0,99.0,0.00440211599993745,100.0,587.9765625,0.0
17.0,100.0,0.004145767999943928,0.0,587.9765625,0.0
18.0,1.0,0.005038187000081962,100.0,587.9765625,0.0
18.0,2.0,0.004216574999873046,50.0,587.9765625,0.0
18.0,3.0,0.004113802999881955,0.0,587.98046875,0.0
18.0,4.0,0.004239552999933949,50.0,587.98046875,0.0
18.0,5.0,0.005104852999920695,0.0,587.98046875,0.0
18.0,6.0,0.0052856019999580894,50.0,587.98046875,0.0
18.0,7.0,0.0029787200001010206,0.0,587.98046875,0.0
18.0,8.0,0.0042351130000497506,50.0,587.984375,0.0
18.0,9.0,0.0030272149999746034,0.0,587.9921875,0.0
18.0,10.0,0.004156036999802382,0.0,587.99609375,0.0
18.0,11.0,0.00444295800002692,100.0,587.99609375,0.0
18.0,12.0,0.004259030000184794,0.0,587.99609375,0.0
18.0,13.0,0.0041785519999848475,100.0,587.99609375,0.0
18.0,14.0,0.004279048999933366,0.0,588.0,0.0
18.0,15.0,0.003165249000176118,100.0,588.0,0.0
18.0,16.0,0.0030929769998238044,0.0,588.0,0.0
18.0,17.0,0.003942881000057241,50.0,588.0,0.0
18.0,18.0,0.004645068999934665,0.0,588.0,0.0
18.0,19.0,0.0032564499999807595,50.0,588.00390625,0.0
18.0,20.0,0.003264958000045226,0.0,588.00390625,0.0
18.0,21.0,0.004015593000076478,50.0,588.00390625,0.0
18.0,22.0,0.0040861239999685495,0.0,588.00390625,0.0
18.0,23.0,0.004030908000004274,0.0,588.00390625,0.0
18.0,24.0,0.004164725999999064,100.0,588.0078125,0.0
18.0,25.0,0.0032528540000384965,0.0,588.0078125,0.0
18.0,26.0,0.003001677000156633,50.0,588.0078125,0.0
18.0,27.0,0.005486282999981995,0.0,588.0078125,0.0
18.0,28.0,0.0030655489999844576,50.0,588.0078125,0.0
18.0,29.0,0.00305516000003081,0.0,588.0078125,0.0
18.0,30.0,0.0038526549999460258,50.0,588.0078125,0.0
18.0,31.0,0.00342338300015399,0.0,588.0078125,0.0
18.0,32.0,0.003055325999866909,0.0,588.0078125,0.0
18.0,33.0,0.004306949000010718,50.0,588.01171875,0.0
18.0,34.0,0.0056986419999702775,100.0,588.01171875,0.0
18.0,35.0,0.003316035000125339,0.0,588.01171875,0.0
18.0,36.0,0.0041403400000490365,0.0,588.01171875,0.0
18.0,37.0,0.004921939000041675,50.0,588.015625,0.0
18.0,38.0,0.0030630890000793443,0.0,588.05859375,0.0
18.0,39.0,0.005297925000149917,50.0,588.05859375,0.0
18.0,40.0,0.004236306999928274,0.0,588.05859375,0.0
18.0,41.0,0.004211492999957045,50.0,588.05859375,0.0
18.0,42.0,0.005446658999971987,100.0,588.05859375,0.0
18.0,43.0,0.005568003000007593,0.0,588.0625,0.0
18.0,44.0,0.004096630000049117,100.0,588.0625,0.0
18.0,45.0,0.0031467259998407826,0.0,588.0625,0.0
18.0,46.0,0.005393067999875711,100.0,588.0625,0.0
18.0,47.0,0.00409541499993793,0.0,588.06640625,0.0
18.0,48.0,0.003170748000002277,100.0,588.06640625,0.0
18.0,49.0,0.006086191000122199,0.0,588.06640625,0.0
18.0,50.0,0.006433719999904497,50.0,588.06640625,0.0
18.0,51.0,0.004514843000151814,100.0,588.06640625,0.0
18.0,52.0,0.005070937000027698,100.0,588.0703125,0.0
18.0,53.0,0.003944229000126143,0.0,588.0703125,0.0
18.0,54.0,0.004204544999993232,100.0,588.0703125,0.0
18.0,55.0,0.003989548999925319,0.0,588.0703125,0.0
18.0,56.0,0.004047521999837045,100.0,588.0703125,0.0
18.0,57.0,0.003123860999949102,0.0,588.0703125,0.0
18.0,58.0,0.005514152999921862,100.0,588.0703125,0.0
18.0,59.0,0.004383061999988058,0.0,588.0703125,0.0
18.0,60.0,0.005272675000014715,100.0,588.07421875,0.0
18.0,61.0,0.004040295999857335,0.0,588.07421875,0.0
18.0,62.0,0.004098053999996409,100.0,588.078125,0.0
18.0,63.0,0.0031026250001104927,0.0,588.078125,0.0
18.0,64.0,0.005058069999904546,100.0,588.078125,0.0
18.0,65.0,0.003206201000011788,0.0,588.078125,0.0
18.0,66.0,0.0052675699998872005,100.0,588.078125,0.0
18.0,67.0,0.005185558999983186,0.0,588.078125,0.0
18.0,68.0,0.004013783000118565,100.0,588.078125,0.0
18.0,69.0,0.004542872999991232,0.0,588.078125,0.0
18.0,70.0,0.0042281599999114405,100.0,588.078125,0.0
18.0,71.0,0.003145971999856556,0.0,588.0859375,0.0
18.0,72.0,0.004085076999899684,100.0,588.0859375,0.0
18.0,73.0,0.0053697559999363875,0.0,588.0859375,0.0
18.0,74.0,0.0040185949999340664,100.0,588.0859375,0.0
18.0,75.0,0.004919618000030823,0.0,588.0859375,0.0
18.0,76.0,0.004047775999879377,100.0,588.08984375,0.0
18.0,77.0,0.005282747999899584,0.0,588.08984375,0.0
18.0,78.0,0.00303399399990667,100.0,588.08984375,0.0
18.0,79.0,0.005449683999813715,0.0,588.09375,0.0
18.0,80.0,0.005072840000138967,100.0,588.09765625,0.0
18.0,81.0,0.005355792000045767,0.0,588.1015625,0.0
18.0,82.0,0.003234128000030978,100.0,588.1015625,0.0
18.0,83.0,0.00446150600009787,0.0,588.1015625,0.0
18.0,84.0,0.005148425000015777,100.0,588.1015625,0.0
18.0,85.0,0.0039370839999719465,50.0,588.1015625,0.0
18.0,86.0,0.0033509229999708623,0.0,588.1015625,0.0
18.0,87.0,0.00424114800011921,0.0,588.1015625,0.0
18.0,88.0,0.005368092000026081,100.0,588.11328125,0.0
18.0,89.0,0.004226340000059281,50.0,588.1171875,0.0
18.0,90.0,0.004380839000077685,0.0,588.1171875,0.0
18.0,91.0,0.004333600999871123,50.0,588.1171875,0.0
18.0,92.0,0.004091623000022082,0.0,588.1171875,0.0
18.0,93.0,0.005104772000095181,50.0,588.12109375,0.0
18.0,94.0,0.003934453000056237,0.0,588.12109375,0.0
18.0,95.0,0.004121831000020393,50.0,588.125,0.0
18.0,96.0,0.00561797000000297,0.0,588.125,0.0
18.0,97.0,0.004028669000035734,50.0,588.125,0.0
18.0,98.0,0.004251895999914268,0.0,588.12890625,0.0
18.0,99.0,0.004007779999938066,50.0,588.12890625,0.0
18.0,100.0,0.005654620999848703,0.0,588.12890625,0.0
19.0,1.0,0.003408389000014722,100.0,588.12890625,0.0
19.0,2.0,0.005487735000087923,50.0,588.12890625,0.0
19.0,3.0,0.005762229000083607,0.0,588.12890625,0.0
19.0,4.0,0.004359833000080471,50.0,588.1328125,0.0
19.0,5.0,0.003103334999877916,0.0,588.1328125,0.0
19.0,6.0,0.004180937000000995,50.0,588.1328125,0.0
19.0,7.0,0.00351163400000587,0.0,588.1328125,0.0
19.0,8.0,0.0044383790000210865,50.0,588.1328125,0.0
19.0,9.0,0.004360278999911316,0.0,588.1328125,0.0
19.0,10.0,0.0032137519999650976,0.0,588.13671875,0.0
19.0,11.0,0.004544411999859221,50.0,588.13671875,0.0
19.0,12.0,0.004436753000163662,0.0,588.16015625,0.0
19.0,13.0,0.00540182199983974,100.0,588.16015625,0.0
19.0,14.0,0.00436515500018686,50.0,588.16015625,0.0
19.0,15.0,0.004598770000029617,0.0,588.16015625,0.0
19.0,16.0,0.004922014999920066,50.0,588.16015625,0.0
19.0,17.0,0.0032890029999634862,0.0,588.16015625,0.0
19.0,18.0,0.00538236100010181,50.0,588.1640625,0.0
19.0,19.0,0.003212887000017872,0.0,588.1640625,0.0
19.0,20.0,0.004240551000066262,66.7,588.1640625,0.0
19.0,21.0,0.004104020000113451,0.0,588.16796875,0.0
19.0,22.0,0.007483417000003101,100.0,588.16796875,0.0
19.0,23.0,0.004641436000156318,0.0,588.16796875,0.0
19.0,24.0,0.004590183999880537,50.0,588.16796875,0.0
19.0,25.0,0.005283863000158817,100.0,588.16796875,0.0
19.0,26.0,0.005524788000002445,0.0,588.171875,0.0
19.0,27.0,0.0033024689998910617,100.0,588.171875,0.0
19.0,28.0,0.005440789999966,0.0,588.171875,0.0
19.0,29.0,0.0031234769999173295,100.0,588.171875,0.0
19.0,30.0,0.005842985000072076,0.0,588.171875,0.0
19.0,31.0,0.005290773999831799,100.0,588.171875,0.0
19.0,32.0,0.004387652000104936,0.0,588.17578125,0.0
19.0,33.0,0.005417111999804547,100.0,588.17578125,0.0
19.0,34.0,0.00536825500012128,50.0,588.17578125,0.0
19.0,35.0,0.0041796319999320986,0.0,588.17578125,0.0
19.0,36.0,0.003184441000030347,0.0,588.17578125,0.0
19.0,37.0,0.0039031860001159657,100.0,588.17578125,0.0
19.0,38.0,0.00548644500008777,50.0,588.17578125,0.0
19.0,39.0,0.004969200000005003,0.0,588.1796875,0.0
19.0,40.0,0.005120313000134047,100.0,588.1796875,0.0
19.0,41.0,0.005331372000000556,0.0,588.1796875,0.0
19.0,42.0,0.0032388189999892347,100.0,588.1796875,0.0
19.0,43.0,0.00400636599988502,0.0,588.1796875,0.0
19.0,44.0,0.003229782000062187,0.0,588.1796875,0.0
19.0,45.0,0.005034703000092122,50.0,588.1796875,0.0
19.0,46.0,0.00500282200005131,100.0,588.1796875,0.0
19.0,47.0,0.0037367719999110705,100.0,588.1796875,0.0
19.0,48.0,0.005177521999939927,0.0,588.18359375,0.0
19.0,49.0,0.004230730000017502,100.0,588.18359375,0.0
19.0,50.0,0.005194054999947184,0.0,588.18359375,0.0
19.0,51.0,0.005614829000023747,100.0,588.18359375,0.0
19.0,52.0,0.005329120999931547,50.0,588.18359375,0.0
19.0,53.0,0.005244737999873905,0.0,588.18359375,0.0
19.0,54.0,0.005128521999949953,50.0,588.18359375,0.0
19.0,55.0,0.004613636000158294,0.0,588.18359375,0.0
19.0,56.0,0.003216823000002478,100.0,588.18359375,0.0
19.0,57.0,0.0044091779998325364,0.0,588.2265625,0.0
19.0,58.0,0.003950403000089864,50.0,588.23046875,0.0
19.0,59.0,0.005350013999986913,0.0,588.23046875,0.0
19.0,60.0,0.004125883000142494,100.0,588.23046875,0.0
19.0,61.0,0.004140111999959117,0.0,588.23046875,0.0
19.0,62.0,0.004465256999992562,100.0,588.23046875,0.0
19.0,63.0,0.007409654999946724,100.0,588.23046875,0.0
19.0,64.0,0.006076956000015343,100.0,588.23046875,0.0
19.0,65.0,0.00795355200011727,100.0,588.23046875,0.0
19.0,66.0,0.004614352000089639,100.0,588.234375,0.0
19.0,67.0,0.005787553000118351,100.0,588.234375,0.0
19.0,68.0,0.004396508000127142,50.0,588.234375,0.0
19.0,69.0,0.0030321649999223155,0.0,588.234375,0.0
19.0,70.0,0.003998916999989888,50.0,588.23828125,0.0
19.0,71.0,0.005328367999936745,0.0,588.23828125,0.0
19.0,72.0,0.002887247999979081,50.0,588.23828125,0.0
19.0,73.0,0.004166331000078571,0.0,588.23828125,0.0
19.0,74.0,0.005075995999959559,50.0,588.2421875,0.0
19.0,75.0,0.004096908000065014,0.0,588.2421875,0.0
19.0,76.0,0.003134741999929247,0.0,588.2421875,0.0
19.0,77.0,0.0048876519999794255,100.0,588.2421875,0.0
19.0,78.0,0.0033413329999802954,0.0,588.2421875,0.0
19.0,79.0,0.0032481800001278316,100.0,588.2421875,0.0
19.0,80.0,0.005161850999911621,0.0,588.2421875,0.0
19.0,81.0,0.0045802469999216555,100.0,588.2421875,0.0
19.0,82.0,0.005287142999804928,50.0,588.2578125,0.0
19.0,83.0,0.0031316110000716435,0.0,588.26171875,0.0
19.0,84.0,0.003183921999834638,0.0,588.26171875,0.0
19.0,85.0,0.005295344999922236,50.0,588.26171875,0.0
19.0,86.0,0.004275577000043995,0.0,588.26171875,0.0
19.0,87.0,0.0031780979998075054,100.0,588.26171875,0.0
19.0,88.0,0.003614101000039227,0.0,588.265625,0.0
19.0,89.0,0.005218779999950129,50.0,588.265625,0.0
19.0,90.0,0.003960850000112259,0.0,588.265625,0.0
19.0,91.0,0.003409596999972564,50.0,588.26953125,0.0
19.0,92.0,0.0032265380000353616,0.0,588.26953125,0.0
19.0,93.0,0.004000624000127573,50.0,588.2734375,0.0
19.0,94.0,0.004156034999823532,0.0,588.2734375,0.0
19.0,95.0,0.0043339970000033645,50.0,588.2734375,0.0
19.0,96.0,0.004212337000126354,0.0,588.2734375,0.0
19.0,97.0,0.00447503800000959,50.0,588.27734375,0.0
19.0,98.0,0.0029199650000464317,0.0,588.27734375,0.0
19.0,99.0,0.004148247999864907,0.0,588.27734375,0.0
19.0,100.0,0.005749186000002737,100.0,588.27734375,0.0
20.0,1.0,0.004013783000118565,50.0,588.27734375,0.0
20.0,2.0,0.0032052999999905296,0.0,588.27734375,0.0
20.0,3.0,0.0045023630000287085,50.0,588.28125,0.0
20.0,4.0,0.005273744000078295,0.0,588.28515625,0.0
20.0,5.0,0.004293290000077832,50.0,588.28515625,0.0
20.0,6.0,0.005316916999845489,0.0,588.28515625,0.0
20.0,7.0,0.003233440000030896,66.7,588.28515625,0.0
20.0,8.0,0.005163415999959398,0.0,588.29296875,0.0
20.0,9.0,0.0054760110001552675,50.0,588.29296875,0.0
20.0,10.0,0.003250815999990664,0.0,588.29296875,0.0
20.0,11.0,0.004291252000029999,50.0,588.29296875,0.0
20.0,12.0,0.004265095999926416,0.0,588.29296875,0.0
20.0,13.0,0.004360404999943057,50.0,588.30078125,0.0
20.0,14.0,0.004606602999956522,0.0,588.3046875,0.0
20.0,15.0,0.004502217999970526,50.0,588.3046875,0.0
20.0,16.0,0.004293160999850443,0.0,588.3046875,0.0
20.0,17.0,0.004384243000004062,50.0,588.3046875,0.0
20.0,18.0,0.004353471000058562,0.0,588.3046875,0.0
20.0,19.0,0.0034751230000438227,50.0,588.3046875,0.0
20.0,20.0,0.004246975999876668,0.0,588.30859375,0.0
20.0,21.0,0.003465530000084982,50.0,588.30859375,0.0
20.0,22.0,0.004285206000076869,0.0,588.30859375,0.0
20.0,23.0,0.0034799699999439326,50.0,588.328125,0.0
20.0,24.0,0.0054133290000208945,0.0,588.33203125,0.0
20.0,25.0,0.0036541970000598667,50.0,588.33203125,0.0
20.0,26.0,0.005498509999824819,0.0,588.3359375,0.0
20.0,27.0,0.005360096999993402,50.0,588.3359375,0.0
20.0,28.0,0.004204697999966811,0.0,588.3359375,0.0
20.0,29.0,0.004066647000172452,50.0,588.3359375,0.0
20.0,30.0,0.0031230569998115243,0.0,588.3359375,0.0
20.0,31.0,0.005390913999917757,50.0,588.33984375,0.0
20.0,32.0,0.0061584879999827535,100.0,588.37890625,0.0
20.0,33.0,0.005673036999951364,0.0,588.37890625,0.0
20.0,34.0,0.0030831070000658656,100.0,588.37890625,0.0
20.0,35.0,0.004334959999823695,0.0,588.37890625,0.0
20.0,36.0,0.004096013999969728,100.0,588.37890625,0.0
20.0,37.0,0.004230152999980419,0.0,588.3828125,0.0
20.0,38.0,0.004322353999896222,100.0,588.3828125,0.0
20.0,39.0,0.0032431929998892883,0.0,588.38671875,0.0
20.0,40.0,0.005371160000095188,100.0,588.38671875,0.0
20.0,41.0,0.005434890000060477,0.0,588.40234375,0.0
20.0,42.0,0.007285413000090557,100.0,588.40625,0.0
20.0,43.0,0.0031898530000944447,100.0,588.40625,0.0
20.0,44.0,0.005318770000030781,0.0,588.40625,0.0
20.0,45.0,0.00539879000007204,100.0,588.40625,0.0
20.0,46.0,0.0031131900000218593,0.0,588.40625,0.0
20.0,47.0,0.0035265010001239716,100.0,588.40625,0.0
20.0,48.0,0.003003755000008823,0.0,588.41015625,0.0
20.0,49.0,0.003394518000050084,50.0,588.41015625,0.0
20.0,50.0,0.0042769880001287675,0.0,588.41015625,0.0
20.0,51.0,0.005195928000148342,50.0,588.41015625,0.0
20.0,52.0,0.005191300999968007,0.0,588.41015625,0.0
20.0,53.0,0.0029652900000201043,50.0,588.41015625,0.0
20.0,54.0,0.004519706000110091,0.0,588.4140625,0.0
20.0,55.0,0.005319611000004443,50.0,588.4140625,0.0
20.0,56.0,0.0031498890000420943,0.0,588.4140625,0.0
20.0,57.0,0.005456678999962605,50.0,588.4140625,0.0
20.0,58.0,0.004277355999874999,0.0,588.4140625,0.0
20.0,59.0,0.005836419999923237,50.0,588.41796875,0.0
20.0,60.0,0.00419165699986479,50.0,588.41796875,0.0
20.0,61.0,0.0033172660000673204,0.0,588.41796875,0.0
20.0,62.0,0.005408304999946267,50.0,588.41796875,0.0
20.0,63.0,0.00451245099998232,0.0,588.41796875,0.0
20.0,64.0,0.005422321999958513,50.0,588.41796875,0.0
20.0,65.0,0.0031368089998977666,0.0,588.41796875,0.0
20.0,66.0,0.00408004200016876,50.0,588.41796875,0.0
20.0,67.0,0.0054760760001499875,0.0,588.41796875,0.0
20.0,68.0,0.004112817000077484,50.0,588.41796875,0.0
20.0,69.0,0.004301768999994238,0.0,588.41796875,0.0
20.0,70.0,0.002933037000047989,50.0,588.48046875,0.0
20.0,71.0,0.003202513999895018,0.0,588.48046875,0.0
20.0,72.0,0.005305752000140274,50.0,588.48046875,0.0
20.0,73.0,0.005632817000105206,0.0,588.48046875,0.0
20.0,74.0,0.004463180999891847,50.0,588.48046875,0.0
20.0,75.0,0.005849749000162774,0.0,588.48046875,0.0
20.0,76.0,0.0043002180000257795,50.0,588.48046875,0.0
20.0,77.0,0.004213253000216355,100.0,588.48046875,0.0
20.0,78.0,0.0032067720001123234,0.0,588.48046875,0.0
20.0,79.0,0.004434646999925462,0.0,588.48046875,0.0
20.0,80.0,0.004606500000136293,50.0,588.48046875,0.0
20.0,81.0,0.00420924499985631,0.0,588.48046875,0.0
20.0,82.0,0.004201964999992924,50.0,588.48046875,0.0
20.0,83.0,0.003391754999938712,0.0,588.48046875,0.0
20.0,84.0,0.005210288999933255,50.0,588.48046875,0.0
20.0,85.0,0.0050570280000101775,0.0,588.48046875,0.0
20.0,86.0,0.004131355000026815,50.0,588.48046875,0.0
20.0,87.0,0.0045596459999615035,0.0,588.48046875,0.0
20.0,88.0,0.004485294999994949,50.0,588.48046875,0.0
20.0,89.0,0.004231343000128618,0.0,588.48046875,0.0
20.0,90.0,0.005605269999932716,50.0,588.48046875,0.0
20.0,91.0,0.004247354999961317,50.0,588.48046875,0.0
20.0,92.0,0.0041608309998082404,0.0,588.48046875,0.0
20.0,93.0,0.004090538999889759,100.0,588.48046875,0.0
20.0,94.0,0.003077379999922414,0.0,588.48046875,0.0
20.0,95.0,0.005334919000006266,100.0,588.48046875,0.0
20.0,96.0,0.004271595999853162,0.0,588.48046875,0.0
20.0,97.0,0.003230981999877258,0.0,588.48046875,0.0
20.0,98.0,0.005703213000060714,50.0,588.48046875,0.0
20.0,99.0,0.004040850999899703,100.0,588.48046875,0.0
20.0,100.0,0.003185059000088586,0.0,588.48828125,0.0
21.0,1.0,0.004316132999974798,100.0,588.48828125,0.0
21.0,2.0,0.004286355999965963,0.0,588.48828125,0.0
21.0,3.0,0.005091438999897946,100.0,588.48828125,0.0
21.0,4.0,0.00517035300003954,0.0,588.48828125,0.0
21.0,5.0,0.0031008179998934793,100.0,588.48828125,0.0
21.0,6.0,0.004161865999776637,0.0,588.48828125,0.0
21.0,7.0,0.0033819230000062817,0.0,588.48828125,0.0
21.0,8.0,0.0032176800000343064,50.0,588.48828125,0.0
21.0,9.0,0.005950680000069042,100.0,588.4921875,0.0
21.0,10.0,0.0033784380000270176,0.0,588.4921875,0.0
21.0,11.0,0.004108677999965948,0.0,588.4921875,0.0
21.0,12.0,0.0042502950000198325,50.0,588.4921875,0.0
21.0,13.0,0.0054760020000230725,100.0,588.4921875,0.0
21.0,14.0,0.005676065999978164,0.0,588.4921875,0.0
21.0,15.0,0.005767743999967934,100.0,588.4921875,0.0
21.0,16.0,0.004278355999986161,50.0,588.4921875,0.0
21.0,17.0,0.004718256999922232,0.0,588.4921875,0.0
21.0,18.0,0.003291723000074853,50.0,588.49609375,0.0
21.0,19.0,0.004665815999942424,0.0,588.49609375,0.0
21.0,20.0,0.004454416000044148,50.0,588.49609375,0.0
21.0,21.0,0.007801839999956428,100.0,588.49609375,0.0
21.0,22.0,0.009536679000120785,100.0,588.49609375,0.0
21.0,23.0,0.006580352999890238,100.0,588.49609375,0.0
21.0,24.0,0.005141938999940976,100.0,588.49609375,0.0
21.0,25.0,0.008659505999958128,100.0,588.49609375,0.0
21.0,26.0,0.005912096999963978,100.0,588.49609375,0.0
21.0,27.0,0.008361184000023059,100.0,588.49609375,0.0
21.0,28.0,0.008096599000054994,100.0,588.5,0.0
21.0,29.0,0.008705365999958303,100.0,588.5078125,0.0
21.0,30.0,0.008498908000092342,100.0,588.5078125,0.0
21.0,31.0,0.007821158000069772,100.0,588.5078125,0.0
21.0,32.0,0.006642141000156698,100.0,588.5078125,0.0
21.0,33.0,0.008339974000136863,100.0,588.5078125,0.0
21.0,34.0,0.0067556890001014835,100.0,588.5078125,0.0
21.0,35.0,0.0063296729999819945,100.0,588.5078125,0.0
21.0,36.0,0.008128479000106381,100.0,588.5078125,0.0
21.0,37.0,0.006654807000131768,100.0,588.5078125,0.0
21.0,38.0,0.007131825000215031,100.0,588.5078125,0.0
21.0,39.0,0.0055495080000582675,100.0,588.51171875,0.0
21.0,40.0,0.005581163999977434,100.0,588.51171875,0.0
21.0,41.0,0.00710474500010605,100.0,588.51171875,0.0
21.0,42.0,0.007579806999956418,100.0,588.51171875,0.0
21.0,43.0,0.003457311999909507,0.0,588.51171875,0.0
21.0,44.0,0.005247435999990557,100.0,588.51171875,0.0
21.0,45.0,0.006088366000085443,100.0,588.51171875,0.0
21.0,46.0,0.006812457000023642,100.0,588.51171875,0.0
21.0,47.0,0.007818322000048283,100.0,588.51171875,0.0
21.0,48.0,0.006182643999864013,100.0,588.51171875,0.0
21.0,49.0,0.0057644990001790575,100.0,588.51171875,0.0
21.0,50.0,0.006081741999878432,100.0,588.51171875,0.0
21.0,51.0,0.006007738999869616,100.0,588.51171875,0.0
21.0,52.0,0.006408470999986093,100.0,588.51171875,0.0
21.0,53.0,0.006087793999995483,100.0,588.51171875,0.0
21.0,54.0,0.006007169999975304,100.0,588.51171875,0.0
21.0,55.0,0.006937404999916907,100.0,588.51171875,0.0
21.0,56.0,0.007856096000068646,100.0,588.51171875,0.0
21.0,57.0,0.005478111999991597,100.0,588.51171875,0.0
21.0,58.0,0.0058996370000841125,100.0,588.51171875,0.0
21.0,59.0,0.008937096999943606,100.0,588.51171875,0.0
21.0,60.0,0.005527202999928704,100.0,588.51171875,0.0
21.0,61.0,0.005671213999903557,100.0,588.51171875,0.0
21.0,62.0,0.005588476999946579,100.0,588.51171875,0.0
21.0,63.0,0.005878407000182051,100.0,588.51171875,0.0
21.0,64.0,0.005497797000089122,100.0,588.515625,0.0
21.0,65.0,0.004038574999867706,100.0,588.515625,0.0
21.0,66.0,0.005536547000019709,100.0,588.515625,0.0
21.0,67.0,0.007061591000137923,100.0,588.51953125,0.0
21.0,68.0,0.00561121999999159,100.0,588.5234375,0.0
21.0,69.0,0.004278834999922765,100.0,588.5234375,0.0
21.0,70.0,0.008776177999834545,100.0,588.5234375,0.0
21.0,71.0,0.004778376999865941,0.0,588.5234375,0.0
21.0,72.0,0.006955868999966697,66.7,588.5234375,0.0
21.0,73.0,0.004396348000000216,0.0,588.52734375,0.0
21.0,74.0,0.007848217000173463,100.0,588.52734375,0.0
21.0,75.0,0.0067586239999855025,100.0,588.52734375,0.0
21.0,76.0,0.005821705000016664,100.0,588.53125,0.0
21.0,77.0,0.006960550999792758,100.0,588.53125,0.0
21.0,78.0,0.0056180980000135605,100.0,588.53125,0.0
21.0,79.0,0.004389188000004651,100.0,588.53125,0.0
21.0,80.0,0.0071326750000935135,100.0,588.53125,0.0
21.0,81.0,0.005461990999947375,100.0,588.53125,0.0
21.0,82.0,0.005755540000109249,100.0,588.53515625,0.0
21.0,83.0,0.005732546999979604,100.0,588.53515625,0.0
21.0,84.0,0.005686577000005855,100.0,588.53515625,0.0
21.0,85.0,0.0059433930000523105,100.0,588.53515625,0.0
21.0,86.0,0.004128413999978875,100.0,588.5390625,0.0
21.0,87.0,0.004167475000031118,100.0,588.5390625,0.0
21.0,88.0,0.006491344000096433,100.0,588.5390625,0.0
21.0,89.0,0.006487200999799825,100.0,588.5390625,0.0
21.0,90.0,0.00626984700011235,100.0,588.54296875,0.0
21.0,91.0,0.0071047530000214465,100.0,588.54296875,0.0
21.0,92.0,0.0062686839999059885,100.0,588.54296875,0.0
21.0,93.0,0.0041678439999941475,100.0,588.54296875,0.0
21.0,94.0,0.004099595000070622,100.0,588.54296875,0.0
21.0,95.0,0.0041171679999933986,100.0,588.54296875,0.0
21.0,96.0,0.005465459999868472,100.0,588.54296875,0.0
21.0,97.0,0.004099528000097052,100.0,588.546875,0.0
21.0,98.0,0.005464104000111547,100.0,588.546875,0.0
21.0,99.0,0.005618613000024197,100.0,588.546875,0.0
21.0,100.0,0.005518522999864217,100.0,588.546875,0.0
22.0,1.0,0.007152476999863211,100.0,588.546875,0.0
22.0,2.0,0.0057369189999008086,100.0,588.546875,0.0
22.0,3.0,0.005683487999931458,100.0,588.546875,0.0
22.0,4.0,0.005393401999981506,100.0,588.546875,0.0
22.0,5.0,0.004172720000042318,100.0,588.546875,0.0
22.0,6.0,0.005440976000045339,100.0,588.546875,0.0
22.0,7.0,0.005364677999978085,100.0,588.55078125,0.0
22.0,8.0,0.0054585689999839815,100.0,588.55078125,0.0
22.0,9.0,0.006801596000059362,100.0,588.55078125,0.0
22.0,10.0,0.005386995999970168,100.0,588.55078125,0.0
22.0,11.0,0.0055911669999204605,100.0,588.55078125,0.0
22.0,12.0,0.004288356999950338,100.0,588.55078125,0.0
22.0,13.0,0.005465017999995325,100.0,588.55078125,0.0
22.0,14.0,0.006899846000123944,100.0,588.55078125,0.0
22.0,15.0,0.0055940699999155186,100.0,588.55859375,0.0
22.0,16.0,0.004164242000115337,100.0,588.55859375,0.0
22.0,17.0,0.006774071000108961,100.0,588.55859375,0.0
22.0,18.0,0.004045416999815643,100.0,588.55859375,0.0
22.0,19.0,0.005556866000006266,100.0,588.55859375,0.0
22.0,20.0,0.005483219999860012,100.0,588.55859375,0.0
22.0,21.0,0.0057304990000375255,100.0,588.55859375,0.0
22.0,22.0,0.005527722000124413,100.0,588.55859375,0.0
22.0,23.0,0.004037529000015638,100.0,588.5625,0.0
22.0,24.0,0.006900871999960145,100.0,588.58984375,0.0
22.0,25.0,0.006738278999819158,100.0,588.59375,0.0
22.0,26.0,0.005415665000100489,100.0,588.59375,0.0
22.0,27.0,0.005469997000091098,100.0,588.59375,0.0
22.0,28.0,0.005565288000070723,100.0,588.59375,0.0
22.0,29.0,0.005589884000073653,100.0,588.59375,0.0
22.0,30.0,0.004045495999889681,100.0,588.59375,0.0
22.0,31.0,0.00542832900009671,100.0,588.59375,0.0
22.0,32.0,0.00528226899996298,100.0,588.59375,0.0
22.0,33.0,0.006960354000057123,100.0,588.59375,0.0
22.0,34.0,0.0057693290000315756,100.0,588.59375,0.0
22.0,35.0,0.006772036000029402,100.0,588.59765625,0.0
22.0,36.0,0.005488256000035108,100.0,588.6015625,0.0
22.0,37.0,0.0067580899999484245,100.0,588.6015625,0.0
22.0,38.0,0.005601909999995769,100.0,588.6015625,0.0
22.0,39.0,0.006903261000161365,100.0,588.6015625,0.0
22.0,40.0,0.004130636999889248,100.0,588.64453125,0.0
22.0,41.0,0.006662767000079839,100.0,588.6484375,0.0
22.0,42.0,0.005542945999877702,100.0,588.6484375,0.0
22.0,43.0,0.005381694999869069,100.0,588.65234375,0.0
22.0,44.0,0.003999002999989898,100.0,588.65234375,0.0
22.0,45.0,0.00681835599993974,100.0,588.65234375,0.0
22.0,46.0,0.007276963000094838,100.0,588.65625,0.0
22.0,47.0,0.005420564000132799,100.0,588.65625,0.0
22.0,48.0,0.005522582000139664,100.0,588.65625,0.0
22.0,49.0,0.00557806099982372,100.0,588.65625,0.0
22.0,50.0,0.005613154999991821,100.0,588.65625,0.0
22.0,51.0,0.007470639000075607,100.0,588.6640625,0.0
22.0,52.0,0.007125352000002749,100.0,588.66796875,0.0
22.0,53.0,0.005697049999980663,100.0,588.66796875,0.0
22.0,54.0,0.004299487999787743,100.0,588.66796875,0.0
22.0,55.0,0.007634886000005281,100.0,588.66796875,0.0
22.0,56.0,0.0055935629998202785,100.0,588.671875,0.0
22.0,57.0,0.005595599000116636,100.0,588.671875,0.0
22.0,58.0,0.006925490999947215,100.0,588.671875,0.0
22.0,59.0,0.004700416000105179,100.0,588.671875,0.0
22.0,60.0,0.007362320000083855,100.0,588.671875,0.0
22.0,61.0,0.004970989999947051,0.0,588.7109375,0.0
22.0,62.0,0.0052085889999489154,100.0,588.71484375,0.0
22.0,63.0,0.005602978000069925,66.7,588.71484375,0.0
22.0,64.0,0.006491548999974839,100.0,588.71484375,0.0
22.0,65.0,0.007478477999939059,100.0,588.71484375,0.0
22.0,66.0,0.006856323999954839,100.0,588.71484375,0.0
22.0,67.0,0.004172129999915342,100.0,588.71484375,0.0
22.0,68.0,0.005577629000072193,100.0,588.71484375,0.0
22.0,69.0,0.004482538000047498,100.0,588.71484375,0.0
22.0,70.0,0.0040051900000435126,100.0,588.71484375,0.0
22.0,71.0,0.005444988000135709,100.0,588.71484375,0.0
22.0,72.0,0.006914087000041036,100.0,588.71484375,0.0
22.0,73.0,0.0054842170000029,100.0,588.71484375,0.0
22.0,74.0,0.005570378999891545,100.0,588.71484375,0.0
22.0,75.0,0.007816970000021684,100.0,588.71484375,0.0
22.0,76.0,0.005465672999889648,100.0,588.71484375,0.0
22.0,77.0,0.004830983999909222,100.0,588.71484375,0.0
22.0,78.0,0.007058278999920731,100.0,588.71484375,0.0
22.0,79.0,0.00672725200001878,100.0,588.71875,0.0
22.0,80.0,0.005602503000091019,100.0,588.71875,0.0
22.0,81.0,0.004209667999930389,100.0,588.71875,0.0
22.0,82.0,0.006900825000002442,100.0,588.71875,0.0
22.0,83.0,0.004564130000062505,100.0,588.71875,0.0
22.0,84.0,0.006807006000144611,100.0,588.72265625,0.0
22.0,85.0,0.00404517299989493,100.0,588.72265625,0.0
22.0,86.0,0.005544658000189884,100.0,588.72265625,0.0
22.0,87.0,0.005598097000074631,100.0,588.72265625,0.0
22.0,88.0,0.0058597899999313086,100.0,588.72265625,0.0
22.0,89.0,0.005639127999984339,100.0,588.72265625,0.0
22.0,90.0,0.005560765999916839,100.0,588.72265625,0.0
22.0,91.0,0.007002481999961674,100.0,588.72265625,0.0
22.0,92.0,0.005647030000091036,100.0,588.72265625,0.0
22.0,93.0,0.005896285000062562,100.0,588.72265625,0.0
22.0,94.0,0.006909629999881872,100.0,588.72265625,0.0
22.0,95.0,0.006873375999930431,100.0,588.7265625,0.0
22.0,96.0,0.005720267000015156,100.0,588.7265625,0.0
22.0,97.0,0.0069111850000354025,100.0,588.7265625,0.0
22.0,98.0,0.005471500999874479,100.0,588.7265625,0.0
22.0,99.0,0.005716302000109863,100.0,588.7265625,0.0
22.0,100.0,0.005354468999939854,100.0,588.7265625,0.0
23.0,1.0,0.00690807300020424,100.0,588.73046875,0.0
23.0,2.0,0.007001507000040874,100.0,588.73046875,0.0
23.0,3.0,0.0064410229999793955,100.0,588.73046875,0.0
23.0,4.0,0.009121909999976197,100.0,588.73046875,0.0
23.0,5.0,0.006513092000204779,100.0,588.73046875,0.0
23.0,6.0,0.008900606999986849,100.0,588.73046875,0.0
23.0,7.0,0.005784622999954081,100.0,588.73046875,0.0
23.0,8.0,0.0045425470000282075,100.0,588.73046875,0.0
23.0,9.0,0.0058703150000383175,100.0,588.73046875,0.0
23.0,10.0,0.004297570000062478,100.0,588.73046875,0.0
23.0,11.0,0.004681096000012985,100.0,588.734375,0.0
23.0,12.0,0.005910149000101228,100.0,588.73828125,0.0
23.0,13.0,0.007649887000070521,100.0,588.73828125,0.0
23.0,14.0,0.0068071850000706036,100.0,588.73828125,0.0
23.0,15.0,0.007371349000095506,100.0,588.73828125,0.0
23.0,16.0,0.005452262000062547,100.0,588.73828125,0.0
23.0,17.0,0.005614850000029037,100.0,588.73828125,0.0
23.0,18.0,0.00550606699994205,100.0,588.73828125,0.0
23.0,19.0,0.005621537000024546,100.0,588.73828125,0.0
23.0,20.0,0.005631615000083912,100.0,588.74609375,0.0
23.0,21.0,0.005441088999987187,100.0,588.74609375,0.0
23.0,22.0,0.006868410999913976,100.0,588.74609375,0.0
23.0,23.0,0.006868277999956263,100.0,588.74609375,0.0
23.0,24.0,0.005502093000131936,100.0,588.74609375,0.0
23.0,25.0,0.0040913529999215825,100.0,588.74609375,0.0
23.0,26.0,0.004321484000001874,100.0,588.74609375,0.0
23.0,27.0,0.0054251169999588456,100.0,588.74609375,0.0
23.0,28.0,0.006839539000111472,100.0,588.74609375,0.0
23.0,29.0,0.00679907199992158,100.0,588.74609375,0.0
23.0,30.0,0.005458601999862367,100.0,588.75,0.0
23.0,31.0,0.006736439999940558,100.0,588.75,0.0
23.0,32.0,0.005582548000120369,100.0,588.75,0.0
23.0,33.0,0.004131143999984488,100.0,588.76171875,0.0
23.0,34.0,0.004103621000012936,100.0,588.76171875,0.0
23.0,35.0,0.005741436000107569,100.0,588.765625,0.0
23.0,36.0,0.007511683000075209,100.0,588.765625,0.0
23.0,37.0,0.006939005999811343,100.0,588.765625,0.0
23.0,38.0,0.00557916100001421,100.0,588.765625,0.0
23.0,39.0,0.005570942000076684,100.0,588.76953125,0.0
23.0,40.0,0.006771136999986993,100.0,588.76953125,0.0
23.0,41.0,0.005526771999939228,100.0,588.76953125,0.0
23.0,42.0,0.005455635999851438,100.0,588.76953125,0.0
23.0,43.0,0.00413925099996959,100.0,588.76953125,0.0
23.0,44.0,0.005588169000020571,100.0,588.76953125,0.0
23.0,45.0,0.005493685999908848,100.0,588.76953125,0.0
23.0,46.0,0.008767649999981586,100.0,588.76953125,0.0
23.0,47.0,0.007548007000195867,100.0,588.76953125,0.0
23.0,48.0,0.00879373099996883,100.0,588.76953125,0.0
23.0,49.0,0.005760413999951197,100.0,588.7734375,0.0
23.0,50.0,0.005437456999970891,100.0,588.7734375,0.0
23.0,51.0,0.006793175999973755,100.0,588.7734375,0.0
23.0,52.0,0.006866211999977168,100.0,588.7734375,0.0
23.0,53.0,0.0054760959999384795,100.0,588.7734375,0.0
23.0,54.0,0.005513270000164994,100.0,588.7734375,0.0
23.0,55.0,0.005891828000130772,100.0,588.7734375,0.0
23.0,56.0,0.011495434999915233,100.0,588.7734375,0.0
23.0,57.0,0.008337710999967385,100.0,588.7734375,0.0
23.0,58.0,0.004992083000161074,100.0,588.7734375,0.0
23.0,59.0,0.009488964999945892,100.0,588.77734375,0.0
23.0,60.0,0.006808997000007366,100.0,588.77734375,0.0
23.0,61.0,0.0061608549999618845,100.0,588.78125,0.0
23.0,62.0,0.008739518999846041,100.0,588.78125,0.0
23.0,63.0,0.009530462000157058,100.0,588.78125,0.0
23.0,64.0,0.006710255999905712,100.0,588.78125,0.0
23.0,65.0,0.009706578999839621,100.0,588.78125,0.0
23.0,66.0,0.004153012999950079,100.0,588.78125,0.0
23.0,67.0,0.003971970000065994,100.0,588.78515625,0.0
23.0,68.0,0.0053154120000726834,100.0,588.78515625,0.0
23.0,69.0,0.0070877630000723,100.0,588.7890625,0.0
23.0,70.0,0.00796700899991265,100.0,588.7890625,0.0
23.0,71.0,0.004856379000102606,100.0,588.7890625,0.0
23.0,72.0,0.006244694000088202,100.0,588.79296875,0.0
23.0,73.0,0.004522683999994115,0.0,588.79296875,0.0
23.0,74.0,0.007689633999916623,100.0,588.79296875,0.0
23.0,75.0,0.007367281999904662,100.0,588.79296875,0.0
23.0,76.0,0.005900587000041924,100.0,588.79296875,0.0
23.0,77.0,0.009686069999816027,100.0,588.79296875,0.0
23.0,78.0,0.0066709919999539125,100.0,588.80078125,0.0
23.0,79.0,0.005248940999990737,100.0,588.80078125,0.0
23.0,80.0,0.007922313000108261,100.0,588.80078125,0.0
23.0,81.0,0.005584456000178761,100.0,588.80078125,0.0
23.0,82.0,0.004617182999936631,100.0,588.80078125,0.0
23.0,83.0,0.0064652000000933185,100.0,588.80859375,0.0
23.0,84.0,0.007617007999897396,50.0,588.80859375,0.0
23.0,85.0,0.005996473999857699,100.0,588.80859375,0.0
23.0,86.0,0.006026669999982914,100.0,588.80859375,0.0
23.0,87.0,0.00745093899990934,100.0,588.80859375,0.0
23.0,88.0,0.005528672000082224,100.0,588.8125,0.0
23.0,89.0,0.005555588000106582,100.0,588.81640625,0.0
23.0,90.0,0.00566537600002448,100.0,588.81640625,0.0
23.0,91.0,0.007479430999865144,100.0,588.81640625,0.0
23.0,92.0,0.004859392000071239,100.0,588.81640625,0.0
23.0,93.0,0.007080947000076776,100.0,588.81640625,0.0
23.0,94.0,0.005479192999928273,100.0,588.8203125,0.0
23.0,95.0,0.007845855999903506,100.0,588.9296875,0.0
23.0,96.0,0.007622279000088383,100.0,588.9296875,0.0
23.0,97.0,0.009354798000003939,100.0,588.9296875,0.0
23.0,98.0,0.008812848999923517,100.0,588.9296875,0.0
23.0,99.0,0.00708490800002437,100.0,588.93359375,0.0
23.0,100.0,0.0058388760000980255,100.0,589.0,0.0
24.0,1.0,0.004154781000124785,100.0,589.0,0.0
24.0,2.0,0.007300047000171617,100.0,589.01953125,0.0
24.0,3.0,0.007280465000121694,100.0,589.01953125,0.0
24.0,4.0,0.00806515399995078,100.0,589.0234375,0.0
24.0,5.0,0.007704052999997657,100.0,589.0234375,0.0
24.0,6.0,0.006880139000031704,100.0,589.0234375,0.0
24.0,7.0,0.007296585999938543,100.0,589.0234375,0.0
24.0,8.0,0.004812865000076272,0.0,589.0234375,0.0
24.0,9.0,0.005613691000007748,100.0,589.0234375,0.0
24.0,10.0,0.007200330999921789,100.0,589.0234375,0.0
24.0,11.0,0.0073641520000364835,100.0,589.0234375,0.0
24.0,12.0,0.005568250999886004,100.0,589.0234375,0.0
24.0,13.0,0.005424281999921732,100.0,589.0234375,0.0
24.0,14.0,0.005870605000154683,100.0,589.0234375,0.0
24.0,15.0,0.004213249999793334,100.0,589.0234375,0.0
24.0,16.0,0.006963528999904156,100.0,589.0234375,0.0
24.0,17.0,0.004136371999948096,100.0,589.0234375,0.0
24.0,18.0,0.0055048450001322635,100.0,589.0234375,0.0
24.0,19.0,0.005594001999952525,100.0,589.0234375,0.0
24.0,20.0,0.004317529999980252,100.0,589.02734375,0.0
24.0,21.0,0.006880353000042305,100.0,589.02734375,0.0
24.0,22.0,0.005492927999966923,100.0,589.02734375,0.0
24.0,23.0,0.0056050640000648855,100.0,589.02734375,0.0
24.0,24.0,0.004314249999879394,100.0,589.02734375,0.0
24.0,25.0,0.00410843500003466,100.0,589.02734375,0.0
24.0,26.0,0.0055114239999056736,100.0,589.02734375,0.0
24.0,27.0,0.004176401999984591,100.0,589.02734375,0.0
24.0,28.0,0.0041812960000697785,100.0,589.02734375,0.0
24.0,29.0,0.005542233000142005,100.0,589.02734375,0.0
24.0,30.0,0.005711133999966478,100.0,589.02734375,0.0
24.0,31.0,0.007040049000124782,100.0,589.02734375,0.0
24.0,32.0,0.006046081000022241,100.0,589.02734375,0.0
24.0,33.0,0.006173262999936924,100.0,589.02734375,0.0
24.0,34.0,0.004590696000150274,100.0,589.02734375,0.0
24.0,35.0,0.0070704549998481525,100.0,589.02734375,0.0
24.0,36.0,0.007550918999868372,100.0,589.02734375,0.0
24.0,37.0,0.006414005000124234,100.0,589.02734375,0.0
24.0,38.0,0.008092779999969935,100.0,589.03125,0.0
24.0,39.0,0.006320157000118343,100.0,589.03125,0.0
24.0,40.0,0.006266908000043259,100.0,589.03125,0.0
24.0,41.0,0.0060891959999480605,0.0,589.03125,0.0
24.0,42.0,0.006258737999814912,100.0,589.03125,0.0
24.0,43.0,0.004674263000197243,100.0,589.03125,0.0
24.0,44.0,0.010954308000009405,100.0,589.03125,0.0
24.0,45.0,0.007623559999956342,100.0,589.03125,0.0
24.0,46.0,0.006021744999998191,100.0,589.03515625,0.0
24.0,47.0,0.008684276999929352,100.0,589.0390625,0.0
24.0,48.0,0.004795790999878591,50.0,589.0390625,0.0
24.0,49.0,0.005659851000018534,100.0,589.0390625,0.0
24.0,50.0,0.006628122999927655,100.0,589.0390625,0.0
24.0,51.0,0.004587105000155134,100.0,589.0390625,0.0
24.0,52.0,0.006459845000108544,100.0,589.0390625,0.0
24.0,53.0,0.006287313000029826,100.0,589.0390625,0.0
24.0,54.0,0.007928594000077283,100.0,589.13671875,0.0
24.0,55.0,0.0069190040001103625,100.0,589.13671875,0.0
24.0,56.0,0.004993802999933905,100.0,589.13671875,0.0
24.0,57.0,0.006421568999940064,100.0,589.13671875,0.0
24.0,58.0,0.00793806299998323,100.0,589.140625,0.0
24.0,59.0,0.005850092999935441,0.0,589.140625,0.0
24.0,60.0,0.009572666999929424,100.0,589.140625,0.0
24.0,61.0,0.006288590999929511,100.0,589.140625,0.0
24.0,62.0,0.008176265999964016,100.0,589.140625,0.0
24.0,63.0,0.007908401000122467,100.0,589.140625,0.0
24.0,64.0,0.004581008000059228,100.0,589.140625,0.0
24.0,65.0,0.007787821999954758,100.0,589.140625,0.0
24.0,66.0,0.0045740220000425325,100.0,589.140625,0.0
24.0,67.0,0.006176564000043072,100.0,589.140625,0.0
24.0,68.0,0.007742953999922975,100.0,589.14453125,0.0
24.0,69.0,0.004712732999905711,0.0,589.14453125,0.0
24.0,70.0,0.004872633000104543,100.0,589.14453125,0.0
24.0,71.0,0.007807241000136855,100.0,589.1484375,0.0
24.0,72.0,0.0064309529998354265,100.0,589.1484375,0.0
24.0,73.0,0.004688910000140822,0.0,589.1484375,0.0
24.0,74.0,0.006250229999977819,100.0,589.15234375,0.0
24.0,75.0,0.006299996999814539,100.0,589.15234375,0.0
24.0,76.0,0.007579131000056805,100.0,589.1640625,0.0
24.0,77.0,0.007742760999917664,0.0,589.1640625,0.0
24.0,78.0,0.00810419999993428,100.0,589.16796875,0.0
24.0,79.0,0.0051815929998610954,100.0,589.16796875,0.0
24.0,80.0,0.006633795000198006,100.0,589.16796875,0.0
24.0,81.0,0.0068662529999983235,100.0,589.171875,0.0
24.0,82.0,0.008361686999933227,100.0,589.171875,0.0
24.0,83.0,0.004750615999910224,100.0,589.171875,0.0
24.0,84.0,0.007152021999900171,100.0,589.171875,0.0
24.0,85.0,0.006613270999878296,100.0,589.171875,0.0
24.0,86.0,0.006116386000030616,100.0,589.171875,0.0
24.0,87.0,0.00466655099990021,0.0,589.17578125,0.0
24.0,88.0,0.007434892999981457,100.0,589.1796875,0.0
24.0,89.0,0.004630966999911834,100.0,589.18359375,0.0
24.0,90.0,0.0058562900001106755,100.0,589.18359375,0.0
24.0,91.0,0.00602353099998254,100.0,589.18359375,0.0
24.0,92.0,0.0077375989999382,100.0,589.18359375,0.0
24.0,93.0,0.005920792999859259,100.0,589.18359375,0.0
24.0,94.0,0.004485485000031986,0.0,589.1875,0.0
24.0,95.0,0.005928239000013491,100.0,589.1875,0.0
24.0,96.0,0.007796702999939953,100.0,589.19140625,0.0
24.0,97.0,0.005931671000098504,100.0,589.19140625,0.0
24.0,98.0,0.006015347000129623,100.0,589.19140625,0.0
24.0,99.0,0.00639303299999483,100.0,589.19140625,0.0
24.0,100.0,0.006234333000065817,100.0,589.1953125,0.0
25.0,1.0,0.006251388999999108,100.0,589.1953125,0.0
25.0,2.0,0.00795963199993821,100.0,589.1953125,0.0
25.0,3.0,0.006534300999874176,100.0,589.1953125,0.0
25.0,4.0,0.00599061899993103,100.0,589.1953125,0.0
25.0,5.0,0.0066621549999581475,100.0,589.203125,0.0
25.0,6.0,0.0053527969998867775,50.0,589.24609375,0.0
25.0,7.0,0.004459212000028856,0.0,589.24609375,0.0
25.0,8.0,0.004190591999986282,100.0,589.24609375,0.0
25.0,9.0,0.005351931999939552,0.0,589.24609375,0.0
25.0,10.0,0.003155361000153789,100.0,589.25,0.0
25.0,11.0,0.005495747999930245,0.0,589.25,0.0
25.0,12.0,0.004299495999930514,100.0,589.25390625,0.0
25.0,13.0,0.005382246999943163,0.0,589.2578125,0.0
25.0,14.0,0.005273540000189314,100.0,589.26171875,0.0
25.0,15.0,0.004543164000097022,0.0,589.265625,0.0
25.0,16.0,0.005284623000079591,100.0,589.265625,0.0
25.0,17.0,0.0031863659999089577,0.0,589.265625,0.0
25.0,18.0,0.0041609649999827525,100.0,589.265625,0.0
25.0,19.0,0.0031460889999834762,0.0,589.265625,0.0
25.0,20.0,0.0031725599999390397,100.0,589.265625,0.0
25.0,21.0,0.005462166000143043,0.0,589.2734375,0.0
25.0,22.0,0.004232174999970084,100.0,589.2734375,0.0
25.0,23.0,0.0033721939998940798,0.0,589.2734375,0.0
25.0,24.0,0.004150190000018483,100.0,589.2734375,0.0
25.0,25.0,0.0043842039999617555,0.0,589.2734375,0.0
25.0,26.0,0.00410876000000826,0.0,589.2734375,0.0
25.0,27.0,0.005172939000203769,66.7,589.27734375,0.0
25.0,28.0,0.0053374460001123225,100.0,589.27734375,0.0
25.0,29.0,0.005625150000014401,0.0,589.27734375,0.0
25.0,30.0,0.0034209769999051787,100.0,589.27734375,0.0
25.0,31.0,0.00344734499981314,0.0,589.28125,0.0
25.0,32.0,0.0032794749999993655,100.0,589.28125,0.0
25.0,33.0,0.0033805089999532356,0.0,589.28515625,0.0
25.0,34.0,0.004483014000015828,50.0,589.28515625,0.0
25.0,35.0,0.0033462240000972088,0.0,589.28515625,0.0
25.0,36.0,0.00441118000003371,0.0,589.28515625,0.0
25.0,37.0,0.0045151829999667825,100.0,589.28515625,0.0
25.0,38.0,0.00443476199984616,0.0,589.28515625,0.0
25.0,39.0,0.004277238999975452,100.0,589.2890625,0.0
25.0,40.0,0.004568704000121215,50.0,589.29296875,0.0
25.0,41.0,0.0033047639999495004,0.0,589.29296875,0.0
25.0,42.0,0.004678072999922733,0.0,589.296875,0.0
25.0,43.0,0.0033325920001061604,100.0,589.296875,0.0
25.0,44.0,0.006752345999984755,50.0,589.296875,0.0
25.0,45.0,0.004435975999967923,0.0,589.3046875,0.0
25.0,46.0,0.003213419000076101,50.0,589.3046875,0.0
25.0,47.0,0.0034298420000595797,0.0,589.3046875,0.0
25.0,48.0,0.005114769999863711,100.0,589.3046875,0.0
25.0,49.0,0.005529286999944816,0.0,589.3046875,0.0
25.0,50.0,0.007100986000068588,50.0,589.3046875,0.0
25.0,51.0,0.00444137700014835,100.0,589.3046875,0.0
25.0,52.0,0.00544084699981795,50.0,589.3046875,0.0
25.0,53.0,0.0041806550000274,0.0,589.3046875,0.0
25.0,54.0,0.004419684000140478,50.0,589.3046875,0.0
25.0,55.0,0.00424481699997159,0.0,589.3046875,0.0
25.0,56.0,0.0031035859999519744,0.0,589.3046875,0.0
25.0,57.0,0.005239408999841544,100.0,589.3046875,0.0
25.0,58.0,0.003304314999923008,0.0,589.3046875,0.0
25.0,59.0,0.00321640600009232,100.0,589.3046875,0.0
25.0,60.0,0.005427384000086022,0.0,589.3046875,0.0
25.0,61.0,0.00543185500009713,100.0,589.3046875,0.0
25.0,62.0,0.004328783000119074,50.0,589.3046875,0.0
25.0,63.0,0.004265135999958147,0.0,589.3046875,0.0
25.0,64.0,0.0046369340000183,50.0,589.3046875,0.0
25.0,65.0,0.0032019920001857827,0.0,589.3046875,0.0
25.0,66.0,0.004430626000157645,0.0,589.30859375,0.0
25.0,67.0,0.005191991999936363,100.0,589.30859375,0.0
25.0,68.0,0.0042222529998525715,0.0,589.30859375,0.0
25.0,69.0,0.005440063999913036,100.0,589.30859375,0.0
25.0,70.0,0.003714529000035327,100.0,589.30859375,0.0
25.0,71.0,0.0056448899999850255,0.0,589.30859375,0.0
25.0,72.0,0.004454879999912009,50.0,589.30859375,0.0
25.0,73.0,0.005639756999926249,0.0,589.30859375,0.0
25.0,74.0,0.003419629000063651,50.0,589.30859375,0.0
25.0,75.0,0.004253144000131215,0.0,589.30859375,0.0
25.0,76.0,0.004694565000136208,100.0,589.30859375,0.0
25.0,77.0,0.005706744999997682,50.0,589.30859375,0.0
25.0,78.0,0.003547307999951954,0.0,589.30859375,0.0
25.0,79.0,0.004895433999990928,50.0,589.30859375,0.0
25.0,80.0,0.004820384000140621,0.0,589.30859375,0.0
25.0,81.0,0.005037461000028998,100.0,589.30859375,0.0
25.0,82.0,0.0051793799998449686,0.0,589.30859375,0.0
25.0,83.0,0.0059598640000331216,100.0,589.30859375,0.0
25.0,84.0,0.005929728999944928,50.0,589.30859375,0.0
25.0,85.0,0.003475045999948634,0.0,589.30859375,0.0
25.0,86.0,0.0034911590000774595,100.0,589.30859375,0.0
25.0,87.0,0.0050099190000310045,0.0,589.30859375,0.0
25.0,88.0,0.004802537999921697,100.0,589.30859375,0.0
25.0,89.0,0.003607275999911508,0.0,589.30859375,0.0
25.0,90.0,0.00335336000011921,50.0,589.30859375,0.0
25.0,91.0,0.005674692999946274,0.0,589.30859375,0.0
25.0,92.0,0.0043103879997943295,100.0,589.30859375,0.0
25.0,93.0,0.004331632000003083,0.0,589.30859375,0.0
25.0,94.0,0.004356388999894989,100.0,589.30859375,0.0
25.0,95.0,0.004561421999824233,0.0,589.30859375,0.0
25.0,96.0,0.003160837999985233,100.0,589.30859375,0.0
25.0,97.0,0.004391971000131889,0.0,589.3125,0.0
25.0,98.0,0.003326912999909837,50.0,589.3125,0.0
25.0,99.0,0.0032638090001455566,0.0,589.3125,0.0
25.0,100.0,0.004446047999863367,50.0,589.3125,0.0
26.0,1.0,0.006845504000011715,100.0,589.3125,0.0
26.0,2.0,0.0031616310000117664,100.0,589.3125,0.0
26.0,3.0,0.0055366569999932835,0.0,589.3125,0.0
26.0,4.0,0.004272880999906192,100.0,589.3125,0.0
26.0,5.0,0.003138275000083013,0.0,589.3125,0.0
26.0,6.0,0.0032503740001175174,100.0,589.31640625,0.0
26.0,7.0,0.004527714999994714,0.0,589.31640625,0.0
26.0,8.0,0.005398836000040319,100.0,589.34375,0.0
26.0,9.0,0.00419199199996001,0.0,589.34375,0.0
26.0,10.0,0.00421576400003687,100.0,589.34375,0.0
26.0,11.0,0.006574258999989979,0.0,589.34375,0.0
26.0,12.0,0.003316136000194092,50.0,589.34375,0.0
26.0,13.0,0.003265002000034656,0.0,589.34375,0.0
26.0,14.0,0.004230696999911743,50.0,589.34375,0.0
26.0,15.0,0.005179044999977123,0.0,589.34375,0.0
26.0,16.0,0.004413376000002245,50.0,589.34375,0.0
26.0,17.0,0.007654709999997067,100.0,589.34375,0.0
26.0,18.0,0.0046782090000760945,100.0,589.3515625,0.0
26.0,19.0,0.004125389000137147,0.0,589.3515625,0.0
26.0,20.0,0.004215345999909914,100.0,589.3515625,0.0
26.0,21.0,0.005222107999998116,0.0,589.3515625,0.0
26.0,22.0,0.005196837000084997,50.0,589.3515625,0.0
26.0,23.0,0.005190154000047187,100.0,589.3515625,0.0
26.0,24.0,0.005308971999966161,0.0,589.3515625,0.0
26.0,25.0,0.00543432299991764,100.0,589.3515625,0.0
26.0,26.0,0.006073580000020229,100.0,589.3515625,0.0
26.0,27.0,0.004593184999976074,100.0,589.3515625,0.0
26.0,28.0,0.0061610689999724855,100.0,589.35546875,0.0
26.0,29.0,0.008209021000084249,100.0,589.35546875,0.0
26.0,30.0,0.007467709999900762,50.0,589.35546875,0.0
26.0,31.0,0.0059709859999657056,100.0,589.35546875,0.0
26.0,32.0,0.0041752590000214695,0.0,589.35546875,0.0
26.0,33.0,0.005652306999991197,100.0,589.35546875,0.0
26.0,34.0,0.004204306000019642,0.0,589.35546875,0.0
26.0,35.0,0.00521550399980697,100.0,589.35546875,0.0
26.0,36.0,0.005414051999878211,0.0,589.359375,0.0
26.0,37.0,0.00412680299996282,50.0,589.359375,0.0
26.0,38.0,0.004745005000131641,100.0,589.359375,0.0
26.0,39.0,0.009144807999973636,100.0,589.359375,0.0
26.0,40.0,0.0057095760000720475,100.0,589.359375,0.0
26.0,41.0,0.0043480029999045655,100.0,589.359375,0.0
26.0,42.0,0.00362256200014599,50.0,589.359375,0.0
26.0,43.0,0.006566471000041929,100.0,589.359375,0.0
26.0,44.0,0.007059331999926144,100.0,589.359375,0.0
26.0,45.0,0.009555460000001403,100.0,589.359375,0.0
26.0,46.0,0.006503603000055591,100.0,589.359375,0.0
26.0,47.0,0.005919361999985995,100.0,589.359375,0.0
26.0,48.0,0.006899937999833128,100.0,589.359375,0.0
26.0,49.0,0.009960997999996835,100.0,589.359375,0.0
26.0,50.0,0.004968567999867446,100.0,589.359375,0.0
26.0,51.0,0.010625835000155348,100.0,589.359375,0.0
26.0,52.0,0.0063736790000348265,100.0,589.359375,0.0
26.0,53.0,0.004381466000040746,100.0,589.359375,0.0
26.0,54.0,0.004576305000000502,0.0,589.36328125,0.0
26.0,55.0,0.0049892340000496915,100.0,589.36328125,0.0
26.0,56.0,0.003590299999814306,0.0,589.36328125,0.0
26.0,57.0,0.003567165000049499,100.0,589.36328125,0.0
26.0,58.0,0.003497674000072948,0.0,589.36328125,0.0
26.0,59.0,0.006528238000100828,100.0,589.36328125,0.0
26.0,60.0,0.006223940999916522,0.0,589.3671875,0.0
26.0,61.0,0.004856509000092046,50.0,589.37109375,0.0
26.0,62.0,0.004568464999920252,100.0,589.37109375,0.0
26.0,63.0,0.00540986700002577,0.0,589.37109375,0.0
26.0,64.0,0.005647208000027604,100.0,589.375,0.0
26.0,65.0,0.004666532000101142,0.0,589.37890625,0.0
26.0,66.0,0.005588964000025953,50.0,589.37890625,0.0
26.0,67.0,0.005501307000031375,100.0,589.37890625,0.0
26.0,68.0,0.005744207999896389,0.0,589.37890625,0.0
26.0,69.0,0.004422492000003331,100.0,589.37890625,0.0
26.0,70.0,0.004408651000176178,0.0,589.3828125,0.0
26.0,71.0,0.005596330999878774,100.0,589.3828125,0.0
26.0,72.0,0.003259176000028674,0.0,589.3828125,0.0
26.0,73.0,0.003259135000007518,100.0,589.3828125,0.0
26.0,74.0,0.004503127999896606,0.0,589.38671875,0.0
26.0,75.0,0.004520609999872249,100.0,589.38671875,0.0
26.0,76.0,0.004423152999834201,0.0,589.38671875,0.0
26.0,77.0,0.005376044000058755,100.0,589.38671875,0.0
26.0,78.0,0.004885243999979139,0.0,589.38671875,0.0
26.0,79.0,0.003644503000032273,100.0,589.38671875,0.0
26.0,80.0,0.0032231110001248453,0.0,589.38671875,0.0
26.0,81.0,0.003432848999864291,100.0,589.38671875,0.0
26.0,82.0,0.00535992899995108,0.0,589.38671875,0.0
26.0,83.0,0.0034302469998692686,100.0,589.39453125,0.0
26.0,84.0,0.0035074840000106633,0.0,589.4296875,0.0
26.0,85.0,0.0033955320000131906,100.0,589.43359375,0.0
26.0,86.0,0.005476296999859187,0.0,589.43359375,0.0
26.0,87.0,0.004575131000137844,100.0,589.4375,0.0
26.0,88.0,0.004961921999893093,0.0,589.4375,0.0
26.0,89.0,0.005623276000051192,100.0,589.4375,0.0
26.0,90.0,0.0032471249999161955,0.0,589.4375,0.0
26.0,91.0,0.004535056000122495,100.0,589.4375,0.0
26.0,92.0,0.004684676000124455,0.0,589.4375,0.0
26.0,93.0,0.004492314000117403,100.0,589.4375,0.0
26.0,94.0,0.006221782000011444,50.0,589.4375,0.0
26.0,95.0,0.00473645200008832,0.0,589.4375,0.0
26.0,96.0,0.004291427999987718,100.0,589.44140625,0.0
26.0,97.0,0.005774795999968774,0.0,589.44140625,0.0
26.0,98.0,0.0034893750000719592,100.0,589.44140625,0.0
26.0,99.0,0.004337842000040837,100.0,589.44921875,0.0
26.0,100.0,0.003231455999866739,0.0,589.44921875,0.0
27.0,1.0,0.005957537999847773,100.0,589.44921875,0.0
27.0,2.0,0.0047831440001573355,0.0,589.44921875,0.0
27.0,3.0,0.004716483000038352,50.0,589.44921875,0.0
27.0,4.0,0.003351082000108363,0.0,589.44921875,0.0
27.0,5.0,0.003468637999958446,100.0,589.44921875,0.0
27.0,6.0,0.003408899000078236,0.0,589.453125,0.0
27.0,7.0,0.005475826000065354,100.0,589.453125,0.0
27.0,8.0,0.005739321999953972,50.0,589.453125,0.0
27.0,9.0,0.004870164000067234,0.0,589.453125,0.0
27.0,10.0,0.005646296999884726,100.0,589.453125,0.0
27.0,11.0,0.0032124920001024293,0.0,589.453125,0.0
27.0,12.0,0.004519195000057152,100.0,589.453125,0.0
27.0,13.0,0.0035452429999622836,0.0,589.453125,0.0
27.0,14.0,0.007706376999976783,100.0,589.453125,0.0
27.0,15.0,0.006087342000000717,50.0,589.453125,0.0
27.0,16.0,0.003711053999950309,0.0,589.45703125,0.0
27.0,17.0,0.0057613460000993655,50.0,589.45703125,0.0
27.0,18.0,0.004934997999953339,0.0,589.45703125,0.0
27.0,19.0,0.003809230000115349,100.0,589.45703125,0.0
27.0,20.0,0.0033371919998899102,0.0,589.4609375,0.0
27.0,21.0,0.0049640569998246065,100.0,589.4609375,0.0
27.0,22.0,0.006034717999909844,50.0,589.4609375,0.0
27.0,23.0,0.003575961000024108,0.0,589.46484375,0.0
27.0,24.0,0.004816414000060831,100.0,589.46484375,0.0
27.0,25.0,0.0036714269999720273,0.0,589.47265625,0.0
27.0,26.0,0.007007426999962263,100.0,589.47265625,0.0
27.0,27.0,0.006248773999914192,50.0,589.47265625,0.0
27.0,28.0,0.004596858000013526,0.0,589.47265625,0.0
27.0,29.0,0.0061498559998653946,50.0,589.49609375,0.0
27.0,30.0,0.004444705999958387,50.0,589.49609375,0.0
27.0,31.0,0.005897592999872359,0.0,589.49609375,0.0
27.0,32.0,0.005601876000127959,50.0,589.5,0.0
27.0,33.0,0.0034004940000613715,0.0,589.50390625,0.0
27.0,34.0,0.004610712000157946,50.0,589.50390625,0.0
27.0,35.0,0.004640433999838933,0.0,589.50390625,0.0
27.0,36.0,0.005705251000108547,50.0,589.50390625,0.0
27.0,37.0,0.0043635880001602345,100.0,589.50390625,0.0
27.0,38.0,0.004150985999785917,0.0,589.51171875,0.0
27.0,39.0,0.0064864380001381505,50.0,589.51171875,0.0
27.0,40.0,0.0037117189999662514,0.0,589.515625,0.0
27.0,41.0,0.0062040629998136865,50.0,589.578125,0.0
27.0,42.0,0.004642649999823334,100.0,589.578125,0.0
27.0,43.0,0.008021069999813335,50.0,589.578125,0.0
27.0,44.0,0.00370428099995479,0.0,589.578125,0.0
27.0,45.0,0.005875103000107629,50.0,589.578125,0.0
27.0,46.0,0.004752822999989803,0.0,589.578125,0.0
27.0,47.0,0.006167542999946818,50.0,589.578125,0.0
27.0,48.0,0.004984826999816505,100.0,589.578125,0.0
27.0,49.0,0.004839124999989508,0.0,589.58203125,0.0
27.0,50.0,0.006041483999979391,50.0,589.58203125,0.0
27.0,51.0,0.006013058999997156,100.0,589.58203125,0.0
27.0,52.0,0.004868607999924279,0.0,589.58203125,0.0
27.0,53.0,0.004868122000061703,50.0,589.58203125,0.0
27.0,54.0,0.004907535000029384,0.0,589.5859375,0.0
27.0,55.0,0.004818874999955369,50.0,589.5859375,0.0
27.0,56.0,0.0035879119998298847,0.0,589.5859375,0.0
27.0,57.0,0.003448407999940173,50.0,589.5859375,0.0
27.0,58.0,0.00493146999997407,0.0,589.5859375,0.0
27.0,59.0,0.0062249180000435445,50.0,589.5859375,0.0
27.0,60.0,0.004742465999925116,100.0,589.58984375,0.0
27.0,61.0,0.005799646000014036,0.0,589.58984375,0.0
27.0,62.0,0.0033815479998793307,100.0,589.58984375,0.0
27.0,63.0,0.004655293000041638,0.0,589.58984375,0.0
27.0,64.0,0.0034877250000135973,100.0,589.58984375,0.0
27.0,65.0,0.0031892989998141275,0.0,589.58984375,0.0
27.0,66.0,0.003496149000056903,0.0,589.58984375,0.0
27.0,67.0,0.0036510610000277666,50.0,589.58984375,0.0
27.0,68.0,0.0034582539999519213,0.0,589.58984375,0.0
27.0,69.0,0.005721464000089327,50.0,589.58984375,0.0
27.0,70.0,0.0059577189999799884,100.0,589.58984375,0.0
27.0,71.0,0.005534881999892605,0.0,589.58984375,0.0
27.0,72.0,0.0053488230000766634,50.0,589.58984375,0.0
27.0,73.0,0.004772283999955107,0.0,589.58984375,0.0
27.0,74.0,0.006083570999862786,50.0,589.58984375,0.0
27.0,75.0,0.004586959000107527,100.0,589.58984375,0.0
27.0,76.0,0.005902740999999878,0.0,589.58984375,0.0
27.0,77.0,0.003100351000057344,100.0,589.58984375,0.0
27.0,78.0,0.003669868999850223,0.0,589.58984375,0.0
27.0,79.0,0.004896353000049203,100.0,589.58984375,0.0
27.0,80.0,0.0033513820001189742,0.0,589.58984375,0.0
27.0,81.0,0.00446053599989682,100.0,589.58984375,0.0
27.0,82.0,0.006015702000013334,0.0,589.58984375,0.0
27.0,83.0,0.0034629599999789207,100.0,589.58984375,0.0
27.0,84.0,0.004693159999987984,0.0,589.58984375,0.0
27.0,85.0,0.00456330999986676,100.0,589.59375,0.0
27.0,86.0,0.005728357999942091,0.0,589.59765625,0.0
27.0,87.0,0.004395016000216856,50.0,589.59765625,0.0
27.0,88.0,0.005852281999978004,100.0,589.6015625,0.0
27.0,89.0,0.006526637999968443,0.0,589.6015625,0.0
27.0,90.0,0.005570315000113624,100.0,589.6015625,0.0
27.0,91.0,0.0062031410000145115,50.0,589.6015625,0.0
27.0,92.0,0.0034227149999424,0.0,589.6015625,0.0
27.0,93.0,0.004524790000004941,100.0,589.60546875,0.0
27.0,94.0,0.004567961000020659,0.0,589.60546875,0.0
27.0,95.0,0.004519030999972529,100.0,589.60546875,0.0
27.0,96.0,0.004755343999931938,0.0,589.609375,0.0
27.0,97.0,0.004346168999973088,100.0,589.609375,0.0
27.0,98.0,0.004870061000019632,0.0,589.609375,0.0
27.0,99.0,0.004523785999936081,100.0,589.609375,0.0
27.0,100.0,0.005913656000075207,50.0,589.609375,0.0
28.0,1.0,0.0033797510000113107,0.0,589.609375,0.0
28.0,2.0,0.004056913000113127,50.0,589.609375,0.0
28.0,3.0,0.004194224000002578,0.0,589.609375,0.0
28.0,4.0,0.008911257999898226,100.0,589.609375,0.0
28.0,5.0,0.008743388000084451,100.0,589.609375,0.0
28.0,6.0,0.009163570000055188,100.0,589.61328125,0.0
28.0,7.0,0.006495688000086375,50.0,589.61328125,0.0
28.0,8.0,0.003590205999898899,0.0,589.61328125,0.0
28.0,9.0,0.004565442000057374,50.0,589.61328125,0.0
28.0,10.0,0.004817182000124376,0.0,589.61328125,0.0
28.0,11.0,0.005971900000076857,50.0,589.61328125,0.0
28.0,12.0,0.0050179840000055265,100.0,589.6171875,0.0
28.0,13.0,0.005585199000051944,0.0,589.6171875,0.0
28.0,14.0,0.004637294999838559,100.0,589.6171875,0.0
28.0,15.0,0.0034624699999312725,0.0,589.62109375,0.0
28.0,16.0,0.005616959999997562,50.0,589.62109375,0.0
28.0,17.0,0.004787562000046819,0.0,589.62109375,0.0
28.0,18.0,0.0036770159999832686,50.0,589.62109375,0.0
28.0,19.0,0.004829302999951324,0.0,589.62109375,0.0
28.0,20.0,0.0033729440001479816,100.0,589.62109375,0.0
28.0,21.0,0.004677415999822188,0.0,589.62109375,0.0
28.0,22.0,0.004268638999974428,50.0,589.62109375,0.0
28.0,23.0,0.006484344000000419,50.0,589.62109375,0.0
28.0,24.0,0.008953912999913882,100.0,589.62109375,0.0
28.0,25.0,0.00599351799996839,0.0,589.62109375,0.0
28.0,26.0,0.006137450000096578,100.0,589.625,0.0
28.0,27.0,0.004601241999807826,50.0,589.625,0.0
28.0,28.0,0.003366735000099652,0.0,589.625,0.0
28.0,29.0,0.004459847000134687,50.0,589.625,0.0
28.0,30.0,0.006026574000088658,0.0,589.625,0.0
28.0,31.0,0.004363202000149613,50.0,589.625,0.0
28.0,32.0,0.0033520360000238725,0.0,589.625,0.0
28.0,33.0,0.0032420590000583616,50.0,589.625,0.0
28.0,34.0,0.005798378999998022,0.0,589.625,0.0
28.0,35.0,0.004563847000099486,50.0,589.625,0.0
28.0,36.0,0.0032792750000680826,0.0,589.62890625,0.0
28.0,37.0,0.005457879999994475,50.0,589.62890625,0.0
28.0,38.0,0.004594036999833406,0.0,589.62890625,0.0
28.0,39.0,0.0034314510000967857,50.0,589.62890625,0.0
28.0,40.0,0.0056101299999227194,0.0,589.62890625,0.0
28.0,41.0,0.005881927999780601,50.0,589.62890625,0.0
28.0,42.0,0.004747918000020945,50.0,589.62890625,0.0
28.0,43.0,0.004316637000101764,0.0,589.62890625,0.0
28.0,44.0,0.004515975999993316,50.0,589.62890625,0.0
28.0,45.0,0.0033599230000618263,0.0,589.6328125,0.0
28.0,46.0,0.00583919399991828,50.0,589.6328125,0.0
28.0,47.0,0.0035626250000859727,0.0,589.6328125,0.0
28.0,48.0,0.0038119690000257833,100.0,589.6328125,0.0
28.0,49.0,0.005831890999843381,50.0,589.6328125,0.0
28.0,50.0,0.005666886999961207,0.0,589.6328125,0.0
28.0,51.0,0.0044756649999726505,100.0,589.6328125,0.0
28.0,52.0,0.005272986999898421,0.0,589.6328125,0.0
28.0,53.0,0.004443089999995209,100.0,589.63671875,0.0
28.0,54.0,0.0046767349999754515,0.0,589.640625,0.0
28.0,55.0,0.0038677439999901253,100.0,589.6484375,0.0
28.0,56.0,0.0064898949999587785,50.0,589.6484375,0.0
28.0,57.0,0.0053304089999528514,0.0,589.6484375,0.0
28.0,58.0,0.005087614000103713,100.0,589.6484375,0.0
28.0,59.0,0.0038027059999876656,0.0,589.65234375,0.0
28.0,60.0,0.00526775399998769,100.0,589.65234375,0.0
28.0,61.0,0.0038496800000302756,0.0,589.65234375,0.0
28.0,62.0,0.003833193999980722,100.0,589.65234375,0.0
28.0,63.0,0.003939782000088599,0.0,589.65234375,0.0
28.0,64.0,0.0037066289999074797,100.0,589.65625,0.0
28.0,65.0,0.005094120999956431,0.0,589.66015625,0.0
28.0,66.0,0.0051451629999519355,100.0,589.6640625,0.0
28.0,67.0,0.006396036999831267,50.0,589.6640625,0.0
28.0,68.0,0.004796653000084916,0.0,589.6640625,0.0
28.0,69.0,0.003450421000025017,100.0,589.6640625,0.0
28.0,70.0,0.003423613999984809,0.0,589.71484375,0.0
28.0,71.0,0.0034793519998856937,0.0,589.71484375,0.0
28.0,72.0,0.005469409999932395,100.0,589.71875,0.0
28.0,73.0,0.0031576389999372623,0.0,589.71875,0.0
28.0,74.0,0.004474670000035985,100.0,589.71875,0.0
28.0,75.0,0.005648225999948409,50.0,589.72265625,0.0
28.0,76.0,0.00451559999987694,0.0,589.72265625,0.0
28.0,77.0,0.0044558580000284564,50.0,589.7265625,0.0
28.0,78.0,0.0046977139998034545,0.0,589.7265625,0.0
28.0,79.0,0.005740407999837771,100.0,589.7265625,0.0
28.0,80.0,0.004396255000074234,0.0,589.7265625,0.0
28.0,81.0,0.005491401999961454,100.0,589.73046875,0.0
28.0,82.0,0.00451372500015168,0.0,589.73046875,0.0
28.0,83.0,0.004332130999955552,100.0,589.734375,0.0
28.0,84.0,0.004719974000181537,50.0,589.73828125,0.0
28.0,85.0,0.006010260000039125,0.0,589.73828125,0.0
28.0,86.0,0.0034600880001107726,100.0,589.73828125,0.0
28.0,87.0,0.005005184000083318,0.0,589.73828125,0.0
28.0,88.0,0.006149628000002849,100.0,589.7421875,0.0
28.0,89.0,0.004919928999925105,50.0,589.7421875,0.0
28.0,90.0,0.00445675800006029,0.0,589.7421875,0.0
28.0,91.0,0.004962793999993664,50.0,589.7421875,0.0
28.0,92.0,0.005273229999829709,0.0,589.7421875,0.0
28.0,93.0,0.003714245999844934,100.0,589.7421875,0.0
28.0,94.0,0.006192256999838719,0.0,589.74609375,0.0
28.0,95.0,0.003730266000047777,100.0,589.74609375,0.0
28.0,96.0,0.007255470000018249,50.0,589.74609375,0.0
28.0,97.0,0.00561134199983826,0.0,589.74609375,0.0
28.0,98.0,0.004535638000106701,50.0,589.74609375,0.0
28.0,99.0,0.00750109299997348,100.0,589.75,0.0
28.0,100.0,0.003446403999987524,0.0,589.75,0.0
29.0,1.0,0.005874171999948885,100.0,589.75,0.0
29.0,2.0,0.004641152999965925,0.0,589.75,0.0
29.0,3.0,0.004253148999850964,50.0,589.75,0.0
29.0,4.0,0.00596118600014961,100.0,589.75390625,0.0
29.0,5.0,0.0034437909998814575,0.0,589.75390625,0.0
29.0,6.0,0.005718069999829822,100.0,589.75390625,0.0
29.0,7.0,0.0031838110000990127,0.0,589.75390625,0.0
29.0,8.0,0.004544893999991473,100.0,589.75390625,0.0
29.0,9.0,0.004288040999881559,0.0,589.75390625,0.0
29.0,10.0,0.004521384999861766,100.0,589.75390625,0.0
29.0,11.0,0.005682449000005363,0.0,589.75390625,0.0
29.0,12.0,0.004378883000072165,100.0,589.75390625,0.0
29.0,13.0,0.007722598000100334,50.0,589.75390625,0.0
29.0,14.0,0.005752234000055978,0.0,589.75390625,0.0
29.0,15.0,0.0054621790000055626,50.0,589.75390625,0.0
29.0,16.0,0.00462769799992202,0.0,589.75390625,0.0
29.0,17.0,0.005947314000195547,50.0,589.75390625,0.0
29.0,18.0,0.005780162000064593,50.0,589.75390625,0.0
29.0,19.0,0.0036482900000009977,0.0,589.75390625,0.0
29.0,20.0,0.0033202970000729692,100.0,589.75390625,0.0
29.0,21.0,0.004769268000018201,0.0,589.75390625,0.0
29.0,22.0,0.004819370999939565,100.0,589.75390625,0.0
29.0,23.0,0.004888894000032451,0.0,589.7578125,0.0
29.0,24.0,0.003962866999927428,100.0,589.7578125,0.0
29.0,25.0,0.0034220780000850937,0.0,589.7578125,0.0
29.0,26.0,0.004884730999947351,100.0,589.7578125,0.0
29.0,27.0,0.00502695499994843,0.0,589.7578125,0.0
29.0,28.0,0.004636499000071126,50.0,589.7578125,0.0
29.0,29.0,0.006055512999864732,100.0,589.7578125,0.0
29.0,30.0,0.006083183000100689,0.0,589.7578125,0.0
29.0,31.0,0.0059916780001003644,50.0,589.7578125,0.0
29.0,32.0,0.005795151000029364,100.0,589.7578125,0.0
29.0,33.0,0.005078100999980961,0.0,589.7578125,0.0
29.0,34.0,0.006121269000004759,100.0,589.7578125,0.0
29.0,35.0,0.005908441999963543,50.0,589.7578125,0.0
29.0,36.0,0.006358501000022443,100.0,589.7578125,0.0
29.0,37.0,0.005938087999993513,0.0,589.7578125,0.0
29.0,38.0,0.0058320480000020325,50.0,589.765625,0.0
29.0,39.0,0.004442950000111523,100.0,589.765625,0.0
29.0,40.0,0.004770844999939072,0.0,589.765625,0.0
29.0,41.0,0.0035038469998198707,100.0,589.765625,0.0
29.0,42.0,0.004763290000028064,0.0,589.765625,0.0
29.0,43.0,0.0057564150001780945,100.0,589.765625,0.0
29.0,44.0,0.004694397000093886,0.0,589.765625,0.0
29.0,45.0,0.00476944399997592,50.0,589.765625,0.0
29.0,46.0,0.0035116870001274947,0.0,589.8046875,0.0
29.0,47.0,0.006128760999899896,50.0,589.80859375,0.0
29.0,48.0,0.004943372000070667,100.0,589.80859375,0.0
29.0,49.0,0.004620740000063961,0.0,589.80859375,0.0
29.0,50.0,0.0036367400000472117,100.0,589.80859375,0.0
29.0,51.0,0.005783243999985643,0.0,589.8125,0.0
29.0,52.0,0.004971960999910152,100.0,589.8125,0.0
29.0,53.0,0.0035346949998711352,0.0,589.8125,0.0
29.0,54.0,0.005631433999951696,100.0,589.8125,0.0
29.0,55.0,0.005758801999945717,50.0,589.81640625,0.0
29.0,56.0,0.004809002999991208,0.0,589.81640625,0.0
29.0,57.0,0.004694367999945825,100.0,589.81640625,0.0
29.0,58.0,0.0047955720001482405,0.0,589.81640625,0.0
29.0,59.0,0.005740502999969976,100.0,589.81640625,0.0
29.0,60.0,0.0045577629998660996,0.0,589.81640625,0.0
29.0,61.0,0.00563026700001501,50.0,589.81640625,0.0
29.0,62.0,0.004565556999978071,100.0,589.81640625,0.0
29.0,63.0,0.00569586699998581,0.0,589.81640625,0.0
29.0,64.0,0.0033351139998103463,100.0,589.81640625,0.0
29.0,65.0,0.005815858999994816,0.0,589.8203125,0.0
29.0,66.0,0.005657165999991776,100.0,589.82421875,0.0
29.0,67.0,0.006060019999949873,50.0,589.82421875,0.0
29.0,68.0,0.0034479189998819493,0.0,589.82421875,0.0
29.0,69.0,0.0045402910000120755,100.0,589.82421875,0.0
29.0,70.0,0.006137036999916745,0.0,589.82421875,0.0
29.0,71.0,0.004417543000045043,100.0,589.82421875,0.0
29.0,72.0,0.00567434399999911,0.0,589.82421875,0.0
29.0,73.0,0.003471014000069772,100.0,589.82421875,0.0
29.0,74.0,0.0045155969999086665,0.0,589.828125,0.0
29.0,75.0,0.003615383999886035,100.0,589.828125,0.0
29.0,76.0,0.004786393000131284,0.0,589.828125,0.0
29.0,77.0,0.0036033530000167957,100.0,589.828125,0.0
29.0,78.0,0.003617292999933852,0.0,589.828125,0.0
29.0,79.0,0.004702022999936162,100.0,589.828125,0.0
29.0,80.0,0.004818506999981764,0.0,589.828125,0.0
29.0,81.0,0.004727069999944433,100.0,589.828125,0.0
29.0,82.0,0.006130372999905376,50.0,589.828125,0.0
29.0,83.0,0.004720893000012438,100.0,589.828125,0.0
29.0,84.0,0.008381042000110028,100.0,589.8359375,0.0
29.0,85.0,0.0066825920000610495,100.0,589.8359375,0.0
29.0,86.0,0.007165895000071032,100.0,589.83984375,0.0
29.0,87.0,0.007950553000000582,100.0,589.83984375,0.0
29.0,88.0,0.004751915999804623,50.0,589.83984375,0.0
29.0,89.0,0.005688376000080098,0.0,589.83984375,0.0
29.0,90.0,0.0035431819999303116,100.0,589.83984375,0.0
29.0,91.0,0.006003571000064767,50.0,589.84375,0.0
29.0,92.0,0.005897047000189559,0.0,589.84375,0.0
29.0,93.0,0.004664726999862978,50.0,589.84765625,0.0
29.0,94.0,0.00506355699985761,0.0,589.84765625,0.0
29.0,95.0,0.00336059699998259,50.0,589.84765625,0.0
29.0,96.0,0.004797439999947528,0.0,589.8515625,0.0
29.0,97.0,0.004136778000201957,33.3,589.8515625,0.0
29.0,98.0,0.006550048999997671,100.0,589.8515625,0.0
29.0,99.0,0.005922961999885956,50.0,589.8515625,0.0
29.0,100.0,0.006536536000112392,100.0,589.8515625,0.0
30.0,1.0,0.005761492999909024,50.0,589.8515625,0.0
30.0,2.0,0.0059838469999249355,0.0,589.85546875,0.0
30.0,3.0,0.004912260000082824,50.0,589.85546875,0.0
30.0,4.0,0.006058955999833415,0.0,589.859375,0.0
30.0,5.0,0.005815185999836103,100.0,589.859375,0.0
30.0,6.0,0.006084450999878754,50.0,589.859375,0.0
30.0,7.0,0.003769162000025972,0.0,589.86328125,0.0
30.0,8.0,0.004642523999791592,50.0,589.86328125,0.0
30.0,9.0,0.004704415000105655,0.0,589.8671875,0.0
30.0,10.0,0.0036193269997966127,50.0,589.8671875,0.0
30.0,11.0,0.0047197979999964446,0.0,589.8671875,0.0
30.0,12.0,0.006049443000165411,50.0,589.87109375,0.0
30.0,13.0,0.003420867999921029,0.0,589.87109375,0.0
30.0,14.0,0.005505289999973684,50.0,589.875,0.0
30.0,15.0,0.004654169000104957,50.0,589.875,0.0
30.0,16.0,0.004857975000049919,0.0,589.875,0.0
30.0,17.0,0.0033743390001745865,50.0,589.875,0.0
30.0,18.0,0.005817085999979099,0.0,589.87890625,0.0
30.0,19.0,0.0034665720002067246,50.0,589.87890625,0.0
30.0,20.0,0.005032163000123546,0.0,589.87890625,0.0
30.0,21.0,0.004825115000130609,50.0,589.87890625,0.0
30.0,22.0,0.004837124999994558,0.0,589.8828125,0.0
30.0,23.0,0.0046820989998650475,50.0,589.8828125,0.0
30.0,24.0,0.0049272589999418415,0.0,589.88671875,0.0
30.0,25.0,0.005133579000130339,50.0,589.890625,0.0
30.0,26.0,0.00493128300013268,50.0,589.890625,0.0
30.0,27.0,0.004838581000058184,0.0,589.890625,0.0
30.0,28.0,0.004844555000090622,50.0,589.890625,0.0
30.0,29.0,0.0065508000000136235,0.0,589.890625,0.0
30.0,30.0,0.004889680000133012,50.0,589.89453125,0.0
30.0,31.0,0.003631177999977808,0.0,589.89453125,0.0
30.0,32.0,0.005984863000094265,50.0,589.89453125,0.0
30.0,33.0,0.005760117999898284,50.0,589.89453125,0.0
30.0,34.0,0.004736417999993137,0.0,589.89453125,0.0
30.0,35.0,0.004879195000057734,50.0,589.90625,0.0
30.0,36.0,0.004699876999893604,0.0,589.90625,0.0
30.0,37.0,0.004641162999860171,50.0,589.90625,0.0
30.0,38.0,0.004624255999942761,100.0,589.90625,0.0
30.0,39.0,0.007421710000016901,50.0,589.90625,0.0
30.0,40.0,0.003736298999911014,0.0,589.90625,0.0
30.0,41.0,0.0045150290000037785,50.0,589.90625,0.0
30.0,42.0,0.0050931040000250505,0.0,589.90625,0.0
30.0,43.0,0.006099218999906952,100.0,589.90625,0.0
30.0,44.0,0.006321314000160783,50.0,589.90625,0.0
30.0,45.0,0.00641840699995555,0.0,589.90625,0.0
30.0,46.0,0.00606491400003506,100.0,589.90625,0.0
30.0,47.0,0.006129492999889408,50.0,589.90625,0.0
30.0,48.0,0.005027092000091216,0.0,589.90625,0.0
30.0,49.0,0.0035453660000257514,100.0,589.90625,0.0
30.0,50.0,0.004895111999985602,0.0,589.91015625,0.0
30.0,51.0,0.006066815999929531,100.0,589.91015625,0.0
30.0,52.0,0.005056992999925569,50.0,589.91015625,0.0
30.0,53.0,0.004775505999987217,0.0,589.91015625,0.0
30.0,54.0,0.003661214999965523,50.0,589.91015625,0.0
30.0,55.0,0.006158351000067341,0.0,589.91015625,0.0
30.0,56.0,0.005040195999981734,100.0,589.91015625,0.0
30.0,57.0,0.004909420999865688,50.0,589.91015625,0.0
30.0,58.0,0.006296966000036264,0.0,589.91015625,0.0
30.0,59.0,0.00502417300003799,50.0,589.91015625,0.0
30.0,60.0,0.0061463199999707285,50.0,589.91015625,0.0
30.0,61.0,0.004810070000075939,0.0,589.91015625,0.0
30.0,62.0,0.004892193999921801,50.0,589.91015625,0.0
30.0,63.0,0.005855224000015369,0.0,589.91015625,0.0
30.0,64.0,0.006370780999986891,50.0,589.91015625,0.0
30.0,65.0,0.006046836999985317,50.0,589.91015625,0.0
30.0,66.0,0.006504424000013387,0.0,589.91015625,0.0
30.0,67.0,0.0035495050001372874,100.0,589.91015625,0.0
30.0,68.0,0.004755281000143441,0.0,589.91015625,0.0
30.0,69.0,0.0059169260000544455,100.0,589.91015625,0.0
30.0,70.0,0.006564561999994112,50.0,589.91015625,0.0
30.0,71.0,0.0034899279999081045,0.0,589.91015625,0.0
30.0,72.0,0.005956424000032712,50.0,589.91015625,0.0
30.0,73.0,0.003565316000049279,0.0,589.91015625,0.0
30.0,74.0,0.005629120999856241,50.0,589.91015625,0.0
30.0,75.0,0.003468577999910849,0.0,589.91015625,0.0
30.0,76.0,0.004317967000133649,50.0,589.91015625,0.0
30.0,77.0,0.004840618999878643,100.0,589.91015625,0.0
30.0,78.0,0.004627162999895518,0.0,589.91015625,0.0
30.0,79.0,0.005861205999963204,100.0,589.91015625,0.0
30.0,80.0,0.0032041869999375194,0.0,589.91015625,0.0
30.0,81.0,0.0032842940001955867,100.0,589.93359375,0.0
30.0,82.0,0.005067418999942674,0.0,589.93359375,0.0
30.0,83.0,0.004311746999974275,100.0,589.93359375,0.0
30.0,84.0,0.0048256860000037705,0.0,589.93359375,0.0
30.0,85.0,0.004460332999997263,50.0,589.93359375,0.0
30.0,86.0,0.0059910939999099355,50.0,589.93359375,0.0
30.0,87.0,0.004610614000057467,0.0,589.93359375,0.0
30.0,88.0,0.005685759000016333,100.0,589.9375,0.0
30.0,89.0,0.00634705200013741,50.0,589.9375,0.0
30.0,90.0,0.004849188999969556,0.0,589.9375,0.0
30.0,91.0,0.0037057089998597803,100.0,589.9375,0.0
30.0,92.0,0.005040848000135156,0.0,589.9375,0.0
30.0,93.0,0.005130551000092964,100.0,589.9375,0.0
30.0,94.0,0.0034333730000071228,0.0,589.9375,0.0
30.0,95.0,0.006248890999813739,100.0,589.94140625,0.0
30.0,96.0,0.004898940999964907,0.0,589.94140625,0.0
30.0,97.0,0.004612948999920263,50.0,589.94140625,0.0
30.0,98.0,0.005251232999853528,100.0,589.9453125,0.0
30.0,99.0,0.004650066999829505,0.0,589.9453125,0.0
30.0,100.0,0.005154821999894921,100.0,589.94921875,0.0
31.0,1.0,0.004746073999967848,0.0,589.94921875,0.0
31.0,2.0,0.00504591399999299,100.0,589.94921875,0.0
31.0,3.0,0.0048744519999672775,50.0,589.94921875,0.0
31.0,4.0,0.004974910000100863,0.0,589.94921875,0.0
31.0,5.0,0.004813208000086888,100.0,589.94921875,0.0
31.0,6.0,0.005150201000105881,0.0,589.94921875,0.0
31.0,7.0,0.006094585000028019,100.0,589.94921875,0.0
31.0,8.0,0.006309135000037713,50.0,589.94921875,0.0
31.0,9.0,0.0035748809998494835,0.0,589.94921875,0.0
31.0,10.0,0.005010182999967583,50.0,589.94921875,0.0
31.0,11.0,0.00452559499990457,100.0,589.94921875,0.0
31.0,12.0,0.004473884000162798,50.0,589.94921875,0.0
31.0,13.0,0.006431315000099858,0.0,589.94921875,0.0
31.0,14.0,0.00503897900011907,100.0,589.953125,0.0
31.0,15.0,0.0048623729999235366,50.0,589.953125,0.0
31.0,16.0,0.006130353999878935,0.0,589.95703125,0.0
31.0,17.0,0.00349803999984033,50.0,589.95703125,0.0
31.0,18.0,0.004686176999939562,0.0,589.95703125,0.0
31.0,19.0,0.0035479109999414504,50.0,589.95703125,0.0
31.0,20.0,0.0048578539999653,0.0,589.95703125,0.0
31.0,21.0,0.005863627999815435,50.0,589.95703125,0.0
31.0,22.0,0.00666893299990079,50.0,589.95703125,0.0
31.0,23.0,0.0034823099999812257,0.0,589.95703125,0.0
31.0,24.0,0.0048547290000442445,50.0,589.95703125,0.0
31.0,25.0,0.006038388999968447,0.0,589.95703125,0.0
31.0,26.0,0.004675920999943628,50.0,589.95703125,0.0
31.0,27.0,0.006040368000185481,50.0,589.9609375,0.0
31.0,28.0,0.004951812999934191,0.0,589.9609375,0.0
31.0,29.0,0.005810031000009985,50.0,589.9609375,0.0
31.0,30.0,0.00490184499994939,0.0,589.9609375,0.0
31.0,31.0,0.004635668999981135,50.0,589.9609375,0.0
31.0,32.0,0.003759061999971891,0.0,589.96484375,0.0
31.0,33.0,0.0036385060000156955,50.0,589.96484375,0.0
31.0,34.0,0.006155566999950679,100.0,589.9921875,0.0
31.0,35.0,0.004822898000156783,0.0,589.9921875,0.0
31.0,36.0,0.00454694300015035,50.0,589.9921875,0.0
31.0,37.0,0.005887101999860533,0.0,590.04296875,0.0
31.0,38.0,0.004640452999865374,50.0,590.04296875,0.0
31.0,39.0,0.004648349000035523,0.0,590.04296875,0.0
31.0,40.0,0.0038440569999238505,50.0,590.04296875,0.0
31.0,41.0,0.004203336000045965,100.0,590.04296875,0.0
31.0,42.0,0.00507831099980649,100.0,590.04296875,0.0
31.0,43.0,0.003661864999912723,50.0,590.04296875,0.0
31.0,44.0,0.004646923000109382,0.0,590.04296875,0.0
31.0,45.0,0.006260862000090128,50.0,590.04296875,0.0
31.0,46.0,0.004571295999994618,50.0,590.04296875,0.0
31.0,47.0,0.003605284000059328,0.0,590.04296875,0.0
31.0,48.0,0.005869241000027614,50.0,590.046875,0.0
31.0,49.0,0.0050993099998777325,0.0,590.046875,0.0
31.0,50.0,0.004898646000128792,50.0,590.046875,0.0
31.0,51.0,0.003736869000022125,0.0,590.046875,0.0
31.0,52.0,0.005056438000110575,50.0,590.046875,0.0
31.0,53.0,0.006241378000140685,0.0,590.046875,0.0
31.0,54.0,0.0046518599999672006,100.0,590.046875,0.0
31.0,55.0,0.0035543300000426825,0.0,590.046875,0.0
31.0,56.0,0.004911392999929376,100.0,590.046875,0.0
31.0,57.0,0.005770106999989366,50.0,590.05078125,0.0
31.0,58.0,0.00456247500005702,0.0,590.0546875,0.0
31.0,59.0,0.008273187999975562,100.0,590.0546875,0.0
31.0,60.0,0.006827373999840347,100.0,590.0546875,0.0
31.0,61.0,0.008632981000118889,100.0,590.05859375,0.0
31.0,62.0,0.0074205500000061875,100.0,590.05859375,0.0
31.0,63.0,0.006127694000042538,50.0,590.05859375,0.0
31.0,64.0,0.0037379939999482303,0.0,590.05859375,0.0
31.0,65.0,0.003907409000021289,100.0,590.05859375,0.0
31.0,66.0,0.0041397120000965515,0.0,590.05859375,0.0
31.0,67.0,0.004617913999936718,100.0,590.0625,0.0
31.0,68.0,0.00609969800007093,0.0,590.0625,0.0
31.0,69.0,0.004783773000099245,100.0,590.0625,0.0
31.0,70.0,0.0037697210000260384,0.0,590.0625,0.0
31.0,71.0,0.005951947999847107,100.0,590.0625,0.0
31.0,72.0,0.0034164549999786686,50.0,590.0625,0.0
31.0,73.0,0.005008936999956859,0.0,590.0625,0.0
31.0,74.0,0.006115487999977631,50.0,590.06640625,0.0
31.0,75.0,0.004935086999921623,0.0,590.06640625,0.0
31.0,76.0,0.006024068999977317,100.0,590.0703125,0.0
31.0,77.0,0.006301381999946898,50.0,590.0703125,0.0
31.0,78.0,0.004704379000031622,0.0,590.0703125,0.0
31.0,79.0,0.005942800999946485,100.0,590.0703125,0.0
31.0,80.0,0.0035176379999484197,0.0,590.0703125,0.0
31.0,81.0,0.006045107999852917,100.0,590.0703125,0.0
31.0,82.0,0.004516994000141494,50.0,590.0703125,0.0
31.0,83.0,0.003584182999929908,0.0,590.07421875,0.0
31.0,84.0,0.006303844000058234,66.7,590.07421875,0.0
31.0,85.0,0.005883486999891829,0.0,590.07421875,0.0
31.0,86.0,0.004743930999893564,100.0,590.07421875,0.0
31.0,87.0,0.003492016000109288,0.0,590.07421875,0.0
31.0,88.0,0.003629650999982914,100.0,590.07421875,0.0
31.0,89.0,0.0035947020001003693,0.0,590.07421875,0.0
31.0,90.0,0.004949376000013217,100.0,590.07421875,0.0
31.0,91.0,0.006178275000138456,0.0,590.07421875,0.0
31.0,92.0,0.005188488000158031,100.0,590.1171875,0.0
31.0,93.0,0.003799616000151218,50.0,590.1328125,0.0
31.0,94.0,0.006142153000155304,0.0,590.13671875,0.0
31.0,95.0,0.006001418000096237,50.0,590.13671875,0.0
31.0,96.0,0.003682132999983878,0.0,590.19921875,0.0
31.0,97.0,0.005369912000105614,100.0,590.296875,0.0
31.0,98.0,0.0065252630001850775,50.0,590.296875,0.0
31.0,99.0,0.0035514490000423393,0.0,590.296875,0.0
31.0,100.0,0.005137672000046223,50.0,590.296875,0.0
32.0,1.0,0.0037355330000536924,0.0,590.296875,0.0
32.0,2.0,0.005025985999964178,50.0,590.296875,0.0
32.0,3.0,0.0061271140000371815,0.0,590.296875,0.0
32.0,4.0,0.005991321999999855,100.0,590.296875,0.0
32.0,5.0,0.00504925799987177,50.0,590.30078125,0.0
32.0,6.0,0.004792571000052703,0.0,590.30078125,0.0
32.0,7.0,0.00507265000010193,100.0,590.30078125,0.0
32.0,8.0,0.0049330459999055165,0.0,590.30078125,0.0
32.0,9.0,0.006411717999981192,100.0,590.30078125,0.0
32.0,10.0,0.005145193000089421,50.0,590.30078125,0.0
32.0,11.0,0.005036996999933763,0.0,590.30078125,0.0
32.0,12.0,0.004907519999960641,50.0,590.30078125,0.0
32.0,13.0,0.003814863999878071,0.0,590.30078125,0.0
32.0,14.0,0.004939121999996132,100.0,590.3125,0.0
32.0,15.0,0.00488365900014287,0.0,590.3125,0.0
32.0,16.0,0.005886670999871058,100.0,590.3203125,0.0
32.0,17.0,0.00588588499999787,50.0,590.3203125,0.0
32.0,18.0,0.0062459569999191444,0.0,590.3203125,0.0
32.0,19.0,0.004778422000072169,100.0,590.3203125,0.0
32.0,20.0,0.004740777000051821,50.0,590.3671875,0.0
32.0,21.0,0.004759837999927186,0.0,590.37109375,0.0
32.0,22.0,0.0060831900000266614,50.0,590.37109375,0.0
32.0,23.0,0.004786703000036141,0.0,590.37109375,0.0
32.0,24.0,0.004867407000119783,100.0,590.375,0.0
32.0,25.0,0.004990288000044529,0.0,590.375,0.0
32.0,26.0,0.006962083999951574,100.0,590.37890625,0.0
32.0,27.0,0.00626113099997383,50.0,590.37890625,0.0
32.0,28.0,0.004664414999979272,100.0,590.37890625,0.0
32.0,29.0,0.004608932999872195,0.0,590.37890625,0.0
32.0,30.0,0.0051456710000366,50.0,590.37890625,0.0
32.0,31.0,0.00467719100015529,0.0,590.37890625,0.0
32.0,32.0,0.003837578000002395,50.0,590.3828125,0.0
32.0,33.0,0.004782896000051551,0.0,590.3828125,0.0
32.0,34.0,0.005169236000028832,50.0,590.3828125,0.0
32.0,35.0,0.0036255070001516287,0.0,590.3828125,0.0
32.0,36.0,0.005024972000001071,50.0,590.38671875,0.0
32.0,37.0,0.0036225479998392984,0.0,590.38671875,0.0
32.0,38.0,0.006016407000061008,50.0,590.44921875,0.0
32.0,39.0,0.006261231000053158,50.0,590.44921875,0.0
32.0,40.0,0.006181314000059501,0.0,590.44921875,0.0
32.0,41.0,0.00490487199999734,100.0,590.44921875,0.0
32.0,42.0,0.003556977000016559,0.0,590.44921875,0.0
32.0,43.0,0.004739089999930002,100.0,590.44921875,0.0
32.0,44.0,0.005042317999823354,50.0,590.453125,0.0
32.0,45.0,0.004719849999901271,100.0,590.453125,0.0
32.0,46.0,0.004695075999961773,0.0,590.453125,0.0
32.0,47.0,0.0048227469999346795,100.0,590.453125,0.0
32.0,48.0,0.004736153000067134,0.0,590.453125,0.0
32.0,49.0,0.0059013259999574075,100.0,590.45703125,0.0
32.0,50.0,0.003947780000089551,0.0,590.45703125,0.0
32.0,51.0,0.0036940699999377102,100.0,590.45703125,0.0
32.0,52.0,0.0056951310000386,0.0,590.45703125,0.0
32.0,53.0,0.004982767999990756,50.0,590.45703125,0.0
32.0,54.0,0.0033748910000213073,0.0,590.45703125,0.0
32.0,55.0,0.004988681999975597,50.0,590.45703125,0.0
32.0,56.0,0.0046305739999752404,0.0,590.4609375,0.0
32.0,57.0,0.005967157999975825,50.0,590.4609375,0.0
32.0,58.0,0.00476178400003846,100.0,590.4609375,0.0
32.0,59.0,0.0038675829998737754,0.0,590.4609375,0.0
32.0,60.0,0.0053114969998659944,100.0,590.4609375,0.0
32.0,61.0,0.004787047000036182,50.0,590.4609375,0.0
32.0,62.0,0.004797286999973949,0.0,590.4609375,0.0
32.0,63.0,0.004937033000032898,50.0,590.4609375,0.0
32.0,64.0,0.005729748000021573,0.0,590.4609375,0.0
32.0,65.0,0.004856215000017983,50.0,590.4609375,0.0
32.0,66.0,0.004871197000056782,0.0,590.4609375,0.0
32.0,67.0,0.004676587000176369,100.0,590.46484375,0.0
32.0,68.0,0.005108115999973961,50.0,590.4765625,0.0
32.0,69.0,0.003932710999833944,0.0,590.4765625,0.0
32.0,70.0,0.006316114000128437,50.0,590.4765625,0.0
32.0,71.0,0.003920953000033478,0.0,590.4765625,0.0
32.0,72.0,0.005086423999955514,50.0,590.4765625,0.0
32.0,73.0,0.003900996999846029,0.0,590.48046875,0.0
32.0,74.0,0.003835685000012745,50.0,590.48046875,0.0
32.0,75.0,0.0064435000001594744,100.0,590.484375,0.0
32.0,76.0,0.003938485999924524,0.0,590.484375,0.0
32.0,77.0,0.003861585000095147,100.0,590.484375,0.0
32.0,78.0,0.004924243000004935,0.0,590.484375,0.0
32.0,79.0,0.004974048000121911,50.0,590.48828125,0.0
32.0,80.0,0.0037808730000961077,0.0,590.48828125,0.0
32.0,81.0,0.005973001000029399,50.0,590.48828125,0.0
32.0,82.0,0.003720650999866848,0.0,590.54296875,0.0
32.0,83.0,0.005975424000098428,50.0,590.54296875,0.0
32.0,84.0,0.0049193529998774466,0.0,590.54296875,0.0
32.0,85.0,0.005128800999955274,50.0,590.546875,0.0
32.0,86.0,0.004664033000153722,100.0,590.546875,0.0
32.0,87.0,0.003716854999993302,0.0,590.546875,0.0
32.0,88.0,0.006395199000053253,50.0,590.546875,0.0
32.0,89.0,0.004794216999925993,0.0,590.546875,0.0
32.0,90.0,0.006412942999986626,50.0,590.546875,0.0
32.0,91.0,0.0037250220000260015,100.0,590.546875,0.0
32.0,92.0,0.004791070999999647,0.0,590.546875,0.0
32.0,93.0,0.00647042000014153,50.0,590.546875,0.0
32.0,94.0,0.005345513000065694,0.0,590.546875,0.0
32.0,95.0,0.004919790000030844,50.0,590.5546875,0.0
32.0,96.0,0.0050408960000822844,100.0,590.5546875,0.0
32.0,97.0,0.006610367000121187,50.0,590.5546875,0.0
32.0,98.0,0.003415470999925674,0.0,590.5546875,0.0
32.0,99.0,0.0047829110001202935,0.0,590.5546875,0.0
32.0,100.0,0.005895258999998987,100.0,590.5546875,0.0
33.0,1.0,0.0038342579998698056,50.0,590.55859375,0.0
33.0,2.0,0.0037769030000163184,0.0,590.55859375,0.0
33.0,3.0,0.005133672000056322,50.0,590.55859375,0.0
33.0,4.0,0.004677280999885625,0.0,590.55859375,0.0
33.0,5.0,0.0039044759998887457,50.0,590.55859375,0.0
33.0,6.0,0.004673894999996264,0.0,590.55859375,0.0
33.0,7.0,0.0059160190000966395,50.0,590.55859375,0.0
33.0,8.0,0.0033717520000209333,0.0,590.55859375,0.0
33.0,9.0,0.004934079999884489,50.0,590.63671875,0.0
33.0,10.0,0.00363126000002012,0.0,590.63671875,0.0
33.0,11.0,0.0035731770001348195,50.0,590.63671875,0.0
33.0,12.0,0.004982740999821544,0.0,590.63671875,0.0
33.0,13.0,0.005099957000084032,50.0,590.63671875,0.0
33.0,14.0,0.00616856400006327,50.0,590.63671875,0.0
33.0,15.0,0.006030716999930519,0.0,590.63671875,0.0
33.0,16.0,0.005818099999942206,50.0,590.63671875,0.0
33.0,17.0,0.003516357999842512,0.0,590.63671875,0.0
33.0,18.0,0.005204980999906184,50.0,590.63671875,0.0
33.0,19.0,0.005872232999990956,50.0,590.640625,0.0
33.0,20.0,0.005038123000076666,0.0,590.640625,0.0
33.0,21.0,0.0047962529999949766,50.0,590.640625,0.0
33.0,22.0,0.00492494600007376,0.0,590.640625,0.0
33.0,23.0,0.006217758000047979,50.0,590.640625,0.0
33.0,24.0,0.003648601000122653,50.0,590.64453125,0.0
33.0,25.0,0.005852133999951548,0.0,590.64453125,0.0
33.0,26.0,0.004637826000134737,50.0,590.64453125,0.0
33.0,27.0,0.003821775999995225,0.0,590.64453125,0.0
33.0,28.0,0.0060068289999435365,50.0,590.64453125,0.0
33.0,29.0,0.005698377000044275,100.0,590.64453125,0.0
33.0,30.0,0.004676643000038894,0.0,590.64453125,0.0
33.0,31.0,0.003509717000042656,0.0,590.64453125,0.0
33.0,32.0,0.004687393000040174,50.0,590.64453125,0.0
33.0,33.0,0.0049090079999132286,50.0,590.64453125,0.0
33.0,34.0,0.0037213610000890185,0.0,590.6484375,0.0
33.0,35.0,0.004895934000160196,50.0,590.6484375,0.0
33.0,36.0,0.0073707610001747526,100.0,590.6484375,0.0
33.0,37.0,0.007018745000095805,100.0,590.6484375,0.0
33.0,38.0,0.007113526000011916,100.0,590.6484375,0.0
33.0,39.0,0.007716144999903918,100.0,590.6484375,0.0
33.0,40.0,0.008879987000000256,100.0,590.6484375,0.0
33.0,41.0,0.007461088000127347,50.0,590.6484375,0.0
33.0,42.0,0.0037385729999641626,0.0,590.6484375,0.0
33.0,43.0,0.0048740330000782706,100.0,590.6484375,0.0
33.0,44.0,0.004801693999979761,50.0,590.65625,0.0
33.0,45.0,0.00496875299995736,0.0,590.66015625,0.0
33.0,46.0,0.004249685000104364,50.0,590.66015625,0.0
33.0,47.0,0.0065943179999976564,100.0,590.66015625,0.0
33.0,48.0,0.0034395170000607322,0.0,590.66015625,0.0
33.0,49.0,0.003497897999977795,100.0,590.66015625,0.0
33.0,50.0,0.0035391480000726006,0.0,590.66015625,0.0
33.0,51.0,0.004875739999988582,50.0,590.66015625,0.0
33.0,52.0,0.0060074470000017755,0.0,590.6640625,0.0
33.0,53.0,0.004912198999818429,100.0,590.6640625,0.0
33.0,54.0,0.005080724999970698,50.0,590.66796875,0.0
33.0,55.0,0.003887114000008296,0.0,590.66796875,0.0
33.0,56.0,0.005063132000032056,50.0,590.66796875,0.0
33.0,57.0,0.0035504919999311824,0.0,590.66796875,0.0
33.0,58.0,0.00491487500016774,50.0,590.671875,0.0
33.0,59.0,0.006195960000013656,0.0,590.671875,0.0
33.0,60.0,0.006495733000065229,100.0,590.671875,0.0
33.0,61.0,0.00500287899990326,50.0,590.671875,0.0
33.0,62.0,0.0049458469998171495,0.0,590.671875,0.0
33.0,63.0,0.0035053950000474288,50.0,590.67578125,0.0
33.0,64.0,0.00626102199998968,0.0,590.6796875,0.0
33.0,65.0,0.006550327000013567,100.0,590.68359375,0.0
33.0,66.0,0.005152211999984502,50.0,590.68359375,0.0
33.0,67.0,0.0035941149999416666,0.0,590.68359375,0.0
33.0,68.0,0.004282826999997269,50.0,590.68359375,0.0
33.0,69.0,0.005084027000066271,0.0,590.6875,0.0
33.0,70.0,0.0037966879999657976,50.0,590.69140625,0.0
33.0,71.0,0.005288418999953137,0.0,590.69140625,0.0
33.0,72.0,0.005012287999988985,50.0,590.69140625,0.0
33.0,73.0,0.0036625319999075145,0.0,590.69140625,0.0
33.0,74.0,0.005196676999958072,50.0,590.69140625,0.0
33.0,75.0,0.0047064709999631305,0.0,590.69921875,0.0
33.0,76.0,0.005701484999917739,100.0,590.69921875,0.0
33.0,77.0,0.005293065999921964,50.0,590.69921875,0.0
33.0,78.0,0.006474047999972754,0.0,590.703125,0.0
33.0,79.0,0.0036579270001766417,100.0,590.703125,0.0
33.0,80.0,0.0050443520001408615,50.0,590.70703125,0.0
33.0,81.0,0.006525904000000082,0.0,590.70703125,0.0
33.0,82.0,0.004884748999984367,50.0,590.70703125,0.0
33.0,83.0,0.00612693599987324,50.0,590.70703125,0.0
33.0,84.0,0.004840091000005486,0.0,590.7109375,0.0
33.0,85.0,0.006005694000123185,50.0,590.71484375,0.0
33.0,86.0,0.0036901000000852946,0.0,590.71484375,0.0
33.0,87.0,0.006163325999978042,50.0,590.71484375,0.0
33.0,88.0,0.0037281310001162637,0.0,590.71484375,0.0
33.0,89.0,0.006094622000091476,50.0,590.71484375,0.0
33.0,90.0,0.0040630219998547545,50.0,590.71484375,0.0
33.0,91.0,0.004944196999986161,0.0,590.71875,0.0
33.0,92.0,0.004742233999877499,50.0,590.71875,0.0
33.0,93.0,0.00587794600005509,0.0,590.71875,0.0
33.0,94.0,0.00363215999982458,50.0,590.71875,0.0
33.0,95.0,0.004940029000181312,0.0,590.71875,0.0
33.0,96.0,0.0037027850000868057,50.0,590.71875,0.0
33.0,97.0,0.006116572000109954,100.0,590.72265625,0.0
33.0,98.0,0.005163296000091577,0.0,590.72265625,0.0
33.0,99.0,0.0049496369999815215,50.0,590.72265625,0.0
33.0,100.0,0.006263459999900078,0.0,590.72265625,0.0
34.0,1.0,0.0038208030000532744,50.0,590.72265625,0.0
34.0,2.0,0.00538870099990163,100.0,590.7265625,0.0
34.0,3.0,0.006194937999907779,0.0,590.7265625,0.0
34.0,4.0,0.0037467299998752424,50.0,590.7265625,0.0
34.0,5.0,0.0034837399998650653,0.0,590.7265625,0.0
34.0,6.0,0.0038344259999121277,100.0,590.7265625,0.0
34.0,7.0,0.0063036940000529285,0.0,590.7265625,0.0
34.0,8.0,0.0038613389999682113,50.0,590.7265625,0.0
34.0,9.0,0.005941872999983389,100.0,590.7265625,0.0
34.0,10.0,0.006415287999971042,0.0,590.7265625,0.0
34.0,11.0,0.003659136999885959,100.0,590.7265625,0.0
34.0,12.0,0.005408610000131375,0.0,590.7265625,0.0
34.0,13.0,0.0047472829999151145,100.0,590.7265625,0.0
34.0,14.0,0.006607498999983363,66.7,590.7265625,0.0
34.0,15.0,0.006269028999895454,0.0,590.7265625,0.0
34.0,16.0,0.00515059300005305,100.0,590.7265625,0.0
34.0,17.0,0.003793283000049996,50.0,590.7265625,0.0
34.0,18.0,0.004946010000139722,0.0,590.7265625,0.0
34.0,19.0,0.00502222799991614,50.0,590.7265625,0.0
34.0,20.0,0.006038763000105973,0.0,590.7265625,0.0
34.0,21.0,0.005081906999976127,50.0,590.7265625,0.0
34.0,22.0,0.006110600000056365,50.0,590.7265625,0.0
34.0,23.0,0.004994964999923468,0.0,590.7265625,0.0
34.0,24.0,0.007762456999898859,50.0,590.7265625,0.0
34.0,25.0,0.006438226999989638,100.0,590.7265625,0.0
34.0,26.0,0.004957527999977174,0.0,590.7265625,0.0
34.0,27.0,0.005931265000072017,50.0,590.7265625,0.0
34.0,28.0,0.0061738749998312414,100.0,590.7265625,0.0
34.0,29.0,0.0038605710001320404,0.0,590.7265625,0.0
34.0,30.0,0.007308296000019254,100.0,590.7265625,0.0
34.0,31.0,0.006196281000029558,50.0,590.7265625,0.0
34.0,32.0,0.0038446439998551796,0.0,590.7265625,0.0
34.0,33.0,0.004198322000092958,50.0,590.7265625,0.0
34.0,34.0,0.007911470999943049,100.0,590.7265625,0.0
34.0,35.0,0.008103890000029423,100.0,590.7265625,0.0
34.0,36.0,0.006343143000094642,100.0,590.7265625,0.0
34.0,37.0,0.004961578999882477,50.0,590.7265625,0.0
34.0,38.0,0.006660683999825778,100.0,590.73046875,0.0
34.0,39.0,0.005860763000100633,50.0,590.73046875,0.0
34.0,40.0,0.005070775999911348,0.0,590.73046875,0.0
34.0,41.0,0.004999181999892244,100.0,590.73046875,0.0
34.0,42.0,0.006143449999854056,0.0,590.734375,0.0
34.0,43.0,0.0038204059999316087,100.0,590.734375,0.0
34.0,44.0,0.0051333029998659185,0.0,590.734375,0.0
34.0,45.0,0.005931330000066737,50.0,590.734375,0.0
34.0,46.0,0.0042115800001738535,100.0,590.734375,0.0
34.0,47.0,0.005293128999937835,0.0,590.734375,0.0
34.0,48.0,0.006069216000014421,50.0,590.734375,0.0
34.0,49.0,0.006802244000027713,50.0,590.734375,0.0
34.0,50.0,0.0038706150000962225,0.0,590.734375,0.0
34.0,51.0,0.0037725979998413095,50.0,590.734375,0.0
34.0,52.0,0.004015404000028866,0.0,590.734375,0.0
34.0,53.0,0.0037891069998750027,50.0,590.73828125,0.0
34.0,54.0,0.0038560580001103517,0.0,590.73828125,0.0
34.0,55.0,0.006783966000057262,50.0,590.73828125,0.0
34.0,56.0,0.005108635999931721,100.0,590.73828125,0.0
34.0,57.0,0.0050618190000477625,0.0,590.73828125,0.0
34.0,58.0,0.0050536009998722875,50.0,590.73828125,0.0
34.0,59.0,0.00639656900011687,100.0,590.73828125,0.0
34.0,60.0,0.006790367999883529,0.0,590.73828125,0.0
34.0,61.0,0.006297105000157899,50.0,590.73828125,0.0
34.0,62.0,0.0064665950001199235,100.0,590.75390625,0.0
34.0,63.0,0.004996884000092905,0.0,590.7578125,0.0
34.0,64.0,0.0037979720000294037,100.0,590.76171875,0.0
34.0,65.0,0.003985156999988249,0.0,590.76171875,0.0
34.0,66.0,0.006236473999933878,50.0,590.765625,0.0
34.0,67.0,0.005942321000020456,100.0,590.765625,0.0
34.0,68.0,0.0052363950001108606,0.0,590.765625,0.0
34.0,69.0,0.006302752999999939,50.0,590.765625,0.0
34.0,70.0,0.00382080200006385,100.0,590.765625,0.0
34.0,71.0,0.005060577999984162,0.0,590.765625,0.0
34.0,72.0,0.0034954640000250947,100.0,590.765625,0.0
34.0,73.0,0.005010594000168567,0.0,590.76953125,0.0
34.0,74.0,0.006141713000033633,100.0,590.76953125,0.0
34.0,75.0,0.006084277999889309,50.0,590.76953125,0.0
34.0,76.0,0.005253392999975404,0.0,590.76953125,0.0
34.0,77.0,0.003824373000043124,100.0,590.76953125,0.0
34.0,78.0,0.004038641999841275,0.0,590.76953125,0.0
34.0,79.0,0.006004826999969737,100.0,590.76953125,0.0
34.0,80.0,0.006493116000001464,50.0,590.76953125,0.0
34.0,81.0,0.004994888000055653,0.0,590.76953125,0.0
34.0,82.0,0.0037486119999812217,100.0,590.77734375,0.0
34.0,83.0,0.00511731200003851,0.0,590.77734375,0.0
34.0,84.0,0.0038059410001096694,100.0,590.78125,0.0
34.0,85.0,0.003891662000114593,0.0,590.78125,0.0
34.0,86.0,0.006377941999971881,100.0,590.78125,0.0
34.0,87.0,0.006211854999946809,50.0,590.78125,0.0
34.0,88.0,0.006353988000000754,0.0,590.78125,0.0
34.0,89.0,0.005986447999930533,100.0,590.78515625,0.0
34.0,90.0,0.0034280200000011973,0.0,590.78515625,0.0
34.0,91.0,0.005116426000085994,100.0,590.78515625,0.0
34.0,92.0,0.006496868000112954,50.0,590.7890625,0.0
34.0,93.0,0.00500257200019405,0.0,590.7890625,0.0
34.0,94.0,0.004802389000133189,100.0,590.7890625,0.0
34.0,95.0,0.005035214999907112,50.0,590.79296875,0.0
34.0,96.0,0.004918497999824467,0.0,590.79296875,0.0
34.0,97.0,0.006806910000022981,50.0,590.79296875,0.0
34.0,98.0,0.004062061000013273,0.0,590.79296875,0.0
34.0,99.0,0.006125470000142741,100.0,590.79296875,0.0
34.0,100.0,0.006388365000020713,50.0,590.796875,0.0
35.0,1.0,0.004948880000029021,0.0,590.80078125,0.0
35.0,2.0,0.005060872000058225,100.0,590.80078125,0.0
35.0,3.0,0.005592599000010523,50.0,590.80078125,0.0
35.0,4.0,0.006429729000046791,0.0,590.80078125,0.0
35.0,5.0,0.008572737999884339,50.0,590.80078125,0.0
35.0,6.0,0.007150113999841778,100.0,590.8046875,0.0
35.0,7.0,0.009534460999930161,100.0,590.80859375,0.0
35.0,8.0,0.007809512999983781,100.0,590.80859375,0.0
35.0,9.0,0.008317246999922645,50.0,590.80859375,0.0
35.0,10.0,0.00528150199988886,100.0,590.80859375,0.0
35.0,11.0,0.004862984000055803,0.0,590.81640625,0.0
35.0,12.0,0.004935065000154282,50.0,590.8203125,0.0
35.0,13.0,0.005027495000149429,100.0,590.8203125,0.0
35.0,14.0,0.004030779999993683,0.0,590.8203125,0.0
35.0,15.0,0.0036848839999947813,0.0,590.8203125,0.0
35.0,16.0,0.00513304900005096,66.7,590.8203125,0.0
35.0,17.0,0.0065128819999245025,100.0,590.82421875,0.0
35.0,18.0,0.006449867999890557,0.0,590.83984375,0.0
35.0,19.0,0.003914160999784144,50.0,590.84375,0.0
35.0,20.0,0.0038354050000179996,0.0,590.84375,0.0
35.0,21.0,0.0038262900000063382,100.0,590.84765625,0.0
35.0,22.0,0.005147401999920476,0.0,590.84765625,0.0
35.0,23.0,0.004662001999804488,50.0,590.8515625,0.0
35.0,24.0,0.005037167999944359,0.0,590.8515625,0.0
35.0,25.0,0.0034578879999571654,50.0,590.8515625,0.0
35.0,26.0,0.005987566999920091,0.0,590.8515625,0.0
35.0,27.0,0.003744704999917303,50.0,590.8515625,0.0
35.0,28.0,0.006223988000101599,100.0,590.8515625,0.0
35.0,29.0,0.005026754000027722,0.0,590.85546875,0.0
35.0,30.0,0.004794347999904858,50.0,590.85546875,0.0
35.0,31.0,0.005262873999981821,0.0,590.85546875,0.0
35.0,32.0,0.004935184000032677,50.0,590.859375,0.0
35.0,33.0,0.00638069199999336,100.0,590.86328125,0.0
35.0,34.0,0.004174732999899788,0.0,590.8671875,0.0
35.0,35.0,0.0053216220001104375,100.0,590.8671875,0.0
35.0,36.0,0.0050806470001134585,0.0,590.8671875,0.0
35.0,37.0,0.003523539000070741,50.0,590.8671875,0.0
35.0,38.0,0.0036966099999062862,0.0,590.890625,0.0
35.0,39.0,0.0047256259999812755,50.0,590.890625,0.0
35.0,40.0,0.004932700999916051,0.0,590.890625,0.0
35.0,41.0,0.005137313999966864,50.0,590.890625,0.0
35.0,42.0,0.0062143830000422895,100.0,590.89453125,0.0
35.0,43.0,0.0037164190000567032,0.0,590.89453125,0.0
35.0,44.0,0.006236577999970905,100.0,590.89453125,0.0
35.0,45.0,0.004882041999962894,50.0,590.89453125,0.0
35.0,46.0,0.005320538999967539,0.0,590.89453125,0.0
35.0,47.0,0.003578648000029716,50.0,590.89453125,0.0
35.0,48.0,0.005169088000002375,0.0,590.89453125,0.0
35.0,49.0,0.005000297999913528,50.0,590.89453125,0.0
35.0,50.0,0.0051004110000576475,0.0,590.89453125,0.0
35.0,51.0,0.006144823999875371,50.0,590.89453125,0.0
35.0,52.0,0.006154903000151535,50.0,590.89453125,0.0
35.0,53.0,0.005025827000054051,0.0,590.8984375,0.0
35.0,54.0,0.0055982289998155466,50.0,590.8984375,0.0
35.0,55.0,0.006075805999898876,50.0,590.90234375,0.0
35.0,56.0,0.004769200000055207,0.0,590.90234375,0.0
35.0,57.0,0.0034485599999243277,50.0,590.90234375,0.0
35.0,58.0,0.004185008999911588,0.0,590.90234375,0.0
35.0,59.0,0.005833476000134397,100.0,590.90234375,0.0
35.0,60.0,0.0035983529999157327,0.0,590.90234375,0.0
35.0,61.0,0.006165786000110529,50.0,590.90234375,0.0
35.0,62.0,0.0034825010000076873,0.0,590.90625,0.0
35.0,63.0,0.006181658000059542,50.0,590.90625,0.0
35.0,64.0,0.0036104589999013115,0.0,590.90625,0.0
35.0,65.0,0.004771729999902163,50.0,590.90625,0.0
35.0,66.0,0.0060422819999530475,100.0,590.91015625,0.0
35.0,67.0,0.006351631999905294,0.0,590.91015625,0.0
35.0,68.0,0.004743774999951711,50.0,590.91015625,0.0
35.0,69.0,0.0034500039998874854,0.0,590.91015625,0.0
35.0,70.0,0.00451462699993499,50.0,590.91015625,0.0
35.0,71.0,0.0034399300000131916,0.0,590.91015625,0.0
35.0,72.0,0.0060454590000063035,50.0,590.91015625,0.0
35.0,73.0,0.005938479999940682,100.0,590.91015625,0.0
35.0,74.0,0.005073134999975082,0.0,590.91015625,0.0
35.0,75.0,0.003336966000006214,100.0,590.91015625,0.0
35.0,76.0,0.006141916999922614,0.0,590.91015625,0.0
35.0,77.0,0.006150087999913012,100.0,590.91015625,0.0
35.0,78.0,0.0036241880000034143,0.0,590.91015625,0.0
35.0,79.0,0.0048249690000830014,100.0,590.91015625,0.0
35.0,80.0,0.0059845390001100895,50.0,590.91015625,0.0
35.0,81.0,0.0034942830000090908,0.0,590.91015625,0.0
35.0,82.0,0.004722286999822245,50.0,590.91015625,0.0
35.0,83.0,0.005758097999887468,0.0,590.91015625,0.0
35.0,84.0,0.00474464000012631,50.0,590.91015625,0.0
35.0,85.0,0.004591932000039378,0.0,590.91015625,0.0
35.0,86.0,0.004925184000057925,100.0,590.91015625,0.0
35.0,87.0,0.003428090999932465,0.0,590.91015625,0.0
35.0,88.0,0.0037849170000754384,100.0,590.91015625,0.0
35.0,89.0,0.004648101000157112,0.0,590.91015625,0.0
35.0,90.0,0.004738251000162563,100.0,590.91015625,0.0
35.0,91.0,0.005715877000056935,50.0,590.91015625,0.0
35.0,92.0,0.003368412999861903,0.0,590.91015625,0.0
35.0,93.0,0.005861302999846885,50.0,590.91015625,0.0
35.0,94.0,0.004914869000003819,0.0,590.91015625,0.0
35.0,95.0,0.0048012650001965085,50.0,590.9140625,0.0
35.0,96.0,0.00423409600011837,0.0,590.9140625,0.0
35.0,97.0,0.006236773000182438,50.0,590.9140625,0.0
35.0,98.0,0.006005694999885236,100.0,590.9140625,0.0
35.0,99.0,0.0037341699999160483,0.0,590.98828125,0.0
35.0,100.0,0.004822021000109089,100.0,590.98828125,0.0
36.0,1.0,0.004713463999905798,0.0,590.9921875,0.0
36.0,2.0,0.00617615700002716,50.0,590.9921875,0.0
36.0,3.0,0.003550389000110954,0.0,590.9921875,0.0
36.0,4.0,0.006160075999787296,50.0,590.9921875,0.0
36.0,5.0,0.0034577400001580827,100.0,590.9921875,0.0
36.0,6.0,0.003739899000038349,0.0,590.9921875,0.0
36.0,7.0,0.004746456000020771,100.0,590.9921875,0.0
36.0,8.0,0.0045687110000471876,0.0,590.9921875,0.0
36.0,9.0,0.0035454819999358733,100.0,590.9921875,0.0
36.0,10.0,0.0046376860000236775,0.0,590.9921875,0.0
36.0,11.0,0.0045881670000653685,100.0,590.9921875,0.0
36.0,12.0,0.0035181319999537664,0.0,590.9921875,0.0
36.0,13.0,0.00605870699996558,100.0,590.9921875,0.0
36.0,14.0,0.004739538999956494,0.0,590.9921875,0.0
36.0,15.0,0.004701482999962536,100.0,590.9921875,0.0
36.0,16.0,0.005937757000083366,0.0,590.9921875,0.0
36.0,17.0,0.004523989000063011,50.0,590.9921875,0.0
36.0,18.0,0.004665309999836609,100.0,590.9921875,0.0
36.0,19.0,0.00480788400000165,0.0,590.9921875,0.0
36.0,20.0,0.004713142000127846,100.0,590.9921875,0.0
36.0,21.0,0.004576236999810135,0.0,590.9921875,0.0
36.0,22.0,0.0033542989999659767,100.0,590.9921875,0.0
36.0,23.0,0.0034569769998142874,0.0,590.9921875,0.0
36.0,24.0,0.006006998999964708,100.0,590.9921875,0.0
36.0,25.0,0.00479615700010072,0.0,590.9921875,0.0
36.0,26.0,0.004535472999805279,100.0,590.9921875,0.0
36.0,27.0,0.005973341000071741,0.0,590.9921875,0.0
36.0,28.0,0.004783205999956408,50.0,590.9921875,0.0
36.0,29.0,0.0035276120001981326,0.0,590.9921875,0.0
36.0,30.0,0.005024364999826503,100.0,590.9921875,0.0
36.0,31.0,0.003955091000079847,0.0,590.9921875,0.0
36.0,32.0,0.005106220000016037,50.0,590.9921875,0.0
36.0,33.0,0.005861679999952685,100.0,590.9921875,0.0
36.0,34.0,0.005567535999944084,100.0,590.9921875,0.0
36.0,35.0,0.003837327999917761,0.0,590.9921875,0.0
36.0,36.0,0.0034881869999026094,100.0,590.9921875,0.0
36.0,37.0,0.005890088000114702,0.0,590.9921875,0.0
36.0,38.0,0.00477137899997615,100.0,590.9921875,0.0
36.0,39.0,0.003643396000143184,0.0,590.9921875,0.0
36.0,40.0,0.004715174000011757,100.0,590.9921875,0.0
36.0,41.0,0.003804165000019566,0.0,590.99609375,0.0
36.0,42.0,0.0048532499999964784,100.0,590.99609375,0.0
36.0,43.0,0.0034888369998498092,0.0,590.99609375,0.0
36.0,44.0,0.005762952999930349,100.0,590.99609375,0.0
36.0,45.0,0.004694413999914104,0.0,590.99609375,0.0
36.0,46.0,0.0045579430000088905,100.0,590.99609375,0.0
36.0,47.0,0.006017964000193388,50.0,590.99609375,0.0
36.0,48.0,0.005879112000002351,0.0,590.99609375,0.0
36.0,49.0,0.004655058000025747,100.0,590.99609375,0.0
36.0,50.0,0.004993161000129476,0.0,590.99609375,0.0
36.0,51.0,0.0034344600001077197,100.0,591.0,0.0
36.0,52.0,0.005265716000167231,50.0,591.0,0.0
36.0,53.0,0.003726554999957443,0.0,591.0,0.0
36.0,54.0,0.006046444000048723,50.0,591.0,0.0
36.0,55.0,0.0034036950000881916,0.0,591.0,0.0
36.0,56.0,0.00374322800007576,50.0,591.0,0.0
36.0,57.0,0.0033613159998822084,0.0,591.0,0.0
36.0,58.0,0.006085144000053333,50.0,591.0078125,0.0
36.0,59.0,0.004669943999942916,0.0,591.0078125,0.0
36.0,60.0,0.005793941999854724,50.0,591.0078125,0.0
36.0,61.0,0.004816628999833483,100.0,591.01171875,0.0
36.0,62.0,0.003588324000020293,0.0,591.01171875,0.0
36.0,63.0,0.0046922149999772955,100.0,591.01171875,0.0
36.0,64.0,0.003693190000149116,0.0,591.015625,0.0
36.0,65.0,0.003541644000051747,0.0,591.015625,0.0
36.0,66.0,0.005277661999798511,50.0,591.015625,0.0
36.0,67.0,0.005878212999959942,50.0,591.015625,0.0
36.0,68.0,0.0034202100000584323,0.0,591.015625,0.0
36.0,69.0,0.004778818999966461,100.0,591.015625,0.0
36.0,70.0,0.005813129999978628,0.0,591.015625,0.0
36.0,71.0,0.0035944639998888306,50.0,591.015625,0.0
36.0,72.0,0.006158007999829351,0.0,591.01953125,0.0
36.0,73.0,0.005743014000017865,50.0,591.01953125,0.0
36.0,74.0,0.004849433000117642,100.0,591.01953125,0.0
36.0,75.0,0.003912477999847397,0.0,591.01953125,0.0
36.0,76.0,0.004652914999951463,100.0,591.01953125,0.0
36.0,77.0,0.004629859000033321,0.0,591.01953125,0.0
36.0,78.0,0.004916404000141483,50.0,591.01953125,0.0
36.0,79.0,0.005867731000080312,0.0,591.01953125,0.0
36.0,80.0,0.007265382000014142,66.7,591.01953125,0.0
36.0,81.0,0.005532314999982191,50.0,591.01953125,0.0
36.0,82.0,0.0035269580000658607,0.0,591.01953125,0.0
36.0,83.0,0.003807808999908957,50.0,591.01953125,0.0
36.0,84.0,0.006127140999979019,100.0,591.11328125,0.0
36.0,85.0,0.005637998999873162,0.0,591.11328125,0.0
36.0,86.0,0.004887944999836691,100.0,591.11328125,0.0
36.0,87.0,0.007238226000026771,50.0,591.11328125,0.0
36.0,88.0,0.006461364000188041,100.0,591.11328125,0.0
36.0,89.0,0.008119282000052408,0.0,591.1171875,0.0
36.0,90.0,0.007080797999833521,100.0,591.1171875,0.0
36.0,91.0,0.007172864000040136,100.0,591.1171875,0.0
36.0,92.0,0.0037039599999388884,0.0,591.1171875,0.0
36.0,93.0,0.006138342999975066,100.0,591.1171875,0.0
36.0,94.0,0.004878060999999434,0.0,591.1171875,0.0
36.0,95.0,0.00339607499995509,100.0,591.1171875,0.0
36.0,96.0,0.004521827999951711,0.0,591.1171875,0.0
36.0,97.0,0.004827798000178518,100.0,591.1171875,0.0
36.0,98.0,0.005783557000086148,50.0,591.1171875,0.0
36.0,99.0,0.004896552000218435,0.0,591.1171875,0.0
36.0,100.0,0.006195466999997734,100.0,591.1171875,0.0
37.0,1.0,0.005754454999987502,50.0,591.1171875,0.0
37.0,2.0,0.006073216999993747,0.0,591.1171875,0.0
37.0,3.0,0.0038117639999200037,100.0,591.1171875,0.0
37.0,4.0,0.0034071589998347918,0.0,591.1171875,0.0
37.0,5.0,0.003552464999984295,100.0,591.1171875,0.0
37.0,6.0,0.0037032929999440967,0.0,591.1171875,0.0
37.0,7.0,0.00598556699992514,50.0,591.1171875,0.0
37.0,8.0,0.00589786999989883,0.0,591.1171875,0.0
37.0,9.0,0.003499830999999176,100.0,591.1171875,0.0
37.0,10.0,0.006446034000191503,50.0,591.1171875,0.0
37.0,11.0,0.003650050000032934,0.0,591.1171875,0.0
37.0,12.0,0.00474008700007289,50.0,591.12109375,0.0
37.0,13.0,0.003429620000133582,0.0,591.12109375,0.0
37.0,14.0,0.004776264999918567,0.0,591.12109375,0.0
37.0,15.0,0.0036057340000752447,100.0,591.125,0.0
37.0,16.0,0.004571350999867718,0.0,591.125,0.0
37.0,17.0,0.0034815070000604464,100.0,591.125,0.0
37.0,18.0,0.005897897999830093,50.0,591.125,0.0
37.0,19.0,0.004741229000046587,0.0,591.1484375,0.0
37.0,20.0,0.00363045900007819,50.0,591.1484375,0.0
37.0,21.0,0.003564596999922287,0.0,591.15234375,0.0
37.0,22.0,0.003814180000063061,0.0,591.15234375,0.0
37.0,23.0,0.0037858450000385346,100.0,591.15234375,0.0
37.0,24.0,0.003610199000149805,0.0,591.15234375,0.0
37.0,25.0,0.005003144000056636,100.0,591.15625,0.0
37.0,26.0,0.005942479999930583,0.0,591.15625,0.0
37.0,27.0,0.0038393780000660627,100.0,591.15625,0.0
37.0,28.0,0.0041480949998913275,0.0,591.19140625,0.0
37.0,29.0,0.005897312999877613,100.0,591.19140625,0.0
37.0,30.0,0.004747847000089678,50.0,591.1953125,0.0
37.0,31.0,0.0047967369998787035,0.0,591.19921875,0.0
37.0,32.0,0.004583769999953802,50.0,591.19921875,0.0
37.0,33.0,0.0058848640001087915,0.0,591.19921875,0.0
37.0,34.0,0.005899503999899025,100.0,591.19921875,0.0
37.0,35.0,0.004935387999921659,0.0,591.19921875,0.0
37.0,36.0,0.004752714000005653,100.0,591.20703125,0.0
37.0,37.0,0.003369102000078783,0.0,591.20703125,0.0
37.0,38.0,0.0047615369999221,100.0,591.20703125,0.0
37.0,39.0,0.004727451000007932,0.0,591.2109375,0.0
37.0,40.0,0.005734789999905843,50.0,591.2109375,0.0
37.0,41.0,0.004472308999993402,100.0,591.2109375,0.0
37.0,42.0,0.004778287000135606,0.0,591.21484375,0.0
37.0,43.0,0.005820970000058878,50.0,591.21484375,0.0
37.0,44.0,0.004832257000089157,100.0,591.21484375,0.0
37.0,45.0,0.0034971439999935683,0.0,591.21484375,0.0
37.0,46.0,0.004723044000002119,100.0,591.21484375,0.0
37.0,47.0,0.0036009819998525927,0.0,591.21484375,0.0
37.0,48.0,0.003622815999960949,0.0,591.22265625,0.0
37.0,49.0,0.003569948999938788,50.0,591.2265625,0.0
37.0,50.0,0.004968232000010175,0.0,591.2265625,0.0
37.0,51.0,0.003562954000017271,50.0,591.2265625,0.0
37.0,52.0,0.004909377999865683,0.0,591.2265625,0.0
37.0,53.0,0.006033540000089488,50.0,591.2265625,0.0
37.0,54.0,0.0058778459999757615,50.0,591.23046875,0.0
37.0,55.0,0.006062583000129962,100.0,591.23046875,0.0
37.0,56.0,0.004555190000019138,0.0,591.23046875,0.0
37.0,57.0,0.004626892000032967,100.0,591.23046875,0.0
37.0,58.0,0.0037758209998628445,0.0,591.23046875,0.0
37.0,59.0,0.00620583600016289,50.0,591.234375,0.0
37.0,60.0,0.004797180999958073,0.0,591.23828125,0.0
37.0,61.0,0.00455648399997699,100.0,591.23828125,0.0
37.0,62.0,0.004847423999990497,50.0,591.23828125,0.0
37.0,63.0,0.003766326000004483,0.0,591.23828125,0.0
37.0,64.0,0.006141886000023078,50.0,591.23828125,0.0
37.0,65.0,0.004727712999965661,0.0,591.23828125,0.0
37.0,66.0,0.0036680040000192093,50.0,591.23828125,0.0
37.0,67.0,0.00487442500002544,0.0,591.23828125,0.0
37.0,68.0,0.0035705489999600104,50.0,591.23828125,0.0
37.0,69.0,0.0036833859999205742,0.0,591.23828125,0.0
37.0,70.0,0.004818410999860134,50.0,591.23828125,0.0
37.0,71.0,0.005806135999819162,0.0,591.2421875,0.0
37.0,72.0,0.004648240999813424,50.0,591.2421875,0.0
37.0,73.0,0.006136142000059408,50.0,591.2421875,0.0
37.0,74.0,0.006241341000077227,0.0,591.2421875,0.0
37.0,75.0,0.006652768000094511,50.0,591.2421875,0.0
37.0,76.0,0.006245981999882133,100.0,591.24609375,0.0
37.0,77.0,0.006586822999906872,50.0,591.24609375,0.0
37.0,78.0,0.006180044000075213,0.0,591.24609375,0.0
37.0,79.0,0.005880848000060723,100.0,591.24609375,0.0
37.0,80.0,0.005308774000013727,50.0,591.24609375,0.0
37.0,81.0,0.003761720000056812,0.0,591.25,0.0
37.0,82.0,0.006410379000044486,100.0,591.25,0.0
37.0,83.0,0.004678503999912209,0.0,591.25,0.0
37.0,84.0,0.005033738999827619,100.0,591.25,0.0
37.0,85.0,0.00583533299982264,50.0,591.25,0.0
37.0,86.0,0.00471809900000153,0.0,591.25,0.0
37.0,87.0,0.0036278439999932743,100.0,591.25,0.0
37.0,88.0,0.003388370000038776,0.0,591.25,0.0
37.0,89.0,0.003907636000121784,50.0,591.25,0.0
37.0,90.0,0.005049895999945875,0.0,591.25,0.0
37.0,91.0,0.005829076000054556,50.0,591.25,0.0
37.0,92.0,0.0034492319998662424,0.0,591.25,0.0
37.0,93.0,0.004683391999833475,50.0,591.25,0.0
37.0,94.0,0.004779040999892459,0.0,591.25,0.0
37.0,95.0,0.005982294999967053,50.0,591.25,0.0
37.0,96.0,0.005853783000020485,50.0,591.25,0.0
37.0,97.0,0.005854032999877745,0.0,591.25,0.0
37.0,98.0,0.00468194199993377,50.0,591.25,0.0
37.0,99.0,0.00461251199999424,0.0,591.25,0.0
37.0,100.0,0.004596702000071673,100.0,591.25,0.0
38.0,1.0,0.004710283999884268,0.0,591.25,0.0
38.0,2.0,0.0035038449998410215,100.0,591.25,0.0
38.0,3.0,0.00599806900004296,50.0,591.25,0.0
38.0,4.0,0.005128323999997519,0.0,591.25,0.0
38.0,5.0,0.004673376000027929,50.0,591.25,0.0
38.0,6.0,0.003768880000052377,0.0,591.25,0.0
38.0,7.0,0.006372866999981852,50.0,591.2578125,0.0
38.0,8.0,0.004847872000027564,0.0,591.2578125,0.0
38.0,9.0,0.004709645000048113,100.0,591.2578125,0.0
38.0,10.0,0.005536843999834673,50.0,591.2578125,0.0
38.0,11.0,0.0044768770001155644,0.0,591.2578125,0.0
38.0,12.0,0.004948331999912625,100.0,591.2578125,0.0
38.0,13.0,0.0036696539998501976,0.0,591.2578125,0.0
38.0,14.0,0.004970385000206079,100.0,591.2578125,0.0
38.0,15.0,0.0036347200000363955,0.0,591.2578125,0.0
38.0,16.0,0.004859608000060689,100.0,591.2578125,0.0
38.0,17.0,0.004680946999997104,0.0,591.2734375,0.0
38.0,18.0,0.005162622999932864,100.0,591.2734375,0.0
38.0,19.0,0.006362989000081143,50.0,591.2734375,0.0
38.0,20.0,0.00474953100001585,0.0,591.359375,0.0
38.0,21.0,0.0038923480001358257,100.0,591.359375,0.0
38.0,22.0,0.006156731999908516,0.0,591.359375,0.0
38.0,23.0,0.006217673000037394,100.0,591.359375,0.0
38.0,24.0,0.004977009000185717,50.0,591.36328125,0.0
38.0,25.0,0.004850643000054333,0.0,591.36328125,0.0
38.0,26.0,0.004849784000043655,100.0,591.36328125,0.0
38.0,27.0,0.006233537999833061,0.0,591.36328125,0.0
38.0,28.0,0.004992696000044816,100.0,591.36328125,0.0
38.0,29.0,0.0060092940000231465,50.0,591.36328125,0.0
38.0,30.0,0.004992425000182266,50.0,591.36328125,0.0
38.0,31.0,0.00507678400003897,100.0,591.36328125,0.0
38.0,32.0,0.0037204160000783304,0.0,591.36328125,0.0
38.0,33.0,0.006102243999976054,100.0,591.36328125,0.0
38.0,34.0,0.0034839150000607333,0.0,591.3671875,0.0
38.0,35.0,0.005053754000073241,100.0,591.3671875,0.0
38.0,36.0,0.00486874600005649,50.0,591.3671875,0.0
38.0,37.0,0.005881810000119003,0.0,591.37109375,0.0
38.0,38.0,0.004687456000056045,100.0,591.37109375,0.0
38.0,39.0,0.0034995559999515535,0.0,591.37109375,0.0
38.0,40.0,0.004718255999932808,50.0,591.37109375,0.0
38.0,41.0,0.004850497999996151,0.0,591.37109375,0.0
38.0,42.0,0.004670043999794871,100.0,591.375,0.0
38.0,43.0,0.004940409000028012,0.0,591.375,0.0
38.0,44.0,0.005857475000084378,100.0,591.37890625,0.0
38.0,45.0,0.004699867999988783,50.0,591.37890625,0.0
38.0,46.0,0.006670980000080817,100.0,591.37890625,0.0
38.0,47.0,0.006036715999925946,50.0,591.3828125,0.0
38.0,48.0,0.004847252999979901,0.0,591.3828125,0.0
38.0,49.0,0.004867934000003515,100.0,591.3828125,0.0
38.0,50.0,0.0035506120000263763,0.0,591.3828125,0.0
38.0,51.0,0.00588455599995541,100.0,591.3828125,0.0
38.0,52.0,0.005036341000050015,0.0,591.3828125,0.0
38.0,53.0,0.007515978000128598,50.0,591.390625,0.0
38.0,54.0,0.005800764000014169,50.0,591.390625,0.0
38.0,55.0,0.006481705999931364,100.0,591.39453125,0.0
38.0,56.0,0.004898870000033639,0.0,591.39453125,0.0
38.0,57.0,0.004814291999991838,100.0,591.39453125,0.0
38.0,58.0,0.0048284739998507575,0.0,591.3984375,0.0
38.0,59.0,0.004616166000005251,100.0,591.3984375,0.0
38.0,60.0,0.003593120000005001,0.0,591.3984375,0.0
38.0,61.0,0.0035152379998635297,100.0,591.3984375,0.0
38.0,62.0,0.00354555499984599,0.0,591.3984375,0.0
38.0,63.0,0.0035714890000235755,0.0,591.3984375,0.0
38.0,64.0,0.004667457000095965,50.0,591.40234375,0.0
38.0,65.0,0.0060987089998434385,100.0,591.40625,0.0
38.0,66.0,0.005850743999872066,0.0,591.40625,0.0
38.0,67.0,0.003702519000171378,100.0,591.40625,0.0
38.0,68.0,0.00636277099988547,100.0,591.40625,0.0
38.0,69.0,0.006890288999784389,100.0,591.40625,0.0
38.0,70.0,0.007284332000153881,100.0,591.41015625,0.0
38.0,71.0,0.00549305300000924,0.0,591.41015625,0.0
38.0,72.0,0.005945119999978488,66.7,591.41015625,0.0
38.0,73.0,0.005909597000027134,100.0,591.41015625,0.0
38.0,74.0,0.0049622789999830275,0.0,591.4140625,0.0
38.0,75.0,0.006570780999936687,50.0,591.41796875,0.0
38.0,76.0,0.005091543000162346,100.0,591.41796875,0.0
38.0,77.0,0.0035175900000012916,0.0,591.41796875,0.0
38.0,78.0,0.005951194000090254,100.0,591.41796875,0.0
38.0,79.0,0.004127770999957647,0.0,591.41796875,0.0
38.0,80.0,0.005223242000056416,100.0,591.421875,0.0
38.0,81.0,0.00494732699985434,0.0,591.42578125,0.0
38.0,82.0,0.004961849999972401,50.0,591.42578125,0.0
38.0,83.0,0.004826113000035548,100.0,591.4296875,0.0
38.0,84.0,0.005139893999967171,0.0,591.4296875,0.0
38.0,85.0,0.006719512000017858,100.0,591.4296875,0.0
38.0,86.0,0.00412486599998374,0.0,591.4296875,0.0
38.0,87.0,0.005177326999955767,50.0,591.43359375,0.0
38.0,88.0,0.006513180999945689,100.0,591.43359375,0.0
38.0,89.0,0.007040760999871054,50.0,591.43359375,0.0
38.0,90.0,0.006137746999911542,0.0,591.43359375,0.0
38.0,91.0,0.006086148999884244,100.0,591.43359375,0.0
38.0,92.0,0.003744231999917247,0.0,591.44140625,0.0
38.0,93.0,0.006726804999971137,50.0,591.44140625,0.0
38.0,94.0,0.00543713399997614,100.0,591.44140625,0.0
38.0,95.0,0.005345303000012791,50.0,591.44140625,0.0
38.0,96.0,0.0069232280000051105,0.0,591.4453125,0.0
38.0,97.0,0.003886462000082247,100.0,591.44921875,0.0
38.0,98.0,0.005199305000132881,0.0,591.44921875,0.0
38.0,99.0,0.004875535000110176,100.0,591.44921875,0.0
38.0,100.0,0.00621494500001063,50.0,591.44921875,0.0
39.0,1.0,0.006150564000108716,0.0,591.453125,0.0
39.0,2.0,0.004987546999927872,100.0,591.453125,0.0
39.0,3.0,0.006125897999936569,50.0,591.45703125,0.0
39.0,4.0,0.005094035000183794,0.0,591.45703125,0.0
39.0,5.0,0.004919555000014952,50.0,591.45703125,0.0
39.0,6.0,0.005900686000131827,0.0,591.4609375,0.0
39.0,7.0,0.005699557000070854,100.0,591.4609375,0.0
39.0,8.0,0.0062428680000721215,50.0,591.4609375,0.0
39.0,9.0,0.00405749299989111,0.0,591.4609375,0.0
39.0,10.0,0.0038894939998499467,50.0,591.4609375,0.0
39.0,11.0,0.006572365000010905,50.0,591.4609375,0.0
39.0,12.0,0.004750109000042357,0.0,591.4609375,0.0
39.0,13.0,0.005037043000129415,50.0,591.4609375,0.0
39.0,14.0,0.006138369999916904,0.0,591.4609375,0.0
39.0,15.0,0.006373863999897367,50.0,591.4609375,0.0
39.0,16.0,0.006079926999973395,50.0,591.4609375,0.0
39.0,17.0,0.0064903780000804545,50.0,591.4609375,0.0
39.0,18.0,0.004961563000051683,0.0,591.4609375,0.0
39.0,19.0,0.006024990000014441,50.0,591.4609375,0.0
39.0,20.0,0.005163455999991129,0.0,591.4609375,0.0
39.0,21.0,0.005042470000034882,50.0,591.4609375,0.0
39.0,22.0,0.006158898999956364,50.0,591.4609375,0.0
39.0,23.0,0.0036671090001618722,0.0,591.4609375,0.0
39.0,24.0,0.005920603000049596,50.0,591.4609375,0.0
39.0,25.0,0.006476325999983601,100.0,591.4609375,0.0
39.0,26.0,0.006884924000132742,0.0,591.4609375,0.0
39.0,27.0,0.005707863999987239,100.0,591.4609375,0.0
39.0,28.0,0.005681376999973509,50.0,591.4609375,0.0
39.0,29.0,0.005102314999930968,0.0,591.4609375,0.0
39.0,30.0,0.00500024799998755,100.0,591.4609375,0.0
39.0,31.0,0.00490435200003958,0.0,591.4609375,0.0
39.0,32.0,0.004983776000017315,100.0,591.4609375,0.0
39.0,33.0,0.0047637940001550305,50.0,591.4609375,0.0
39.0,34.0,0.00515369799995824,0.0,591.4609375,0.0
39.0,35.0,0.006082505999984278,100.0,591.4609375,0.0
39.0,36.0,0.006208460999914678,50.0,591.4609375,0.0
39.0,37.0,0.0048105739999755315,0.0,591.4609375,0.0
39.0,38.0,0.00491500500015718,50.0,591.4609375,0.0
39.0,39.0,0.0047621250000702275,0.0,591.4609375,0.0
39.0,40.0,0.0035378879999825585,100.0,591.4609375,0.0
39.0,41.0,0.004860216999986733,0.0,591.4609375,0.0
39.0,42.0,0.005592294000052789,100.0,591.4609375,0.0
39.0,43.0,0.0074264810000386206,50.0,591.4609375,0.0
39.0,44.0,0.005356863999850248,100.0,591.4609375,0.0
39.0,45.0,0.0060293609999462205,0.0,591.49609375,0.0
39.0,46.0,0.004887872000153948,100.0,591.54296875,0.0
39.0,47.0,0.006055651999986367,0.0,591.54296875,0.0
39.0,48.0,0.005185729999993782,100.0,591.54296875,0.0
39.0,49.0,0.004747639000015624,50.0,591.54296875,0.0
39.0,50.0,0.003801625999813041,0.0,591.54296875,0.0
39.0,51.0,0.004822928999828946,100.0,591.54296875,0.0
39.0,52.0,0.004919758999903934,0.0,591.54296875,0.0
39.0,53.0,0.006350428999894575,100.0,591.54296875,0.0
39.0,54.0,0.003677659999993921,0.0,591.54296875,0.0
39.0,55.0,0.003888496999934432,100.0,591.546875,0.0
39.0,56.0,0.005188694000025862,0.0,591.546875,0.0
39.0,57.0,0.006181553000033091,100.0,591.546875,0.0
39.0,58.0,0.005968366000161041,50.0,591.546875,0.0
39.0,59.0,0.004927884999915477,0.0,591.546875,0.0
39.0,60.0,0.005887462000146115,100.0,591.546875,0.0
39.0,61.0,0.0037443100000018603,50.0,591.546875,0.0
39.0,62.0,0.004701125000110551,100.0,591.546875,0.0
39.0,63.0,0.004700331000094593,0.0,591.546875,0.0
39.0,64.0,0.004910755999844696,100.0,591.546875,0.0
39.0,65.0,0.004689303000077416,50.0,591.55078125,0.0
39.0,66.0,0.0062915350001730985,0.0,591.5546875,0.0
39.0,67.0,0.005084153000098013,100.0,591.5546875,0.0
39.0,68.0,0.0049125699999876815,0.0,591.5546875,0.0
39.0,69.0,0.004908403999934308,100.0,591.55859375,0.0
39.0,70.0,0.003922266000017771,0.0,591.55859375,0.0
39.0,71.0,0.0048717120000674186,100.0,591.55859375,0.0
39.0,72.0,0.003659278999975868,0.0,591.5625,0.0
39.0,73.0,0.004092089000096166,100.0,591.5625,0.0
39.0,74.0,0.003748387999849001,0.0,591.5625,0.0
39.0,75.0,0.003692920000048616,100.0,591.5625,0.0
39.0,76.0,0.006500389999928302,0.0,591.5625,0.0
39.0,77.0,0.005028851999895778,50.0,591.5625,0.0
39.0,78.0,0.006103928000129599,100.0,591.56640625,0.0
39.0,79.0,0.004970769999999902,0.0,591.56640625,0.0
39.0,80.0,0.0038101549998827977,100.0,591.56640625,0.0
39.0,81.0,0.005010508999930607,0.0,591.5703125,0.0
39.0,82.0,0.003505592000010438,100.0,591.5703125,0.0
39.0,83.0,0.004738350000025093,0.0,591.5703125,0.0
39.0,84.0,0.005072869000059654,100.0,591.5703125,0.0
39.0,85.0,0.006288763999918956,50.0,591.57421875,0.0
39.0,86.0,0.006137245999980223,0.0,591.57421875,0.0
39.0,87.0,0.004926035999915257,100.0,591.57421875,0.0
39.0,88.0,0.004858592999880784,0.0,591.57421875,0.0
39.0,89.0,0.004807239000001573,100.0,591.57421875,0.0
39.0,90.0,0.006364779000023191,50.0,591.578125,0.0
39.0,91.0,0.004833447999999407,0.0,591.578125,0.0
39.0,92.0,0.003510099000095579,100.0,591.578125,0.0
39.0,93.0,0.006511530999887327,0.0,591.578125,0.0
39.0,94.0,0.0061407329999383364,100.0,591.578125,0.0
39.0,95.0,0.004811979999885807,50.0,591.58203125,0.0
39.0,96.0,0.004866381000056208,0.0,591.58203125,0.0
39.0,97.0,0.004992015999960131,100.0,591.58203125,0.0
39.0,98.0,0.004868159000125161,0.0,591.58203125,0.0
39.0,99.0,0.006839517999878808,100.0,591.5859375,0.0
39.0,100.0,0.005859270999962973,50.0,591.59375,0.0
40.0,1.0,0.004874011000083556,0.0,591.59765625,0.0
40.0,2.0,0.004914624000093681,50.0,591.59765625,0.0
40.0,3.0,0.004834160000200427,0.0,591.59765625,0.0
40.0,4.0,0.004689173999850027,50.0,591.59765625,0.0
40.0,5.0,0.0036469090000537108,0.0,591.59765625,0.0
40.0,6.0,0.006321778000028644,50.0,591.6015625,0.0
40.0,7.0,0.00499412699991808,50.0,591.6015625,0.0
40.0,8.0,0.005976994999855378,0.0,591.6015625,0.0
40.0,9.0,0.005842254000071989,50.0,591.6015625,0.0
40.0,10.0,0.0035688989999016485,0.0,591.609375,0.0
40.0,11.0,0.006190129000060551,50.0,591.61328125,0.0
40.0,12.0,0.006718361000139339,50.0,591.61328125,0.0
40.0,13.0,0.0064610970000558154,50.0,591.61328125,0.0
40.0,14.0,0.0047539930001221364,0.0,591.61328125,0.0
40.0,15.0,0.0051311570000507345,50.0,591.61328125,0.0
40.0,16.0,0.005813377000094988,0.0,591.6171875,0.0
40.0,17.0,0.005205395000075441,50.0,591.6171875,0.0
40.0,18.0,0.007931915999961348,66.7,591.62109375,0.0
40.0,19.0,0.004548875999944357,0.0,591.62109375,0.0
40.0,20.0,0.006498203000091962,50.0,591.62109375,0.0
40.0,21.0,0.004926742000179729,50.0,591.62109375,0.0
40.0,22.0,0.004932503999953042,0.0,591.625,0.0
40.0,23.0,0.005066566000095918,50.0,591.625,0.0
40.0,24.0,0.0050511300000835035,0.0,591.62890625,0.0
40.0,25.0,0.0034912860000986257,50.0,591.62890625,0.0
40.0,26.0,0.003916067000091061,0.0,591.62890625,0.0
40.0,27.0,0.006191845000103058,50.0,591.6328125,0.0
40.0,28.0,0.0036073720000331377,0.0,591.6328125,0.0
40.0,29.0,0.003626146999977209,50.0,591.6328125,0.0
40.0,30.0,0.006071778999967137,100.0,591.6328125,0.0
40.0,31.0,0.0075049590000162425,50.0,591.6328125,0.0
40.0,32.0,0.006290591999913886,50.0,591.6328125,0.0
40.0,33.0,0.00517073200012419,100.0,591.6328125,0.0
40.0,34.0,0.005514657000048828,0.0,591.6328125,0.0
40.0,35.0,0.004708295000000362,100.0,591.6328125,0.0
40.0,36.0,0.003847014000029958,0.0,591.6328125,0.0
40.0,37.0,0.006958386000178507,100.0,591.6328125,0.0
40.0,38.0,0.005388941000092018,100.0,591.6328125,0.0
40.0,39.0,0.0067815239999617916,100.0,591.6328125,0.0
40.0,40.0,0.007105327000090256,100.0,591.6328125,0.0
40.0,41.0,0.00547041699996953,100.0,591.6328125,0.0
40.0,42.0,0.00755101099980493,100.0,591.65625,0.0
40.0,43.0,0.0071483599999737635,50.0,591.65625,0.0
40.0,44.0,0.003597807999994984,100.0,591.65625,0.0
40.0,45.0,0.0050300460000016756,0.0,591.65625,0.0
40.0,46.0,0.004718999000033364,100.0,591.65625,0.0
40.0,47.0,0.003949712000121508,0.0,591.65625,0.0
40.0,48.0,0.004748721999931149,100.0,591.65625,0.0
40.0,49.0,0.0051411309998457,0.0,591.65625,0.0
40.0,50.0,0.007853260999809208,100.0,591.65625,0.0
40.0,51.0,0.007463056999995388,50.0,591.65625,0.0
40.0,52.0,0.004892403999974704,0.0,591.65625,0.0
40.0,53.0,0.0036969389998375846,50.0,591.65625,0.0
40.0,54.0,0.009334445999911622,100.0,591.65625,0.0
40.0,55.0,0.007419377000132954,100.0,591.65625,0.0
40.0,56.0,0.005525235000050088,100.0,591.65625,0.0
40.0,57.0,0.005398891000140793,0.0,591.65625,0.0
40.0,58.0,0.00790804999996908,100.0,591.6640625,0.0
40.0,59.0,0.004977249999910782,0.0,591.6640625,0.0
40.0,60.0,0.003748710000081701,100.0,591.6640625,0.0
40.0,61.0,0.0037173639998400176,0.0,591.6640625,0.0
40.0,62.0,0.0056829430000107095,100.0,591.6640625,0.0
40.0,63.0,0.004865181000013763,50.0,591.6640625,0.0
40.0,64.0,0.003912800000080097,0.0,591.6640625,0.0
40.0,65.0,0.006439518999968641,50.0,591.6640625,0.0
40.0,66.0,0.004948776999981419,0.0,591.6640625,0.0
40.0,67.0,0.006036123000058069,100.0,591.6640625,0.0
40.0,68.0,0.0063673170000129176,50.0,591.6640625,0.0
40.0,69.0,0.007055863000005047,100.0,591.6640625,0.0
40.0,70.0,0.004447367000011582,100.0,591.6640625,0.0
40.0,71.0,0.003737189000048602,0.0,591.6640625,0.0
40.0,72.0,0.0035781730000508105,100.0,591.6640625,0.0
40.0,73.0,0.003615729999864925,0.0,591.6640625,0.0
40.0,74.0,0.006637982000029297,100.0,591.6640625,0.0
40.0,75.0,0.005204777000017202,0.0,591.6640625,0.0
40.0,76.0,0.006266519999826414,50.0,591.6640625,0.0
40.0,77.0,0.005297932000075889,100.0,591.66796875,0.0
40.0,78.0,0.00514897099992595,0.0,591.66796875,0.0
40.0,79.0,0.0068829239999104175,50.0,591.66796875,0.0
40.0,80.0,0.004915226000093753,0.0,591.66796875,0.0
40.0,81.0,0.003630062999945949,50.0,591.66796875,0.0
40.0,82.0,0.005045842000072298,0.0,591.66796875,0.0
40.0,83.0,0.006092995000017254,50.0,591.66796875,0.0
40.0,84.0,0.003741706000027989,100.0,591.671875,0.0
40.0,85.0,0.00680644899989602,0.0,591.671875,0.0
40.0,86.0,0.0037663709999833372,50.0,591.671875,0.0
40.0,87.0,0.008446507000144265,100.0,591.671875,0.0
40.0,88.0,0.006489296000154354,100.0,591.671875,0.0
40.0,89.0,0.0063903089999257645,50.0,591.67578125,0.0
40.0,90.0,0.005025588000080461,100.0,591.67578125,0.0
40.0,91.0,0.004018221000023914,0.0,591.67578125,0.0
40.0,92.0,0.006166187999951944,100.0,591.67578125,0.0
40.0,93.0,0.0037581859999136213,0.0,591.67578125,0.0
40.0,94.0,0.004971803999978874,100.0,591.67578125,0.0
40.0,95.0,0.0037499039999602246,0.0,591.6796875,0.0
40.0,96.0,0.0048210489999291894,100.0,591.6875,0.0
40.0,97.0,0.0037038179998489795,0.0,591.6875,0.0
40.0,98.0,0.0065333669999745325,100.0,591.6875,0.0
40.0,99.0,0.004899412000213488,0.0,591.6875,0.0
40.0,100.0,0.0035449879999305267,100.0,591.6875,0.0
41.0,1.0,0.006149803999960568,50.0,591.6953125,0.0
41.0,2.0,0.006027081999945949,100.0,591.6953125,0.0
41.0,3.0,0.006626551999943331,50.0,591.6953125,0.0
41.0,4.0,0.006519303000004584,100.0,591.6953125,0.0
41.0,5.0,0.006291051000061998,0.0,591.69921875,0.0
41.0,6.0,0.006929138000032253,50.0,591.69921875,0.0
41.0,7.0,0.0051749730000665295,100.0,591.69921875,0.0
41.0,8.0,0.004857837000145082,0.0,591.69921875,0.0
41.0,9.0,0.005013706999989154,100.0,591.69921875,0.0
41.0,10.0,0.0035548660000586096,0.0,591.69921875,0.0
41.0,11.0,0.0037951340000290656,100.0,591.69921875,0.0
41.0,12.0,0.00374851700007639,0.0,591.69921875,0.0
41.0,13.0,0.005163664000065182,100.0,591.69921875,0.0
41.0,14.0,0.0036162310000236175,50.0,591.703125,0.0
41.0,15.0,0.004850906999990912,100.0,591.703125,0.0
41.0,16.0,0.005971786999907636,50.0,591.703125,0.0
41.0,17.0,0.003694154999948296,0.0,591.703125,0.0
41.0,18.0,0.005320499999925232,50.0,591.703125,0.0
41.0,19.0,0.005430161999811389,0.0,591.70703125,0.0
41.0,20.0,0.004796674000090206,50.0,591.70703125,0.0
41.0,21.0,0.005027151999911439,0.0,591.70703125,0.0
41.0,22.0,0.005881339000097796,50.0,591.70703125,0.0
41.0,23.0,0.004905807000113782,50.0,591.70703125,0.0
41.0,24.0,0.005907062000005681,0.0,591.7109375,0.0
41.0,25.0,0.003649861999974746,50.0,591.7109375,0.0
41.0,26.0,0.00612420800007385,0.0,591.7109375,0.0
41.0,27.0,0.006145828000171605,50.0,591.7109375,0.0
41.0,28.0,0.006052121000038824,50.0,591.7109375,0.0
41.0,29.0,0.003494017999855714,0.0,591.7109375,0.0
41.0,30.0,0.004889756000011403,50.0,591.7109375,0.0
41.0,31.0,0.005004776000077982,0.0,591.7109375,0.0
41.0,32.0,0.005966474999922866,50.0,591.7109375,0.0
41.0,33.0,0.005047545000024911,0.0,591.7109375,0.0
41.0,34.0,0.004763078999985737,100.0,591.71484375,0.0
41.0,35.0,0.0037207000000307744,0.0,591.71484375,0.0
41.0,36.0,0.005000009000013961,100.0,591.71484375,0.0
41.0,37.0,0.0044109450000178185,50.0,591.71484375,0.0
41.0,38.0,0.0049554160000298,0.0,591.71875,0.0
41.0,39.0,0.0060830889999579085,50.0,591.71875,0.0
41.0,40.0,0.005654828000160705,0.0,591.71875,0.0
41.0,41.0,0.005298512999843297,50.0,591.71875,0.0
41.0,42.0,0.003646928000080152,0.0,591.71875,0.0
41.0,43.0,0.004806105000170646,100.0,591.71875,0.0
41.0,44.0,0.005069755000022269,50.0,591.7265625,0.0
41.0,45.0,0.00471746199991685,0.0,591.7265625,0.0
41.0,46.0,0.006576757999937399,50.0,591.7265625,0.0
41.0,47.0,0.00494970599993394,50.0,591.7265625,0.0
41.0,48.0,0.005333025000027192,0.0,591.7265625,0.0
41.0,49.0,0.004785463999951389,50.0,591.7265625,0.0
41.0,50.0,0.004969225999957416,0.0,591.73046875,0.0
41.0,51.0,0.0047109490001275844,50.0,591.73046875,0.0
41.0,52.0,0.006097531000023082,0.0,591.73046875,0.0
41.0,53.0,0.006395507999968686,100.0,591.734375,0.0
41.0,54.0,0.0062593990001005295,50.0,591.734375,0.0
41.0,55.0,0.007075748000033855,50.0,591.734375,0.0
41.0,56.0,0.006107422000013685,0.0,591.734375,0.0
41.0,57.0,0.0051399190001575334,50.0,591.734375,0.0
41.0,58.0,0.0050561570001264045,50.0,591.734375,0.0
41.0,59.0,0.003761596999993344,0.0,591.734375,0.0
41.0,60.0,0.005060204000074009,50.0,591.734375,0.0
41.0,61.0,0.0048092539998378925,0.0,591.734375,0.0
41.0,62.0,0.005003966000003857,50.0,591.73828125,0.0
41.0,63.0,0.003988200999856417,0.0,591.73828125,0.0
41.0,64.0,0.005007068999930198,50.0,591.73828125,0.0
41.0,65.0,0.005071655999927316,0.0,591.73828125,0.0
41.0,66.0,0.005949979999968491,50.0,591.73828125,0.0
41.0,67.0,0.005957890999980009,50.0,591.73828125,0.0
41.0,68.0,0.006540367000070546,0.0,591.7578125,0.0
41.0,69.0,0.005987881999999445,50.0,591.7578125,0.0
41.0,70.0,0.006504046999907587,50.0,591.765625,0.0
41.0,71.0,0.006062385999939579,100.0,591.765625,0.0
41.0,72.0,0.006269431999953667,0.0,591.765625,0.0
41.0,73.0,0.0035647330000756483,50.0,591.765625,0.0
41.0,74.0,0.005206123999869305,0.0,591.765625,0.0
41.0,75.0,0.003860608999957549,50.0,591.765625,0.0
41.0,76.0,0.004907965000029435,0.0,591.765625,0.0
41.0,77.0,0.004988311000033718,50.0,591.765625,0.0
41.0,78.0,0.004803683000091041,100.0,591.765625,0.0
41.0,79.0,0.0035582980001436226,0.0,591.765625,0.0
41.0,80.0,0.006801085000006424,100.0,591.76953125,0.0
41.0,81.0,0.008004755000001751,66.7,591.76953125,0.0
41.0,82.0,0.004543985999816869,0.0,591.76953125,0.0
41.0,83.0,0.004211358000020482,100.0,591.76953125,0.0
41.0,84.0,0.0038164899999628688,0.0,591.76953125,0.0
41.0,85.0,0.0037684310000258847,100.0,591.76953125,0.0
41.0,86.0,0.006453817999954481,0.0,591.83984375,0.0
41.0,87.0,0.003766003999999157,50.0,591.83984375,0.0
41.0,88.0,0.004139199000064764,0.0,591.83984375,0.0
41.0,89.0,0.005215623999902164,50.0,591.83984375,0.0
41.0,90.0,0.004783258999850659,0.0,591.83984375,0.0
41.0,91.0,0.003731496000000334,50.0,591.83984375,0.0
41.0,92.0,0.006092062000107035,100.0,591.84375,0.0
41.0,93.0,0.0037755460000425956,0.0,591.84375,0.0
41.0,94.0,0.004847836999942956,100.0,591.84375,0.0
41.0,95.0,0.005472893999922235,0.0,591.84375,0.0
41.0,96.0,0.0050805179998860694,100.0,591.84375,0.0
41.0,97.0,0.0069315260000166745,50.0,591.84375,0.0
41.0,98.0,0.005483940999965853,0.0,591.84375,0.0
41.0,99.0,0.004838018000100419,100.0,591.84375,0.0
41.0,100.0,0.004762921000065035,0.0,591.84375,0.0
42.0,1.0,0.004891284999985146,100.0,591.84375,0.0
42.0,2.0,0.005480089999991833,50.0,591.84765625,0.0
42.0,3.0,0.005401714999834439,0.0,591.8515625,0.0
42.0,4.0,0.006223074999979872,100.0,591.8515625,0.0
42.0,5.0,0.005003346999956193,0.0,591.8515625,0.0
42.0,6.0,0.006197917999998026,50.0,591.8515625,0.0
42.0,7.0,0.006423025999993115,100.0,591.85546875,0.0
42.0,8.0,0.00527409100004661,100.0,591.85546875,0.0
42.0,9.0,0.0070344890000342275,100.0,591.85546875,0.0
42.0,10.0,0.0074985539999943285,100.0,591.859375,0.0
42.0,11.0,0.005150149999963105,100.0,591.859375,0.0
42.0,12.0,0.006395322999878772,50.0,591.859375,0.0
42.0,13.0,0.006049419999953898,100.0,591.86328125,0.0
42.0,14.0,0.009997652000038215,100.0,591.86328125,0.0
42.0,15.0,0.0070155689998046,100.0,591.86328125,0.0
42.0,16.0,0.011507018000202152,100.0,591.8671875,0.0
42.0,17.0,0.008768877999955293,50.0,591.8671875,0.0
42.0,18.0,0.007592075999809822,100.0,591.8671875,0.0
42.0,19.0,0.0070766119999916555,100.0,591.8671875,0.0
42.0,20.0,0.005467664999969202,100.0,591.87109375,0.0
42.0,21.0,0.01002563400015788,100.0,591.87890625,0.0
42.0,22.0,0.009035714999981792,100.0,591.87890625,0.0
42.0,23.0,0.009332162000191602,100.0,591.87890625,0.0
42.0,24.0,0.005767742999978509,100.0,591.87890625,0.0
42.0,25.0,0.007791464000092674,100.0,591.87890625,0.0
42.0,26.0,0.00703013799989094,100.0,591.87890625,0.0
42.0,27.0,0.006981178000160071,100.0,591.8828125,0.0
42.0,28.0,0.007863300000053641,100.0,591.8828125,0.0
42.0,29.0,0.004768682000076296,100.0,591.8828125,0.0
42.0,30.0,0.006380624000030366,100.0,591.8828125,0.0
42.0,31.0,0.004759281000133342,100.0,591.8828125,0.0
42.0,32.0,0.0053039899999021145,100.0,591.8828125,0.0
42.0,33.0,0.008295440999972925,100.0,591.9453125,0.0
42.0,34.0,0.00805319000005511,100.0,591.9453125,0.0
42.0,35.0,0.005877613999928144,100.0,591.9453125,0.0
42.0,36.0,0.0066738250000071275,100.0,591.9453125,0.0
42.0,37.0,0.0062853590000031545,100.0,591.9453125,0.0
42.0,38.0,0.0064581720000660425,100.0,591.9453125,0.0
42.0,39.0,0.006488726000043243,100.0,591.9453125,0.0
42.0,40.0,0.004778955999881873,100.0,591.9453125,0.0
42.0,41.0,0.0053475770000659395,100.0,591.9453125,0.0
42.0,42.0,0.005473528000038641,100.0,591.9453125,0.0
42.0,43.0,0.00718468800005212,100.0,591.953125,0.0
42.0,44.0,0.0053271159999894735,100.0,591.953125,0.0
42.0,45.0,0.005836688999806938,100.0,591.953125,0.0
42.0,46.0,0.007656937000092512,100.0,591.953125,0.0
42.0,47.0,0.008343746000036845,100.0,591.953125,0.0
42.0,48.0,0.0050880489998235134,100.0,591.953125,0.0
42.0,49.0,0.00822355700006483,100.0,591.953125,0.0
42.0,50.0,0.006845307000048706,100.0,591.953125,0.0
42.0,51.0,0.006423800999982632,100.0,591.95703125,0.0
42.0,52.0,0.00828385599993453,100.0,591.95703125,0.0
42.0,53.0,0.007897206999814443,100.0,591.95703125,0.0
42.0,54.0,0.007072638999943592,100.0,591.95703125,0.0
42.0,55.0,0.006170356999973592,66.7,591.95703125,0.0
42.0,56.0,0.0075790230000620795,100.0,591.9609375,0.0
42.0,57.0,0.0059171789998799795,100.0,591.9609375,0.0
42.0,58.0,0.005474478999985877,100.0,591.9609375,0.0
42.0,59.0,0.010354430999996111,100.0,591.9609375,0.0
42.0,60.0,0.008640147999813053,100.0,591.9609375,0.0
42.0,61.0,0.00876716400011901,100.0,591.9609375,0.0
42.0,62.0,0.009505667999974321,100.0,591.96484375,0.0
42.0,63.0,0.004868275000035283,100.0,591.96484375,0.0
42.0,64.0,0.004729284999939409,100.0,591.96484375,0.0
42.0,65.0,0.008362482999928034,100.0,591.96484375,0.0
42.0,66.0,0.00647819999994681,100.0,591.96484375,0.0
42.0,67.0,0.008165726000015638,100.0,591.96484375,0.0
42.0,68.0,0.006538401000170779,100.0,591.96484375,0.0
42.0,69.0,0.004788123000025735,100.0,591.96484375,0.0
42.0,70.0,0.007058423999978913,100.0,591.96484375,0.0
42.0,71.0,0.009020009999858303,100.0,591.96484375,0.0
42.0,72.0,0.004942561000007117,100.0,591.96484375,0.0
42.0,73.0,0.0049353379999956815,100.0,591.96484375,0.0
42.0,74.0,0.006531967999990229,100.0,591.96484375,0.0
42.0,75.0,0.00817142400001103,100.0,591.96484375,0.0
42.0,76.0,0.0078777749999972,100.0,591.96484375,0.0
42.0,77.0,0.00631102300008024,100.0,591.96484375,0.0
42.0,78.0,0.004685621999897194,100.0,591.96484375,0.0
42.0,79.0,0.006640101999892067,100.0,591.96484375,0.0
42.0,80.0,0.008180760999948689,100.0,591.96484375,0.0
42.0,81.0,0.005011048000142182,100.0,591.96484375,0.0
42.0,82.0,0.007325034000132291,100.0,591.96484375,0.0
42.0,83.0,0.0069128789998558204,100.0,591.96484375,0.0
42.0,84.0,0.008267912999826876,100.0,591.96484375,0.0
42.0,85.0,0.006594800000129908,100.0,591.96484375,0.0
42.0,86.0,0.006733300999940184,100.0,591.96484375,0.0
42.0,87.0,0.006685731000061423,100.0,591.96484375,0.0
42.0,88.0,0.006296176999967429,100.0,591.96484375,0.0
42.0,89.0,0.008039144999884229,100.0,591.96875,0.0
42.0,90.0,0.006320319999986168,100.0,591.96875,0.0
42.0,91.0,0.006669789000170567,100.0,591.96875,0.0
42.0,92.0,0.007902277999846774,100.0,591.96875,0.0
42.0,93.0,0.006387043000131598,100.0,591.96875,0.0
42.0,94.0,0.0065040660001614015,100.0,591.96875,0.0
42.0,95.0,0.008123565000005328,100.0,591.97265625,0.0
42.0,96.0,0.008189255999923262,100.0,591.9765625,0.0
42.0,97.0,0.008210682000026281,100.0,591.9765625,0.0
42.0,98.0,0.008326183000008314,100.0,591.98046875,0.0
42.0,99.0,0.0049731969997992564,100.0,591.98046875,0.0
42.0,100.0,0.006591714000023785,100.0,591.98046875,0.0
43.0,1.0,0.004732827999987421,100.0,591.98046875,0.0
43.0,2.0,0.008208053999851472,100.0,591.98046875,0.0
43.0,3.0,0.006505142000150954,100.0,591.98046875,0.0
43.0,4.0,0.006446519000064654,100.0,591.98046875,0.0
43.0,5.0,0.007888113999797497,100.0,591.98046875,0.0
43.0,6.0,0.006678231000023516,100.0,591.98046875,0.0
43.0,7.0,0.006600451999929646,100.0,591.984375,0.0
43.0,8.0,0.006806768999922497,100.0,591.984375,0.0
43.0,9.0,0.00657560900003773,100.0,591.984375,0.0
43.0,10.0,0.0048520640000333515,100.0,591.984375,0.0
43.0,11.0,0.008179769999969722,100.0,591.984375,0.0
43.0,12.0,0.00896767200015347,100.0,591.984375,0.0
43.0,13.0,0.005805064000014681,100.0,591.98828125,0.0
43.0,14.0,0.00941508599998997,100.0,591.98828125,0.0
43.0,15.0,0.007392335000076855,100.0,591.98828125,0.0
43.0,16.0,0.004948975999923277,100.0,591.98828125,0.0
43.0,17.0,0.005407629000046654,100.0,591.98828125,0.0
43.0,18.0,0.0066968860000997665,100.0,591.9921875,0.0
43.0,19.0,0.008016793999786387,100.0,591.9921875,0.0
43.0,20.0,0.0063940800000636955,100.0,591.9921875,0.0
43.0,21.0,0.004824544000030073,100.0,591.9921875,0.0
43.0,22.0,0.006303176000074018,100.0,591.9921875,0.0
43.0,23.0,0.008580446999985725,100.0,591.9921875,0.0
43.0,24.0,0.0063964759999635135,100.0,591.9921875,0.0
43.0,25.0,0.006721454999933485,100.0,591.9921875,0.0
43.0,26.0,0.006493223000006765,100.0,591.9921875,0.0
43.0,27.0,0.007959567000170864,100.0,591.9921875,0.0
43.0,28.0,0.009870622999869738,100.0,591.99609375,0.0
43.0,29.0,0.005070225000054052,100.0,591.99609375,0.0
43.0,30.0,0.004907823999928951,100.0,591.99609375,0.0
43.0,31.0,0.005885749000071883,100.0,591.99609375,0.0
43.0,32.0,0.006763920000139478,100.0,591.99609375,0.0
43.0,33.0,0.007893107999962012,100.0,591.99609375,0.0
43.0,34.0,0.004746150000073612,100.0,591.99609375,0.0
43.0,35.0,0.006719800999917425,100.0,591.99609375,0.0
43.0,36.0,0.008030855000015436,100.0,591.99609375,0.0
43.0,37.0,0.009185914999989109,100.0,591.99609375,0.0
43.0,38.0,0.010345366000137801,100.0,592.0,0.0
43.0,39.0,0.012224017000107779,100.0,592.0078125,0.0
43.0,40.0,0.00596693299985418,100.0,592.0078125,0.0
43.0,41.0,0.004971134000015809,100.0,592.0078125,0.0
43.0,42.0,0.010251995999851715,100.0,592.0078125,0.0
43.0,43.0,0.008667779999996128,100.0,592.0078125,0.0
43.0,44.0,0.005463822999900003,100.0,592.0078125,0.0
43.0,45.0,0.008829799000068306,100.0,592.01171875,0.0
43.0,46.0,0.006882239999868034,100.0,592.01171875,0.0
43.0,47.0,0.008070181999983106,100.0,592.01171875,0.0
43.0,48.0,0.004751074000068911,100.0,592.01171875,0.0
43.0,49.0,0.004848499999980049,100.0,592.01171875,0.0
43.0,50.0,0.00816128899987234,100.0,592.01953125,0.0
43.0,51.0,0.006541233000007196,100.0,592.01953125,0.0
43.0,52.0,0.008061641000040254,100.0,592.01953125,0.0
43.0,53.0,0.008271638999985953,100.0,592.01953125,0.0
43.0,54.0,0.004908830999966085,100.0,592.0234375,0.0
43.0,55.0,0.008229790999848774,100.0,592.0234375,0.0
43.0,56.0,0.006688209999992978,100.0,592.02734375,0.0
43.0,57.0,0.006713614000091184,100.0,592.02734375,0.0
43.0,58.0,0.006587445999912234,100.0,592.02734375,0.0
43.0,59.0,0.006551210999987234,100.0,592.03125,0.0
43.0,60.0,0.006681651999997484,100.0,592.03125,0.0
43.0,61.0,0.008411967000029108,100.0,592.03515625,0.0
43.0,62.0,0.004946992999975919,100.0,592.03515625,0.0
43.0,63.0,0.008305166000127429,100.0,592.03515625,0.0
43.0,64.0,0.0066498090000095544,100.0,592.0390625,0.0
43.0,65.0,0.004956290999871271,100.0,592.0390625,0.0
43.0,66.0,0.006619721000106438,100.0,592.0390625,0.0
43.0,67.0,0.0047825169999669015,100.0,592.04296875,0.0
43.0,68.0,0.006350101000180075,100.0,592.04296875,0.0
43.0,69.0,0.004812917999970523,100.0,592.046875,0.0
43.0,70.0,0.007946865999883812,100.0,592.046875,0.0
43.0,71.0,0.009407774999999674,100.0,592.046875,0.0
43.0,72.0,0.007216448999997738,100.0,592.12109375,0.0
43.0,73.0,0.006794465999973909,100.0,592.125,0.0
43.0,74.0,0.005018151000058424,100.0,592.125,0.0
43.0,75.0,0.007265288999860786,100.0,592.125,0.0
43.0,76.0,0.007476477000182058,100.0,592.125,0.0
43.0,77.0,0.004814649000081772,100.0,592.125,0.0
43.0,78.0,0.006611725000084334,100.0,592.12890625,0.0
43.0,79.0,0.005465692000143463,100.0,592.1328125,0.0
43.0,80.0,0.006785094999941066,100.0,592.1328125,0.0
43.0,81.0,0.004731840999966153,100.0,592.1328125,0.0
43.0,82.0,0.00638885700004721,100.0,592.1328125,0.0
43.0,83.0,0.006626267000001462,100.0,592.1328125,0.0
43.0,84.0,0.008898815000065952,100.0,592.1328125,0.0
43.0,85.0,0.0063877689999571885,100.0,592.13671875,0.0
43.0,86.0,0.006404901999985668,100.0,592.13671875,0.0
43.0,87.0,0.006416326000135086,100.0,592.13671875,0.0
43.0,88.0,0.006576383000037822,100.0,592.140625,0.0
43.0,89.0,0.0063341659999878175,100.0,592.140625,0.0
43.0,90.0,0.007036525000103211,100.0,592.140625,0.0
43.0,91.0,0.008104362000040055,100.0,592.140625,0.0
43.0,92.0,0.004847255999948175,100.0,592.140625,0.0
43.0,93.0,0.004917610000120476,100.0,592.140625,0.0
43.0,94.0,0.006744157000184714,100.0,592.140625,0.0
43.0,95.0,0.00645045500004926,100.0,592.140625,0.0
43.0,96.0,0.004821558999992703,100.0,592.140625,0.0
43.0,97.0,0.007918418000144811,100.0,592.140625,0.0
43.0,98.0,0.006587488999912239,100.0,592.140625,0.0
43.0,99.0,0.006367207000039343,100.0,592.140625,0.0
43.0,100.0,0.006695634999914546,100.0,592.140625,0.0
44.0,1.0,0.007983595000041532,100.0,592.140625,0.0
44.0,2.0,0.008247576000030676,100.0,592.140625,0.0
44.0,3.0,0.004886563999889404,100.0,592.140625,0.0
44.0,4.0,0.006597145000114324,100.0,592.140625,0.0
44.0,5.0,0.006374993999997969,100.0,592.140625,0.0
44.0,6.0,0.004994025000087277,100.0,592.140625,0.0
44.0,7.0,0.0066225380001014855,100.0,592.140625,0.0
44.0,8.0,0.006801629000165121,100.0,592.140625,0.0
44.0,9.0,0.004961940999919534,100.0,592.140625,0.0
44.0,10.0,0.0068007800000486895,100.0,592.140625,0.0
44.0,11.0,0.0072946699999647535,100.0,592.140625,0.0
44.0,12.0,0.007273066000152539,100.0,592.140625,0.0
44.0,13.0,0.005625564999945709,100.0,592.140625,0.0
44.0,14.0,0.007371863999878769,100.0,592.140625,0.0
44.0,15.0,0.00904528199998822,100.0,592.140625,0.0
44.0,16.0,0.007885613999860652,100.0,592.140625,0.0
44.0,17.0,0.005054299999983414,100.0,592.140625,0.0
44.0,18.0,0.00851191300012033,100.0,592.140625,0.0
44.0,19.0,0.005939390000094136,100.0,592.21484375,0.0
44.0,20.0,0.007136980000041149,100.0,592.21484375,0.0
44.0,21.0,0.0072234059998663724,100.0,592.21484375,0.0
44.0,22.0,0.010705983000207198,100.0,592.21484375,0.0
44.0,23.0,0.005475719999822104,0.0,592.21484375,0.0
44.0,24.0,0.005597584000042843,100.0,592.21484375,0.0
44.0,25.0,0.005077696999933323,100.0,592.21484375,0.0
44.0,26.0,0.0073571339999034535,100.0,592.21484375,0.0
44.0,27.0,0.004688585999929273,0.0,592.21484375,0.0
44.0,28.0,0.00904318100015189,100.0,592.21484375,0.0
44.0,29.0,0.008613999000090189,100.0,592.21484375,0.0
44.0,30.0,0.006968419999793696,100.0,592.21484375,0.0
44.0,31.0,0.0055110920000061014,100.0,592.21484375,0.0
44.0,32.0,0.005359000999987984,0.0,592.21484375,0.0
44.0,33.0,0.008765545999949609,100.0,592.21484375,0.0
44.0,34.0,0.005497263999814095,100.0,592.21875,0.0
44.0,35.0,0.008417474999987462,100.0,592.21875,0.0
44.0,36.0,0.005145518000063021,100.0,592.21875,0.0
44.0,37.0,0.008279998000034539,100.0,592.21875,0.0
44.0,38.0,0.005987819999972999,100.0,592.21875,0.0
44.0,39.0,0.0048456590000114375,100.0,592.21875,0.0
44.0,40.0,0.007419540999990204,100.0,592.21875,0.0
44.0,41.0,0.00893323600007534,100.0,592.21875,0.0
44.0,42.0,0.00707924199991794,100.0,592.21875,0.0
44.0,43.0,0.007160302000102092,100.0,592.21875,0.0
44.0,44.0,0.00850887300020986,100.0,592.22265625,0.0
44.0,45.0,0.004978687000175341,100.0,592.22265625,0.0
44.0,46.0,0.006340643999919848,100.0,592.22265625,0.0
44.0,47.0,0.004825686999993195,100.0,592.22265625,0.0
44.0,48.0,0.0066804949999550445,100.0,592.22265625,0.0
44.0,49.0,0.0048379339998518844,100.0,592.22265625,0.0
44.0,50.0,0.004853208000213272,100.0,592.22265625,0.0
44.0,51.0,0.007861900999841964,100.0,592.22265625,0.0
44.0,52.0,0.005612702999997055,100.0,592.22265625,0.0
44.0,53.0,0.0044981539999753295,100.0,592.2265625,0.0
44.0,54.0,0.009276558999999907,100.0,592.2265625,0.0
44.0,55.0,0.0069772220001596,100.0,592.23046875,0.0
44.0,56.0,0.006466993999993065,100.0,592.23046875,0.0
44.0,57.0,0.008439267000085238,100.0,592.23046875,0.0
44.0,58.0,0.006625270999847999,100.0,592.23046875,0.0
44.0,59.0,0.006512581999913891,100.0,592.23046875,0.0
44.0,60.0,0.008274028000187172,100.0,592.23046875,0.0
44.0,61.0,0.006663577000153964,100.0,592.23046875,0.0
44.0,62.0,0.006487183999979607,100.0,592.23046875,0.0
44.0,63.0,0.004912985999908415,100.0,592.23046875,0.0
44.0,64.0,0.006574588999910702,100.0,592.234375,0.0
44.0,65.0,0.008319684999833044,100.0,592.24609375,0.0
44.0,66.0,0.004769152000108079,100.0,592.24609375,0.0
44.0,67.0,0.005016772000089986,100.0,592.24609375,0.0
44.0,68.0,0.006616736000069068,100.0,592.24609375,0.0
44.0,69.0,0.006382675000168092,100.0,592.24609375,0.0
44.0,70.0,0.004836600000089675,100.0,592.24609375,0.0
44.0,71.0,0.006673445999922478,100.0,592.25390625,0.0
44.0,72.0,0.006703453000000081,100.0,592.2578125,0.0
44.0,73.0,0.00645294599985391,100.0,592.2578125,0.0
44.0,74.0,0.00533255300001656,100.0,592.2578125,0.0
44.0,75.0,0.00569868000002316,100.0,592.2578125,0.0
44.0,76.0,0.008913250999967204,100.0,592.2578125,0.0
44.0,77.0,0.008119335000174033,100.0,592.26171875,0.0
44.0,78.0,0.008838794999974198,100.0,592.26171875,0.0
44.0,79.0,0.007074785999975575,100.0,592.26171875,0.0
44.0,80.0,0.009420672000032937,100.0,592.26171875,0.0
44.0,81.0,0.00578669199990145,100.0,592.26171875,0.0
44.0,82.0,0.005610104999959731,100.0,592.26171875,0.0
44.0,83.0,0.005872095000086119,100.0,592.26953125,0.0
44.0,84.0,0.007192759999952614,100.0,592.26953125,0.0
44.0,85.0,0.00862110399998528,100.0,592.26953125,0.0
44.0,86.0,0.008682521999844539,100.0,592.26953125,0.0
44.0,87.0,0.007066302999874097,100.0,592.26953125,0.0
44.0,88.0,0.006237122999891653,100.0,592.26953125,0.0
44.0,89.0,0.009436927000024298,100.0,592.2734375,0.0
44.0,90.0,0.009596639000164942,100.0,592.2734375,0.0
44.0,91.0,0.007251577000033649,100.0,592.2734375,0.0
44.0,92.0,0.008108516999982385,50.0,592.2734375,0.0
44.0,93.0,0.007600335000006453,100.0,592.2734375,0.0
44.0,94.0,0.005316591999871889,100.0,592.28125,0.0
44.0,95.0,0.00938928899995517,100.0,592.28125,0.0
44.0,96.0,0.007569190000140225,100.0,592.28515625,0.0
44.0,97.0,0.007125180000002729,100.0,592.28515625,0.0
44.0,98.0,0.007356701999924553,100.0,592.28515625,0.0
44.0,99.0,0.009265544000072623,100.0,592.2890625,0.0
44.0,100.0,0.009210453999912716,100.0,592.2890625,0.0
45.0,1.0,0.011336072999938551,100.0,592.2890625,0.0
45.0,2.0,0.00771954799984087,100.0,592.2890625,0.0
45.0,3.0,0.008946109000135039,100.0,592.29296875,0.0
45.0,4.0,0.005422300999953222,100.0,592.29296875,0.0
45.0,5.0,0.0075200759999916045,100.0,592.296875,0.0
45.0,6.0,0.0074120669999047095,100.0,592.296875,0.0
45.0,7.0,0.005332075000069381,100.0,592.296875,0.0
45.0,8.0,0.009251113000118494,100.0,592.296875,0.0
45.0,9.0,0.0055783660000088275,100.0,592.296875,0.0
45.0,10.0,0.00821975899998506,100.0,592.296875,0.0
45.0,11.0,0.0092139490000136,100.0,592.30078125,0.0
45.0,12.0,0.008178413999985423,66.7,592.30078125,0.0
45.0,13.0,0.008368356000119093,100.0,592.30078125,0.0
45.0,14.0,0.006058074000065972,100.0,592.3046875,0.0
45.0,15.0,0.009799550000025192,100.0,592.3046875,0.0
45.0,16.0,0.006027574999961871,100.0,592.30859375,0.0
45.0,17.0,0.00602676300013627,100.0,592.30859375,0.0
45.0,18.0,0.005662278000045262,100.0,592.30859375,0.0
45.0,19.0,0.008227648000001864,100.0,592.30859375,0.0
45.0,20.0,0.009268485000120563,100.0,592.30859375,0.0
45.0,21.0,0.008978114999990794,100.0,592.30859375,0.0
45.0,22.0,0.007479282999838688,100.0,592.31640625,0.0
45.0,23.0,0.008874947000094835,100.0,592.31640625,0.0
45.0,24.0,0.008946733999891876,100.0,592.3203125,0.0
45.0,25.0,0.007151442000122188,100.0,592.3203125,0.0
45.0,26.0,0.007205559000112771,100.0,592.3203125,0.0
45.0,27.0,0.00723213800006306,100.0,592.32421875,0.0
45.0,28.0,0.00696780399994168,100.0,592.32421875,0.0
45.0,29.0,0.005308681000087745,100.0,592.32421875,0.0
45.0,30.0,0.008963262999941435,100.0,592.32421875,0.0
45.0,31.0,0.007384903000001941,100.0,592.32421875,0.0
45.0,32.0,0.007496436999872458,100.0,592.32421875,0.0
45.0,33.0,0.005665819000114425,100.0,592.32421875,0.0
45.0,34.0,0.009326421999958256,100.0,592.32421875,0.0
45.0,35.0,0.009287117999974726,100.0,592.32421875,0.0
45.0,36.0,0.00612603600006878,100.0,592.32421875,0.0
45.0,37.0,0.005999006999900303,50.0,592.32421875,0.0
45.0,38.0,0.004932676999942487,100.0,592.32421875,0.0
45.0,39.0,0.003688610999915909,0.0,592.32421875,0.0
45.0,40.0,0.005003178999913871,100.0,592.32421875,0.0
45.0,41.0,0.003972978999854604,50.0,592.32421875,0.0
45.0,42.0,0.005022546999953192,0.0,592.32421875,0.0
45.0,43.0,0.006566699999893899,50.0,592.32421875,0.0
45.0,44.0,0.005385096000054546,0.0,592.32421875,0.0
45.0,45.0,0.006434381999952166,100.0,592.32421875,0.0
45.0,46.0,0.00654292100011844,50.0,592.32421875,0.0
45.0,47.0,0.003934430999834149,0.0,592.32421875,0.0
45.0,48.0,0.006556570999919131,100.0,592.32421875,0.0
45.0,49.0,0.0038460289999875386,50.0,592.32421875,0.0
45.0,50.0,0.005547314000068582,0.0,592.32421875,0.0
45.0,51.0,0.006165982000084114,50.0,592.32421875,0.0
45.0,52.0,0.006591474000060771,50.0,592.32421875,0.0
45.0,53.0,0.006419285999982094,0.0,592.328125,0.0
45.0,54.0,0.0050247619999481685,100.0,592.328125,0.0
45.0,55.0,0.006295877999946242,50.0,592.328125,0.0
45.0,56.0,0.003955302000122174,0.0,592.328125,0.0
45.0,57.0,0.00450799400005053,50.0,592.328125,0.0
45.0,58.0,0.006559920999961832,0.0,592.328125,0.0
45.0,59.0,0.003939123000009204,50.0,592.328125,0.0
45.0,60.0,0.004928242000005412,0.0,592.328125,0.0
45.0,61.0,0.0038789390000601998,100.0,592.328125,0.0
45.0,62.0,0.005115254999964236,0.0,592.328125,0.0
45.0,63.0,0.0038095340000836586,100.0,592.328125,0.0
45.0,64.0,0.005146889000116062,0.0,592.328125,0.0
45.0,65.0,0.0064924109999537905,100.0,592.328125,0.0
45.0,66.0,0.005379229000027408,50.0,592.328125,0.0
45.0,67.0,0.006294454999988375,50.0,592.328125,0.0
45.0,68.0,0.0044417609999527485,0.0,592.328125,0.0
45.0,69.0,0.008611427000005278,100.0,592.328125,0.0
45.0,70.0,0.007670587999882628,50.0,592.328125,0.0
45.0,71.0,0.005386237000038818,50.0,592.328125,0.0
45.0,72.0,0.004932566999968913,0.0,592.328125,0.0
45.0,73.0,0.005114120999905936,50.0,592.328125,0.0
45.0,74.0,0.005249424000112413,0.0,592.328125,0.0
45.0,75.0,0.005164442000022973,50.0,592.328125,0.0
45.0,76.0,0.0036660790001405985,0.0,592.328125,0.0
45.0,77.0,0.005121381999970254,50.0,592.328125,0.0
45.0,78.0,0.003712773999950514,0.0,592.328125,0.0
45.0,79.0,0.0049984729998868715,50.0,592.328125,0.0
45.0,80.0,0.006329311000172311,50.0,592.328125,0.0
45.0,81.0,0.006530541000074663,0.0,592.328125,0.0
45.0,82.0,0.003995739000174581,50.0,592.33203125,0.0
45.0,83.0,0.005160559000159992,0.0,592.33203125,0.0
45.0,84.0,0.003898322999930315,50.0,592.33203125,0.0
45.0,85.0,0.0042040089999773045,0.0,592.33203125,0.0
45.0,86.0,0.006450686999869504,50.0,592.33203125,0.0
45.0,87.0,0.005356575000178054,50.0,592.33203125,0.0
45.0,88.0,0.00496340999984568,0.0,592.33203125,0.0
45.0,89.0,0.004897870000149851,50.0,592.3359375,0.0
45.0,90.0,0.004078639999988809,0.0,592.3359375,0.0
45.0,91.0,0.0051933659999576776,50.0,592.33984375,0.0
45.0,92.0,0.0037721310000051744,100.0,592.33984375,0.0
45.0,93.0,0.0063535660001434735,0.0,592.33984375,0.0
45.0,94.0,0.005412252000041917,50.0,592.33984375,0.0
45.0,95.0,0.004940535000059754,100.0,592.34375,0.0
45.0,96.0,0.004046787000106633,0.0,592.34375,0.0
45.0,97.0,0.005384532000107356,100.0,592.34375,0.0
45.0,98.0,0.006789405000063198,0.0,592.34375,0.0
45.0,99.0,0.006578663000027518,50.0,592.46875,0.0
45.0,100.0,0.004973868999968545,100.0,592.47265625,0.0
46.0,1.0,0.003849856999977419,0.0,592.47265625,0.0
46.0,2.0,0.005564958999912051,100.0,592.47265625,0.0
46.0,3.0,0.0061743020000903925,50.0,592.47265625,0.0
46.0,4.0,0.005059924000079263,0.0,592.4765625,0.0
46.0,5.0,0.0050404559999606136,100.0,592.4765625,0.0
46.0,6.0,0.005501521000041976,0.0,592.4765625,0.0
46.0,7.0,0.005009554000025673,100.0,592.4765625,0.0
46.0,8.0,0.006293361000189179,50.0,592.4765625,0.0
46.0,9.0,0.0038030210000670195,0.0,592.48046875,0.0
46.0,10.0,0.005452483999988544,100.0,592.48046875,0.0
46.0,11.0,0.003895630999977584,0.0,592.48046875,0.0
46.0,12.0,0.005301252999970529,100.0,592.48046875,0.0
46.0,13.0,0.004943562999869755,0.0,592.48046875,0.0
46.0,14.0,0.006433161000131804,100.0,592.48046875,0.0
46.0,15.0,0.005215383999939149,50.0,592.48046875,0.0
46.0,16.0,0.0062932109999565,0.0,592.48046875,0.0
46.0,17.0,0.0049155090000567725,100.0,592.48046875,0.0
46.0,18.0,0.006789459999936298,50.0,592.48046875,0.0
46.0,19.0,0.006486199000164561,0.0,592.484375,0.0
46.0,20.0,0.006391247999999905,100.0,592.484375,0.0
46.0,21.0,0.005181106999998519,50.0,592.484375,0.0
46.0,22.0,0.0036491779999323626,0.0,592.48828125,0.0
46.0,23.0,0.005007613999850946,66.7,592.48828125,0.0
46.0,24.0,0.0036961769999379612,0.0,592.48828125,0.0
46.0,25.0,0.0036811299999044422,50.0,592.48828125,0.0
46.0,26.0,0.005228570999861404,0.0,592.48828125,0.0
46.0,27.0,0.004935281000143732,50.0,592.48828125,0.0
46.0,28.0,0.008793962000027022,100.0,592.49609375,0.0
46.0,29.0,0.0053747279998788144,100.0,592.49609375,0.0
46.0,30.0,0.009424266999985775,100.0,592.49609375,0.0
46.0,31.0,0.005369761000110884,100.0,592.49609375,0.0
46.0,32.0,0.005253507999896101,50.0,592.49609375,0.0
46.0,33.0,0.0038964889999988372,0.0,592.49609375,0.0
46.0,34.0,0.0037717580000844464,50.0,592.49609375,0.0
46.0,35.0,0.006435384000042177,0.0,592.49609375,0.0
46.0,36.0,0.006327948000034667,50.0,592.5,0.0
46.0,37.0,0.006194464999907723,50.0,592.5,0.0
46.0,38.0,0.003739343999995981,0.0,592.5,0.0
46.0,39.0,0.006621679000090808,50.0,592.5,0.0
46.0,40.0,0.003956076999884317,0.0,592.5,0.0
46.0,41.0,0.0039408140000887215,50.0,592.5,0.0
46.0,42.0,0.0038208299999951123,0.0,592.5,0.0
46.0,43.0,0.005324345999952129,50.0,592.5,0.0
46.0,44.0,0.004976253999984692,0.0,592.5,0.0
46.0,45.0,0.0053333819998897525,50.0,592.5,0.0
46.0,46.0,0.006206754000004366,50.0,592.50390625,0.0
46.0,47.0,0.003924405999896408,0.0,592.5078125,0.0
46.0,48.0,0.007671439999967333,50.0,592.5078125,0.0
46.0,49.0,0.007207081999922593,100.0,592.5078125,0.0
46.0,50.0,0.005588155999930677,50.0,592.5078125,0.0
46.0,51.0,0.005010963999893647,0.0,592.5078125,0.0
46.0,52.0,0.004954713000188349,50.0,592.5078125,0.0
46.0,53.0,0.005245929000011529,50.0,592.5078125,0.0
46.0,54.0,0.005047436000040761,0.0,592.5078125,0.0
46.0,55.0,0.0036579259999598435,50.0,592.51171875,0.0
46.0,56.0,0.0066637590000482305,0.0,592.51171875,0.0
46.0,57.0,0.0038912119998713024,50.0,592.61328125,0.0
46.0,58.0,0.005057140000189975,0.0,592.61328125,0.0
46.0,59.0,0.005106457000010778,50.0,592.61328125,0.0
46.0,60.0,0.005174600999907852,0.0,592.61328125,0.0
46.0,61.0,0.005540023999856203,50.0,592.61328125,0.0
46.0,62.0,0.0064005699998688215,66.7,592.61328125,0.0
46.0,63.0,0.005336551000027612,0.0,592.61328125,0.0
46.0,64.0,0.006531029000143462,50.0,592.6171875,0.0
46.0,65.0,0.006877702999872781,50.0,592.6171875,0.0
46.0,66.0,0.005286331999968752,100.0,592.6171875,0.0
46.0,67.0,0.005277684000020599,0.0,592.6171875,0.0
46.0,68.0,0.004933494999932009,100.0,592.6171875,0.0
46.0,69.0,0.0037364730001172575,0.0,592.6171875,0.0
46.0,70.0,0.006518136999829949,100.0,592.6171875,0.0
46.0,71.0,0.005114350999974704,50.0,592.6171875,0.0
46.0,72.0,0.005176064000124825,0.0,592.6171875,0.0
46.0,73.0,0.003813923000052455,100.0,592.625,0.0
46.0,74.0,0.006569523000052868,0.0,592.625,0.0
46.0,75.0,0.006183231000022715,50.0,592.625,0.0
46.0,76.0,0.006277541999907044,100.0,592.625,0.0
46.0,77.0,0.005085377999876073,0.0,592.625,0.0
46.0,78.0,0.0038145569999414874,100.0,592.625,0.0
46.0,79.0,0.00529430799997499,0.0,592.625,0.0
46.0,80.0,0.005191424000031475,100.0,592.625,0.0
46.0,81.0,0.005267957999876671,0.0,592.625,0.0
46.0,82.0,0.006252964999930555,50.0,592.625,0.0
46.0,83.0,0.006361758000139162,100.0,592.62890625,0.0
46.0,84.0,0.0065922759999921254,50.0,592.62890625,0.0
46.0,85.0,0.0038263189999270253,0.0,592.62890625,0.0
46.0,86.0,0.005346594000002369,100.0,592.62890625,0.0
46.0,87.0,0.004922714000031192,0.0,592.62890625,0.0
46.0,88.0,0.00425616200004697,100.0,592.6328125,0.0
46.0,89.0,0.005126000000018394,0.0,592.6328125,0.0
46.0,90.0,0.0066336699999283155,50.0,592.63671875,0.0
46.0,91.0,0.006090407999863601,100.0,592.63671875,0.0
46.0,92.0,0.005211800999859406,0.0,592.63671875,0.0
46.0,93.0,0.0038603709999733837,50.0,592.63671875,0.0
46.0,94.0,0.0050898359997972875,0.0,592.63671875,0.0
46.0,95.0,0.0036600280000129715,50.0,592.63671875,0.0
46.0,96.0,0.006619860000000699,50.0,592.63671875,0.0
46.0,97.0,0.003835211000023264,0.0,592.63671875,0.0
46.0,98.0,0.006819571000050928,50.0,592.63671875,0.0
46.0,99.0,0.0039678900000126305,0.0,592.63671875,0.0
46.0,100.0,0.003778733999979522,50.0,592.63671875,0.0
47.0,1.0,0.0051590699999906064,0.0,592.640625,0.0
47.0,2.0,0.003955818000122235,50.0,592.640625,0.0
47.0,3.0,0.005146151999952053,100.0,592.640625,0.0
47.0,4.0,0.003813073000173972,0.0,592.640625,0.0
47.0,5.0,0.0039851139999882434,0.0,592.640625,0.0
47.0,6.0,0.006394002999968507,50.0,592.64453125,0.0
47.0,7.0,0.005144908999909603,50.0,592.64453125,0.0
47.0,8.0,0.004145820000076128,0.0,592.64453125,0.0
47.0,9.0,0.0037634980001257645,50.0,592.64453125,0.0
47.0,10.0,0.003948746999867581,0.0,592.64453125,0.0
47.0,11.0,0.0051995040000747395,50.0,592.6484375,0.0
47.0,12.0,0.003911113999947702,0.0,592.6484375,0.0
47.0,13.0,0.006601821000003838,50.0,592.6484375,0.0
47.0,14.0,0.00398861400003625,0.0,592.6484375,0.0
47.0,15.0,0.0068502199999329605,50.0,592.6484375,0.0
47.0,16.0,0.005652989000054731,50.0,592.6484375,0.0
47.0,17.0,0.0065342929999587795,100.0,592.65234375,0.0
47.0,18.0,0.0064727960000254825,0.0,592.65234375,0.0
47.0,19.0,0.0051578889999746025,50.0,592.65234375,0.0
47.0,20.0,0.0049982589998762705,100.0,592.65234375,0.0
47.0,21.0,0.004034090999994078,0.0,592.65234375,0.0
47.0,22.0,0.005350997000050484,100.0,592.65234375,0.0
47.0,23.0,0.004113968999945428,0.0,592.65234375,0.0
47.0,24.0,0.006542870999965089,100.0,592.65234375,0.0
47.0,25.0,0.004973827999947389,0.0,592.65234375,0.0
47.0,26.0,0.006405150000091453,50.0,592.65234375,0.0
47.0,27.0,0.003658867000012833,100.0,592.65234375,0.0
47.0,28.0,0.006264695000027132,0.0,592.65625,0.0
47.0,29.0,0.005244090999894979,100.0,592.65625,0.0
47.0,30.0,0.0049674740000682505,0.0,592.65625,0.0
47.0,31.0,0.006333455000003596,50.0,592.65625,0.0
47.0,32.0,0.005401335999977164,100.0,592.65625,0.0
47.0,33.0,0.006435000000010405,50.0,592.65625,0.0
47.0,34.0,0.006845346000091013,0.0,592.66015625,0.0
47.0,35.0,0.004610511999999289,100.0,592.66015625,0.0
47.0,36.0,0.005200446000117154,0.0,592.66015625,0.0
47.0,37.0,0.006196667000040179,50.0,592.66015625,0.0
47.0,38.0,0.006695478999972693,100.0,592.66015625,0.0
47.0,39.0,0.005287233999979435,50.0,592.6640625,0.0
47.0,40.0,0.0037450530001024163,0.0,592.6640625,0.0
47.0,41.0,0.004012787999954526,0.0,592.6640625,0.0
47.0,42.0,0.006422234999945431,50.0,592.6640625,0.0
47.0,43.0,0.0050242040001649,100.0,592.6640625,0.0
47.0,44.0,0.004964337000046726,0.0,592.6640625,0.0
47.0,45.0,0.0053586149999773625,100.0,592.66796875,0.0
47.0,46.0,0.005133978999992905,50.0,592.66796875,0.0
47.0,47.0,0.007146658000010575,50.0,592.66796875,0.0
47.0,48.0,0.0057598070000040025,0.0,592.66796875,0.0
47.0,49.0,0.006529577000037534,50.0,592.66796875,0.0
47.0,50.0,0.0052250189999085705,100.0,592.671875,0.0
47.0,51.0,0.004954099000087808,0.0,592.671875,0.0
47.0,52.0,0.005200500999990254,50.0,592.671875,0.0
47.0,53.0,0.006208018000052107,100.0,592.671875,0.0
47.0,54.0,0.006634593999933713,0.0,592.671875,0.0
47.0,55.0,0.0065175289998933295,50.0,592.67578125,0.0
47.0,56.0,0.0052901789999850735,100.0,592.67578125,0.0
47.0,57.0,0.006268768999916574,0.0,592.67578125,0.0
47.0,58.0,0.006384406000051968,50.0,592.67578125,0.0
47.0,59.0,0.005220545000156562,100.0,592.67578125,0.0
47.0,60.0,0.005528666999907728,0.0,592.67578125,0.0
47.0,61.0,0.00391364799997973,100.0,592.6796875,0.0
47.0,62.0,0.006313159999990603,0.0,592.6796875,0.0
47.0,63.0,0.006886024000095858,50.0,592.6796875,0.0
47.0,64.0,0.0050376820001929445,100.0,592.6796875,0.0
47.0,65.0,0.004174006000084773,0.0,592.6796875,0.0
47.0,66.0,0.006760703000054491,100.0,592.68359375,0.0
47.0,67.0,0.0065718050000214134,50.0,592.68359375,0.0
47.0,68.0,0.005289973000117243,50.0,592.68359375,0.0
47.0,69.0,0.003780918000074962,0.0,592.68359375,0.0
47.0,70.0,0.005485636999992494,50.0,592.68359375,0.0
47.0,71.0,0.006961298999840437,0.0,592.68359375,0.0
47.0,72.0,0.005378490000111924,100.0,592.6875,0.0
47.0,73.0,0.006657420999999886,50.0,592.6875,0.0
47.0,74.0,0.006554821999998239,50.0,592.6875,0.0
47.0,75.0,0.005290702999900532,0.0,592.69140625,0.0
47.0,76.0,0.0074397759999556,50.0,592.69140625,0.0
47.0,77.0,0.003943659000015032,0.0,592.69921875,0.0
47.0,78.0,0.005291351000096256,100.0,592.69921875,0.0
47.0,79.0,0.006820783999955893,50.0,592.69921875,0.0
47.0,80.0,0.006352295000169761,50.0,592.69921875,0.0
47.0,81.0,0.004134210999836796,0.0,592.69921875,0.0
47.0,82.0,0.005256054000028598,50.0,592.69921875,0.0
47.0,83.0,0.005040155000187951,0.0,592.69921875,0.0
47.0,84.0,0.0051531120000163355,50.0,592.69921875,0.0
47.0,85.0,0.006388613000126497,0.0,592.69921875,0.0
47.0,86.0,0.004122621999840703,100.0,592.69921875,0.0
47.0,87.0,0.00397396900007152,0.0,592.703125,0.0
47.0,88.0,0.005361773999993602,100.0,592.703125,0.0
47.0,89.0,0.006738670999993701,50.0,592.703125,0.0
47.0,90.0,0.003938943999855837,0.0,592.70703125,0.0
47.0,91.0,0.003938543000003847,50.0,592.70703125,0.0
47.0,92.0,0.003968815000007453,0.0,592.70703125,0.0
47.0,93.0,0.0052420839999740565,50.0,592.70703125,0.0
47.0,94.0,0.0072122040000976995,100.0,592.70703125,0.0
47.0,95.0,0.007393435999802023,100.0,592.70703125,0.0
47.0,96.0,0.009257794999939506,100.0,592.70703125,0.0
47.0,97.0,0.007857887000000119,100.0,592.70703125,0.0
47.0,98.0,0.004834704000131751,50.0,592.70703125,0.0
47.0,99.0,0.006788241999856837,100.0,592.70703125,0.0
47.0,100.0,0.004337487999919176,0.0,592.70703125,0.0
48.0,1.0,0.004319887000065137,100.0,592.70703125,0.0
48.0,2.0,0.004005440999890197,0.0,592.70703125,0.0
48.0,3.0,0.006425898999850688,50.0,592.70703125,0.0
48.0,4.0,0.005047684000146546,100.0,592.70703125,0.0
48.0,5.0,0.003738898999927187,0.0,592.70703125,0.0
48.0,6.0,0.005387077000023055,100.0,592.70703125,0.0
48.0,7.0,0.0038768239999171783,0.0,592.70703125,0.0
48.0,8.0,0.00379728799998702,100.0,592.7109375,0.0
48.0,9.0,0.005008044999840422,0.0,592.7109375,0.0
48.0,10.0,0.007698372000049858,100.0,592.7109375,0.0
48.0,11.0,0.004339474000062182,50.0,592.7109375,0.0
48.0,12.0,0.008483034999926531,100.0,592.7109375,0.0
48.0,13.0,0.004360817000133466,0.0,592.7109375,0.0
48.0,14.0,0.006518777999872327,100.0,592.7109375,0.0
48.0,15.0,0.003860560000020996,0.0,592.7109375,0.0
48.0,16.0,0.00645601200017154,100.0,592.7109375,0.0
48.0,17.0,0.004082286000084423,50.0,592.7109375,0.0
48.0,18.0,0.006635053000081825,0.0,592.7109375,0.0
48.0,19.0,0.0055042419999153935,100.0,592.7109375,0.0
48.0,20.0,0.006622008000022106,50.0,592.7109375,0.0
48.0,21.0,0.0041746169999896665,0.0,592.7109375,0.0
48.0,22.0,0.006883020000032047,50.0,592.7109375,0.0
48.0,23.0,0.004908932000034838,50.0,592.7109375,0.0
48.0,24.0,0.004312605999984953,0.0,592.7109375,0.0
48.0,25.0,0.0052849239998522535,50.0,592.7109375,0.0
48.0,26.0,0.004138026999953581,0.0,592.7109375,0.0
48.0,27.0,0.0052117010000074515,50.0,592.7109375,0.0
48.0,28.0,0.005230831999824659,0.0,592.71875,0.0
48.0,29.0,0.00395266200007427,50.0,592.71875,0.0
48.0,30.0,0.005084078999971098,100.0,592.71875,0.0
48.0,31.0,0.005345314000123835,0.0,592.71875,0.0
48.0,32.0,0.003837270000076387,100.0,592.71875,0.0
48.0,33.0,0.003962692999948558,0.0,592.72265625,0.0
48.0,34.0,0.005100619999893752,100.0,592.72265625,0.0
48.0,35.0,0.0038293299999168084,0.0,592.72265625,0.0
48.0,36.0,0.00399379600003158,0.0,592.72265625,0.0
48.0,37.0,0.00630885199984732,50.0,592.72265625,0.0
48.0,38.0,0.00506050400008462,50.0,592.72265625,0.0
48.0,39.0,0.005036876999838569,0.0,592.7265625,0.0
48.0,40.0,0.0051061889998891274,50.0,592.73046875,0.0
48.0,41.0,0.006436397000015859,100.0,592.73046875,0.0
48.0,42.0,0.005009445000041524,0.0,592.73046875,0.0
48.0,43.0,0.0065811829999802285,50.0,592.73046875,0.0
48.0,44.0,0.005850263999946037,100.0,592.73046875,0.0
48.0,45.0,0.005466325000043071,50.0,592.73046875,0.0
48.0,46.0,0.003905658999883599,0.0,592.734375,0.0
48.0,47.0,0.0039053739999417303,0.0,592.734375,0.0
48.0,48.0,0.005328061000000162,100.0,592.734375,0.0
48.0,49.0,0.006194382999865411,50.0,592.73828125,0.0
48.0,50.0,0.005432504000054905,0.0,592.73828125,0.0
48.0,51.0,0.0037533790000452427,100.0,592.73828125,0.0
48.0,52.0,0.006369198999891523,50.0,592.7421875,0.0
48.0,53.0,0.006568864999962898,0.0,592.7421875,0.0
48.0,54.0,0.0037192220001998066,50.0,592.7421875,0.0
48.0,55.0,0.0038863529998707236,0.0,592.7421875,0.0
48.0,56.0,0.005082934000029127,50.0,592.7421875,0.0
48.0,57.0,0.0038433289998920372,0.0,592.74609375,0.0
48.0,58.0,0.00650653799993961,50.0,592.74609375,0.0
48.0,59.0,0.00619770499997685,50.0,592.75,0.0
48.0,60.0,0.004293932000109635,0.0,592.75390625,0.0
48.0,61.0,0.003836675999991712,50.0,592.75390625,0.0
48.0,62.0,0.0055959989999792015,0.0,592.75390625,0.0
48.0,63.0,0.003743098999848371,50.0,592.7578125,0.0
48.0,64.0,0.006291029000067283,0.0,592.7578125,0.0
48.0,65.0,0.004956028000151491,100.0,592.7578125,0.0
48.0,66.0,0.005248380000011821,50.0,592.7578125,0.0
48.0,67.0,0.00400515399996948,0.0,592.7578125,0.0
48.0,68.0,0.0051878940000733564,50.0,592.76171875,0.0
48.0,69.0,0.0040731789999881585,0.0,592.765625,0.0
48.0,70.0,0.00527471999998852,50.0,592.76953125,0.0
48.0,71.0,0.006652191000057428,50.0,592.76953125,0.0
48.0,72.0,0.005051109000078213,0.0,592.76953125,0.0
48.0,73.0,0.004297013000041261,50.0,592.76953125,0.0
48.0,74.0,0.006316322999964541,100.0,592.76953125,0.0
48.0,75.0,0.006515282999998817,0.0,592.7734375,0.0
48.0,76.0,0.004302182000174071,100.0,592.7734375,0.0
48.0,77.0,0.006653601000152776,50.0,592.7734375,0.0
48.0,78.0,0.0069685839998783194,0.0,592.7734375,0.0
48.0,79.0,0.006274518000054741,50.0,592.7734375,0.0
48.0,80.0,0.005162148999943383,100.0,592.77734375,0.0
48.0,81.0,0.0039035649999732414,0.0,592.77734375,0.0
48.0,82.0,0.0038662290000957,0.0,592.77734375,0.0
48.0,83.0,0.005321175000062794,50.0,592.77734375,0.0
48.0,84.0,0.003967016999922635,100.0,592.77734375,0.0
48.0,85.0,0.006883650999952806,0.0,592.77734375,0.0
48.0,86.0,0.0066393810000136,50.0,592.78125,0.0
48.0,87.0,0.006593158999976367,100.0,592.78125,0.0
48.0,88.0,0.00382310600002711,0.0,592.78125,0.0
48.0,89.0,0.0068951709999964805,50.0,592.78125,0.0
48.0,90.0,0.006675720999965051,100.0,592.78125,0.0
48.0,91.0,0.006962323999914588,0.0,592.78125,0.0
48.0,92.0,0.006232545999864669,50.0,592.78125,0.0
48.0,93.0,0.006128527000100803,50.0,592.78125,0.0
48.0,94.0,0.0064149450001877995,100.0,592.78125,0.0
48.0,95.0,0.007815693000111423,0.0,592.78125,0.0
48.0,96.0,0.005272661999924821,50.0,592.7890625,0.0
48.0,97.0,0.00397331900012432,0.0,592.7890625,0.0
48.0,98.0,0.0063463190001584735,50.0,592.7890625,0.0
48.0,99.0,0.005251510999869424,100.0,592.7890625,0.0
48.0,100.0,0.00536637499999415,0.0,592.7890625,0.0
49.0,1.0,0.003784588999906191,50.0,592.7890625,0.0
49.0,2.0,0.005156704999990325,100.0,592.79296875,0.0
49.0,3.0,0.004969063000089591,0.0,592.79296875,0.0
49.0,4.0,0.005069983999874239,100.0,592.79296875,0.0
49.0,5.0,0.0038379840000288823,0.0,592.79296875,0.0
49.0,6.0,0.005285340999989785,100.0,592.79296875,0.0
49.0,7.0,0.0052797789999203815,0.0,592.79296875,0.0
49.0,8.0,0.0037309990000267135,100.0,592.79296875,0.0
49.0,9.0,0.005410851000078765,0.0,592.79296875,0.0
49.0,10.0,0.00551370399989537,50.0,592.80078125,0.0
49.0,11.0,0.006774835999976858,100.0,592.80078125,0.0
49.0,12.0,0.005189644999973098,0.0,592.80078125,0.0
49.0,13.0,0.0049851359999593114,100.0,592.80078125,0.0
49.0,14.0,0.00525211300009687,50.0,592.80078125,0.0
49.0,15.0,0.003721136999956798,0.0,592.80078125,0.0
49.0,16.0,0.003822400999979436,0.0,592.80078125,0.0
49.0,17.0,0.005276316999925257,50.0,592.80078125,0.0
49.0,18.0,0.00377647799996339,100.0,592.80078125,0.0
49.0,19.0,0.006543150999959835,0.0,592.80078125,0.0
49.0,20.0,0.006338804000051823,100.0,592.80078125,0.0
49.0,21.0,0.004951721999987058,0.0,592.80078125,0.0
49.0,22.0,0.0050798489999124286,50.0,592.80078125,0.0
49.0,23.0,0.005143389000068055,100.0,592.80078125,0.0
49.0,24.0,0.00525619099994401,0.0,592.80078125,0.0
49.0,25.0,0.003914785999995729,100.0,592.80078125,0.0
49.0,26.0,0.006857244000002538,0.0,592.8046875,0.0
49.0,27.0,0.005299419000039052,50.0,592.8046875,0.0
49.0,28.0,0.0050829970000449975,100.0,592.8046875,0.0
49.0,29.0,0.0068365219999577675,0.0,592.8046875,0.0
49.0,30.0,0.0064974160000019765,50.0,592.8046875,0.0
49.0,31.0,0.00655882199998814,100.0,592.8046875,0.0
49.0,32.0,0.003900744000020495,0.0,592.8046875,0.0
49.0,33.0,0.00401607799994963,100.0,592.8046875,0.0
49.0,34.0,0.005199329000106445,0.0,592.8046875,0.0
49.0,35.0,0.007202662000054261,50.0,592.8046875,0.0
49.0,36.0,0.006459885000140275,100.0,592.80859375,0.0
49.0,37.0,0.005286143999910564,50.0,592.80859375,0.0
49.0,38.0,0.005329615999926318,0.0,592.80859375,0.0
49.0,39.0,0.006454054999949221,50.0,592.80859375,0.0
49.0,40.0,0.006472766999877422,50.0,592.80859375,0.0
49.0,41.0,0.004264508999995087,0.0,592.80859375,0.0
49.0,42.0,0.004650786000183871,50.0,592.80859375,0.0
49.0,43.0,0.005164495999906649,100.0,592.80859375,0.0
49.0,44.0,0.004992032000018298,0.0,592.80859375,0.0
49.0,45.0,0.006455426000002262,100.0,592.859375,0.0
49.0,46.0,0.00510847400005332,0.0,592.86328125,0.0
49.0,47.0,0.005231528999956936,50.0,592.86328125,0.0
49.0,48.0,0.005233459000010043,0.0,592.86328125,0.0
49.0,49.0,0.003718670999887763,50.0,592.86328125,0.0
49.0,50.0,0.005143510999914724,100.0,592.8671875,0.0
49.0,51.0,0.00650908900001923,0.0,592.8671875,0.0
49.0,52.0,0.006423969000024954,50.0,592.87109375,0.0
49.0,53.0,0.006378586999971958,100.0,592.87109375,0.0
49.0,54.0,0.005204189000096449,0.0,592.87109375,0.0
49.0,55.0,0.005075035000118078,66.7,592.87109375,0.0
49.0,56.0,0.006286802999966312,0.0,592.875,0.0
49.0,57.0,0.00370630399993388,50.0,592.875,0.0
49.0,58.0,0.005160953999848061,100.0,592.875,0.0
49.0,59.0,0.005043693000061467,0.0,592.875,0.0
49.0,60.0,0.006528244999799426,50.0,592.875,0.0
49.0,61.0,0.005012173999830338,0.0,592.875,0.0
49.0,62.0,0.005500055000084103,50.0,592.87890625,0.0
49.0,63.0,0.009072273999890967,100.0,592.87890625,0.0
49.0,64.0,0.005375582999931794,100.0,592.87890625,0.0
49.0,65.0,0.009645475000070292,100.0,592.87890625,0.0
49.0,66.0,0.004721278999795686,0.0,592.8828125,0.0
49.0,67.0,0.005217677000018739,100.0,592.8828125,0.0
49.0,68.0,0.005218191000039951,0.0,592.88671875,0.0
49.0,69.0,0.006726658000161478,50.0,592.88671875,0.0
49.0,70.0,0.003844579999849884,100.0,592.88671875,0.0
49.0,71.0,0.0063350220000302215,0.0,592.88671875,0.0
49.0,72.0,0.003916151000112222,100.0,592.88671875,0.0
49.0,73.0,0.005987554000057571,0.0,592.890625,0.0
49.0,74.0,0.005670874000088588,100.0,592.92578125,0.0
49.0,75.0,0.0038131930000417924,50.0,592.92578125,0.0
49.0,76.0,0.0053753649999634945,0.0,592.9296875,0.0
49.0,77.0,0.005742140999927869,50.0,592.9296875,0.0
49.0,78.0,0.005311928000082844,0.0,592.9296875,0.0
49.0,79.0,0.005224647999966692,100.0,592.93359375,0.0
49.0,80.0,0.006863488999897527,50.0,592.93359375,0.0
49.0,81.0,0.005258602000139945,0.0,592.93359375,0.0
49.0,82.0,0.0066452360001676425,100.0,592.9375,0.0
49.0,83.0,0.00735061700015649,50.0,592.9375,0.0
49.0,84.0,0.00542127700009587,50.0,592.9453125,0.0
49.0,85.0,0.006478051999920353,100.0,592.9453125,0.0
49.0,86.0,0.006013800999880914,50.0,592.9453125,0.0
49.0,87.0,0.005476337000118292,100.0,592.9453125,0.0
49.0,88.0,0.004099600000017745,0.0,592.9453125,0.0
49.0,89.0,0.005000608000045759,100.0,592.9453125,0.0
49.0,90.0,0.0055104139999002655,50.0,592.94921875,0.0
49.0,91.0,0.006556321000061871,0.0,592.94921875,0.0
49.0,92.0,0.005319502000020293,100.0,592.94921875,0.0
49.0,93.0,0.005183048999924722,0.0,592.94921875,0.0
49.0,94.0,0.005368429999862201,100.0,592.94921875,0.0
49.0,95.0,0.00515474600001653,50.0,592.95703125,0.0
49.0,96.0,0.005151560999820504,0.0,592.95703125,0.0
49.0,97.0,0.005242389000159164,100.0,592.95703125,0.0
49.0,98.0,0.006218954000132726,0.0,592.95703125,0.0
49.0,99.0,0.0062267509999855974,50.0,592.95703125,0.0
49.0,100.0,0.0053491260000555485,100.0,592.9609375,0.0
50.0,1.0,0.006389402999957383,0.0,592.9609375,0.0
50.0,2.0,0.00504429100010384,50.0,592.9609375,0.0
50.0,3.0,0.0065755549999266805,100.0,592.9609375,0.0
50.0,4.0,0.006521025999973062,50.0,592.9609375,0.0
50.0,5.0,0.004267774000027202,0.0,592.96484375,0.0
50.0,6.0,0.006296313999882841,50.0,592.96875,0.0
50.0,7.0,0.003865598999936992,0.0,592.96875,0.0
50.0,8.0,0.006385074000036184,100.0,592.96875,0.0
50.0,9.0,0.0050520059999144,50.0,592.96875,0.0
50.0,10.0,0.006750437000164311,0.0,592.96875,0.0
50.0,11.0,0.005176929999834101,100.0,592.97265625,0.0
50.0,12.0,0.0054147760001797,50.0,592.97265625,0.0
50.0,13.0,0.005992649999825517,0.0,592.97265625,0.0
50.0,14.0,0.0041331079999054054,100.0,592.9765625,0.0
50.0,15.0,0.00525650500003394,0.0,592.9765625,0.0
50.0,16.0,0.006318848000091748,50.0,592.98046875,0.0
50.0,17.0,0.00640614100007042,100.0,592.98046875,0.0
50.0,18.0,0.0052584510001452145,0.0,592.98046875,0.0
50.0,19.0,0.006670206000080725,50.0,592.98046875,0.0
50.0,20.0,0.0054475169999932405,100.0,592.98046875,0.0
50.0,21.0,0.005100676999973075,0.0,592.98046875,0.0
50.0,22.0,0.005237039000121513,100.0,592.984375,0.0
50.0,23.0,0.00415700000007746,0.0,592.98828125,0.0
50.0,24.0,0.005086527000003116,50.0,592.98828125,0.0
50.0,25.0,0.0063267650000398135,100.0,592.98828125,0.0
50.0,26.0,0.006594235999955345,50.0,592.98828125,0.0
50.0,27.0,0.006520637999983592,0.0,592.98828125,0.0
50.0,28.0,0.005119374000059906,100.0,592.98828125,0.0
50.0,29.0,0.005248173999916617,0.0,592.98828125,0.0
50.0,30.0,0.00373473800004831,100.0,592.98828125,0.0
50.0,31.0,0.006545574000028864,50.0,592.98828125,0.0
50.0,32.0,0.006637736000129735,0.0,592.98828125,0.0
50.0,33.0,0.006305469000153607,100.0,592.9921875,0.0
50.0,34.0,0.005438811999965765,50.0,592.9921875,0.0
50.0,35.0,0.005041070000061154,0.0,592.9921875,0.0
50.0,36.0,0.0067379869999513176,100.0,592.9921875,0.0
50.0,37.0,0.005049435999808338,50.0,592.9921875,0.0
50.0,38.0,0.0052814069999840285,0.0,592.99609375,0.0
50.0,39.0,0.003798178999886659,50.0,592.99609375,0.0
50.0,40.0,0.006809032000091975,100.0,592.99609375,0.0
50.0,41.0,0.004094963999932588,0.0,592.99609375,0.0
50.0,42.0,0.004139911999800461,0.0,592.99609375,0.0
50.0,43.0,0.005106828999942081,50.0,593.0,0.0
50.0,44.0,0.005021424000005936,50.0,593.0,0.0
50.0,45.0,0.003960298000038165,0.0,593.0,0.0
50.0,46.0,0.003849709999940387,50.0,593.0,0.0
50.0,47.0,0.00422605099993234,0.0,593.0,0.0
50.0,48.0,0.006731676999834235,50.0,593.0,0.0
50.0,49.0,0.0039597269999376294,0.0,593.0,0.0
50.0,50.0,0.005186994000041523,50.0,593.0,0.0
50.0,51.0,0.0054831690001719835,0.0,593.0,0.0
50.0,52.0,0.006892359000175929,50.0,593.00390625,0.0
50.0,53.0,0.005734559999837074,50.0,593.00390625,0.0
50.0,54.0,0.006403613999964364,50.0,593.0078125,0.0
50.0,55.0,0.008263755000143647,66.7,593.0078125,0.0
50.0,56.0,0.005581502000040928,0.0,593.0078125,0.0
50.0,57.0,0.003961497000091185,100.0,593.0078125,0.0
50.0,58.0,0.006434169999920414,0.0,593.0078125,0.0
50.0,59.0,0.005357890000141197,50.0,593.0078125,0.0
50.0,60.0,0.0039006810000046244,0.0,593.0078125,0.0
50.0,61.0,0.00384677100009867,50.0,593.0078125,0.0
50.0,62.0,0.006846168000038233,100.0,593.0078125,0.0
50.0,63.0,0.005259789000092496,0.0,593.015625,0.0
50.0,64.0,0.005176026999833994,50.0,593.015625,0.0
50.0,65.0,0.006473123999967356,100.0,593.015625,0.0
50.0,66.0,0.005418522999889319,0.0,593.015625,0.0
50.0,67.0,0.005302423999864914,50.0,593.015625,0.0
50.0,68.0,0.005216330999928687,0.0,593.015625,0.0
50.0,69.0,0.005621347999976933,50.0,593.015625,0.0
50.0,70.0,0.005352050000055897,100.0,593.015625,0.0
50.0,71.0,0.006565052999803811,0.0,593.015625,0.0
50.0,72.0,0.005131933000029676,50.0,593.015625,0.0
50.0,73.0,0.003940220999993471,0.0,593.015625,0.0
50.0,74.0,0.00553772599982949,50.0,593.015625,0.0
50.0,75.0,0.006455404999996972,100.0,593.015625,0.0
50.0,76.0,0.0066732570001022395,0.0,593.015625,0.0
50.0,77.0,0.005112962999874071,50.0,593.015625,0.0
50.0,78.0,0.005346756000108144,100.0,593.015625,0.0
50.0,79.0,0.005246011999815892,0.0,593.015625,0.0
50.0,80.0,0.0052085989998431614,50.0,593.015625,0.0
50.0,81.0,0.005343888999959745,0.0,593.015625,0.0
50.0,82.0,0.006568556000047465,50.0,593.01953125,0.0
50.0,83.0,0.006569790999947145,50.0,593.01953125,0.0
50.0,84.0,0.005536620999919251,0.0,593.01953125,0.0
50.0,85.0,0.0052628890000505635,50.0,593.01953125,0.0
50.0,86.0,0.005013359000031414,100.0,593.01953125,0.0
50.0,87.0,0.005285233999984484,0.0,593.01953125,0.0
50.0,88.0,0.0054224830000748625,50.0,593.01953125,0.0
50.0,89.0,0.0051928390000739455,0.0,593.01953125,0.0
50.0,90.0,0.00500804600005722,50.0,593.01953125,0.0
50.0,91.0,0.006250176000094143,100.0,593.01953125,0.0
50.0,92.0,0.006755528999974558,0.0,593.01953125,0.0
50.0,93.0,0.007361148000200046,50.0,593.0234375,0.0
50.0,94.0,0.005196195000053194,100.0,593.0234375,0.0
50.0,95.0,0.0039669880000019475,0.0,593.0234375,0.0
50.0,96.0,0.004006767000191758,100.0,593.0234375,0.0
50.0,97.0,0.005384248999916963,50.0,593.0234375,0.0
50.0,98.0,0.004037549000031504,0.0,593.0234375,0.0
50.0,99.0,0.006522275999941485,50.0,593.02734375,0.0
50.0,100.0,0.005643807000069501,0.0,593.02734375,0.0
51.0,1.0,0.005540540000083638,50.0,593.02734375,0.0
51.0,2.0,0.0038825300000553398,100.0,593.02734375,0.0
51.0,3.0,0.006877921000068454,0.0,593.02734375,0.0
51.0,4.0,0.003757159000087995,100.0,593.02734375,0.0
51.0,5.0,0.005339099000138958,0.0,593.02734375,0.0
51.0,6.0,0.005031500999848504,100.0,593.02734375,0.0
51.0,7.0,0.005451329000152327,50.0,593.02734375,0.0
51.0,8.0,0.003917816000011953,0.0,593.02734375,0.0
51.0,9.0,0.0037902609999491688,0.0,593.02734375,0.0
51.0,10.0,0.005539780999924915,50.0,593.02734375,0.0
51.0,11.0,0.006588986999986446,100.0,593.02734375,0.0
51.0,12.0,0.006378082000082941,50.0,593.02734375,0.0
51.0,13.0,0.006553922000193779,0.0,593.02734375,0.0
51.0,14.0,0.005421117000196318,100.0,593.02734375,0.0
51.0,15.0,0.003752190999875893,0.0,593.02734375,0.0
51.0,16.0,0.005329689000063809,100.0,593.02734375,0.0
51.0,17.0,0.005382235000070068,50.0,593.02734375,0.0
51.0,18.0,0.00696573699997316,0.0,593.02734375,0.0
51.0,19.0,0.005237463999947067,100.0,593.02734375,0.0
51.0,20.0,0.006358548999969571,50.0,593.02734375,0.0
51.0,21.0,0.004264837999926385,0.0,593.02734375,0.0
51.0,22.0,0.005227862999845456,50.0,593.02734375,0.0
51.0,23.0,0.003857685999946625,0.0,593.02734375,0.0
51.0,24.0,0.006309575999921435,100.0,593.02734375,0.0
51.0,25.0,0.0038090059999831283,50.0,593.02734375,0.0
51.0,26.0,0.01605086199992911,100.0,593.02734375,0.0
51.0,27.0,0.02285286599999381,100.0,593.02734375,0.0
51.0,28.0,0.021387226000115334,100.0,593.02734375,0.0
51.0,29.0,0.010601457000120718,100.0,593.02734375,0.0
51.0,30.0,0.027926874000058888,100.0,593.02734375,0.0
51.0,31.0,0.017449477999889496,100.0,593.02734375,0.0
51.0,32.0,0.02347401799988802,100.0,593.02734375,0.0
51.0,33.0,0.026809707999973398,100.0,593.02734375,0.0
51.0,34.0,0.017387099999950806,100.0,593.02734375,0.0
51.0,35.0,0.02257002599981206,100.0,593.02734375,0.0
51.0,36.0,0.031039856999996118,100.0,593.03125,0.0
51.0,37.0,0.02526659299996936,100.0,593.03515625,0.0
51.0,38.0,0.0170742049999717,100.0,593.03515625,0.0
51.0,39.0,0.025248128999919572,100.0,593.03515625,0.0
51.0,40.0,0.024044892999881995,100.0,593.03515625,0.0
51.0,41.0,0.013143979000005857,100.0,593.03515625,0.0
51.0,42.0,0.013179563999983657,100.0,593.0390625,0.0
51.0,43.0,0.026004616999898644,100.0,593.0390625,0.0
51.0,44.0,0.02918873299995539,100.0,593.0390625,0.0
51.0,45.0,0.017945536999832257,100.0,593.0390625,0.0
51.0,46.0,0.00707612699989113,100.0,593.0390625,0.0
51.0,47.0,0.005196486999921035,0.0,593.0390625,0.0
51.0,48.0,0.003870364000022164,100.0,593.0390625,0.0
51.0,49.0,0.005165206000128819,0.0,593.0390625,0.0
51.0,50.0,0.00520860000005996,50.0,593.04296875,0.0
51.0,51.0,0.005581797000104416,100.0,593.04296875,0.0
51.0,52.0,0.005262786999992386,0.0,593.04296875,0.0
51.0,53.0,0.006858196999928623,50.0,593.04296875,0.0
51.0,54.0,0.005161613999916881,100.0,593.04296875,0.0
51.0,55.0,0.007036478999907558,0.0,593.046875,0.0
51.0,56.0,0.006302022999989276,50.0,593.046875,0.0
51.0,57.0,0.007144901999936337,100.0,593.046875,0.0
51.0,58.0,0.007041864000029818,50.0,593.046875,0.0
51.0,59.0,0.007051183000157835,0.0,593.046875,0.0
51.0,60.0,0.0054647149997890665,100.0,593.05078125,0.0
51.0,61.0,0.005202105999842388,50.0,593.05078125,0.0
51.0,62.0,0.005608911999843258,0.0,593.05078125,0.0
51.0,63.0,0.003976383000008354,100.0,593.05078125,0.0
51.0,64.0,0.005506002999936754,0.0,593.05078125,0.0
51.0,65.0,0.004060310000113532,100.0,593.05078125,0.0
51.0,66.0,0.005470014999900741,50.0,593.05078125,0.0
51.0,67.0,0.006546036999907301,0.0,593.05078125,0.0
51.0,68.0,0.005186692000052062,100.0,593.05078125,0.0
51.0,69.0,0.0054089750001367065,0.0,593.05078125,0.0
51.0,70.0,0.005202842000016972,100.0,593.05078125,0.0
51.0,71.0,0.007098205000147573,50.0,593.0546875,0.0
51.0,72.0,0.005309502000045541,0.0,593.0546875,0.0
51.0,73.0,0.005446669999855658,100.0,593.0546875,0.0
51.0,74.0,0.005716849999998885,50.0,593.0546875,0.0
51.0,75.0,0.005318693999925017,0.0,593.0546875,0.0
51.0,76.0,0.004308044000026712,100.0,593.0546875,0.0
51.0,77.0,0.0066062210000836785,50.0,593.0546875,0.0
51.0,78.0,0.0054950490000464924,0.0,593.0546875,0.0
51.0,79.0,0.006761961000165684,100.0,593.0546875,0.0
51.0,80.0,0.004078661999983524,50.0,593.05859375,0.0
51.0,81.0,0.005319310000004407,0.0,593.05859375,0.0
51.0,82.0,0.005294780000212995,50.0,593.05859375,0.0
51.0,83.0,0.0039479910001318785,0.0,593.05859375,0.0
51.0,84.0,0.0066371620000609255,50.0,593.05859375,0.0
51.0,85.0,0.0053348510000432725,50.0,593.05859375,0.0
51.0,86.0,0.005173774000013509,0.0,593.05859375,0.0
51.0,87.0,0.006767607000028875,50.0,593.05859375,0.0
51.0,88.0,0.005413560000079087,50.0,593.05859375,0.0
51.0,89.0,0.005443684000056237,0.0,593.05859375,0.0
51.0,90.0,0.006797994999942603,50.0,593.05859375,0.0
51.0,91.0,0.00527840700010529,50.0,593.05859375,0.0
51.0,92.0,0.006607747000089148,0.0,593.05859375,0.0
51.0,93.0,0.0067726890001722495,50.0,593.05859375,0.0
51.0,94.0,0.005284044000063659,66.7,593.1328125,0.0
51.0,95.0,0.007323992999999973,100.0,593.1328125,0.0
51.0,96.0,0.005760955000141621,0.0,593.1328125,0.0
51.0,97.0,0.006366514000092138,50.0,593.1328125,0.0
51.0,98.0,0.006041600999878938,100.0,593.1328125,0.0
51.0,99.0,0.0048142850000658655,0.0,593.1328125,0.0
51.0,100.0,0.005722887000047194,50.0,593.1328125,0.0
52.0,1.0,0.006287686000177928,100.0,593.13671875,0.0
52.0,2.0,0.0060157640000397805,0.0,593.13671875,0.0
52.0,3.0,0.005873332999954073,50.0,593.13671875,0.0
52.0,4.0,0.005835726999976032,100.0,593.13671875,0.0
52.0,5.0,0.0045458200002030935,0.0,593.13671875,0.0
52.0,6.0,0.0059780450001198915,50.0,593.140625,0.0
52.0,7.0,0.0061496079999869835,100.0,593.140625,0.0
52.0,8.0,0.005788774000166086,0.0,593.140625,0.0
52.0,9.0,0.006111465000003591,50.0,593.140625,0.0
52.0,10.0,0.005812287999788168,100.0,593.140625,0.0
52.0,11.0,0.007441013999823554,0.0,593.140625,0.0
52.0,12.0,0.004324670999949376,50.0,593.14453125,0.0
52.0,13.0,0.005801877000067179,100.0,593.14453125,0.0
52.0,14.0,0.007307511999897542,0.0,593.1484375,0.0
52.0,15.0,0.005645537999953376,50.0,593.1484375,0.0
52.0,16.0,0.006067720000146437,100.0,593.1484375,0.0
52.0,17.0,0.0040969859999222535,0.0,593.1484375,0.0
52.0,18.0,0.0040965980001601565,100.0,593.1484375,0.0
52.0,19.0,0.0057643239999833895,0.0,593.1484375,0.0
52.0,20.0,0.008201467999924716,100.0,593.15234375,0.0
52.0,21.0,0.011877084999923682,100.0,593.15234375,0.0
52.0,22.0,0.017148729999917123,100.0,593.15625,0.0
52.0,23.0,0.016773915999920064,100.0,593.15625,0.0
52.0,24.0,0.00944851600002039,100.0,593.15625,0.0
52.0,25.0,0.013014677999990454,100.0,593.16015625,0.0
52.0,26.0,0.029874996999978976,100.0,593.16015625,0.0
52.0,27.0,0.019899275999932797,100.0,593.16015625,0.0
52.0,28.0,0.03260718199999246,100.0,593.16015625,0.0
52.0,29.0,0.023249770999882458,100.0,593.16015625,0.0
52.0,30.0,0.016977887999928498,100.0,593.16015625,0.0
52.0,31.0,0.01742522800009283,100.0,593.1640625,0.0
52.0,32.0,0.028717329000073732,100.0,593.1640625,0.0
52.0,33.0,0.017010942000069917,100.0,593.16796875,0.0
52.0,34.0,0.01905845600003886,100.0,593.16796875,0.0
52.0,35.0,0.018897644999924523,100.0,593.16796875,0.0
52.0,36.0,0.01806950900004267,83.3,593.16796875,0.0
52.0,37.0,0.01529708899988691,100.0,593.171875,0.0
52.0,38.0,0.02426251300016702,100.0,593.171875,0.0
52.0,39.0,0.01576580300002206,100.0,593.1796875,0.0
52.0,40.0,0.018874141999958738,100.0,593.1796875,0.0
52.0,41.0,0.015280935999953726,100.0,593.1796875,0.0
52.0,42.0,0.01353219599991462,100.0,593.1796875,0.0
52.0,43.0,0.018596837999893978,100.0,593.18359375,0.0
52.0,44.0,0.005610030999832816,100.0,593.1875,0.0
52.0,45.0,0.005227843000056964,50.0,593.1875,0.0
52.0,46.0,0.005467756000143709,0.0,593.1875,0.0
52.0,47.0,0.005416326999920784,50.0,593.1875,0.0
52.0,48.0,0.005146717999878092,50.0,593.19140625,0.0
52.0,49.0,0.005153566999979375,0.0,593.19140625,0.0
52.0,50.0,0.005426399000043602,50.0,593.19140625,0.0
52.0,51.0,0.005404823999924702,100.0,593.1953125,0.0
52.0,52.0,0.0038825060000817757,0.0,593.1953125,0.0
52.0,53.0,0.005582963000051677,100.0,593.1953125,0.0
52.0,54.0,0.0054949939999460184,0.0,593.19921875,0.0
52.0,55.0,0.008809335000023566,50.0,593.19921875,0.0
52.0,56.0,0.008810202999939065,100.0,593.19921875,0.0
52.0,57.0,0.0056307689999357535,50.0,593.203125,0.0
52.0,58.0,0.0070498200000201905,100.0,593.203125,0.0
52.0,59.0,0.0069401920000018436,0.0,593.20703125,0.0
52.0,60.0,0.005269196999961423,50.0,593.20703125,0.0
52.0,61.0,0.0067749600000297505,50.0,593.20703125,0.0
52.0,62.0,0.0067319859999770415,0.0,593.20703125,0.0
52.0,63.0,0.005192838999846572,50.0,593.20703125,0.0
52.0,64.0,0.006479649000084464,50.0,593.20703125,0.0
52.0,65.0,0.006777106000072308,0.0,593.2109375,0.0
52.0,66.0,0.005540067999845633,50.0,593.2109375,0.0
52.0,67.0,0.00537525499998992,50.0,593.2109375,0.0
52.0,68.0,0.005288935999942623,0.0,593.2109375,0.0
52.0,69.0,0.007075274000044374,50.0,593.2109375,0.0
52.0,70.0,0.0039301110000451445,100.0,593.2109375,0.0
52.0,71.0,0.004076522999866938,0.0,593.2109375,0.0
52.0,72.0,0.006875544000195077,50.0,593.2109375,0.0
52.0,73.0,0.004184054000006654,0.0,593.2109375,0.0
52.0,74.0,0.004055783000012525,50.0,593.2109375,0.0
52.0,75.0,0.00571878599998854,0.0,593.2109375,0.0
52.0,76.0,0.00674712900013219,50.0,593.2109375,0.0
52.0,77.0,0.005288113999995403,66.7,593.2109375,0.0
52.0,78.0,0.005336886000122831,0.0,593.2109375,0.0
52.0,79.0,0.005276266000009855,50.0,593.2109375,0.0
52.0,80.0,0.003923075999864523,0.0,593.2109375,0.0
52.0,81.0,0.0065562889999455365,50.0,593.2109375,0.0
52.0,82.0,0.004040626999994856,100.0,593.2109375,0.0
52.0,83.0,0.005224802000157069,0.0,593.2109375,0.0
52.0,84.0,0.005585134000057224,50.0,593.2109375,0.0
52.0,85.0,0.0065666000000419444,100.0,593.2109375,0.0
52.0,86.0,0.004142572000091604,0.0,593.2109375,0.0
52.0,87.0,0.005605389000038485,50.0,593.2109375,0.0
52.0,88.0,0.005362606999824493,0.0,593.2109375,0.0
52.0,89.0,0.004138781999927232,50.0,593.2109375,0.0
52.0,90.0,0.005357741000125316,0.0,593.2109375,0.0
52.0,91.0,0.0038750040000650188,50.0,593.2109375,0.0
52.0,92.0,0.004152839999960634,0.0,593.2109375,0.0
52.0,93.0,0.005232229000057487,50.0,593.2109375,0.0
52.0,94.0,0.005360182000003988,100.0,593.2109375,0.0
52.0,95.0,0.004257173999803854,0.0,593.2109375,0.0
52.0,96.0,0.005422621999969124,100.0,593.2109375,0.0
52.0,97.0,0.00522001299987096,0.0,593.2109375,0.0
52.0,98.0,0.005212288000166154,50.0,593.2109375,0.0
52.0,99.0,0.006927664000158984,100.0,593.2109375,0.0
52.0,100.0,0.0055336790001092595,0.0,593.2109375,0.0
53.0,1.0,0.004248570000072505,50.0,593.2109375,0.0
53.0,2.0,0.004015091999917786,0.0,593.2109375,0.0
53.0,3.0,0.005725745000063398,50.0,593.2109375,0.0
53.0,4.0,0.005198052999958236,100.0,593.2109375,0.0
53.0,5.0,0.004169519000015498,0.0,593.2109375,0.0
53.0,6.0,0.005272849999983009,100.0,593.2109375,0.0
53.0,7.0,0.005714124000178344,0.0,593.21484375,0.0
53.0,8.0,0.005302958000129365,50.0,593.21875,0.0
53.0,9.0,0.006880391999857238,100.0,593.21875,0.0
53.0,10.0,0.006629955999869708,50.0,593.21875,0.0
53.0,11.0,0.005303679999997257,0.0,593.21875,0.0
53.0,12.0,0.005688537999958498,100.0,593.21875,0.0
53.0,13.0,0.005413797999835879,0.0,593.21875,0.0
53.0,14.0,0.003959418000022197,100.0,593.21875,0.0
53.0,15.0,0.004494597000075373,0.0,593.21875,0.0
53.0,16.0,0.00650962199983951,50.0,593.21875,0.0
53.0,17.0,0.0055456669999784935,100.0,593.22265625,0.0
53.0,18.0,0.00645997499987061,0.0,593.22265625,0.0
53.0,19.0,0.005467576000000918,50.0,593.22265625,0.0
53.0,20.0,0.005637464000074033,100.0,593.22265625,0.0
53.0,21.0,0.006682006000119145,0.0,593.22265625,0.0
53.0,22.0,0.006728108000061184,50.0,593.22265625,0.0
53.0,23.0,0.0044196470000770205,100.0,593.22265625,0.0
53.0,24.0,0.005548566000015853,0.0,593.22265625,0.0
53.0,25.0,0.004239892999976291,100.0,593.22265625,0.0
53.0,26.0,0.015028136999944763,100.0,593.22265625,0.0
53.0,27.0,0.015038108999988253,100.0,593.2265625,0.0
53.0,28.0,0.011402109000073324,100.0,593.2265625,0.0
53.0,29.0,0.01938069999982872,100.0,593.2265625,0.0
53.0,30.0,0.015236667999943165,100.0,593.2265625,0.0
53.0,31.0,0.01335814100002608,100.0,593.2265625,0.0
53.0,32.0,0.015425986000082048,100.0,593.23046875,0.0
53.0,33.0,0.011411169000211885,100.0,593.23046875,0.0
53.0,34.0,0.03398094199997104,100.0,593.23046875,0.0
53.0,35.0,0.02236996800002089,100.0,593.23046875,0.0
53.0,36.0,0.008333816000003935,66.7,593.23046875,0.0
53.0,37.0,0.007153007000169964,100.0,593.234375,0.0
53.0,38.0,0.006811322999965341,100.0,593.23828125,0.0
53.0,39.0,0.005049247999977524,100.0,593.23828125,0.0
53.0,40.0,0.005988774999877933,100.0,593.23828125,0.0
53.0,41.0,0.00529232899998533,100.0,593.23828125,0.0
53.0,42.0,0.007251138000128776,100.0,593.23828125,0.0
53.0,43.0,0.008886716000006345,100.0,593.2421875,0.0
53.0,44.0,0.009454638000079285,100.0,593.2421875,0.0
53.0,45.0,0.018002642000055857,100.0,593.2421875,0.0
53.0,46.0,0.01317251499995109,100.0,593.2421875,0.0
53.0,47.0,0.013257519000035245,100.0,593.2421875,0.0
53.0,48.0,0.023699459999988903,100.0,593.2421875,0.0
53.0,49.0,0.017362556999842127,100.0,593.24609375,0.0
53.0,50.0,0.01849466199996641,100.0,593.25,0.0
53.0,51.0,0.02659871299988481,100.0,593.25,0.0
53.0,52.0,0.01762162799991529,100.0,593.25,0.0
53.0,53.0,0.027312899999969886,100.0,593.26171875,0.0
53.0,54.0,0.022875664999901346,100.0,593.26171875,0.0
53.0,55.0,0.004117029999861188,0.0,593.26171875,0.0
53.0,56.0,0.0040185200000451005,50.0,593.26171875,0.0
53.0,57.0,0.005648925999821586,0.0,593.26171875,0.0
53.0,58.0,0.00536909199990987,50.0,593.26171875,0.0
53.0,59.0,0.006844212000032712,50.0,593.265625,0.0
53.0,60.0,0.006538530999932846,0.0,593.265625,0.0
53.0,61.0,0.006619625999974232,50.0,593.265625,0.0
53.0,62.0,0.004613650000010239,50.0,593.265625,0.0
53.0,63.0,0.008314719000054538,100.0,593.265625,0.0
53.0,64.0,0.008113278000109858,50.0,593.265625,0.0
53.0,65.0,0.0041955760000291775,0.0,593.265625,0.0
53.0,66.0,0.006567733999872871,50.0,593.26953125,0.0
53.0,67.0,0.005472308999969755,0.0,593.26953125,0.0
53.0,68.0,0.006849053999985699,50.0,593.2734375,0.0
53.0,69.0,0.005479291000028752,50.0,593.2734375,0.0
53.0,70.0,0.007059757000206446,100.0,593.2734375,0.0
53.0,71.0,0.006499791000123878,0.0,593.27734375,0.0
53.0,72.0,0.006948681000039869,50.0,593.27734375,0.0
53.0,73.0,0.005267078000088077,100.0,593.27734375,0.0
53.0,74.0,0.005374216999825876,0.0,593.27734375,0.0
53.0,75.0,0.0072756730000946845,50.0,593.28125,0.0
53.0,76.0,0.005451828000104797,100.0,593.28515625,0.0
53.0,77.0,0.00435687100002724,0.0,593.28515625,0.0
53.0,78.0,0.006575784999995449,50.0,593.2890625,0.0
53.0,79.0,0.005860731999973723,100.0,593.296875,0.0
53.0,80.0,0.009011037000163924,100.0,593.296875,0.0
53.0,81.0,0.007190514999820152,100.0,593.30078125,0.0
53.0,82.0,0.008123851999926046,66.7,593.30078125,0.0
53.0,83.0,0.005506465999815191,0.0,593.30078125,0.0
53.0,84.0,0.005376724999905491,50.0,593.390625,0.0
53.0,85.0,0.005468365000069753,0.0,593.390625,0.0
53.0,86.0,0.006435633999899437,100.0,593.390625,0.0
53.0,87.0,0.00558819200000471,50.0,593.39453125,0.0
53.0,88.0,0.005263487000092937,0.0,593.3984375,0.0
53.0,89.0,0.006856876000028933,50.0,593.3984375,0.0
53.0,90.0,0.005251486000133809,50.0,593.3984375,0.0
53.0,91.0,0.0060330430001158675,0.0,593.3984375,0.0
53.0,92.0,0.006547969999928682,50.0,593.40234375,0.0
53.0,93.0,0.005704223000066122,50.0,593.40234375,0.0
53.0,94.0,0.005216804999918168,0.0,593.40234375,0.0
53.0,95.0,0.005614565999849219,50.0,593.40234375,0.0
53.0,96.0,0.006500930999891352,50.0,593.40234375,0.0
53.0,97.0,0.004374099999949976,0.0,593.40234375,0.0
53.0,98.0,0.005757163999987824,50.0,593.40625,0.0
53.0,99.0,0.005774550000069212,100.0,593.40625,0.0
53.0,100.0,0.006625692000170602,100.0,593.40625,0.0
54.0,1.0,0.00780110000005152,50.0,593.41015625,0.0
54.0,2.0,0.00575248800009831,50.0,593.4140625,0.0
54.0,3.0,0.007698707999907128,50.0,593.4140625,0.0
54.0,4.0,0.00578872300002331,0.0,593.4140625,0.0
54.0,5.0,0.007805737000126101,50.0,593.4140625,0.0
54.0,6.0,0.0069249520001903875,50.0,593.4140625,0.0
54.0,7.0,0.005760516999998799,50.0,593.4140625,0.0
54.0,8.0,0.005324727000015628,0.0,593.41796875,0.0
54.0,9.0,0.007675783999957275,50.0,593.41796875,0.0
54.0,10.0,0.0062879789998078195,50.0,593.41796875,0.0
54.0,11.0,0.008139385000049515,100.0,593.41796875,0.0
54.0,12.0,0.006434977000026265,0.0,593.41796875,0.0
54.0,13.0,0.007477999000002455,50.0,593.41796875,0.0
54.0,14.0,0.007374934000154099,50.0,593.41796875,0.0
54.0,15.0,0.010884786999895368,100.0,593.41796875,0.0
54.0,16.0,0.006454614999938713,100.0,593.41796875,0.0
54.0,17.0,0.006820284000013999,100.0,593.41796875,0.0
54.0,18.0,0.011030337999955009,100.0,593.421875,0.0
54.0,19.0,0.004711280000037732,50.0,593.421875,0.0
54.0,20.0,0.007116804999895976,0.0,593.421875,0.0
54.0,21.0,0.005353853000087838,100.0,593.421875,0.0
54.0,22.0,0.004442489999973986,66.7,593.421875,0.0
54.0,23.0,0.008073257999967609,100.0,593.421875,0.0
54.0,24.0,0.0045386029999008315,100.0,593.421875,0.0
54.0,25.0,0.006908478000013929,50.0,593.421875,0.0
54.0,26.0,0.0055529139999634936,0.0,593.421875,0.0
54.0,27.0,0.0041785569999319705,100.0,593.421875,0.0
54.0,28.0,0.007500917000015761,0.0,593.42578125,0.0
54.0,29.0,0.007062632999804919,50.0,593.42578125,0.0
54.0,30.0,0.006386133999967569,100.0,593.42578125,0.0
54.0,31.0,0.005872883999927581,50.0,593.42578125,0.0
54.0,32.0,0.006069365000030302,0.0,593.42578125,0.0
54.0,33.0,0.007207275999917329,50.0,593.42578125,0.0
54.0,34.0,0.0077806059998692945,100.0,593.42578125,0.0
54.0,35.0,0.004845453999905658,0.0,593.42578125,0.0
54.0,36.0,0.006783425999856263,100.0,593.42578125,0.0
54.0,37.0,0.010042748999921969,100.0,593.42578125,0.0
54.0,38.0,0.006920367000020633,66.7,593.42578125,0.0
54.0,39.0,0.007860309000079724,0.0,593.42578125,0.0
54.0,40.0,0.007250164000197401,50.0,593.42578125,0.0
54.0,41.0,0.006232415000113178,50.0,593.42578125,0.0
54.0,42.0,0.008238822000066648,50.0,593.42578125,0.0
54.0,43.0,0.00692711200008489,100.0,593.42578125,0.0
54.0,44.0,0.006726710000066305,50.0,593.42578125,0.0
54.0,45.0,0.005748213999822838,0.0,593.42578125,0.0
54.0,46.0,0.0046983170000203245,100.0,593.42578125,0.0
54.0,47.0,0.004744228000163275,0.0,593.42578125,0.0
54.0,48.0,0.004574711000032039,100.0,593.42578125,0.0
54.0,49.0,0.008496382999965135,100.0,593.42578125,0.0
54.0,50.0,0.006047745999921972,100.0,593.42578125,0.0
54.0,51.0,0.010126554999942528,100.0,593.4296875,0.0
54.0,52.0,0.00854532600010316,100.0,593.4296875,0.0
54.0,53.0,0.007739148999917234,100.0,593.4296875,0.0
54.0,54.0,0.00777774700009104,50.0,593.4296875,0.0
54.0,55.0,0.00565896100010832,0.0,593.4296875,0.0
54.0,56.0,0.005917469999985769,50.0,593.4296875,0.0
54.0,57.0,0.007430075999991459,100.0,593.43359375,0.0
54.0,58.0,0.005579967999892688,50.0,593.43359375,0.0
54.0,59.0,0.006707811000069341,0.0,593.43359375,0.0
54.0,60.0,0.007128815999976723,50.0,593.43359375,0.0
54.0,61.0,0.004815799999960291,100.0,593.43359375,0.0
54.0,62.0,0.007331221000185906,50.0,593.43359375,0.0
54.0,63.0,0.00471463799999583,0.0,593.43359375,0.0
54.0,64.0,0.0058515420000730956,50.0,593.43359375,0.0
54.0,65.0,0.00570718099993428,0.0,593.43359375,0.0
54.0,66.0,0.005954390000169951,100.0,593.43359375,0.0
54.0,67.0,0.004512107999971704,50.0,593.43359375,0.0
54.0,68.0,0.005662798000003022,0.0,593.43359375,0.0
54.0,69.0,0.004145693000054962,100.0,593.43359375,0.0
54.0,70.0,0.007061635999889404,50.0,593.43359375,0.0
54.0,71.0,0.00594271399995705,0.0,593.43359375,0.0
54.0,72.0,0.00584660000004078,100.0,593.43359375,0.0
54.0,73.0,0.006791140000132145,50.0,593.43359375,0.0
54.0,74.0,0.0057382439999855706,0.0,593.43359375,0.0
54.0,75.0,0.004147220000049856,100.0,593.43359375,0.0
54.0,76.0,0.0056203300000561285,50.0,593.43359375,0.0
54.0,77.0,0.007150480999825959,0.0,593.43359375,0.0
54.0,78.0,0.005822939999916343,100.0,593.43359375,0.0
54.0,79.0,0.006288203000167414,50.0,593.4375,0.0
54.0,80.0,0.0072154059998865705,50.0,593.4375,0.0
54.0,81.0,0.007731622000164862,0.0,593.4375,0.0
54.0,82.0,0.005989473999989059,100.0,593.4375,0.0
54.0,83.0,0.005817622999984451,50.0,593.4375,0.0
54.0,84.0,0.007562042000017755,50.0,593.44140625,0.0
54.0,85.0,0.007359651000115264,50.0,593.44140625,0.0
54.0,86.0,0.0046956569999565545,0.0,593.44140625,0.0
54.0,87.0,0.007199520999847664,50.0,593.44140625,0.0
54.0,88.0,0.004183833000070081,0.0,593.44140625,0.0
54.0,89.0,0.0077977549999559415,50.0,593.4453125,0.0
54.0,90.0,0.007511615000112215,50.0,593.44921875,0.0
54.0,91.0,0.005942287000152646,50.0,593.44921875,0.0
54.0,92.0,0.00574727699995492,0.0,593.453125,0.0
54.0,93.0,0.005884635000029448,50.0,593.453125,0.0
54.0,94.0,0.004301604999909614,0.0,593.453125,0.0
54.0,95.0,0.00785642599998937,100.0,593.45703125,0.0
54.0,96.0,0.007678942999973515,50.0,593.45703125,0.0
54.0,97.0,0.0054832079999869165,50.0,593.45703125,0.0
54.0,98.0,0.003990251999994143,0.0,593.4609375,0.0
54.0,99.0,0.007179983000014545,50.0,593.4609375,0.0
54.0,100.0,0.007074703999933263,50.0,593.46484375,0.0
55.0,1.0,0.00847966100013764,50.0,593.46484375,0.0
55.0,2.0,0.0066552180001053785,50.0,593.46484375,0.0
55.0,3.0,0.005504635000079361,0.0,593.46484375,0.0
55.0,4.0,0.003961615999969581,50.0,593.46875,0.0
55.0,5.0,0.0044187209998654,0.0,593.46875,0.0
55.0,6.0,0.004054644999996526,50.0,593.47265625,0.0
55.0,7.0,0.005608696999843232,100.0,593.47265625,0.0
55.0,8.0,0.006632221000018035,0.0,593.48046875,0.0
55.0,9.0,0.006895425000038813,50.0,593.48046875,0.0
55.0,10.0,0.0053234360000260494,100.0,593.48046875,0.0
55.0,11.0,0.003970135999907143,0.0,593.48046875,0.0
55.0,12.0,0.006718602000091778,50.0,593.484375,0.0
55.0,13.0,0.005462035000164178,0.0,593.484375,0.0
55.0,14.0,0.005406788000072993,50.0,593.484375,0.0
55.0,15.0,0.005807787000094322,50.0,593.484375,0.0
55.0,16.0,0.005303634000028978,0.0,593.484375,0.0
55.0,17.0,0.005890099999987797,50.0,593.484375,0.0
55.0,18.0,0.0057389609999063396,100.0,593.48828125,0.0
55.0,19.0,0.005356426999924224,0.0,593.48828125,0.0
55.0,20.0,0.005564183999922534,50.0,593.48828125,0.0
55.0,21.0,0.004082638999989285,0.0,593.48828125,0.0
55.0,22.0,0.004209555999977965,50.0,593.4921875,0.0
55.0,23.0,0.005410660999814354,100.0,593.4921875,0.0
55.0,24.0,0.004254614000046786,0.0,593.4921875,0.0
55.0,25.0,0.005944014000078823,100.0,593.4921875,0.0
55.0,26.0,0.006851659000176369,50.0,593.4921875,0.0
55.0,27.0,0.005284179999989647,0.0,593.4921875,0.0
55.0,28.0,0.005413713999814718,100.0,593.4921875,0.0
55.0,29.0,0.004012150999869846,0.0,593.49609375,0.0
55.0,30.0,0.0069907119998333656,50.0,593.49609375,0.0
55.0,31.0,0.005433433999996851,100.0,593.49609375,0.0
55.0,32.0,0.004166665999946417,0.0,593.49609375,0.0
55.0,33.0,0.005324634999851696,100.0,593.49609375,0.0
55.0,34.0,0.00530486499997096,0.0,593.49609375,0.0
55.0,35.0,0.0055570119998265,50.0,593.49609375,0.0
55.0,36.0,0.004042226999899867,0.0,593.49609375,0.0
55.0,37.0,0.00427500599994346,50.0,593.49609375,0.0
55.0,38.0,0.0077039360000981105,100.0,593.49609375,0.0
55.0,39.0,0.0040073570000913605,50.0,593.49609375,0.0
55.0,40.0,0.004223418999799833,0.0,593.5,0.0
55.0,41.0,0.006787971999983711,66.7,593.5,0.0
55.0,42.0,0.005551328999899852,100.0,593.5,0.0
55.0,43.0,0.005305581000129678,0.0,593.5,0.0
55.0,44.0,0.004114107000077638,100.0,593.5,0.0
55.0,45.0,0.006709834000048431,0.0,593.5,0.0
55.0,46.0,0.006930607999947824,50.0,593.5,0.0
55.0,47.0,0.003944004000004497,100.0,593.50390625,0.0
55.0,48.0,0.004148429999986547,0.0,593.50390625,0.0
55.0,49.0,0.006922582000015609,50.0,593.50390625,0.0
55.0,50.0,0.0044502229998215626,100.0,593.50390625,0.0
55.0,51.0,0.005516204000059588,0.0,593.5078125,0.0
55.0,52.0,0.0065524720000667,100.0,593.5078125,0.0
55.0,53.0,0.00541240799998377,50.0,593.5078125,0.0
55.0,54.0,0.005529735999971308,0.0,593.5078125,0.0
55.0,55.0,0.004035459999840896,100.0,593.5078125,0.0
55.0,56.0,0.005897690999972838,0.0,593.5078125,0.0
55.0,57.0,0.00551226399988991,100.0,593.5078125,0.0
55.0,58.0,0.005386808000139354,50.0,593.5078125,0.0
55.0,59.0,0.0061071360000823915,0.0,593.60546875,0.0
55.0,60.0,0.006682733999923585,100.0,593.69140625,0.0
55.0,61.0,0.004224431000011464,50.0,593.69140625,0.0
55.0,62.0,0.003920687999880101,0.0,593.69140625,0.0
55.0,63.0,0.003945341999951779,0.0,593.69140625,0.0
55.0,64.0,0.006765563000044494,100.0,593.69140625,0.0
55.0,65.0,0.005323477000047205,50.0,593.69140625,0.0
55.0,66.0,0.007037282999817762,50.0,593.69140625,0.0
55.0,67.0,0.005290203999948062,0.0,593.6953125,0.0
55.0,68.0,0.006809082000017952,50.0,593.6953125,0.0
55.0,69.0,0.003981454000040685,0.0,593.69921875,0.0
55.0,70.0,0.005597517000069274,100.0,593.69921875,0.0
55.0,71.0,0.0052536000000600325,50.0,593.69921875,0.0
55.0,72.0,0.004263489999857484,0.0,593.69921875,0.0
55.0,73.0,0.006881209000084709,50.0,593.703125,0.0
55.0,74.0,0.005500919000041904,0.0,593.70703125,0.0
55.0,75.0,0.003928199000029053,100.0,593.70703125,0.0
55.0,76.0,0.0056370849999893835,50.0,593.70703125,0.0
55.0,77.0,0.005354851000220151,0.0,593.70703125,0.0
55.0,78.0,0.0070348429999285145,50.0,593.70703125,0.0
55.0,79.0,0.005327358000158711,50.0,593.7109375,0.0
55.0,80.0,0.0051079370000479685,0.0,593.71484375,0.0
55.0,81.0,0.0069455480002034164,50.0,593.71484375,0.0
55.0,82.0,0.004153457999791499,100.0,593.71484375,0.0
55.0,83.0,0.006567527000015616,0.0,593.71875,0.0
55.0,84.0,0.006986818999848765,100.0,593.71875,0.0
55.0,85.0,0.007227584000020215,50.0,593.72265625,0.0
55.0,86.0,0.007123896999928547,50.0,593.72265625,0.0
55.0,87.0,0.007251501999917309,0.0,593.72265625,0.0
55.0,88.0,0.0067316829999981564,100.0,593.72265625,0.0
55.0,89.0,0.010461286999998265,100.0,593.7265625,0.0
55.0,90.0,0.008287228999961371,100.0,593.73046875,0.0
55.0,91.0,0.008194129000003159,100.0,593.73046875,0.0
55.0,92.0,0.00842403399997238,100.0,593.73046875,0.0
55.0,93.0,0.005459481000116284,50.0,593.73046875,0.0
55.0,94.0,0.004222616000106427,0.0,593.73046875,0.0
55.0,95.0,0.005868772999974681,50.0,593.73046875,0.0
55.0,96.0,0.005451645999983157,100.0,593.734375,0.0
55.0,97.0,0.005561186000022644,0.0,593.734375,0.0
55.0,98.0,0.00425459400003092,100.0,593.734375,0.0
55.0,99.0,0.006605210999850897,0.0,593.734375,0.0
55.0,100.0,0.0055516340000849596,50.0,593.734375,0.0
56.0,1.0,0.006873712000015075,50.0,593.73828125,0.0
56.0,2.0,0.00407326100003047,0.0,593.7421875,0.0
56.0,3.0,0.007349844999907873,50.0,593.7421875,0.0
56.0,4.0,0.00572213999998894,100.0,593.7421875,0.0
56.0,5.0,0.007414304000121774,100.0,593.7421875,0.0
56.0,6.0,0.008886092000011558,100.0,593.7421875,0.0
56.0,7.0,0.004989686000044458,0.0,593.7421875,0.0
56.0,8.0,0.005759390999855896,100.0,593.7421875,0.0
56.0,9.0,0.005296565999969971,50.0,593.7421875,0.0
56.0,10.0,0.0056646079999609356,0.0,593.7421875,0.0
56.0,11.0,0.00577509499998996,100.0,593.7421875,0.0
56.0,12.0,0.004086363999931564,0.0,593.7421875,0.0
56.0,13.0,0.007242029999815713,50.0,593.7421875,0.0
56.0,14.0,0.006796787999974185,100.0,593.7421875,0.0
56.0,15.0,0.004362437000054342,0.0,593.7421875,0.0
56.0,16.0,0.005357983000067179,100.0,593.7421875,0.0
56.0,17.0,0.0070258279999961815,50.0,593.7421875,0.0
56.0,18.0,0.005340724000006958,0.0,593.7421875,0.0
56.0,19.0,0.006923125000184882,50.0,593.7421875,0.0
56.0,20.0,0.007013223000058133,100.0,593.7421875,0.0
56.0,21.0,0.004304004000005079,50.0,593.7421875,0.0
56.0,22.0,0.0066117790001953836,0.0,593.7421875,0.0
56.0,23.0,0.00558532600007311,100.0,593.7421875,0.0
56.0,24.0,0.006584817999964798,50.0,593.7421875,0.0
56.0,25.0,0.006978237000112131,0.0,593.7421875,0.0
56.0,26.0,0.004082803000073909,100.0,593.7421875,0.0
56.0,27.0,0.00566304099993431,50.0,593.7421875,0.0
56.0,28.0,0.0069416719998116605,0.0,593.7421875,0.0
56.0,29.0,0.0057671429999572865,100.0,593.7421875,0.0
56.0,30.0,0.005490184999871417,50.0,593.7421875,0.0
56.0,31.0,0.004770212000039464,0.0,593.7421875,0.0
56.0,32.0,0.005773791000137862,50.0,593.7421875,0.0
56.0,33.0,0.006913412999892898,50.0,593.7421875,0.0
56.0,34.0,0.007003080999993472,50.0,593.7421875,0.0
56.0,35.0,0.004223034999995434,0.0,593.7421875,0.0
56.0,36.0,0.003969514000118579,0.0,593.7421875,0.0
56.0,37.0,0.005805988000020079,100.0,593.7421875,0.0
56.0,38.0,0.006585787999938475,50.0,593.7421875,0.0
56.0,39.0,0.0055637189998378744,0.0,593.7421875,0.0
56.0,40.0,0.004086313000016162,100.0,593.7421875,0.0
56.0,41.0,0.0060164569999869855,0.0,593.7421875,0.0
56.0,42.0,0.005553932000111672,100.0,593.7421875,0.0
56.0,43.0,0.007109291000006124,50.0,593.7421875,0.0
56.0,44.0,0.00421055000015258,100.0,593.7421875,0.0
56.0,45.0,0.004288811999913378,0.0,593.7421875,0.0
56.0,46.0,0.005421243999990111,100.0,593.7421875,0.0
56.0,47.0,0.004238761999886265,0.0,593.7421875,0.0
56.0,48.0,0.004012396000007357,100.0,593.7421875,0.0
56.0,49.0,0.007131254000114495,50.0,593.7421875,0.0
56.0,50.0,0.004041048000090086,0.0,593.7421875,0.0
56.0,51.0,0.005691463999937696,100.0,593.7421875,0.0
56.0,52.0,0.005661932000066372,0.0,593.7421875,0.0
56.0,53.0,0.008837809000169727,50.0,593.7421875,0.0
56.0,54.0,0.007004004000009445,50.0,593.7421875,0.0
56.0,55.0,0.007226061999972444,100.0,593.7421875,0.0
56.0,56.0,0.00655937300007281,50.0,593.7421875,0.0
56.0,57.0,0.004231428999901254,0.0,593.7421875,0.0
56.0,58.0,0.005351184000119247,100.0,593.7421875,0.0
56.0,59.0,0.007003513999961797,0.0,593.74609375,0.0
56.0,60.0,0.005375503999857756,50.0,593.74609375,0.0
56.0,61.0,0.0069191679999676126,100.0,593.74609375,0.0
56.0,62.0,0.005277829999840833,0.0,593.74609375,0.0
56.0,63.0,0.004169266999952015,50.0,593.75,0.0
56.0,64.0,0.004074490999983027,0.0,593.75,0.0
56.0,65.0,0.0071816770000623364,50.0,593.75,0.0
56.0,66.0,0.004052642000033302,100.0,593.75,0.0
56.0,67.0,0.00704100699999799,0.0,593.75,0.0
56.0,68.0,0.0068756309999571386,50.0,593.75,0.0
56.0,69.0,0.005614311999806887,100.0,593.75,0.0
56.0,70.0,0.004042368999989776,0.0,593.75390625,0.0
56.0,71.0,0.007298989999981131,50.0,593.75390625,0.0
56.0,72.0,0.007084741999960897,100.0,593.75390625,0.0
56.0,73.0,0.00713588400003573,50.0,593.75390625,0.0
56.0,74.0,0.005356179000045813,0.0,593.75390625,0.0
56.0,75.0,0.00710810999999012,50.0,593.75390625,0.0
56.0,76.0,0.004230249000102049,100.0,593.75390625,0.0
56.0,77.0,0.0074694120000913244,100.0,593.75390625,0.0
56.0,78.0,0.005295338999985688,50.0,593.75390625,0.0
56.0,79.0,0.005362949000073058,0.0,593.76171875,0.0
56.0,80.0,0.005238433000158693,50.0,593.76171875,0.0
56.0,81.0,0.00423629300007633,50.0,593.76171875,0.0
56.0,82.0,0.0039539440001590265,0.0,593.76171875,0.0
56.0,83.0,0.007309105000103955,50.0,593.76171875,0.0
56.0,84.0,0.005241986000100951,0.0,593.76171875,0.0
56.0,85.0,0.007132779999892591,50.0,593.76171875,0.0
56.0,86.0,0.004004183000006378,50.0,593.76171875,0.0
56.0,87.0,0.005530139000029521,0.0,593.76171875,0.0
56.0,88.0,0.0041589569998450315,50.0,593.76171875,0.0
56.0,89.0,0.007043875999897864,50.0,593.765625,0.0
56.0,90.0,0.003978484000072058,0.0,593.765625,0.0
56.0,91.0,0.0043105720001221925,100.0,593.765625,0.0
56.0,92.0,0.005344358000002103,0.0,593.765625,0.0
56.0,93.0,0.0041247950000524725,50.0,593.765625,0.0
56.0,94.0,0.00660682599982465,100.0,593.765625,0.0
56.0,95.0,0.006996432999812896,0.0,593.765625,0.0
56.0,96.0,0.006804189999911614,50.0,593.765625,0.0
56.0,97.0,0.007159189000049082,50.0,593.765625,0.0
56.0,98.0,0.00674350899998899,100.0,593.76953125,0.0
56.0,99.0,0.007004552000125841,0.0,593.76953125,0.0
56.0,100.0,0.005346299999928306,50.0,593.76953125,0.0
57.0,1.0,0.005651138999837713,100.0,593.76953125,0.0
57.0,2.0,0.005317842999829736,0.0,593.76953125,0.0
57.0,3.0,0.005543947999967713,50.0,593.76953125,0.0
57.0,4.0,0.005446834000167655,100.0,593.76953125,0.0
57.0,5.0,0.004050744000096529,0.0,593.76953125,0.0
57.0,6.0,0.004014547999986462,100.0,593.76953125,0.0
57.0,7.0,0.005828814000096827,0.0,593.76953125,0.0
57.0,8.0,0.00687058999983492,50.0,593.76953125,0.0
57.0,9.0,0.005580521999945631,100.0,593.77734375,0.0
57.0,10.0,0.0068500059999223595,0.0,593.77734375,0.0
57.0,11.0,0.006946766999817555,50.0,593.77734375,0.0
57.0,12.0,0.005262853999965955,100.0,593.77734375,0.0
57.0,13.0,0.005517353999948682,0.0,593.77734375,0.0
57.0,14.0,0.006520767999973032,50.0,593.77734375,0.0
57.0,15.0,0.006885108999995282,100.0,593.77734375,0.0
57.0,16.0,0.007760873000052015,100.0,593.77734375,0.0
57.0,17.0,0.006059273999881043,100.0,593.78125,0.0
57.0,18.0,0.010000691999948685,100.0,593.78515625,0.0
57.0,19.0,0.0058764460000020335,100.0,593.78515625,0.0
57.0,20.0,0.00833522100015216,100.0,593.78515625,0.0
57.0,21.0,0.004824144999929558,100.0,593.78515625,0.0
57.0,22.0,0.004015885999933744,0.0,593.78515625,0.0
57.0,23.0,0.004251139999951192,100.0,593.7890625,0.0
57.0,24.0,0.005509177000021737,0.0,593.7890625,0.0
57.0,25.0,0.0055945990000054735,50.0,593.7890625,0.0
57.0,26.0,0.006742475999999442,100.0,593.7890625,0.0
57.0,27.0,0.004475331000094229,0.0,593.7890625,0.0
57.0,28.0,0.006838562999973874,50.0,593.7890625,0.0
57.0,29.0,0.005416523000121742,0.0,593.796875,0.0
57.0,30.0,0.005554825999979585,50.0,593.796875,0.0
57.0,31.0,0.005268822000061846,100.0,593.796875,0.0
57.0,32.0,0.004594926999970994,0.0,593.796875,0.0
57.0,33.0,0.006711680000080378,100.0,593.796875,0.0
57.0,34.0,0.008273911000060252,66.7,593.80078125,0.0
57.0,35.0,0.005346909000081723,50.0,593.80078125,0.0
57.0,36.0,0.007287332999794671,100.0,593.80078125,0.0
57.0,37.0,0.007038579999971262,0.0,593.80078125,0.0
57.0,38.0,0.004196935999971174,50.0,593.8046875,0.0
57.0,39.0,0.0071940929999527725,100.0,593.8046875,0.0
57.0,40.0,0.005664632999923924,0.0,593.80859375,0.0
57.0,41.0,0.0044055719999960274,100.0,593.80859375,0.0
57.0,42.0,0.005937149000146746,50.0,593.80859375,0.0
57.0,43.0,0.00582152800006952,0.0,593.80859375,0.0
57.0,44.0,0.004193558999986635,100.0,593.80859375,0.0
57.0,45.0,0.005708030000050712,0.0,593.80859375,0.0
57.0,46.0,0.007081289999860019,100.0,593.8125,0.0
57.0,47.0,0.005433190999838189,50.0,593.8125,0.0
57.0,48.0,0.005720948999851316,50.0,593.8125,0.0
57.0,49.0,0.005673054999988381,0.0,593.81640625,0.0
57.0,50.0,0.0070731939999859605,50.0,593.81640625,0.0
57.0,51.0,0.004125534999957381,0.0,593.8203125,0.0
57.0,52.0,0.007202882999990834,100.0,593.8203125,0.0
57.0,53.0,0.005450701999961893,50.0,593.8203125,0.0
57.0,54.0,0.005792998000060834,50.0,593.8203125,0.0
57.0,55.0,0.007022616000085691,0.0,593.8203125,0.0
57.0,56.0,0.004299919000004593,50.0,593.8203125,0.0
57.0,57.0,0.004185461999895779,0.0,593.82421875,0.0
57.0,58.0,0.004336625999940225,50.0,593.82421875,0.0
57.0,59.0,0.007829960999970353,100.0,593.828125,0.0
57.0,60.0,0.00803018500005237,100.0,593.828125,0.0
57.0,61.0,0.006152795000161859,100.0,593.828125,0.0
57.0,62.0,0.006644610999956058,100.0,593.828125,0.0
57.0,63.0,0.0058421450000878394,50.0,593.83203125,0.0
57.0,64.0,0.00792440100008207,100.0,593.83203125,0.0
57.0,65.0,0.004109440999854996,50.0,593.83203125,0.0
57.0,66.0,0.005801582000003691,0.0,593.83203125,0.0
57.0,67.0,0.004215155999872877,100.0,593.83203125,0.0
57.0,68.0,0.004304461999936393,0.0,593.83203125,0.0
57.0,69.0,0.004362775000117836,100.0,593.83203125,0.0
57.0,70.0,0.005677838000110569,0.0,593.83203125,0.0
57.0,71.0,0.005585681999946246,100.0,593.83203125,0.0
57.0,72.0,0.007411266999952204,50.0,593.83203125,0.0
57.0,73.0,0.005638803000010739,0.0,593.83203125,0.0
57.0,74.0,0.007121648000065761,50.0,593.83203125,0.0
57.0,75.0,0.005425803999969503,100.0,593.83203125,0.0
57.0,76.0,0.007210534999785523,50.0,593.83203125,0.0
57.0,77.0,0.0054730629999539815,0.0,593.8359375,0.0
57.0,78.0,0.0073174569999991945,100.0,593.8359375,0.0
57.0,79.0,0.0075907079999524285,50.0,593.8359375,0.0
57.0,80.0,0.0056444470001224545,50.0,593.8359375,0.0
57.0,81.0,0.005547717999888846,0.0,593.8359375,0.0
57.0,82.0,0.007440364999865778,50.0,593.8359375,0.0
57.0,83.0,0.006860043000187943,50.0,593.8359375,0.0
57.0,84.0,0.007831826000028741,50.0,593.8359375,0.0
57.0,85.0,0.004156604999934643,0.0,593.8359375,0.0
57.0,86.0,0.007759715000020151,50.0,593.8359375,0.0
57.0,87.0,0.007319585000004736,50.0,593.8359375,0.0
57.0,88.0,0.0076511990000653896,50.0,593.8359375,0.0
57.0,89.0,0.00759394900001098,50.0,593.8359375,0.0
57.0,90.0,0.004787613999951645,0.0,593.8359375,0.0
57.0,91.0,0.00585637999984101,50.0,593.8359375,0.0
57.0,92.0,0.004636285999822576,0.0,593.8359375,0.0
57.0,93.0,0.005853441999988718,50.0,593.8359375,0.0
57.0,94.0,0.007511524999927133,50.0,593.8359375,0.0
57.0,95.0,0.005330701999810117,0.0,593.8359375,0.0
57.0,96.0,0.005527384999822971,100.0,593.8359375,0.0
57.0,97.0,0.00671045200010667,50.0,593.8359375,0.0
57.0,98.0,0.007147390999989511,50.0,593.8359375,0.0
57.0,99.0,0.007229120999909355,0.0,593.8359375,0.0
57.0,100.0,0.008605536000004577,100.0,593.8359375,0.0
58.0,1.0,0.0053397530000438564,50.0,593.8359375,0.0
58.0,2.0,0.004961794000109876,0.0,593.8359375,0.0
58.0,3.0,0.005515662999869164,100.0,593.8359375,0.0
58.0,4.0,0.006766142000060427,50.0,593.8359375,0.0
58.0,5.0,0.005391819000124087,0.0,593.8359375,0.0
58.0,6.0,0.004337980999935098,100.0,593.8359375,0.0
58.0,7.0,0.0056325369998830865,50.0,593.8359375,0.0
58.0,8.0,0.005523037000102704,0.0,593.8359375,0.0
58.0,9.0,0.005512149999958638,50.0,593.8359375,0.0
58.0,10.0,0.007063539000000674,50.0,593.8359375,0.0
58.0,11.0,0.006699771999819859,0.0,593.8359375,0.0
58.0,12.0,0.004268449000164765,50.0,593.8359375,0.0
58.0,13.0,0.004003586999942854,0.0,593.8359375,0.0
58.0,14.0,0.00428760699992381,50.0,593.8359375,0.0
58.0,15.0,0.0055867140001737425,50.0,593.8359375,0.0
58.0,16.0,0.005798735000098532,0.0,593.8359375,0.0
58.0,17.0,0.006843774999879315,50.0,593.8359375,0.0
58.0,18.0,0.0040007579998473375,0.0,593.8359375,0.0
58.0,19.0,0.007189237999909892,50.0,593.8359375,0.0
58.0,20.0,0.005535612000130641,50.0,593.8359375,0.0
58.0,21.0,0.0071770490001199505,50.0,593.8359375,0.0
58.0,22.0,0.006102568000187603,100.0,593.83984375,0.0
58.0,23.0,0.00588234600013493,50.0,593.83984375,0.0
58.0,24.0,0.005670419000125548,50.0,593.83984375,0.0
58.0,25.0,0.00440133799997966,0.0,593.83984375,0.0
58.0,26.0,0.004191093999907025,50.0,593.83984375,0.0
58.0,27.0,0.007192256000053021,100.0,593.83984375,0.0
58.0,28.0,0.004023606000146174,0.0,593.84375,0.0
58.0,29.0,0.00562102000003506,100.0,593.84375,0.0
58.0,30.0,0.0053793189999851165,0.0,593.84375,0.0
58.0,31.0,0.007767306000005192,50.0,593.84375,0.0
58.0,32.0,0.005454311999983474,50.0,593.84375,0.0
58.0,33.0,0.0044001029998526064,0.0,593.84375,0.0
58.0,34.0,0.006764906000171322,50.0,593.84765625,0.0
58.0,35.0,0.004247715000019525,100.0,593.8515625,0.0
58.0,36.0,0.004040927999994892,0.0,593.8515625,0.0
58.0,37.0,0.007127179000008255,50.0,593.8515625,0.0
58.0,38.0,0.00675231399986842,100.0,593.85546875,0.0
58.0,39.0,0.0073236029998042795,0.0,593.859375,0.0
58.0,40.0,0.005675430000110282,100.0,593.859375,0.0
58.0,41.0,0.005856668999967951,50.0,593.859375,0.0
58.0,42.0,0.005702642999949603,0.0,593.859375,0.0
58.0,43.0,0.005853778000073362,100.0,593.859375,0.0
58.0,44.0,0.007060385999920982,50.0,593.859375,0.0
58.0,45.0,0.007239428999810116,50.0,593.8671875,0.0
58.0,46.0,0.004490382000085447,0.0,593.8671875,0.0
58.0,47.0,0.005502682000042114,50.0,593.8671875,0.0
58.0,48.0,0.005598561000169866,0.0,593.8671875,0.0
58.0,49.0,0.007165668999959962,50.0,593.8671875,0.0
58.0,50.0,0.0055119269998158416,100.0,593.87109375,0.0
58.0,51.0,0.005565464000028442,50.0,593.87109375,0.0
58.0,52.0,0.007052175999888277,0.0,593.87109375,0.0
58.0,53.0,0.0071956320000481355,100.0,593.87109375,0.0
58.0,54.0,0.006806158000017604,50.0,593.87109375,0.0
58.0,55.0,0.005733052000095995,50.0,593.87890625,0.0
58.0,56.0,0.005595248000190622,0.0,593.87890625,0.0
58.0,57.0,0.004274144999953933,50.0,593.87890625,0.0
58.0,58.0,0.00675771999999597,0.0,593.8828125,0.0
58.0,59.0,0.007056157999841162,100.0,593.8828125,0.0
58.0,60.0,0.0040627189998758695,50.0,593.8828125,0.0
58.0,61.0,0.005743881000171314,0.0,593.88671875,0.0
58.0,62.0,0.004117659000030471,100.0,593.88671875,0.0
58.0,63.0,0.007286838000027274,50.0,593.88671875,0.0
58.0,64.0,0.007142529000020659,0.0,593.890625,0.0
58.0,65.0,0.005716329000051701,100.0,593.890625,0.0
58.0,66.0,0.005426798999906168,50.0,593.89453125,0.0
58.0,67.0,0.005812143999946784,0.0,593.89453125,0.0
58.0,68.0,0.006777010999940103,50.0,593.89453125,0.0
58.0,69.0,0.005730035999931715,50.0,593.8984375,0.0
58.0,70.0,0.006768845000124202,0.0,593.8984375,0.0
58.0,71.0,0.005744459999959872,100.0,593.90234375,0.0
58.0,72.0,0.005773427000121956,50.0,593.9140625,0.0
58.0,73.0,0.00716848599995501,50.0,593.9140625,0.0
58.0,74.0,0.005516962000001513,0.0,593.9140625,0.0
58.0,75.0,0.006652462000147352,33.3,593.9140625,0.0
58.0,76.0,0.005732809999926758,100.0,593.9140625,0.0
58.0,77.0,0.00579106000009233,0.0,593.91796875,0.0
58.0,78.0,0.00694063399987499,50.0,593.91796875,0.0
58.0,79.0,0.005716106999898329,100.0,593.91796875,0.0
58.0,80.0,0.004436403999989125,0.0,593.91796875,0.0
58.0,81.0,0.004827759000136211,100.0,593.921875,0.0
58.0,82.0,0.0057184320000942535,50.0,593.921875,0.0
58.0,83.0,0.005781932999980199,100.0,593.92578125,0.0
58.0,84.0,0.005583897000178695,0.0,593.92578125,0.0
58.0,85.0,0.006069777999982762,50.0,593.92578125,0.0
58.0,86.0,0.005441432999987228,0.0,593.92578125,0.0
58.0,87.0,0.0057252990000051796,50.0,593.92578125,0.0
58.0,88.0,0.00601698800005579,100.0,593.92578125,0.0
58.0,89.0,0.004307700000026671,0.0,593.92578125,0.0
58.0,90.0,0.005448807000220768,50.0,593.92578125,0.0
58.0,91.0,0.008098888999938936,100.0,593.92578125,0.0
58.0,92.0,0.005564838999816857,50.0,593.9296875,0.0
58.0,93.0,0.005892958999993425,0.0,593.9296875,0.0
58.0,94.0,0.004142428000022846,50.0,593.9296875,0.0
58.0,95.0,0.007158359999948516,0.0,593.9296875,0.0
58.0,96.0,0.006809139000097275,100.0,593.9296875,0.0
58.0,97.0,0.0058297509999647446,50.0,593.9296875,0.0
58.0,98.0,0.004338870000083261,0.0,593.9296875,0.0
58.0,99.0,0.004515878999882261,100.0,593.9296875,0.0
58.0,100.0,0.006929820999857839,50.0,593.9296875,0.0
59.0,1.0,0.005733150999958525,0.0,593.9296875,0.0
59.0,2.0,0.0055666359999122506,100.0,593.93359375,0.0
59.0,3.0,0.0071983670000008715,50.0,593.93359375,0.0
59.0,4.0,0.004085553000095388,0.0,593.93359375,0.0
59.0,5.0,0.004251865000014732,100.0,593.93359375,0.0
59.0,6.0,0.00569376800012833,50.0,593.93359375,0.0
59.0,7.0,0.005718219000073077,0.0,593.93359375,0.0
59.0,8.0,0.005360340999914115,50.0,593.93359375,0.0
59.0,9.0,0.006923120000010385,50.0,593.93359375,0.0
59.0,10.0,0.00703007299989622,0.0,593.94140625,0.0
59.0,11.0,0.006422751000172866,50.0,593.94140625,0.0
59.0,12.0,0.005734037999900465,100.0,593.94140625,0.0
59.0,13.0,0.006091051000112202,100.0,593.94140625,0.0
59.0,14.0,0.009969287000103577,100.0,593.94140625,0.0
59.0,15.0,0.008498766000002433,100.0,593.94140625,0.0
59.0,16.0,0.005516759000101956,0.0,593.94140625,0.0
59.0,17.0,0.00724165799988441,50.0,593.94140625,0.0
59.0,18.0,0.005463879999979326,100.0,593.94140625,0.0
59.0,19.0,0.00590315600015856,0.0,593.94140625,0.0
59.0,20.0,0.009598727999900802,100.0,593.9453125,0.0
59.0,21.0,0.009155816999964372,100.0,593.9453125,0.0
59.0,22.0,0.00607410600014191,100.0,593.9453125,0.0
59.0,23.0,0.011376812999969843,100.0,594.01171875,0.0
59.0,24.0,0.010597480999877007,100.0,594.01171875,0.0
59.0,25.0,0.008120348999909766,100.0,594.01171875,0.0
59.0,26.0,0.008208584000158226,100.0,594.01171875,0.0
59.0,27.0,0.00996125699998629,100.0,594.0234375,0.0
59.0,28.0,0.00781519599991043,100.0,594.0390625,0.0
59.0,29.0,0.008145564999949784,100.0,594.0390625,0.0
59.0,30.0,0.008163553000031243,100.0,594.0390625,0.0
59.0,31.0,0.008508176000077583,50.0,594.0390625,0.0
59.0,32.0,0.008169027000121787,100.0,594.0390625,0.0
59.0,33.0,0.009316538000121,100.0,594.0390625,0.0
59.0,34.0,0.007332452000127887,100.0,594.0390625,0.0
59.0,35.0,0.010500094000008175,100.0,594.0390625,0.0
59.0,36.0,0.009248995000007199,100.0,594.0390625,0.0
59.0,37.0,0.008891245000086201,100.0,594.0390625,0.0
59.0,38.0,0.007954957000038121,100.0,594.0390625,0.0
59.0,39.0,0.009748295999997936,100.0,594.0390625,0.0
59.0,40.0,0.005676844999925379,100.0,594.0390625,0.0
59.0,41.0,0.005413981999936368,100.0,594.0390625,0.0
59.0,42.0,0.0074584680000953085,100.0,594.0390625,0.0
59.0,43.0,0.007125947000076849,100.0,594.04296875,0.0
59.0,44.0,0.0078703100000439,100.0,594.04296875,0.0
59.0,45.0,0.008810309999944366,66.7,594.04296875,0.0
59.0,46.0,0.010143045999939204,100.0,594.04296875,0.0
59.0,47.0,0.005272216000093977,100.0,594.04296875,0.0
59.0,48.0,0.007371745999989798,100.0,594.046875,0.0
59.0,49.0,0.0072777759999098635,100.0,594.05078125,0.0
59.0,50.0,0.007341526000118392,100.0,594.05078125,0.0
59.0,51.0,0.007270532999882562,100.0,594.05078125,0.0
59.0,52.0,0.005519397999933062,100.0,594.05078125,0.0
59.0,53.0,0.005279072999883283,100.0,594.05078125,0.0
59.0,54.0,0.007252079999943817,100.0,594.0546875,0.0
59.0,55.0,0.009495944000036616,100.0,594.0546875,0.0
59.0,56.0,0.008145627999965654,100.0,594.0546875,0.0
59.0,57.0,0.006844135999926948,100.0,594.0546875,0.0
59.0,58.0,0.008342765999941548,100.0,594.0546875,0.0
59.0,59.0,0.00728278900010082,100.0,594.0546875,0.0
59.0,60.0,0.007539382999993904,100.0,594.0546875,0.0
59.0,61.0,0.005350984999950015,100.0,594.0546875,0.0
59.0,62.0,0.007553278999921531,100.0,594.0546875,0.0
59.0,63.0,0.008980104000102074,100.0,594.0546875,0.0
59.0,64.0,0.007650568000144631,100.0,594.0546875,0.0
59.0,65.0,0.00908561300002475,100.0,594.05859375,0.0
59.0,66.0,0.007552603000021918,100.0,594.05859375,0.0
59.0,67.0,0.00900566199993591,100.0,594.05859375,0.0
59.0,68.0,0.01043448499990518,100.0,594.05859375,0.0
59.0,69.0,0.009934477999877345,100.0,594.05859375,0.0
59.0,70.0,0.005764522999925248,100.0,594.0625,0.0
59.0,71.0,0.007004135999977734,100.0,594.0625,0.0
59.0,72.0,0.007339837000017724,100.0,594.0625,0.0
59.0,73.0,0.008965095999883488,100.0,594.0625,0.0
59.0,74.0,0.007310160000088217,100.0,594.0625,0.0
59.0,75.0,0.009159775999933117,100.0,594.06640625,0.0
59.0,76.0,0.0052347579999150184,100.0,594.06640625,0.0
59.0,77.0,0.0054697099999430066,100.0,594.06640625,0.0
59.0,78.0,0.00710817499998484,100.0,594.06640625,0.0
59.0,79.0,0.007151689000011174,100.0,594.0703125,0.0
59.0,80.0,0.00927058100000977,100.0,594.0703125,0.0
59.0,81.0,0.005415356999947107,100.0,594.0703125,0.0
59.0,82.0,0.007370904000026712,100.0,594.07421875,0.0
59.0,83.0,0.008880300999862811,100.0,594.07421875,0.0
59.0,84.0,0.009444269999903554,100.0,594.07421875,0.0
59.0,85.0,0.0053425119999701565,100.0,594.07421875,0.0
59.0,86.0,0.0072582259999762755,100.0,594.07421875,0.0
59.0,87.0,0.007099551999999676,100.0,594.078125,0.0
59.0,88.0,0.0091145440001128,100.0,594.078125,0.0
59.0,89.0,0.008961717999909524,100.0,594.078125,0.0
59.0,90.0,0.005374038000127257,100.0,594.08203125,0.0
59.0,91.0,0.007143341000073633,100.0,594.08203125,0.0
59.0,92.0,0.007453313000041817,100.0,594.0859375,0.0
59.0,93.0,0.008826022999983252,100.0,594.0859375,0.0
59.0,94.0,0.005476174000023093,100.0,594.0859375,0.0
59.0,95.0,0.007006830999898739,100.0,594.0859375,0.0
59.0,96.0,0.005520247000049494,100.0,594.0859375,0.0
59.0,97.0,0.008869668999977876,100.0,594.0859375,0.0
59.0,98.0,0.009501214000010805,100.0,594.09375,0.0
59.0,99.0,0.008830421000084243,100.0,594.09375,0.0
59.0,100.0,0.007323513000073945,100.0,594.09375,0.0
60.0,1.0,0.005342430000155218,100.0,594.09375,0.0
60.0,2.0,0.007645820000107051,100.0,594.09375,0.0
60.0,3.0,0.010283951000019442,100.0,594.09765625,0.0
60.0,4.0,0.009431855999991967,100.0,594.09765625,0.0
60.0,5.0,0.007605051999917123,100.0,594.09765625,0.0
60.0,6.0,0.0073413470001924,100.0,594.09765625,0.0
60.0,7.0,0.009517083999980969,100.0,594.30859375,0.0
60.0,8.0,0.009637763000000632,100.0,594.3125,0.0
60.0,9.0,0.005515546999959042,100.0,594.3125,0.0
60.0,10.0,0.005750363000061043,100.0,594.3125,0.0
60.0,11.0,0.005432715999859283,100.0,594.3125,0.0
60.0,12.0,0.00717183799997656,100.0,594.3125,0.0
60.0,13.0,0.00576394499989874,100.0,594.3125,0.0
60.0,14.0,0.0072350200000528275,100.0,594.3125,0.0
60.0,15.0,0.007074588000023141,100.0,594.3125,0.0
60.0,16.0,0.009079581999912989,100.0,594.31640625,0.0
60.0,17.0,0.0070520570000098814,100.0,594.31640625,0.0
60.0,18.0,0.005286224999963451,100.0,594.31640625,0.0
60.0,19.0,0.005286594999915906,100.0,594.31640625,0.0
60.0,20.0,0.0073350399998162175,100.0,594.31640625,0.0
60.0,21.0,0.008973326000159432,100.0,594.31640625,0.0
60.0,22.0,0.009325343999989855,100.0,594.31640625,0.0
60.0,23.0,0.007461583999884169,100.0,594.31640625,0.0
60.0,24.0,0.007050050000088959,100.0,594.31640625,0.0
60.0,25.0,0.010667523999927653,100.0,594.31640625,0.0
60.0,26.0,0.005370445999915319,100.0,594.31640625,0.0
60.0,27.0,0.0089990859999034,100.0,594.31640625,0.0
60.0,28.0,0.00620987199999945,100.0,594.31640625,0.0
60.0,29.0,0.007149124999841661,100.0,594.31640625,0.0
60.0,30.0,0.008722224999928585,100.0,594.31640625,0.0
60.0,31.0,0.009436308999966059,100.0,594.32421875,0.0
60.0,32.0,0.0077151039999989734,100.0,594.32421875,0.0
60.0,33.0,0.01059693000001971,100.0,594.32421875,0.0
60.0,34.0,0.00928872000008596,100.0,594.32421875,0.0
60.0,35.0,0.012323380999987421,100.0,594.32421875,0.0
60.0,36.0,0.005901505999872825,100.0,594.32421875,0.0
60.0,37.0,0.008433982000042306,100.0,594.32421875,0.0
60.0,38.0,0.0079335320001519,100.0,594.32421875,0.0
60.0,39.0,0.0060428950000641635,100.0,594.32421875,0.0
60.0,40.0,0.007707035000066753,100.0,594.32421875,0.0
60.0,41.0,0.005600440000080198,100.0,594.33203125,0.0
60.0,42.0,0.007366381999872829,100.0,594.33203125,0.0
60.0,43.0,0.007091601999945851,100.0,594.33203125,0.0
60.0,44.0,0.007207468999922639,100.0,594.33203125,0.0
60.0,45.0,0.00913690599986694,100.0,594.33203125,0.0
60.0,46.0,0.00902128999996421,100.0,594.33203125,0.0
60.0,47.0,0.008892496000044048,100.0,594.33203125,0.0
60.0,48.0,0.005278539000073579,100.0,594.33203125,0.0
60.0,49.0,0.009229008000147587,100.0,594.33203125,0.0
60.0,50.0,0.00885909199996604,100.0,594.33203125,0.0
60.0,51.0,0.005522404999965147,100.0,594.3359375,0.0
60.0,52.0,0.007043766999913714,100.0,594.3359375,0.0
60.0,53.0,0.007012164000116172,100.0,594.3359375,0.0
60.0,54.0,0.0053482149999126705,100.0,594.3359375,0.0
60.0,55.0,0.008025367000072947,100.0,594.3359375,0.0
60.0,56.0,0.009173330000066926,100.0,594.3359375,0.0
60.0,57.0,0.010468476999903942,100.0,594.3359375,0.0
60.0,58.0,0.009421023999948375,100.0,594.3359375,0.0
60.0,59.0,0.009199655999964307,100.0,594.3359375,0.0
60.0,60.0,0.007506749999947715,100.0,594.34375,0.0
60.0,61.0,0.007082306999791399,100.0,594.34375,0.0
60.0,62.0,0.009154678999948374,100.0,594.34375,0.0
60.0,63.0,0.00704474899998786,100.0,594.34375,0.0
60.0,64.0,0.007191813999952501,100.0,594.34375,0.0
60.0,65.0,0.00577185199995256,100.0,594.34375,0.0
60.0,66.0,0.00740182200001982,100.0,594.34375,0.0
60.0,67.0,0.00886296399994535,100.0,594.34765625,0.0
60.0,68.0,0.008866180000040913,100.0,594.34765625,0.0
60.0,69.0,0.005579270999987784,100.0,594.3515625,0.0
60.0,70.0,0.009458000999984506,100.0,594.3515625,0.0
60.0,71.0,0.00914908100003231,100.0,594.35546875,0.0
60.0,72.0,0.007862279999926614,100.0,594.35546875,0.0
60.0,73.0,0.010397693999948387,100.0,594.35546875,0.0
60.0,74.0,0.008133970000017143,100.0,594.359375,0.0
60.0,75.0,0.0061994059999506135,100.0,594.359375,0.0
60.0,76.0,0.007298836000018127,100.0,594.359375,0.0
60.0,77.0,0.008103082999923572,100.0,594.359375,0.0
60.0,78.0,0.007682258999921032,100.0,594.359375,0.0
60.0,79.0,0.008137294000107431,100.0,594.359375,0.0
60.0,80.0,0.007885186000066824,100.0,594.3671875,0.0
60.0,81.0,0.008033748000116248,100.0,594.3671875,0.0
60.0,82.0,0.008120588000110729,100.0,594.3671875,0.0
60.0,83.0,0.0063658980000127485,100.0,594.3671875,0.0
60.0,84.0,0.009818078999842328,100.0,594.3671875,0.0
60.0,85.0,0.010727978999966581,100.0,594.37109375,0.0
60.0,86.0,0.006269640000027721,100.0,594.37109375,0.0
60.0,87.0,0.006176218000064182,100.0,594.37109375,0.0
60.0,88.0,0.005810332000010021,100.0,594.37109375,0.0
60.0,89.0,0.009886446000109572,100.0,594.421875,0.0
60.0,90.0,0.008036336000031952,100.0,594.421875,0.0
60.0,91.0,0.007761795999840615,100.0,594.42578125,0.0
60.0,92.0,0.007742147000044497,100.0,594.42578125,0.0
60.0,93.0,0.0073303820001910935,100.0,594.42578125,0.0
60.0,94.0,0.005562842000017554,100.0,594.42578125,0.0
60.0,95.0,0.0072467889999643376,100.0,594.42578125,0.0
60.0,96.0,0.005855954000026031,100.0,594.42578125,0.0
60.0,97.0,0.010010489999785932,100.0,594.4296875,0.0
60.0,98.0,0.011416538000048604,100.0,594.4296875,0.0
60.0,99.0,0.007861945000058768,100.0,594.4296875,0.0
60.0,100.0,0.010521548000042458,100.0,594.4296875,0.0
61.0,1.0,0.0054757230000177515,100.0,594.4296875,0.0
61.0,2.0,0.007693070999948759,66.7,594.4296875,0.0
61.0,3.0,0.008637674000055995,100.0,594.4296875,0.0
61.0,4.0,0.008851030000187166,100.0,594.4296875,0.0
61.0,5.0,0.009824314000070444,100.0,594.4296875,0.0
61.0,6.0,0.010189871999955358,100.0,594.4296875,0.0
61.0,7.0,0.005985552000083771,100.0,594.4296875,0.0
61.0,8.0,0.007392799999934141,100.0,594.4296875,0.0
61.0,9.0,0.008083841000143366,100.0,594.4296875,0.0
61.0,10.0,0.009350772000061625,100.0,594.4296875,0.0
61.0,11.0,0.010218942999927094,100.0,594.4296875,0.0
61.0,12.0,0.00578581300010228,100.0,594.4296875,0.0
61.0,13.0,0.010068299000067782,100.0,594.4296875,0.0
61.0,14.0,0.0105615840000155,100.0,594.4296875,0.0
61.0,15.0,0.0075633480000760756,100.0,594.4296875,0.0
61.0,16.0,0.008616811999900165,100.0,594.4296875,0.0
61.0,17.0,0.005564003000017692,100.0,594.4296875,0.0
61.0,18.0,0.00925680199998169,100.0,594.4296875,0.0
61.0,19.0,0.009322656999984247,100.0,594.4296875,0.0
61.0,20.0,0.005571934999807127,100.0,594.4296875,0.0
61.0,21.0,0.00613194199991085,100.0,594.4296875,0.0
61.0,22.0,0.007045274000120116,100.0,594.4296875,0.0
61.0,23.0,0.005533958999876631,100.0,594.4296875,0.0
61.0,24.0,0.00952082200001314,100.0,594.4296875,0.0
61.0,25.0,0.00906842999984292,100.0,594.4296875,0.0
61.0,26.0,0.0054302139999435894,100.0,594.4296875,0.0
61.0,27.0,0.005697930999986056,100.0,594.4296875,0.0
61.0,28.0,0.0053574480000406766,100.0,594.4296875,0.0
61.0,29.0,0.008120861999941553,100.0,594.4296875,0.0
61.0,30.0,0.0055027289999998175,100.0,594.4296875,0.0
61.0,31.0,0.010936358999970253,100.0,594.4296875,0.0
61.0,32.0,0.005849051999803123,100.0,594.4296875,0.0
61.0,33.0,0.008862708000151542,50.0,594.4296875,0.0
61.0,34.0,0.006565700000010111,100.0,594.4296875,0.0
61.0,35.0,0.00933315100019172,100.0,594.4296875,0.0
61.0,36.0,0.007175653999865972,100.0,594.4296875,0.0
61.0,37.0,0.007182079000131125,100.0,594.4296875,0.0
61.0,38.0,0.005498092999914661,100.0,594.4296875,0.0
61.0,39.0,0.00546287899987874,100.0,594.4296875,0.0
61.0,40.0,0.009305483999924036,100.0,594.4296875,0.0
61.0,41.0,0.007188833999862254,100.0,594.4296875,0.0
61.0,42.0,0.005587367000089216,100.0,594.4296875,0.0
61.0,43.0,0.00886724699989827,100.0,594.4296875,0.0
61.0,44.0,0.005611928999996962,100.0,594.43359375,0.0
61.0,45.0,0.007450250000147207,100.0,594.43359375,0.0
61.0,46.0,0.005515278000075341,100.0,594.43359375,0.0
61.0,47.0,0.007116618999816637,100.0,594.43359375,0.0
61.0,48.0,0.007089168999982576,100.0,594.43359375,0.0
61.0,49.0,0.009023654999964492,100.0,594.43359375,0.0
61.0,50.0,0.00563172800002576,100.0,594.43359375,0.0
61.0,51.0,0.005272985999908997,100.0,594.43359375,0.0
61.0,52.0,0.007354905000056533,100.0,594.43359375,0.0
61.0,53.0,0.007610603000102856,100.0,594.43359375,0.0
61.0,54.0,0.008356461000175841,100.0,594.4375,0.0
61.0,55.0,0.012381041000026016,100.0,594.4375,0.0
61.0,56.0,0.01021372800005338,100.0,594.4375,0.0
61.0,57.0,0.009448034000115513,100.0,594.4375,0.0
61.0,58.0,0.006936354000117717,100.0,594.4375,0.0
61.0,59.0,0.0067048860000795685,100.0,594.4375,0.0
61.0,60.0,0.010370609999881708,100.0,594.4375,0.0
61.0,61.0,0.008003865999853588,100.0,594.4375,0.0
61.0,62.0,0.010462850000067192,100.0,594.4375,0.0
61.0,63.0,0.006083146000037232,100.0,594.4375,0.0
61.0,64.0,0.01059434500007228,100.0,594.4375,0.0
61.0,65.0,0.005974854999976742,100.0,594.44140625,0.0
61.0,66.0,0.008835869999984425,100.0,594.4453125,0.0
61.0,67.0,0.007485201999998026,100.0,594.4453125,0.0
61.0,68.0,0.010291599000083806,100.0,594.4453125,0.0
61.0,69.0,0.006812563000039518,100.0,594.4453125,0.0
61.0,70.0,0.0059633619998749055,100.0,594.4453125,0.0
61.0,71.0,0.0059760419999292935,100.0,594.4453125,0.0
61.0,72.0,0.010048430999859193,100.0,594.4453125,0.0
61.0,73.0,0.008049891999917236,100.0,594.4453125,0.0
61.0,74.0,0.00603388200011068,100.0,594.4453125,0.0
61.0,75.0,0.01005280300000777,100.0,594.4453125,0.0
61.0,76.0,0.006468753000035576,100.0,594.4453125,0.0
61.0,77.0,0.008975101999794788,100.0,594.44921875,0.0
61.0,78.0,0.00960708299999169,100.0,594.44921875,0.0
61.0,79.0,0.010129515000016909,100.0,594.44921875,0.0
61.0,80.0,0.007896529999925406,100.0,594.44921875,0.0
61.0,81.0,0.007950019999952929,100.0,594.44921875,0.0
61.0,82.0,0.0061839810000492434,100.0,594.44921875,0.0
61.0,83.0,0.008154804000014337,100.0,594.44921875,0.0
61.0,84.0,0.007836409999981697,100.0,594.44921875,0.0
61.0,85.0,0.006006602000070416,100.0,594.44921875,0.0
61.0,86.0,0.006079133999946862,100.0,594.44921875,0.0
61.0,87.0,0.009699147999981506,100.0,594.44921875,0.0
61.0,88.0,0.006087969999953202,100.0,594.44921875,0.0
61.0,89.0,0.005795884999997725,100.0,594.44921875,0.0
61.0,90.0,0.010127177000185839,100.0,594.44921875,0.0
61.0,91.0,0.0061202760000469425,100.0,594.44921875,0.0
61.0,92.0,0.00977484299983189,100.0,594.44921875,0.0
61.0,93.0,0.009633041000142839,100.0,594.44921875,0.0
61.0,94.0,0.008095895999986169,100.0,594.44921875,0.0
61.0,95.0,0.009815903999879083,100.0,594.44921875,0.0
61.0,96.0,0.0076907220000066445,100.0,594.44921875,0.0
61.0,97.0,0.007814333999931478,100.0,594.44921875,0.0
61.0,98.0,0.008038998000074571,100.0,594.44921875,0.0
61.0,99.0,0.005865322999852651,100.0,594.44921875,0.0
61.0,100.0,0.006055606000018088,100.0,594.44921875,0.0
62.0,1.0,0.007731740000053833,100.0,594.44921875,0.0
62.0,2.0,0.0058227590000115015,0.0,594.453125,0.0
62.0,3.0,0.007677010999941558,100.0,594.453125,0.0
62.0,4.0,0.007848614999829806,100.0,594.45703125,0.0
62.0,5.0,0.00814196900000752,100.0,594.45703125,0.0
62.0,6.0,0.008177304999890112,100.0,594.45703125,0.0
62.0,7.0,0.006432485999994242,100.0,594.4609375,0.0
62.0,8.0,0.006112054000141143,100.0,594.4609375,0.0
62.0,9.0,0.006375563000119655,100.0,594.4609375,0.0
62.0,10.0,0.007953953999958685,100.0,594.4609375,0.0
62.0,11.0,0.009136635999993814,100.0,594.4609375,0.0
62.0,12.0,0.005492173999982697,50.0,594.4609375,0.0
62.0,13.0,0.005497998999999254,100.0,594.4609375,0.0
62.0,14.0,0.005641079000042737,0.0,594.4609375,0.0
62.0,15.0,0.0071556409998265735,50.0,594.4609375,0.0
62.0,16.0,0.00683013499997287,100.0,594.46484375,0.0
62.0,17.0,0.005617791000076977,0.0,594.46875,0.0
62.0,18.0,0.004105473000208804,100.0,594.46875,0.0
62.0,19.0,0.005555322999953205,0.0,594.46875,0.0
62.0,20.0,0.005581628000072669,50.0,594.46875,0.0
62.0,21.0,0.004208846999972593,100.0,594.46875,0.0
62.0,22.0,0.007231390000015381,50.0,594.46875,0.0
62.0,23.0,0.0074357270000291464,0.0,594.47265625,0.0
62.0,24.0,0.00557110299996566,100.0,594.47265625,0.0
62.0,25.0,0.004516278999972201,50.0,594.47265625,0.0
62.0,26.0,0.005659115000071324,0.0,594.4921875,0.0
62.0,27.0,0.004136629999948127,100.0,594.49609375,0.0
62.0,28.0,0.004482700000153272,0.0,594.5,0.0
62.0,29.0,0.0055894030001582,100.0,594.50390625,0.0
62.0,30.0,0.0055374149999352085,0.0,594.50390625,0.0
62.0,31.0,0.00550388299984661,50.0,594.50390625,0.0
62.0,32.0,0.00701568599993152,100.0,594.50390625,0.0
62.0,33.0,0.006022282000003543,0.0,594.50390625,0.0
62.0,34.0,0.005568501000198012,50.0,594.5078125,0.0
62.0,35.0,0.0070853839999927,100.0,594.51171875,0.0
62.0,36.0,0.0068186419998710335,50.0,594.51171875,0.0
62.0,37.0,0.006231144000139466,100.0,594.51171875,0.0
62.0,38.0,0.004290811000146277,0.0,594.51171875,0.0
62.0,39.0,0.006012834000102885,66.7,594.51171875,0.0
62.0,40.0,0.006856287999880806,50.0,594.515625,0.0
62.0,41.0,0.005791814000076556,0.0,594.515625,0.0
62.0,42.0,0.005618089000108739,50.0,594.515625,0.0
62.0,43.0,0.0055883719999201276,50.0,594.515625,0.0
62.0,44.0,0.007881974999918384,100.0,594.515625,0.0
62.0,45.0,0.004946551999864823,0.0,594.51953125,0.0
62.0,46.0,0.0058590080000158196,100.0,594.5234375,0.0
62.0,47.0,0.00428733400008241,0.0,594.5234375,0.0
62.0,48.0,0.004287635000082446,100.0,594.5234375,0.0
62.0,49.0,0.0058464670000830665,50.0,594.5234375,0.0
62.0,50.0,0.007093036000014763,0.0,594.5234375,0.0
62.0,51.0,0.005601556000101482,50.0,594.5234375,0.0
62.0,52.0,0.007253844000160825,100.0,594.52734375,0.0
62.0,53.0,0.005563363999954163,50.0,594.53125,0.0
62.0,54.0,0.0042312240000228485,0.0,594.53515625,0.0
62.0,55.0,0.004235249999965163,50.0,594.5390625,0.0
62.0,56.0,0.005753391999860469,0.0,594.5390625,0.0
62.0,57.0,0.005573762000040006,100.0,594.5390625,0.0
62.0,58.0,0.005886482000050819,0.0,594.54296875,0.0
62.0,59.0,0.00695003100008762,50.0,594.54296875,0.0
62.0,60.0,0.006988622999870131,100.0,594.54296875,0.0
62.0,61.0,0.004181100999858245,0.0,594.546875,0.0
62.0,62.0,0.006008077999922534,50.0,594.546875,0.0
62.0,63.0,0.00710956099987925,100.0,594.546875,0.0
62.0,64.0,0.005639487000053123,50.0,594.546875,0.0
62.0,65.0,0.005769460999999865,0.0,594.546875,0.0
62.0,66.0,0.007332984999948167,50.0,594.546875,0.0
62.0,67.0,0.005930511999849841,100.0,594.546875,0.0
62.0,68.0,0.006978623000122752,0.0,594.546875,0.0
62.0,69.0,0.004473515999961819,100.0,594.546875,0.0
62.0,70.0,0.004273563999959151,0.0,594.546875,0.0
62.0,71.0,0.005823597000016889,50.0,594.546875,0.0
62.0,72.0,0.004191171000002214,100.0,594.546875,0.0
62.0,73.0,0.007308217999934641,0.0,594.546875,0.0
62.0,74.0,0.005768832000057955,50.0,594.546875,0.0
62.0,75.0,0.005518922999954157,100.0,594.546875,0.0
62.0,76.0,0.005845244000056482,0.0,594.546875,0.0
62.0,77.0,0.005647145000011733,100.0,594.546875,0.0
62.0,78.0,0.005530623999902673,50.0,594.546875,0.0
62.0,79.0,0.005717059000062363,0.0,594.546875,0.0
62.0,80.0,0.004213364999941405,100.0,594.546875,0.0
62.0,81.0,0.005670883999982834,0.0,594.546875,0.0
62.0,82.0,0.005577806999781387,100.0,594.546875,0.0
62.0,83.0,0.0058538100001896964,50.0,594.546875,0.0
62.0,84.0,0.004332445000045482,0.0,594.546875,0.0
62.0,85.0,0.007105133999857571,100.0,594.546875,0.0
62.0,86.0,0.00589174600008846,50.0,594.546875,0.0
62.0,87.0,0.004171226000153183,0.0,594.546875,0.0
62.0,88.0,0.0056064789998799824,100.0,594.546875,0.0
62.0,89.0,0.005817661000037333,0.0,594.546875,0.0
62.0,90.0,0.004131739000058587,100.0,594.546875,0.0
62.0,91.0,0.0056147359998703905,50.0,594.546875,0.0
62.0,92.0,0.007388249000086944,0.0,594.546875,0.0
62.0,93.0,0.00426930399999037,100.0,594.546875,0.0
62.0,94.0,0.005826044000059483,50.0,594.546875,0.0
62.0,95.0,0.005697272999896086,0.0,594.546875,0.0
62.0,96.0,0.008030787999814493,100.0,594.546875,0.0
62.0,97.0,0.005910836999873936,100.0,594.546875,0.0
62.0,98.0,0.008247102000041195,100.0,594.546875,0.0
62.0,99.0,0.0063884259998303605,50.0,594.546875,0.0
62.0,100.0,0.004276893999985987,100.0,594.546875,0.0
63.0,1.0,0.006955601999834471,50.0,594.546875,0.0
63.0,2.0,0.008710789999895496,100.0,594.546875,0.0
63.0,3.0,0.009027498000023115,50.0,594.546875,0.0
63.0,4.0,0.008460553000077198,33.3,594.546875,0.0
63.0,5.0,0.004290555999887147,0.0,594.546875,0.0
63.0,6.0,0.004635849999885977,50.0,594.546875,0.0
63.0,7.0,0.006926488000090103,0.0,594.546875,0.0
63.0,8.0,0.004468569999971805,100.0,594.546875,0.0
63.0,9.0,0.005799752000029912,50.0,594.546875,0.0
63.0,10.0,0.007477088000086951,0.0,594.546875,0.0
63.0,11.0,0.005727376000095319,100.0,594.546875,0.0
63.0,12.0,0.004557107999971777,50.0,594.546875,0.0
63.0,13.0,0.005762519999962024,0.0,594.546875,0.0
63.0,14.0,0.005816453000079491,50.0,594.546875,0.0
63.0,15.0,0.005489489000183312,50.0,594.546875,0.0
63.0,16.0,0.007674435999888374,0.0,594.546875,0.0
63.0,17.0,0.005720836000136842,50.0,594.546875,0.0
63.0,18.0,0.005951330000016242,50.0,594.546875,0.0
63.0,19.0,0.00695114699988153,0.0,594.546875,0.0
63.0,20.0,0.007456923000063398,50.0,594.546875,0.0
63.0,21.0,0.007815463000042655,50.0,594.99609375,0.0
63.0,22.0,0.004530895000016244,50.0,594.99609375,0.0
63.0,23.0,0.007478403000050093,50.0,595.08984375,0.0
63.0,24.0,0.004609295000136626,0.0,595.09375,0.0
63.0,25.0,0.004570607999994536,50.0,595.21484375,0.0
63.0,26.0,0.00466127000004235,0.0,595.21484375,0.0
63.0,27.0,0.00755770399996436,50.0,595.21484375,0.0
63.0,28.0,0.0059264989999974205,50.0,595.21484375,0.0
63.0,29.0,0.0073675149999417044,100.0,595.21484375,0.0
63.0,30.0,0.007397134000029837,0.0,595.21875,0.0
63.0,31.0,0.004752412000016193,50.0,595.21875,0.0
63.0,32.0,0.004578031999926679,100.0,595.21875,0.0
63.0,33.0,0.00621393899996292,0.0,595.30859375,0.0
63.0,34.0,0.007369908000100622,50.0,595.3125,0.0
63.0,35.0,0.00600764299997536,100.0,595.31640625,0.0
63.0,36.0,0.007056228000010378,50.0,595.31640625,0.0
63.0,37.0,0.004502823999928296,0.0,595.31640625,0.0
63.0,38.0,0.006293439000046419,100.0,595.31640625,0.0
63.0,39.0,0.0061721259999103495,0.0,595.31640625,0.0
63.0,40.0,0.006039235999878656,50.0,595.31640625,0.0
63.0,41.0,0.005667006000066976,100.0,595.3203125,0.0
63.0,42.0,0.005978133999860802,50.0,595.3203125,0.0
63.0,43.0,0.006193944999949963,100.0,595.3203125,0.0
63.0,44.0,0.0043856780000623985,0.0,595.32421875,0.0
63.0,45.0,0.006047766999927262,50.0,595.33984375,0.0
63.0,46.0,0.006076186999962374,0.0,595.33984375,0.0
63.0,47.0,0.004516813999998703,50.0,595.33984375,0.0
63.0,48.0,0.0060923680000541935,50.0,595.33984375,0.0
63.0,49.0,0.004625645000032819,0.0,595.33984375,0.0
63.0,50.0,0.0059507099999791535,50.0,595.33984375,0.0
63.0,51.0,0.004580760000180817,0.0,595.33984375,0.0
63.0,52.0,0.007396058000040284,50.0,595.33984375,0.0
63.0,53.0,0.0073739389999900595,50.0,595.34765625,0.0
63.0,54.0,0.0043351680001251225,0.0,595.3515625,0.0
63.0,55.0,0.00620218299991393,50.0,595.3515625,0.0
63.0,56.0,0.005997240000169768,50.0,595.3515625,0.0
63.0,57.0,0.007313078999914069,50.0,595.3515625,0.0
63.0,58.0,0.0060633059999872785,0.0,595.3515625,0.0
63.0,59.0,0.004822986999897694,50.0,595.3515625,0.0
63.0,60.0,0.006015525999828242,100.0,595.3515625,0.0
63.0,61.0,0.006093882999948619,0.0,595.3515625,0.0
63.0,62.0,0.006303672000058214,50.0,595.3515625,0.0
63.0,63.0,0.004654661999893506,100.0,595.35546875,0.0
63.0,64.0,0.004570685999851776,0.0,595.35546875,0.0
63.0,65.0,0.006213647000095079,50.0,595.359375,0.0
63.0,66.0,0.004325856000150452,0.0,595.359375,0.0
63.0,67.0,0.0058721370000967,50.0,595.359375,0.0
63.0,68.0,0.0065210039999783476,50.0,595.359375,0.0
63.0,69.0,0.006289943999945535,0.0,595.359375,0.0
63.0,70.0,0.004621735999990051,50.0,595.359375,0.0
63.0,71.0,0.00477830099998755,0.0,595.36328125,0.0
63.0,72.0,0.007893569999851024,50.0,595.36328125,0.0
63.0,73.0,0.006044746000043233,50.0,595.36328125,0.0
63.0,74.0,0.0062101040000470675,50.0,595.3671875,0.0
63.0,75.0,0.004621351999958279,0.0,595.3671875,0.0
63.0,76.0,0.006271253000022625,50.0,595.3671875,0.0
63.0,77.0,0.004790864999904443,0.0,595.37109375,0.0
63.0,78.0,0.007643884000117396,50.0,595.37109375,0.0
63.0,79.0,0.0059120290000009845,50.0,595.39453125,0.0
63.0,80.0,0.007512292000001253,50.0,595.39453125,0.0
63.0,81.0,0.006153697000172542,0.0,595.39453125,0.0
63.0,82.0,0.006170332000010603,50.0,595.39453125,0.0
63.0,83.0,0.006511539000030098,50.0,595.3984375,0.0
63.0,84.0,0.0086048360001314,50.0,595.40234375,0.0
63.0,85.0,0.007773706000079983,100.0,595.40234375,0.0
63.0,86.0,0.0059482490000846155,0.0,595.40234375,0.0
63.0,87.0,0.006323437999981252,100.0,595.40234375,0.0
63.0,88.0,0.00643332200002078,50.0,595.40625,0.0
63.0,89.0,0.008586910000076386,50.0,595.40625,0.0
63.0,90.0,0.0060377790000529785,0.0,595.40625,0.0
63.0,91.0,0.006022151000024678,100.0,595.40625,0.0
63.0,92.0,0.006760147000022698,50.0,595.40625,0.0
63.0,93.0,0.006681522999997469,50.0,595.40625,0.0
63.0,94.0,0.0078031929999724525,100.0,595.41015625,0.0
63.0,95.0,0.006232426999986274,0.0,595.41015625,0.0
63.0,96.0,0.006108874000119613,50.0,595.41015625,0.0
63.0,97.0,0.0045666640000945335,100.0,595.41015625,0.0
63.0,98.0,0.005891522999945664,0.0,595.41015625,0.0
63.0,99.0,0.007617022999966139,50.0,595.41015625,0.0
63.0,100.0,0.005864709999968909,50.0,595.41015625,0.0
64.0,1.0,0.006220975000132967,100.0,595.41015625,0.0
64.0,2.0,0.007772712999894793,50.0,595.4140625,0.0
64.0,3.0,0.007738740999911897,0.0,595.4140625,0.0
64.0,4.0,0.00717324200013536,50.0,595.41796875,0.0
64.0,5.0,0.00740536099988276,50.0,595.515625,0.0
64.0,6.0,0.004640848000008191,100.0,595.515625,0.0
64.0,7.0,0.007726712000021507,0.0,595.515625,0.0
64.0,8.0,0.006064518000130192,50.0,595.515625,0.0
64.0,9.0,0.007743915999981255,100.0,595.515625,0.0
64.0,10.0,0.007445311999845217,50.0,595.515625,0.0
64.0,11.0,0.007685232000085307,50.0,595.515625,0.0
64.0,12.0,0.004649055000072622,0.0,595.515625,0.0
64.0,13.0,0.00752851299989743,50.0,595.515625,0.0
64.0,14.0,0.005950301999973817,50.0,595.51953125,0.0
64.0,15.0,0.007699930999933713,0.0,595.51953125,0.0
64.0,16.0,0.007677903000057995,50.0,595.51953125,0.0
64.0,17.0,0.004504011999870272,50.0,595.51953125,0.0
64.0,18.0,0.004542345000118075,0.0,595.51953125,0.0
64.0,19.0,0.007524989000103233,50.0,595.51953125,0.0
64.0,20.0,0.006137260000059541,50.0,595.51953125,0.0
64.0,21.0,0.00611678700010998,0.0,595.51953125,0.0
64.0,22.0,0.006145498000023508,50.0,595.51953125,0.0
64.0,23.0,0.0076334679999945365,50.0,595.51953125,0.0
64.0,24.0,0.007404246000078274,50.0,595.51953125,0.0
64.0,25.0,0.004688597999802369,0.0,595.51953125,0.0
64.0,26.0,0.004788040999983423,50.0,595.51953125,0.0
64.0,27.0,0.008022335999839925,50.0,595.51953125,0.0
64.0,28.0,0.00617988800013336,0.0,595.51953125,0.0
64.0,29.0,0.004564480999988518,50.0,595.51953125,0.0
64.0,30.0,0.0058837890001086635,50.0,595.51953125,0.0
64.0,31.0,0.004723472000023321,0.0,595.51953125,0.0
64.0,32.0,0.006101994000118793,50.0,595.51953125,0.0
64.0,33.0,0.00608719599995311,50.0,595.51953125,0.0
64.0,34.0,0.006216658000084863,0.0,595.51953125,0.0
64.0,35.0,0.006475045000115642,50.0,595.51953125,0.0
64.0,36.0,0.00621326800001043,50.0,595.51953125,0.0
64.0,37.0,0.006221297000138293,0.0,595.51953125,0.0
64.0,38.0,0.004515076999950907,50.0,595.51953125,0.0
64.0,39.0,0.004346840999915003,100.0,595.51953125,0.0
64.0,40.0,0.005982889000051728,0.0,595.51953125,0.0
64.0,41.0,0.00898722900001303,66.7,595.51953125,0.0
64.0,42.0,0.00884987400013415,100.0,595.51953125,0.0
64.0,43.0,0.008896979999917676,100.0,595.51953125,0.0
64.0,44.0,0.009042696000051365,100.0,595.51953125,0.0
64.0,45.0,0.006840412999963519,100.0,595.5234375,0.0
64.0,46.0,0.008362973999965106,50.0,595.5234375,0.0
64.0,47.0,0.006428558999914458,0.0,595.5234375,0.0
64.0,48.0,0.004560451000088506,100.0,595.52734375,0.0
64.0,49.0,0.004539454999985537,0.0,595.52734375,0.0
64.0,50.0,0.004437072999962766,100.0,595.52734375,0.0
64.0,51.0,0.006681200999992143,50.0,595.52734375,0.0
64.0,52.0,0.008141385999806516,50.0,595.52734375,0.0
64.0,53.0,0.00655974200003584,0.0,595.52734375,0.0
64.0,54.0,0.006806052000001728,100.0,595.53125,0.0
64.0,55.0,0.005308490000061283,50.0,595.53125,0.0
64.0,56.0,0.0065205619998778275,50.0,595.53125,0.0
64.0,57.0,0.007921014999965337,0.0,595.53125,0.0
64.0,58.0,0.0061223139998674014,100.0,595.53125,0.0
64.0,59.0,0.0060741580000467366,50.0,595.53515625,0.0
64.0,60.0,0.00461891400004788,0.0,595.5390625,0.0
64.0,61.0,0.0061372210000172345,50.0,595.5390625,0.0
64.0,62.0,0.0042022600000564125,0.0,595.5390625,0.0
64.0,63.0,0.005909306999910768,100.0,595.5390625,0.0
64.0,64.0,0.004474720999951387,50.0,595.5390625,0.0
64.0,65.0,0.007288939000090977,0.0,595.5390625,0.0
64.0,66.0,0.007398581999950693,100.0,595.5390625,0.0
64.0,67.0,0.00440942999989602,50.0,595.5390625,0.0
64.0,68.0,0.00447586199993566,0.0,595.5390625,0.0
64.0,69.0,0.005963008999970043,50.0,595.5390625,0.0
64.0,70.0,0.005808238000099664,50.0,595.5390625,0.0
64.0,71.0,0.0045911110000815825,0.0,595.5390625,0.0
64.0,72.0,0.006106330999955389,50.0,595.5390625,0.0
64.0,73.0,0.006157984000083161,50.0,595.5390625,0.0
64.0,74.0,0.007865340000080323,0.0,595.54296875,0.0
64.0,75.0,0.00451074200009316,100.0,595.54296875,0.0
64.0,76.0,0.00787330999992264,50.0,595.54296875,0.0
64.0,77.0,0.0076081099998646096,50.0,595.54296875,0.0
64.0,78.0,0.005690376000075048,0.0,595.54296875,0.0
64.0,79.0,0.005873200999985784,50.0,595.54296875,0.0
64.0,80.0,0.006288784999924246,50.0,595.54296875,0.0
64.0,81.0,0.007775878000074954,50.0,595.54296875,0.0
64.0,82.0,0.005889163000119879,0.0,595.54296875,0.0
64.0,83.0,0.007134643999961554,50.0,595.546875,0.0
64.0,84.0,0.00750187299991012,50.0,595.546875,0.0
64.0,85.0,0.004401398000027257,0.0,595.546875,0.0
64.0,86.0,0.004471039000009114,50.0,595.546875,0.0
64.0,87.0,0.006231696999975611,50.0,595.546875,0.0
64.0,88.0,0.004506974999912927,0.0,595.55078125,0.0
64.0,89.0,0.007496085999946445,50.0,595.55078125,0.0
64.0,90.0,0.0074625439999636,50.0,595.55078125,0.0
64.0,91.0,0.005829531000017596,100.0,595.55078125,0.0
64.0,92.0,0.007322737999857054,0.0,595.55078125,0.0
64.0,93.0,0.005727708999984316,50.0,595.55859375,0.0
64.0,94.0,0.007084145999897373,50.0,595.55859375,0.0
64.0,95.0,0.007513514000038413,100.0,595.55859375,0.0
64.0,96.0,0.005792432999896846,0.0,595.55859375,0.0
64.0,97.0,0.007599812000080419,50.0,595.55859375,0.0
64.0,98.0,0.004282964999902106,100.0,595.55859375,0.0
64.0,99.0,0.005940437999925052,0.0,595.5625,0.0
64.0,100.0,0.004611221000004662,50.0,595.5625,0.0
65.0,1.0,0.007594053000048007,100.0,595.56640625,0.0
65.0,2.0,0.005867855000133204,0.0,595.5703125,0.0
65.0,3.0,0.0056843719999051245,50.0,595.5703125,0.0
65.0,4.0,0.007134015999781695,50.0,595.57421875,0.0
65.0,5.0,0.00706549400001677,100.0,595.57421875,0.0
65.0,6.0,0.004297029000099428,0.0,595.57421875,0.0
65.0,7.0,0.0045100140000613465,100.0,595.57421875,0.0
65.0,8.0,0.0059477270001480065,0.0,595.57421875,0.0
65.0,9.0,0.007155971999964095,50.0,595.57421875,0.0
65.0,10.0,0.007488406999982544,50.0,595.578125,0.0
65.0,11.0,0.006122668999978487,100.0,595.578125,0.0
65.0,12.0,0.007376796000016839,50.0,595.58203125,0.0
65.0,13.0,0.0059844389998033876,0.0,595.58203125,0.0
65.0,14.0,0.005839651999849593,100.0,595.58203125,0.0
65.0,15.0,0.007222030999855633,50.0,595.58203125,0.0
65.0,16.0,0.006041739000011148,0.0,595.58203125,0.0
65.0,17.0,0.007293521999827135,50.0,595.58203125,0.0
65.0,18.0,0.00741811000011694,50.0,595.58203125,0.0
65.0,19.0,0.0060698149998188455,100.0,595.5859375,0.0
65.0,20.0,0.005902915999968172,0.0,595.5859375,0.0
65.0,21.0,0.005615101999865146,50.0,595.5859375,0.0
65.0,22.0,0.006052624999938416,100.0,595.58984375,0.0
65.0,23.0,0.006167993999952159,0.0,595.58984375,0.0
65.0,24.0,0.005877541000018027,50.0,595.58984375,0.0
65.0,25.0,0.008875048000163588,100.0,595.58984375,0.0
65.0,26.0,0.0049094219998551125,50.0,595.58984375,0.0
65.0,27.0,0.007284891999915999,0.0,595.58984375,0.0
65.0,28.0,0.0057900749998225365,50.0,595.58984375,0.0
65.0,29.0,0.007633949999899414,66.7,595.58984375,0.0
65.0,30.0,0.007621018999998341,50.0,595.59375,0.0
65.0,31.0,0.0072197399999822665,50.0,595.59765625,0.0
65.0,32.0,0.005059393000010459,0.0,595.59765625,0.0
65.0,33.0,0.00498039199987943,100.0,595.59765625,0.0
65.0,34.0,0.006204598000067563,50.0,595.59765625,0.0
65.0,35.0,0.005712259000119957,0.0,595.59765625,0.0
65.0,36.0,0.00434735399994679,100.0,595.59765625,0.0
65.0,37.0,0.0059993170000325335,0.0,595.59765625,0.0
65.0,38.0,0.006100003000028664,50.0,595.59765625,0.0
65.0,39.0,0.004543055000112872,100.0,595.59765625,0.0
65.0,40.0,0.006524191999915274,50.0,595.59765625,0.0
65.0,41.0,0.007459398000037254,100.0,595.59765625,0.0
65.0,42.0,0.004611595000142188,0.0,595.6015625,0.0
65.0,43.0,0.005990137000026152,50.0,595.6015625,0.0
65.0,44.0,0.0062213510000219685,100.0,595.60546875,0.0
65.0,45.0,0.005844768000088152,0.0,595.60546875,0.0
65.0,46.0,0.007331496000006155,50.0,595.60546875,0.0
65.0,47.0,0.007610179000039352,50.0,595.60546875,0.0
65.0,48.0,0.006225237000080597,0.0,595.60546875,0.0
65.0,49.0,0.0062510170000678045,50.0,595.60546875,0.0
65.0,50.0,0.005903402999820173,50.0,595.60546875,0.0
65.0,51.0,0.006115377000014632,100.0,595.60546875,0.0
65.0,52.0,0.0043261170001187566,0.0,595.609375,0.0
65.0,53.0,0.007345906999944418,50.0,595.609375,0.0
65.0,54.0,0.006264756999826204,100.0,595.609375,0.0
65.0,55.0,0.006302507000100377,0.0,595.609375,0.0
65.0,56.0,0.007557808000001387,50.0,595.609375,0.0
65.0,57.0,0.006137667000075453,50.0,595.61328125,0.0
65.0,58.0,0.005925272000013138,0.0,595.61328125,0.0
65.0,59.0,0.007709240999929534,50.0,595.61328125,0.0
65.0,60.0,0.00587483100002828,50.0,595.61328125,0.0
65.0,61.0,0.007195206999995207,50.0,595.6171875,0.0
65.0,62.0,0.004630096000028061,0.0,595.6171875,0.0
65.0,63.0,0.006096116000207985,50.0,595.6171875,0.0
65.0,64.0,0.006117116000041278,0.0,595.6171875,0.0
65.0,65.0,0.008261662999984765,50.0,595.6171875,0.0
65.0,66.0,0.007405183000173565,50.0,595.6171875,0.0
65.0,67.0,0.004751713999894491,50.0,595.6171875,0.0
65.0,68.0,0.008118319000004703,50.0,595.62109375,0.0
65.0,69.0,0.00497480900003211,0.0,595.62109375,0.0
65.0,70.0,0.0066257610001230205,50.0,595.625,0.0
65.0,71.0,0.006145333000176834,50.0,595.625,0.0
65.0,72.0,0.00606213200012462,0.0,595.62890625,0.0
65.0,73.0,0.00779055399993922,50.0,595.62890625,0.0
65.0,74.0,0.004690653000125167,50.0,595.6328125,0.0
65.0,75.0,0.007905397000058656,100.0,595.6328125,0.0
65.0,76.0,0.006059485000150744,0.0,595.6328125,0.0
65.0,77.0,0.0063772840001092845,50.0,595.6328125,0.0
65.0,78.0,0.00467526700003873,100.0,595.6328125,0.0
65.0,79.0,0.005860266999889063,0.0,595.6328125,0.0
65.0,80.0,0.0064498090000597585,50.0,595.63671875,0.0
65.0,81.0,0.006655796000131886,50.0,595.63671875,0.0
65.0,82.0,0.005693582000048991,0.0,595.640625,0.0
65.0,83.0,0.004673642999932781,50.0,595.640625,0.0
65.0,84.0,0.006073919000073147,0.0,595.640625,0.0
65.0,85.0,0.008006238000007215,50.0,595.640625,0.0
65.0,86.0,0.009591500999931668,66.7,595.640625,0.0
65.0,87.0,0.006488021999984994,100.0,595.640625,0.0
65.0,88.0,0.010411335999833682,100.0,595.640625,0.0
65.0,89.0,0.008695514000010007,100.0,595.640625,0.0
65.0,90.0,0.005334696999852895,100.0,595.640625,0.0
65.0,91.0,0.00599716399983663,50.0,595.640625,0.0
65.0,92.0,0.005833549000044513,0.0,595.640625,0.0
65.0,93.0,0.004570627000020977,50.0,595.640625,0.0
65.0,94.0,0.005841938999992635,0.0,595.640625,0.0
65.0,95.0,0.004341485000168177,100.0,595.640625,0.0
65.0,96.0,0.007989834999989398,50.0,595.640625,0.0
65.0,97.0,0.005879230000118696,50.0,595.640625,0.0
65.0,98.0,0.004673464999996213,0.0,595.640625,0.0
65.0,99.0,0.0059748319999926025,50.0,595.640625,0.0
65.0,100.0,0.004492399000127989,0.0,595.640625,0.0
66.0,1.0,0.005875364000075933,50.0,595.640625,0.0
66.0,2.0,0.004613270999925589,50.0,595.640625,0.0
66.0,3.0,0.005980070000077831,0.0,595.640625,0.0
66.0,4.0,0.006413506999933816,50.0,595.640625,0.0
66.0,5.0,0.006070501000067452,50.0,595.640625,0.0
66.0,6.0,0.007541434999893681,100.0,595.640625,0.0
66.0,7.0,0.007497999000179334,0.0,595.640625,0.0
66.0,8.0,0.006032744000094681,50.0,595.640625,0.0
66.0,9.0,0.004780471000003672,100.0,595.640625,0.0
66.0,10.0,0.006174759000032282,0.0,595.640625,0.0
66.0,11.0,0.004580982000106815,50.0,595.640625,0.0
66.0,12.0,0.007488235999971948,50.0,595.640625,0.0
66.0,13.0,0.006145220000007612,0.0,595.640625,0.0
66.0,14.0,0.007909325000127865,50.0,595.640625,0.0
66.0,15.0,0.006798186999958489,50.0,595.640625,0.0
66.0,16.0,0.004450481000048967,100.0,595.640625,0.0
66.0,17.0,0.00808197299988933,0.0,595.640625,0.0
66.0,18.0,0.00616198800003076,50.0,595.640625,0.0
66.0,19.0,0.004303170999946815,100.0,595.640625,0.0
66.0,20.0,0.004560909000019819,0.0,595.640625,0.0
66.0,21.0,0.006380260000014459,50.0,595.640625,0.0
66.0,22.0,0.006563933000052202,100.0,595.640625,0.0
66.0,23.0,0.007235872000137533,0.0,595.640625,0.0
66.0,24.0,0.006361694999895917,50.0,595.640625,0.0
66.0,25.0,0.004643745000066701,100.0,595.640625,0.0
66.0,26.0,0.004678424999838171,0.0,595.640625,0.0
66.0,27.0,0.0048263019998557866,100.0,595.640625,0.0
66.0,28.0,0.004450507999990805,0.0,595.640625,0.0
66.0,29.0,0.007341274000054909,50.0,595.640625,0.0
66.0,30.0,0.004423939000162136,100.0,595.640625,0.0
66.0,31.0,0.004796059000000241,0.0,595.640625,0.0
66.0,32.0,0.007919554999944012,50.0,595.640625,0.0
66.0,33.0,0.006024686000046131,100.0,595.640625,0.0
66.0,34.0,0.007542023000041809,50.0,595.640625,0.0
66.0,35.0,0.005999867000127779,0.0,595.640625,0.0
66.0,36.0,0.004608914999835179,50.0,595.640625,0.0
66.0,37.0,0.00766926100004639,100.0,595.640625,0.0
66.0,38.0,0.00642241900004592,0.0,595.640625,0.0
66.0,39.0,0.00701711300007446,100.0,595.64453125,0.0
66.0,40.0,0.00456929800020589,0.0,595.64453125,0.0
66.0,41.0,0.004857686999912403,50.0,595.64453125,0.0
66.0,42.0,0.0060984750000443455,0.0,595.64453125,0.0
66.0,43.0,0.0057538999999451335,50.0,595.64453125,0.0
66.0,44.0,0.0061296540000057576,50.0,595.64453125,0.0
66.0,45.0,0.006146236000176941,0.0,595.64453125,0.0
66.0,46.0,0.0075681299999814655,50.0,595.6484375,0.0
66.0,47.0,0.0072832590001326025,50.0,595.6484375,0.0
66.0,48.0,0.00510009300001002,100.0,595.6484375,0.0
66.0,49.0,0.006183598000006896,0.0,595.671875,0.0
66.0,50.0,0.007887725000045975,50.0,595.921875,0.0
66.0,51.0,0.007709522000141078,50.0,595.921875,0.0
66.0,52.0,0.005739382999990994,50.0,595.921875,0.0
66.0,53.0,0.0067819830001099035,100.0,595.92578125,0.0
66.0,54.0,0.007803643999977794,0.0,595.92578125,0.0
66.0,55.0,0.006700782000052641,50.0,595.92578125,0.0
66.0,56.0,0.006773094999971363,50.0,595.92578125,0.0
66.0,57.0,0.007897678000063024,50.0,595.92578125,0.0
66.0,58.0,0.004681110000092303,0.0,595.92578125,0.0
66.0,59.0,0.006149968999807243,50.0,595.9296875,0.0
66.0,60.0,0.005978182000035304,100.0,595.9296875,0.0
66.0,61.0,0.007690142000001288,50.0,595.9296875,0.0
66.0,62.0,0.006033681999952023,0.0,595.9296875,0.0
66.0,63.0,0.007831892000012886,50.0,595.9296875,0.0
66.0,64.0,0.007466460000159714,50.0,595.93359375,0.0
66.0,65.0,0.004658602999825234,0.0,595.93359375,0.0
66.0,66.0,0.007310101000030045,66.7,595.93359375,0.0
66.0,67.0,0.00623559399991791,100.0,595.93359375,0.0
66.0,68.0,0.005826923000086026,50.0,595.93359375,0.0
66.0,69.0,0.00783969399981288,50.0,595.93359375,0.0
66.0,70.0,0.006765998999981093,0.0,595.93359375,0.0
66.0,71.0,0.0076888389999112405,50.0,595.93359375,0.0
66.0,72.0,0.00635635599996931,50.0,595.93359375,0.0
66.0,73.0,0.007270938000146998,50.0,595.93359375,0.0
66.0,74.0,0.0062097509999148315,0.0,595.9375,0.0
66.0,75.0,0.006224401000054058,50.0,595.9375,0.0
66.0,76.0,0.006095481999864205,50.0,595.9375,0.0
66.0,77.0,0.006081187999825488,100.0,595.94140625,0.0
66.0,78.0,0.007538670000030834,0.0,595.94140625,0.0
66.0,79.0,0.007646593999879769,50.0,595.94140625,0.0
66.0,80.0,0.006157443999882162,50.0,595.94140625,0.0
66.0,81.0,0.005778585999905772,100.0,595.94140625,0.0
66.0,82.0,0.004626250999990589,0.0,595.94140625,0.0
66.0,83.0,0.007803878000004261,50.0,595.94140625,0.0
66.0,84.0,0.006040841000185537,100.0,595.9453125,0.0
66.0,85.0,0.005777437999995527,0.0,595.9453125,0.0
66.0,86.0,0.004335751000098753,50.0,595.9453125,0.0
66.0,87.0,0.005793832999870574,0.0,595.9453125,0.0
66.0,88.0,0.008020542999929603,50.0,595.9453125,0.0
66.0,89.0,0.004536324000127934,50.0,595.9453125,0.0
66.0,90.0,0.006026244000167935,100.0,595.9453125,0.0
66.0,91.0,0.0074063689999093185,0.0,595.9453125,0.0
66.0,92.0,0.006430764000015188,100.0,595.9453125,0.0
66.0,93.0,0.004698206000057326,50.0,595.9453125,0.0
66.0,94.0,0.005243811000127607,0.0,595.9453125,0.0
66.0,95.0,0.006608073000052173,50.0,595.96875,0.0
66.0,96.0,0.006249415999945995,50.0,595.96875,0.0
66.0,97.0,0.007706886000050872,50.0,595.96875,0.0
66.0,98.0,0.0059839069999725325,0.0,595.96875,0.0
66.0,99.0,0.0046369529998173675,50.0,595.96875,0.0
66.0,100.0,0.007488969999940309,50.0,595.96875,0.0
67.0,1.0,0.0077194819998567255,50.0,595.96875,0.0
67.0,2.0,0.004754374999947686,0.0,595.9765625,0.0
67.0,3.0,0.007704745999944862,50.0,595.9765625,0.0
67.0,4.0,0.006057478999991872,50.0,595.98046875,0.0
67.0,5.0,0.0057794070000909414,0.0,595.98046875,0.0
67.0,6.0,0.004881474000058006,50.0,595.98046875,0.0
67.0,7.0,0.008803871000054642,50.0,595.98046875,0.0
67.0,8.0,0.007651873999975578,100.0,595.98046875,0.0
67.0,9.0,0.006454696999981024,50.0,595.98046875,0.0
67.0,10.0,0.0062544639999941865,0.0,595.98046875,0.0
67.0,11.0,0.006174312999974063,100.0,595.98046875,0.0
67.0,12.0,0.007699342000023535,50.0,595.98046875,0.0
67.0,13.0,0.006183319000001575,0.0,595.98046875,0.0
67.0,14.0,0.006350085999883959,50.0,595.984375,0.0
67.0,15.0,0.006885085000021718,100.0,595.984375,0.0
67.0,16.0,0.00644892099990102,50.0,595.984375,0.0
67.0,17.0,0.004775949000077162,0.0,595.984375,0.0
67.0,18.0,0.006222813000022143,100.0,595.984375,0.0
67.0,19.0,0.004715176999980031,0.0,595.98828125,0.0
67.0,20.0,0.0062789080000129616,50.0,595.98828125,0.0
67.0,21.0,0.004581195999890042,100.0,595.98828125,0.0
67.0,22.0,0.006295448999935616,0.0,595.98828125,0.0
67.0,23.0,0.007843458000024839,50.0,595.98828125,0.0
67.0,24.0,0.005071883999789861,100.0,595.98828125,0.0
67.0,25.0,0.009527141000035044,66.7,595.99609375,0.0
67.0,26.0,0.009934343999930206,33.3,595.99609375,0.0
67.0,27.0,0.006314254000017172,100.0,595.99609375,0.0
67.0,28.0,0.00455682999995588,0.0,596.0,0.0
67.0,29.0,0.004707014999894454,100.0,596.0,0.0
67.0,30.0,0.006366618000129165,0.0,596.0,0.0
67.0,31.0,0.00794244600001548,100.0,596.00390625,0.0
67.0,32.0,0.008806307999975616,100.0,596.00390625,0.0
67.0,33.0,0.008812975999944683,100.0,596.0078125,0.0
67.0,34.0,0.008395853999900282,100.0,596.0078125,0.0
67.0,35.0,0.005129700999987108,50.0,596.01171875,0.0
67.0,36.0,0.004793063000079201,0.0,596.01171875,0.0
67.0,37.0,0.008170014000143055,50.0,596.015625,0.0
67.0,38.0,0.004753230999995139,50.0,596.015625,0.0
67.0,39.0,0.0077575530001468,50.0,596.015625,0.0
67.0,40.0,0.007676099000036629,0.0,596.015625,0.0
67.0,41.0,0.006287772000177938,100.0,596.015625,0.0
67.0,42.0,0.005067658999905689,50.0,596.015625,0.0
67.0,43.0,0.00599427200017999,0.0,596.01953125,0.0
67.0,44.0,0.006209227999988798,50.0,596.0234375,0.0
67.0,45.0,0.006124901000021055,50.0,596.0234375,0.0
67.0,46.0,0.006199633999813159,50.0,596.0234375,0.0
67.0,47.0,0.0047492110002167465,0.0,596.0234375,0.0
67.0,48.0,0.00585149900007309,50.0,596.02734375,0.0
67.0,49.0,0.006333699999913733,100.0,596.02734375,0.0
67.0,50.0,0.007998631999953432,0.0,596.02734375,0.0
67.0,51.0,0.006003087999943091,50.0,596.02734375,0.0
67.0,52.0,0.008096521999959805,50.0,596.02734375,0.0
67.0,53.0,0.00446693799995046,0.0,596.02734375,0.0
67.0,54.0,0.00787409800000205,50.0,596.03125,0.0
67.0,55.0,0.008035015999894313,50.0,596.03515625,0.0
67.0,56.0,0.006205739000051835,50.0,596.03515625,0.0
67.0,57.0,0.00932158000000527,100.0,596.03515625,0.0
67.0,58.0,0.0054274789999908535,50.0,596.03515625,0.0
67.0,59.0,0.00611907299980885,100.0,596.0390625,0.0
67.0,60.0,0.007824773999800527,50.0,596.0390625,0.0
67.0,61.0,0.0046541470001102425,0.0,596.04296875,0.0
67.0,62.0,0.004990755000108038,100.0,596.04296875,0.0
67.0,63.0,0.006243488999871261,0.0,596.04296875,0.0
67.0,64.0,0.006126975999904971,50.0,596.04296875,0.0
67.0,65.0,0.0064758799999253824,50.0,596.046875,0.0
67.0,66.0,0.007764961000020776,100.0,596.046875,0.0
67.0,67.0,0.0059906709998358565,0.0,596.046875,0.0
67.0,68.0,0.00798029000020506,50.0,596.046875,0.0
67.0,69.0,0.006238278000182618,50.0,596.046875,0.0
67.0,70.0,0.007516195999869524,100.0,596.046875,0.0
67.0,71.0,0.006143045999806418,0.0,596.046875,0.0
67.0,72.0,0.00635990299997502,50.0,596.046875,0.0
67.0,73.0,0.006213244000036866,50.0,596.046875,0.0
67.0,74.0,0.006420801000103893,100.0,596.05078125,0.0
67.0,75.0,0.007509598000069673,100.0,596.05078125,0.0
67.0,76.0,0.006378337000114698,50.0,596.05078125,0.0
67.0,77.0,0.007856670999899507,0.0,596.05078125,0.0
67.0,78.0,0.00618139399989559,100.0,596.05078125,0.0
67.0,79.0,0.007903654000074312,50.0,596.0546875,0.0
67.0,80.0,0.006045452999842382,50.0,596.0546875,0.0
67.0,81.0,0.006021121999992829,0.0,596.0546875,0.0
67.0,82.0,0.004442712999889409,100.0,596.0546875,0.0
67.0,83.0,0.006453759999885733,50.0,596.0546875,0.0
67.0,84.0,0.00773609599991687,50.0,596.05859375,0.0
67.0,85.0,0.005885893999902692,0.0,596.05859375,0.0
67.0,86.0,0.007900151000058031,66.7,596.05859375,0.0
67.0,87.0,0.008683030000156577,100.0,596.05859375,0.0
67.0,88.0,0.006381883000130983,50.0,596.05859375,0.0
67.0,89.0,0.0047711359998174885,0.0,596.05859375,0.0
67.0,90.0,0.0067540299999109266,50.0,596.05859375,0.0
67.0,91.0,0.010827612000184672,100.0,596.05859375,0.0
67.0,92.0,0.008122773999957644,100.0,596.05859375,0.0
67.0,93.0,0.007913450000160083,100.0,596.05859375,0.0
67.0,94.0,0.01002315899995665,66.7,596.0625,0.0
67.0,95.0,0.00803842799996346,50.0,596.0625,0.0
67.0,96.0,0.006577807999974539,100.0,596.0625,0.0
67.0,97.0,0.0044259080000301765,50.0,596.0625,0.0
67.0,98.0,0.005223909000051208,100.0,596.0625,0.0
67.0,99.0,0.006456974000002447,100.0,596.0625,0.0
67.0,100.0,0.007001251000019693,50.0,596.0625,0.0
68.0,1.0,0.008144322999896758,50.0,596.0625,0.0
68.0,2.0,0.007901703000015914,50.0,596.0625,0.0
68.0,3.0,0.006029097999999067,100.0,596.0625,0.0
68.0,4.0,0.0075729359998604195,0.0,596.0625,0.0
68.0,5.0,0.005925292000029003,50.0,596.0625,0.0
68.0,6.0,0.006260986999905072,100.0,596.0625,0.0
68.0,7.0,0.00889474399991741,50.0,596.0625,0.0
68.0,8.0,0.007850469999993948,50.0,596.0625,0.0
68.0,9.0,0.006834942000068622,100.0,596.0625,0.0
68.0,10.0,0.007548266000185322,100.0,596.0625,0.0
68.0,11.0,0.006095457999890641,50.0,596.0625,0.0
68.0,12.0,0.007828927999980806,50.0,596.0625,0.0
68.0,13.0,0.0050066119999883085,50.0,596.0625,0.0
68.0,14.0,0.004390235000073517,0.0,596.0625,0.0
68.0,15.0,0.007805926999935764,50.0,596.0625,0.0
68.0,16.0,0.006233178999991651,50.0,596.0625,0.0
68.0,17.0,0.007801736000146775,100.0,596.0625,0.0
68.0,18.0,0.005855632000020705,0.0,596.0625,0.0
68.0,19.0,0.006222986000011588,50.0,596.0625,0.0
68.0,20.0,0.005552987000100984,100.0,596.0625,0.0
68.0,21.0,0.004852279000033377,50.0,596.0625,0.0
68.0,22.0,0.007838129999981902,50.0,596.0625,0.0
68.0,23.0,0.006091549000075247,100.0,596.0625,0.0
68.0,24.0,0.006574093999915931,100.0,596.06640625,0.0
68.0,25.0,0.0054202369999529765,50.0,596.06640625,0.0
68.0,26.0,0.007812706000095204,50.0,596.06640625,0.0
68.0,27.0,0.008918546000131755,100.0,596.06640625,0.0
68.0,28.0,0.005491766000204734,50.0,596.06640625,0.0
68.0,29.0,0.004709614999910627,0.0,596.06640625,0.0
68.0,30.0,0.008300828999836085,100.0,596.0703125,0.0
68.0,31.0,0.005965431000049648,50.0,596.0703125,0.0
68.0,32.0,0.0076550450000922865,50.0,596.0703125,0.0
68.0,33.0,0.0062561069998992025,100.0,596.07421875,0.0
68.0,34.0,0.006279787000039505,0.0,596.07421875,0.0
68.0,35.0,0.004683697000018583,50.0,596.07421875,0.0
68.0,36.0,0.00625639399981992,100.0,596.078125,0.0
68.0,37.0,0.004913071999908425,0.0,596.078125,0.0
68.0,38.0,0.006346421999978702,100.0,596.078125,0.0
68.0,39.0,0.009664781999845218,50.0,596.078125,0.0
68.0,40.0,0.005493019999903481,100.0,596.078125,0.0
68.0,41.0,0.0059804600000461505,100.0,596.078125,0.0
68.0,42.0,0.00479258900008972,0.0,596.078125,0.0
68.0,43.0,0.006222413999921628,100.0,596.078125,0.0
68.0,44.0,0.006491035999943051,50.0,596.078125,0.0
68.0,45.0,0.005937439999797789,0.0,596.078125,0.0
68.0,46.0,0.007507634000148755,50.0,596.078125,0.0
68.0,47.0,0.006372270000156277,100.0,596.078125,0.0
68.0,48.0,0.006450829000186786,50.0,596.08203125,0.0
68.0,49.0,0.0076337230000262934,0.0,596.08203125,0.0
68.0,50.0,0.0076172110000243265,50.0,596.08203125,0.0
68.0,51.0,0.005780334000064613,100.0,596.08203125,0.0
68.0,52.0,0.006009152999922662,50.0,596.08203125,0.0
68.0,53.0,0.004823498999940057,0.0,596.08203125,0.0
68.0,54.0,0.0074594950001483085,100.0,596.08203125,0.0
68.0,55.0,0.007752779000156806,50.0,596.08203125,0.0
68.0,56.0,0.00646993400005158,50.0,596.08203125,0.0
68.0,57.0,0.00996890400006123,50.0,596.08203125,0.0
68.0,58.0,0.008091443000012077,50.0,596.08203125,0.0
68.0,59.0,0.006006673999991108,50.0,596.08203125,0.0
68.0,60.0,0.006250288000046567,100.0,596.08203125,0.0
68.0,61.0,0.008064857999897868,50.0,596.08203125,0.0
68.0,62.0,0.0063641300000654155,0.0,596.08203125,0.0
68.0,63.0,0.006341500000189626,50.0,596.08203125,0.0
68.0,64.0,0.005975071999955617,100.0,596.0859375,0.0
68.0,65.0,0.007626522000009572,50.0,596.0859375,0.0
68.0,66.0,0.004668450000053781,0.0,596.0859375,0.0
68.0,67.0,0.005290004000016779,100.0,596.0859375,0.0
68.0,68.0,0.010507881999956226,100.0,596.0859375,0.0
68.0,69.0,0.00870467100003225,100.0,596.0859375,0.0
68.0,70.0,0.008256055999936507,100.0,596.09375,0.0
68.0,71.0,0.007992261000026701,50.0,596.09375,0.0
68.0,72.0,0.007879112999944482,50.0,596.09765625,0.0
68.0,73.0,0.0060135319999972126,50.0,596.09765625,0.0
68.0,74.0,0.004445038000085333,0.0,596.09765625,0.0
68.0,75.0,0.007700005999822679,50.0,596.1015625,0.0
68.0,76.0,0.006196756999997888,50.0,596.1015625,0.0
68.0,77.0,0.006175623999979507,100.0,596.1015625,0.0
68.0,78.0,0.006086202999995294,0.0,596.1015625,0.0
68.0,79.0,0.008048957000028167,50.0,596.1015625,0.0
68.0,80.0,0.006106202999944799,50.0,596.10546875,0.0
68.0,81.0,0.0046636600000056205,100.0,596.109375,0.0
68.0,82.0,0.004688050999902771,0.0,596.109375,0.0
68.0,83.0,0.00776847999986785,100.0,596.109375,0.0
68.0,84.0,0.006363756999917314,50.0,596.109375,0.0
68.0,85.0,0.007676397000068391,0.0,596.109375,0.0
68.0,86.0,0.007686258000148882,50.0,596.109375,0.0
68.0,87.0,0.006336974000078044,50.0,596.109375,0.0
68.0,88.0,0.00784810599998309,100.0,596.109375,0.0
68.0,89.0,0.007748509999828457,50.0,596.109375,0.0
68.0,90.0,0.006109845999844765,0.0,596.109375,0.0
68.0,91.0,0.006020506999902864,50.0,596.11328125,0.0
68.0,92.0,0.006229358000155116,100.0,596.11328125,0.0
68.0,93.0,0.004826536999871678,0.0,596.11328125,0.0
68.0,94.0,0.006276111000033779,50.0,596.11328125,0.0
68.0,95.0,0.007831781999811938,100.0,596.11328125,0.0
68.0,96.0,0.007735088999879736,50.0,596.11328125,0.0
68.0,97.0,0.004477626000152668,0.0,596.11328125,0.0
68.0,98.0,0.006250932000057219,100.0,596.11328125,0.0
68.0,99.0,0.008259445000021515,50.0,596.11328125,0.0
68.0,100.0,0.006251885999972728,50.0,596.11328125,0.0
69.0,1.0,0.006351432999963436,0.0,596.1171875,0.0
69.0,2.0,0.0045057039999392146,100.0,596.1171875,0.0
69.0,3.0,0.007911960999990697,50.0,596.1171875,0.0
69.0,4.0,0.004886957000053371,0.0,596.1171875,0.0
69.0,5.0,0.007634323000047516,50.0,596.1171875,0.0
69.0,6.0,0.00661928599993189,100.0,596.1171875,0.0
69.0,7.0,0.004621690000021772,50.0,596.1171875,0.0
69.0,8.0,0.00753502399993522,50.0,596.1171875,0.0
69.0,9.0,0.007791114000156085,0.0,596.1171875,0.0
69.0,10.0,0.006335720999913974,100.0,596.1171875,0.0
69.0,11.0,0.00659477599992897,50.0,596.1171875,0.0
69.0,12.0,0.006328657000040039,50.0,596.12109375,0.0
69.0,13.0,0.004635258000007525,0.0,596.125,0.0
69.0,14.0,0.004747752999946897,50.0,596.125,0.0
69.0,15.0,0.004757869000059145,0.0,596.125,0.0
69.0,16.0,0.006614983999952528,50.0,596.125,0.0
69.0,17.0,0.004761850000022605,50.0,596.125,0.0
69.0,18.0,0.008161294000046837,0.0,596.125,0.0
69.0,19.0,0.008099621000155821,50.0,596.125,0.0
69.0,20.0,0.00625879100016391,50.0,596.125,0.0
69.0,21.0,0.006346288000031564,50.0,596.125,0.0
69.0,22.0,0.006438251000190576,50.0,596.125,0.0
69.0,23.0,0.007773546000180431,0.0,596.12890625,0.0
69.0,24.0,0.007873278000033679,50.0,596.12890625,0.0
69.0,25.0,0.007632624000052601,50.0,596.12890625,0.0
69.0,26.0,0.006126838000000134,50.0,596.12890625,0.0
69.0,27.0,0.007345887000155926,50.0,596.12890625,0.0
69.0,28.0,0.00675567600001159,0.0,596.12890625,0.0
69.0,29.0,0.0082734260001871,50.0,596.12890625,0.0
69.0,30.0,0.008200373000136096,50.0,596.12890625,0.0
69.0,31.0,0.0076940389999435865,100.0,596.12890625,0.0
69.0,32.0,0.008315552000112802,100.0,596.1328125,0.0
69.0,33.0,0.006940118999864353,100.0,596.1328125,0.0
69.0,34.0,0.007313273000136178,66.7,596.1328125,0.0
69.0,35.0,0.0050423440000031405,0.0,596.1328125,0.0
69.0,36.0,0.008260988999836627,50.0,596.1328125,0.0
69.0,37.0,0.005945786999973279,50.0,596.1328125,0.0
69.0,38.0,0.007688701000006404,50.0,596.1328125,0.0
69.0,39.0,0.006526068000084706,0.0,596.13671875,0.0
69.0,40.0,0.004963968000083696,50.0,596.140625,0.0
69.0,41.0,0.006279398999822661,100.0,596.14453125,0.0
69.0,42.0,0.004573917000016081,0.0,596.14453125,0.0
69.0,43.0,0.006410224000092057,50.0,596.1484375,0.0
69.0,44.0,0.004746584000031362,100.0,596.1484375,0.0
69.0,45.0,0.007639637000011135,0.0,596.1484375,0.0
69.0,46.0,0.004746172000068327,50.0,596.15234375,0.0
69.0,47.0,0.004636839999875519,100.0,596.15234375,0.0
69.0,48.0,0.008260630999984642,0.0,596.15234375,0.0
69.0,49.0,0.006795955999905345,50.0,596.15234375,0.0
69.0,50.0,0.009593578000021807,100.0,596.15234375,0.0
69.0,51.0,0.006105896000008215,50.0,596.15625,0.0
69.0,52.0,0.005974965999939741,100.0,596.15625,0.0
69.0,53.0,0.006490764000091076,0.0,596.16015625,0.0
69.0,54.0,0.006693001999792614,50.0,596.16015625,0.0
69.0,55.0,0.004521653999972841,100.0,596.16015625,0.0
69.0,56.0,0.00823906599998736,0.0,596.16015625,0.0
69.0,57.0,0.004832308999993984,50.0,596.1640625,0.0
69.0,58.0,0.004988916000002064,100.0,596.1640625,0.0
69.0,59.0,0.007962512000176503,0.0,596.1640625,0.0
69.0,60.0,0.005003632999887486,50.0,596.1640625,0.0
69.0,61.0,0.008955259999993359,100.0,596.1640625,0.0
69.0,62.0,0.004700704000015321,50.0,596.1640625,0.0
69.0,63.0,0.00482127300006141,0.0,596.1640625,0.0
69.0,64.0,0.007820053999921583,50.0,596.1640625,0.0
69.0,65.0,0.00468086800015044,50.0,596.1640625,0.0
69.0,66.0,0.006366548999949373,50.0,596.1640625,0.0
69.0,67.0,0.006157654999924489,0.0,596.1640625,0.0
69.0,68.0,0.008340487999930701,50.0,596.1640625,0.0
69.0,69.0,0.006049471999858724,50.0,596.16796875,0.0
69.0,70.0,0.006393021000121735,50.0,596.16796875,0.0
69.0,71.0,0.0064777410000260716,0.0,596.16796875,0.0
69.0,72.0,0.006092932999990808,50.0,596.16796875,0.0
69.0,73.0,0.0048259889999826555,0.0,596.16796875,0.0
69.0,74.0,0.008070316999919669,50.0,596.171875,0.0
69.0,75.0,0.00474960699989424,50.0,596.171875,0.0
69.0,76.0,0.004646524000008867,100.0,596.171875,0.0
69.0,77.0,0.006314006999900812,50.0,596.171875,0.0
69.0,78.0,0.006530165999947712,50.0,596.171875,0.0
69.0,79.0,0.006144526000070982,50.0,596.171875,0.0
69.0,80.0,0.0067634940000971255,0.0,596.171875,0.0
69.0,81.0,0.008075209000026007,50.0,596.17578125,0.0
69.0,82.0,0.005073726999853534,50.0,596.17578125,0.0
69.0,83.0,0.006578953000143883,100.0,596.17578125,0.0
69.0,84.0,0.006655324000121254,0.0,596.17578125,0.0
69.0,85.0,0.006517971999983274,50.0,596.1875,0.0
69.0,86.0,0.007614886000055776,50.0,596.1875,0.0
69.0,87.0,0.006956260999913866,50.0,596.1875,0.0
69.0,88.0,0.005128944000034608,0.0,596.1875,0.0
69.0,89.0,0.008706489999894984,50.0,596.1875,0.0
69.0,90.0,0.007212292000076559,50.0,596.1875,0.0
69.0,91.0,0.007014779999963139,50.0,596.1875,0.0
69.0,92.0,0.008544271999880948,50.0,596.1875,0.0
69.0,93.0,0.005058535999978631,0.0,596.1875,0.0
69.0,94.0,0.006948811000029309,50.0,596.1875,0.0
69.0,95.0,0.004958888000146544,50.0,596.1875,0.0
69.0,96.0,0.006550070999992386,100.0,596.1875,0.0
69.0,97.0,0.005063092999989749,0.0,596.1875,0.0
69.0,98.0,0.006729302999929132,50.0,596.1875,0.0
69.0,99.0,0.004936347000011665,100.0,596.1875,0.0
69.0,100.0,0.00835074299993721,0.0,596.1875,0.0
70.0,1.0,0.008340506999957142,50.0,596.1875,0.0
70.0,2.0,0.0065888340000128665,50.0,596.1875,0.0
70.0,3.0,0.007934059000035631,50.0,596.1875,0.0
70.0,4.0,0.007495664000089164,50.0,596.1875,0.0
70.0,5.0,0.008238652000045477,100.0,596.19140625,0.0
70.0,6.0,0.009073924000176703,100.0,596.1953125,0.0
70.0,7.0,0.012093855000102849,100.0,596.1953125,0.0
70.0,8.0,0.015800842000089688,100.0,596.1953125,0.0
70.0,9.0,0.0073755240000537015,100.0,596.1953125,0.0
70.0,10.0,0.00849176399992757,100.0,596.1953125,0.0
70.0,11.0,0.006565750999925513,66.7,596.1953125,0.0
70.0,12.0,0.012403896000023451,100.0,596.1953125,0.0
70.0,13.0,0.006808088000070711,100.0,596.1953125,0.0
70.0,14.0,0.009295292999922822,100.0,596.1953125,0.0
70.0,15.0,0.006454526999959853,100.0,596.1953125,0.0
70.0,16.0,0.009095956999999544,100.0,596.1953125,0.0
70.0,17.0,0.006422367999903145,0.0,596.19921875,0.0
70.0,18.0,0.008508509999956004,50.0,596.19921875,0.0
70.0,19.0,0.007928205000098387,50.0,596.19921875,0.0
70.0,20.0,0.006852813000023161,50.0,596.19921875,0.0
70.0,21.0,0.007135737999988123,100.0,596.19921875,0.0
70.0,22.0,0.00698719400020309,50.0,596.19921875,0.0
70.0,23.0,0.008505260999982056,50.0,596.19921875,0.0
70.0,24.0,0.007170015999918178,50.0,596.19921875,0.0
70.0,25.0,0.005899193999994168,0.0,596.19921875,0.0
70.0,26.0,0.0066742340000018885,50.0,596.19921875,0.0
70.0,27.0,0.008682872000008501,50.0,596.203125,0.0
70.0,28.0,0.0053138369999032875,50.0,596.203125,0.0
70.0,29.0,0.006821421000040573,100.0,596.203125,0.0
70.0,30.0,0.00846607500011487,50.0,596.203125,0.0
70.0,31.0,0.004857037999954628,50.0,596.203125,0.0
70.0,32.0,0.005390090999981112,100.0,596.203125,0.0
70.0,33.0,0.0069352660000276956,0.0,596.203125,0.0
70.0,34.0,0.008489887999985513,50.0,596.20703125,0.0
70.0,35.0,0.006981704000054378,50.0,596.20703125,0.0
70.0,36.0,0.006708229999958348,50.0,596.2109375,0.0
70.0,37.0,0.005440765000003012,0.0,596.2109375,0.0
70.0,38.0,0.004486810999878799,50.0,596.2109375,0.0
70.0,39.0,0.006835814000169194,50.0,596.2109375,0.0
70.0,40.0,0.0065760719999161665,0.0,596.2109375,0.0
70.0,41.0,0.00546287600013784,50.0,596.2109375,0.0
70.0,42.0,0.006720932000007451,50.0,596.21484375,0.0
70.0,43.0,0.006638942999870778,100.0,596.21484375,0.0
70.0,44.0,0.006799365000006219,0.0,596.21484375,0.0
70.0,45.0,0.006742594000115787,50.0,596.21484375,0.0
70.0,46.0,0.00471278899999561,100.0,596.21484375,0.0
70.0,47.0,0.006849968999858902,0.0,596.21484375,0.0
70.0,48.0,0.006411845000002359,50.0,596.21875,0.0
70.0,49.0,0.008512418000009347,50.0,596.21875,0.0
70.0,50.0,0.0049622880001152225,100.0,596.21875,0.0
70.0,51.0,0.006672178000144413,0.0,596.21875,0.0
70.0,52.0,0.009996758000170303,66.7,596.22265625,0.0
70.0,53.0,0.00817107400007444,50.0,596.22265625,0.0
70.0,54.0,0.008362688000033813,50.0,596.22265625,0.0
70.0,55.0,0.00819950200002495,0.0,596.22265625,0.0
70.0,56.0,0.008207643999867287,100.0,596.22265625,0.0
70.0,57.0,0.005690178000122614,50.0,596.2265625,0.0
70.0,58.0,0.0066724610001074325,100.0,596.2265625,0.0
70.0,59.0,0.006942055000081382,50.0,596.2265625,0.0
70.0,60.0,0.008553656999993109,50.0,596.2265625,0.0
70.0,61.0,0.006797015999836731,50.0,596.2265625,0.0
70.0,62.0,0.008787742000095022,50.0,596.2265625,0.0
70.0,63.0,0.0053401860000121815,0.0,596.2265625,0.0
70.0,64.0,0.006964681999988898,50.0,596.23046875,0.0
70.0,65.0,0.008206495999957042,50.0,596.23046875,0.0
70.0,66.0,0.004898284999853786,100.0,596.23046875,0.0
70.0,67.0,0.006938637999837738,0.0,596.23046875,0.0
70.0,68.0,0.0058292190001338895,100.0,596.234375,0.0
70.0,69.0,0.006488135000154216,50.0,596.234375,0.0
70.0,70.0,0.006876699000031294,50.0,596.23828125,0.0
70.0,71.0,0.006784487000004447,50.0,596.23828125,0.0
70.0,72.0,0.0063667300000815885,0.0,596.23828125,0.0
70.0,73.0,0.008859387000029528,50.0,596.23828125,0.0
70.0,74.0,0.006577324000090812,50.0,596.23828125,0.0
70.0,75.0,0.00814325800001825,50.0,596.2421875,0.0
70.0,76.0,0.008593451000024288,50.0,596.2421875,0.0
70.0,77.0,0.005569111999875531,0.0,596.24609375,0.0
70.0,78.0,0.008352907000016785,100.0,596.24609375,0.0
70.0,79.0,0.00821650799980489,50.0,596.25,0.0
70.0,80.0,0.008477629000026354,50.0,596.25390625,0.0
70.0,81.0,0.008514595999940866,50.0,596.25390625,0.0
70.0,82.0,0.006319988000086596,50.0,596.25390625,0.0
70.0,83.0,0.006547224000087226,50.0,596.25390625,0.0
70.0,84.0,0.008233103000065967,50.0,596.25390625,0.0
70.0,85.0,0.006811885999923106,0.0,596.25390625,0.0
70.0,86.0,0.008060394000040105,50.0,596.2578125,0.0
70.0,87.0,0.00487162200010971,50.0,596.26171875,0.0
70.0,88.0,0.00669532100005199,100.0,596.26171875,0.0
70.0,89.0,0.008123678999936601,0.0,596.26171875,0.0
70.0,90.0,0.008005787000001874,50.0,596.26171875,0.0
70.0,91.0,0.004971333999947092,50.0,596.265625,0.0
70.0,92.0,0.00997407399995609,66.7,596.265625,0.0
70.0,93.0,0.008790660999920874,50.0,596.265625,0.0
70.0,94.0,0.008095042999912039,100.0,596.265625,0.0
70.0,95.0,0.007020629999942685,50.0,596.265625,0.0
70.0,96.0,0.007175029000109134,50.0,596.2734375,0.0
70.0,97.0,0.005483615000002828,0.0,596.2734375,0.0
70.0,98.0,0.006728996999981973,100.0,596.2734375,0.0
70.0,99.0,0.007545007000089754,50.0,596.2734375,0.0
70.0,100.0,0.004998425999929168,0.0,596.2734375,0.0
71.0,1.0,0.005064911000090433,100.0,596.2734375,0.0
71.0,2.0,0.006807243000139351,50.0,596.27734375,0.0
71.0,3.0,0.004855360999954428,0.0,596.28125,0.0
71.0,4.0,0.006729284999892116,50.0,596.28125,0.0
71.0,5.0,0.008831236000105491,100.0,596.28125,0.0
71.0,6.0,0.008728341000050932,50.0,596.28125,0.0
71.0,7.0,0.008749603000069328,50.0,596.28515625,0.0
71.0,8.0,0.006748826999910307,50.0,596.28515625,0.0
71.0,9.0,0.006626015000165353,50.0,596.28515625,0.0
71.0,10.0,0.00685424200014495,0.0,596.28515625,0.0
71.0,11.0,0.007000044000051275,100.0,596.28515625,0.0
71.0,12.0,0.006767850999949587,50.0,596.28515625,0.0
71.0,13.0,0.008632246000161103,50.0,596.28515625,0.0
71.0,14.0,0.010736917000031099,50.0,596.28515625,0.0
71.0,15.0,0.0069127990000197315,50.0,596.28515625,0.0
71.0,16.0,0.006735610000077941,0.0,596.28515625,0.0
71.0,17.0,0.0069515979998868715,50.0,596.28515625,0.0
71.0,18.0,0.006843774999879315,100.0,596.2890625,0.0
71.0,19.0,0.007106029999931707,50.0,596.2890625,0.0
71.0,20.0,0.0066098170000259415,0.0,596.2890625,0.0
71.0,21.0,0.004904883000108384,50.0,596.2890625,0.0
71.0,22.0,0.006704682999952638,100.0,596.2890625,0.0
71.0,23.0,0.005101702000047226,0.0,596.2890625,0.0
71.0,24.0,0.005166565000081391,100.0,596.2890625,0.0
71.0,25.0,0.00864785299995674,50.0,596.2890625,0.0
71.0,26.0,0.005249162999916734,0.0,596.2890625,0.0
71.0,27.0,0.005135858999892662,50.0,596.2890625,0.0
71.0,28.0,0.00837582700000894,50.0,596.2890625,0.0
71.0,29.0,0.008758546000080969,100.0,596.29296875,0.0
71.0,30.0,0.006754600999784088,50.0,596.29296875,0.0
71.0,31.0,0.004872980000072857,0.0,596.29296875,0.0
71.0,32.0,0.005040134999944712,100.0,596.29296875,0.0
71.0,33.0,0.00681012599989117,50.0,596.29296875,0.0
71.0,34.0,0.010738947000163535,100.0,596.29296875,0.0
71.0,35.0,0.011748197999850163,100.0,596.29296875,0.0
71.0,36.0,0.009941389000005074,100.0,596.296875,0.0
71.0,37.0,0.005615503999933935,66.7,596.296875,0.0
71.0,38.0,0.005492537000009179,100.0,596.30078125,0.0
71.0,39.0,0.008163100000047052,50.0,596.30078125,0.0
71.0,40.0,0.007483409999849755,50.0,596.30078125,0.0
71.0,41.0,0.007448137000210409,100.0,596.3046875,0.0
71.0,42.0,0.010250284999983705,50.0,596.30859375,0.0
71.0,43.0,0.009384201000102621,100.0,596.30859375,0.0
71.0,44.0,0.006340554999951564,0.0,596.30859375,0.0
71.0,45.0,0.006492487000059555,50.0,596.30859375,0.0
71.0,46.0,0.006266959999948085,100.0,596.30859375,0.0
71.0,47.0,0.008183203000044159,50.0,596.3125,0.0
71.0,48.0,0.006466786999908436,0.0,596.3125,0.0
71.0,49.0,0.00824118799982898,50.0,596.3125,0.0
71.0,50.0,0.005246043999932226,50.0,596.3125,0.0
71.0,51.0,0.008336328000041249,100.0,596.3125,0.0
71.0,52.0,0.006774807000056171,50.0,596.3125,0.0
71.0,53.0,0.005122434999975667,0.0,596.3125,0.0
71.0,54.0,0.004933251000011296,100.0,596.31640625,0.0
71.0,55.0,0.00829432699993049,50.0,596.31640625,0.0
71.0,56.0,0.006497294000155307,0.0,596.31640625,0.0
71.0,57.0,0.007476429000007556,50.0,596.3203125,0.0
71.0,58.0,0.006776187000014033,50.0,596.3203125,0.0
71.0,59.0,0.004869895000183533,100.0,596.3203125,0.0
71.0,60.0,0.0068467539999801375,0.0,596.3203125,0.0
71.0,61.0,0.00493152499984717,100.0,596.3203125,0.0
71.0,62.0,0.008301144999904864,50.0,596.3203125,0.0
71.0,63.0,0.006680691999918054,0.0,596.3203125,0.0
71.0,64.0,0.006319891999964966,50.0,596.3203125,0.0
71.0,65.0,0.006382388000020001,50.0,596.3203125,0.0
71.0,66.0,0.007742688000007547,100.0,596.3203125,0.0
71.0,67.0,0.004874698000094213,0.0,596.3203125,0.0
71.0,68.0,0.008262801999990188,50.0,596.32421875,0.0
71.0,69.0,0.007641100000000733,50.0,596.32421875,0.0
71.0,70.0,0.004871352999998635,100.0,596.32421875,0.0
71.0,71.0,0.006277565999880608,0.0,596.48046875,0.0
71.0,72.0,0.007172717999992528,50.0,596.48046875,0.0
71.0,73.0,0.0071722919999501755,50.0,596.48046875,0.0
71.0,74.0,0.008853887999975996,50.0,596.48046875,0.0
71.0,75.0,0.007048561000146947,100.0,596.48046875,0.0
71.0,76.0,0.007752451999976984,0.0,596.48046875,0.0
71.0,77.0,0.005538660999945932,100.0,596.48046875,0.0
71.0,78.0,0.008358285999975124,50.0,596.484375,0.0
71.0,79.0,0.006043357000180549,50.0,596.48828125,0.0
71.0,80.0,0.004868641000030038,0.0,596.48828125,0.0
71.0,81.0,0.0066795329998967645,100.0,596.48828125,0.0
71.0,82.0,0.009336985000118148,50.0,595.88671875,0.0
71.0,83.0,0.005212067000002207,50.0,595.9921875,0.0
71.0,84.0,0.008383156000036251,0.0,595.9921875,0.0
71.0,85.0,0.008433597000021109,66.7,595.9921875,0.0
71.0,86.0,0.008344372999999905,50.0,595.9921875,0.0
71.0,87.0,0.007999540000128036,100.0,596.18359375,0.0
71.0,88.0,0.005879331000187449,50.0,596.2265625,0.0
71.0,89.0,0.006909769999992932,100.0,596.2265625,0.0
71.0,90.0,0.00691963899998882,50.0,596.2265625,0.0
71.0,91.0,0.0051844710001205385,0.0,596.2265625,0.0
71.0,92.0,0.006942022999965047,50.0,596.2265625,0.0
71.0,93.0,0.006777268999940134,100.0,596.2265625,0.0
71.0,94.0,0.006548048000013296,50.0,596.2265625,0.0
71.0,95.0,0.006750187000079677,0.0,596.2265625,0.0
71.0,96.0,0.006158435999850553,100.0,596.2265625,0.0
71.0,97.0,0.008112992999940616,50.0,596.2265625,0.0
71.0,98.0,0.006663846000037665,50.0,596.2265625,0.0
71.0,99.0,0.008655683999904795,50.0,596.2265625,0.0
71.0,100.0,0.008496776000129103,50.0,596.2265625,0.0
72.0,1.0,0.004943635000017821,0.0,596.2265625,0.0
72.0,2.0,0.006380190000072616,50.0,596.2265625,0.0
72.0,3.0,0.004942486999880202,50.0,596.2265625,0.0
72.0,4.0,0.004884734000142998,0.0,596.2265625,0.0
72.0,5.0,0.008707703000027323,50.0,596.2265625,0.0
72.0,6.0,0.00531680300014159,50.0,596.37109375,0.0
72.0,7.0,0.005007191000004241,0.0,596.37109375,0.0
72.0,8.0,0.006559469999956491,50.0,596.37109375,0.0
72.0,9.0,0.006762723000065307,50.0,596.37109375,0.0
72.0,10.0,0.004855707000160692,0.0,596.37109375,0.0
72.0,11.0,0.006786810999983572,50.0,596.37109375,0.0
72.0,12.0,0.0047992429999794695,50.0,596.37109375,0.0
72.0,13.0,0.005074084000170842,0.0,596.37109375,0.0
72.0,14.0,0.006520810999973037,50.0,596.37109375,0.0
72.0,15.0,0.00821531400015374,50.0,596.37109375,0.0
72.0,16.0,0.0065878670000074635,50.0,596.37109375,0.0
72.0,17.0,0.006689833999871553,100.0,596.37109375,0.0
72.0,18.0,0.0063309930001196335,0.0,596.37109375,0.0
72.0,19.0,0.004932535000079952,50.0,596.37109375,0.0
72.0,20.0,0.005040024999971138,0.0,596.37109375,0.0
72.0,21.0,0.008331861999977264,50.0,596.37109375,0.0
72.0,22.0,0.006277654999848892,50.0,596.37109375,0.0
72.0,23.0,0.006363429000202814,50.0,596.37109375,0.0
72.0,24.0,0.007525708000002851,100.0,596.375,0.0
72.0,25.0,0.0051804570000513195,50.0,596.375,0.0
72.0,26.0,0.006772216999934244,100.0,596.375,0.0
72.0,27.0,0.008466198999940389,50.0,596.375,0.0
72.0,28.0,0.006664883999974336,0.0,596.375,0.0
72.0,29.0,0.00524076800002149,50.0,596.375,0.0
72.0,30.0,0.008052165999970384,50.0,596.37890625,0.0
72.0,31.0,0.005082394999817552,0.0,596.37890625,0.0
72.0,32.0,0.006053028999986054,50.0,596.37890625,0.0
72.0,33.0,0.00633176800010915,50.0,596.37890625,0.0
72.0,34.0,0.006593291999934081,100.0,596.37890625,0.0
72.0,35.0,0.007149284999968586,0.0,596.37890625,0.0
72.0,36.0,0.007264490000125079,66.7,596.3828125,0.0
72.0,37.0,0.006475092000073346,0.0,596.3828125,0.0
72.0,38.0,0.004980669999895326,50.0,596.3828125,0.0
72.0,39.0,0.0047679290000814945,100.0,596.3828125,0.0
72.0,40.0,0.004962957000088863,0.0,596.3828125,0.0
72.0,41.0,0.006442534999905547,50.0,596.3828125,0.0
72.0,42.0,0.00618255099993803,100.0,596.3828125,0.0
72.0,43.0,0.005779352999979892,0.0,596.3828125,0.0
72.0,44.0,0.008224042999927406,100.0,596.3828125,0.0
72.0,45.0,0.008983630000102494,33.3,596.3828125,0.0
72.0,46.0,0.008077961000026335,50.0,596.38671875,0.0
72.0,47.0,0.006728397999950175,100.0,596.38671875,0.0
72.0,48.0,0.006502674999865121,50.0,596.38671875,0.0
72.0,49.0,0.006752077000101053,0.0,596.38671875,0.0
72.0,50.0,0.006676140000081432,50.0,596.421875,0.0
72.0,51.0,0.006471020000162753,100.0,596.421875,0.0
72.0,52.0,0.008195918999945206,50.0,596.421875,0.0
72.0,53.0,0.008878934999984267,50.0,596.421875,0.0
72.0,54.0,0.006769241000029069,50.0,596.421875,0.0
72.0,55.0,0.005179763999876741,0.0,596.421875,0.0
72.0,56.0,0.005233608000025924,100.0,596.421875,0.0
72.0,57.0,0.007225628000014694,50.0,596.421875,0.0
72.0,58.0,0.005074202999821864,0.0,596.421875,0.0
72.0,59.0,0.0050966589999461576,100.0,596.421875,0.0
72.0,60.0,0.00701197500006856,0.0,596.421875,0.0
72.0,61.0,0.00668391099998189,50.0,596.421875,0.0
72.0,62.0,0.004906756000082169,100.0,596.421875,0.0
72.0,63.0,0.008156121999945753,50.0,596.421875,0.0
72.0,64.0,0.006586500999901546,0.0,596.42578125,0.0
72.0,65.0,0.006781224000178554,50.0,596.42578125,0.0
72.0,66.0,0.0064861239998208475,100.0,596.42578125,0.0
72.0,67.0,0.00626214799990521,50.0,596.42578125,0.0
72.0,68.0,0.010354009999900882,66.7,596.42578125,0.0
72.0,69.0,0.008952640999950745,100.0,596.42578125,0.0
72.0,70.0,0.006808311000213507,100.0,596.42578125,0.0
72.0,71.0,0.009603936000075919,100.0,596.42578125,0.0
72.0,72.0,0.007151517000011154,100.0,596.42578125,0.0
72.0,73.0,0.004552696000018841,0.0,596.42578125,0.0
72.0,74.0,0.008252947000073618,50.0,596.4296875,0.0
72.0,75.0,0.005088459000035073,100.0,596.4296875,0.0
72.0,76.0,0.005059924000079263,50.0,596.4296875,0.0
72.0,77.0,0.005290220000006229,0.0,596.4296875,0.0
72.0,78.0,0.005233103999898958,100.0,596.4296875,0.0
72.0,79.0,0.0049614419999670645,0.0,596.4296875,0.0
72.0,80.0,0.008327175000204079,50.0,596.4296875,0.0
72.0,81.0,0.006645167999977275,100.0,596.4296875,0.0
72.0,82.0,0.007949555999857694,50.0,596.4296875,0.0
72.0,83.0,0.006423659000120097,50.0,596.4296875,0.0
72.0,84.0,0.008436294000148337,0.0,596.4296875,0.0
72.0,85.0,0.00673432500002491,50.0,596.43359375,0.0
72.0,86.0,0.006368514000087089,100.0,596.43359375,0.0
72.0,87.0,0.0066595210000741645,50.0,596.43359375,0.0
72.0,88.0,0.008317153000007238,50.0,596.43359375,0.0
72.0,89.0,0.006817318999992494,0.0,596.43359375,0.0
72.0,90.0,0.006648737999967125,50.0,596.43359375,0.0
72.0,91.0,0.006821512999977131,100.0,596.43359375,0.0
72.0,92.0,0.006628610000007029,50.0,596.43359375,0.0
72.0,93.0,0.00504439800010914,0.0,596.43359375,0.0
72.0,94.0,0.006586947999949189,100.0,596.43359375,0.0
72.0,95.0,0.008562505000099918,50.0,596.4375,0.0
72.0,96.0,0.00504228099998727,0.0,596.4375,0.0
72.0,97.0,0.004596008999897094,100.0,596.4375,0.0
72.0,98.0,0.006709284999942611,50.0,596.4375,0.0
72.0,99.0,0.006714973000043756,50.0,596.4375,0.0
72.0,100.0,0.005203846000085832,0.0,596.4375,0.0
73.0,1.0,0.008076819000052637,50.0,596.4375,0.0
73.0,2.0,0.006693750000067666,100.0,596.4375,0.0
73.0,3.0,0.008214387000180068,50.0,596.4375,0.0
73.0,4.0,0.005266002999860575,0.0,596.4375,0.0
73.0,5.0,0.0048360599998886755,100.0,596.44140625,0.0
73.0,6.0,0.006616615999973874,50.0,596.44140625,0.0
73.0,7.0,0.006576433999953224,0.0,596.44140625,0.0
73.0,8.0,0.008100911999918026,50.0,596.44140625,0.0
73.0,9.0,0.006881984000074226,100.0,596.44140625,0.0
73.0,10.0,0.007079063999981372,50.0,596.44140625,0.0
73.0,11.0,0.007991616999788675,50.0,596.44140625,0.0
73.0,12.0,0.007981248000078267,50.0,596.44140625,0.0
73.0,13.0,0.007009059999973033,50.0,596.44140625,0.0
73.0,14.0,0.006858765000060885,0.0,596.44140625,0.0
73.0,15.0,0.008263419000059002,100.0,596.44921875,0.0
73.0,16.0,0.006915455000125803,50.0,596.44921875,0.0
73.0,17.0,0.007201830000212794,50.0,596.44921875,0.0
73.0,18.0,0.007071033999864085,50.0,596.44921875,0.0
73.0,19.0,0.00937557499992181,50.0,596.44921875,0.0
73.0,20.0,0.011013001999799599,100.0,596.453125,0.0
73.0,21.0,0.005452868000020317,0.0,596.453125,0.0
73.0,22.0,0.006938905999959388,100.0,596.453125,0.0
73.0,23.0,0.008417773000019224,50.0,596.65625,0.0
73.0,24.0,0.006961232999856293,50.0,596.65625,0.0
73.0,25.0,0.008931198000027507,66.7,596.6640625,0.0
73.0,26.0,0.008340884000062943,50.0,596.66796875,0.0
73.0,27.0,0.004567148999967685,0.0,596.66796875,0.0
73.0,28.0,0.005234169999994265,50.0,596.66796875,0.0
73.0,29.0,0.00620090600000367,50.0,596.66796875,0.0
73.0,30.0,0.004798010000058639,0.0,596.66796875,0.0
73.0,31.0,0.008202881999977762,50.0,596.66796875,0.0
73.0,32.0,0.008319585999970514,50.0,596.671875,0.0
73.0,33.0,0.005110126999852582,100.0,596.671875,0.0
73.0,34.0,0.004827237999961653,0.0,596.671875,0.0
73.0,35.0,0.004761959000006755,100.0,596.67578125,0.0
73.0,36.0,0.008939576999864585,50.0,596.67578125,0.0
73.0,37.0,0.006806323000091652,50.0,596.67578125,0.0
73.0,38.0,0.0049928299999919545,0.0,596.6796875,0.0
73.0,39.0,0.008503874999860273,100.0,596.6796875,0.0
73.0,40.0,0.00549952200003645,50.0,596.6796875,0.0
73.0,41.0,0.006711788000075103,50.0,596.6796875,0.0
73.0,42.0,0.008610224999983984,50.0,596.6796875,0.0
73.0,43.0,0.007948354000063773,0.0,596.68359375,0.0
73.0,44.0,0.006887831000085498,100.0,596.68359375,0.0
73.0,45.0,0.009159166000017649,50.0,596.6875,0.0
73.0,46.0,0.008137019000059809,50.0,596.6875,0.0
73.0,47.0,0.005099075000089215,50.0,596.6875,0.0
73.0,48.0,0.004778240999939953,0.0,596.6875,0.0
73.0,49.0,0.008426465999946231,100.0,596.69140625,0.0
73.0,50.0,0.008207341000115775,50.0,596.69140625,0.0
73.0,51.0,0.006673611999985951,50.0,596.6953125,0.0
73.0,52.0,0.004982604000133506,50.0,596.6953125,0.0
73.0,53.0,0.006842170000027181,0.0,596.6953125,0.0
73.0,54.0,0.005374135000010938,50.0,596.69921875,0.0
73.0,55.0,0.008670558000176243,50.0,596.703125,0.0
73.0,56.0,0.008030058000031204,50.0,596.703125,0.0
73.0,57.0,0.006945076999954836,50.0,596.703125,0.0
73.0,58.0,0.007091022999929919,0.0,596.703125,0.0
73.0,59.0,0.008639653000045655,50.0,596.70703125,0.0
73.0,60.0,0.004772075000119003,50.0,596.70703125,0.0
73.0,61.0,0.004700267999851349,0.0,596.70703125,0.0
73.0,62.0,0.005227528999967035,50.0,596.70703125,0.0
73.0,63.0,0.004958170000008977,50.0,596.70703125,0.0
73.0,64.0,0.006684274999997797,0.0,596.70703125,0.0
73.0,65.0,0.004701667000063026,50.0,596.70703125,0.0
73.0,66.0,0.005386167000096975,0.0,596.70703125,0.0
73.0,67.0,0.004766654999912134,50.0,596.70703125,0.0
73.0,68.0,0.008648062000020218,50.0,596.70703125,0.0
73.0,69.0,0.008500250999986747,50.0,596.70703125,0.0
73.0,70.0,0.005213241000092239,50.0,596.70703125,0.0
73.0,71.0,0.006713166999816167,0.0,596.70703125,0.0
73.0,72.0,0.005272203000004083,50.0,596.70703125,0.0
73.0,73.0,0.00824385999999322,100.0,596.70703125,0.0
73.0,74.0,0.0084055489999173,50.0,596.70703125,0.0
73.0,75.0,0.009361652000052345,50.0,596.70703125,0.0
73.0,76.0,0.0051439029998618935,0.0,596.70703125,0.0
73.0,77.0,0.007096958999909475,50.0,596.70703125,0.0
73.0,78.0,0.006988577000129226,50.0,596.7109375,0.0
73.0,79.0,0.0069949520000136545,50.0,596.7109375,0.0
73.0,80.0,0.008578873000033127,50.0,596.7109375,0.0
73.0,81.0,0.008441543999879286,100.0,596.7109375,0.0
73.0,82.0,0.004998399999976755,0.0,596.7109375,0.0
73.0,83.0,0.005497611999999208,50.0,596.7109375,0.0
73.0,84.0,0.00907015699999647,50.0,596.7109375,0.0
73.0,85.0,0.00545052500001475,100.0,596.7109375,0.0
73.0,86.0,0.007149838000032105,0.0,596.7109375,0.0
73.0,87.0,0.0051734240000769205,50.0,596.7109375,0.0
73.0,88.0,0.005185224999877391,100.0,596.7109375,0.0
73.0,89.0,0.006821694000109346,0.0,596.7109375,0.0
73.0,90.0,0.005305938999981663,50.0,596.7109375,0.0
73.0,91.0,0.00662657200018657,100.0,596.7109375,0.0
73.0,92.0,0.0046552929998142645,0.0,596.7109375,0.0
73.0,93.0,0.008200124000040887,50.0,596.7109375,0.0
73.0,94.0,0.006466069999987667,50.0,596.7109375,0.0
73.0,95.0,0.004946053000139727,100.0,596.7109375,0.0
73.0,96.0,0.006818969000050856,0.0,596.7109375,0.0
73.0,97.0,0.006756251999831875,50.0,596.7109375,0.0
73.0,98.0,0.0063302020000719494,100.0,596.7109375,0.0
73.0,99.0,0.006969048999962979,0.0,596.7109375,0.0
73.0,100.0,0.005316647999961788,50.0,596.7109375,0.0
74.0,1.0,0.008540332000166018,50.0,596.7109375,0.0
74.0,2.0,0.007271336000030715,100.0,596.7109375,0.0
74.0,3.0,0.011924954000051002,100.0,596.7109375,0.0
74.0,4.0,0.006620173999863255,100.0,596.7109375,0.0
74.0,5.0,0.011751604999972187,66.7,596.7109375,0.0
74.0,6.0,0.008288244000141276,100.0,596.7109375,0.0
74.0,7.0,0.007086424999897645,50.0,596.7109375,0.0
74.0,8.0,0.008419305000188615,50.0,596.7109375,0.0
74.0,9.0,0.0066131700000369165,50.0,596.7109375,0.0
74.0,10.0,0.0071655040001132875,0.0,596.7109375,0.0
74.0,11.0,0.006520191999925373,100.0,596.7109375,0.0
74.0,12.0,0.007055081999851609,50.0,596.7109375,0.0
74.0,13.0,0.006962194999914573,50.0,596.7109375,0.0
74.0,14.0,0.006569501000058153,0.0,596.7109375,0.0
74.0,15.0,0.006493400999943333,100.0,596.7109375,0.0
74.0,16.0,0.006520795000142243,50.0,596.7109375,0.0
74.0,17.0,0.006832028999951945,50.0,596.71484375,0.0
74.0,18.0,0.006633464000060485,0.0,596.71484375,0.0
74.0,19.0,0.007095263999872259,100.0,596.71484375,0.0
74.0,20.0,0.006427766000115298,50.0,596.71484375,0.0
74.0,21.0,0.006967429000042102,50.0,596.71484375,0.0
74.0,22.0,0.006942586999912237,50.0,596.71484375,0.0
74.0,23.0,0.008036681000021417,0.0,596.71484375,0.0
74.0,24.0,0.005082081999944421,100.0,596.71484375,0.0
74.0,25.0,0.008874938000190014,50.0,596.71484375,0.0
74.0,26.0,0.006788989999904516,50.0,596.71484375,0.0
74.0,27.0,0.00688126199997896,50.0,596.71875,0.0
74.0,28.0,0.008654268000100274,50.0,596.71875,0.0
74.0,29.0,0.004901710000012827,0.0,596.72265625,0.0
74.0,30.0,0.008477136999999857,50.0,596.72265625,0.0
74.0,31.0,0.006365694000123767,50.0,596.72265625,0.0
74.0,32.0,0.005395890000045256,0.0,596.72265625,0.0
74.0,33.0,0.006985783999880368,100.0,596.72265625,0.0
74.0,34.0,0.008812682000097993,50.0,596.72265625,0.0
74.0,35.0,0.009924296000008326,66.7,596.72265625,0.0
74.0,36.0,0.005633774999978414,0.0,596.72265625,0.0
74.0,37.0,0.0066308820000813284,100.0,596.7265625,0.0
74.0,38.0,0.00891657900001519,50.0,596.7265625,0.0
74.0,39.0,0.004885100000137754,50.0,596.7265625,0.0
74.0,40.0,0.006845458000043436,0.0,596.7265625,0.0
74.0,41.0,0.006391906000089875,100.0,596.7265625,0.0
74.0,42.0,0.00692890899995291,50.0,596.7265625,0.0
74.0,43.0,0.00625465399980385,50.0,596.7265625,0.0
74.0,44.0,0.006338085999914256,0.0,596.7265625,0.0
74.0,45.0,0.005124319999822546,100.0,596.73046875,0.0
74.0,46.0,0.005258482000044751,50.0,596.73046875,0.0
74.0,47.0,0.004922066999824892,0.0,596.734375,0.0
74.0,48.0,0.005594143000053009,50.0,596.73828125,0.0
74.0,49.0,0.00906055399991601,50.0,596.7421875,0.0
74.0,50.0,0.0073090700000193465,100.0,596.7421875,0.0
74.0,51.0,0.005091037000056531,0.0,596.74609375,0.0
74.0,52.0,0.005462371000021449,50.0,596.74609375,0.0
74.0,53.0,0.006753590000016629,100.0,596.74609375,0.0
74.0,54.0,0.009625883999888174,50.0,596.74609375,0.0
74.0,55.0,0.0052131850000023405,50.0,596.74609375,0.0
74.0,56.0,0.006931699999995544,0.0,596.74609375,0.0
74.0,57.0,0.006654690000004848,100.0,596.75390625,0.0
74.0,58.0,0.006770841999923505,50.0,596.75390625,0.0
74.0,59.0,0.006577408999874024,50.0,596.75390625,0.0
74.0,60.0,0.008897558999933608,50.0,596.75390625,0.0
74.0,61.0,0.006563067999877603,0.0,596.75390625,0.0
74.0,62.0,0.0053393829998640285,50.0,596.75390625,0.0
74.0,63.0,0.006630772999869805,50.0,596.7578125,0.0
74.0,64.0,0.0066897740000513295,0.0,596.7578125,0.0
74.0,65.0,0.006378956000162361,100.0,596.7578125,0.0
74.0,66.0,0.008970600999873568,50.0,596.76171875,0.0
74.0,67.0,0.005010046999814222,50.0,596.76171875,0.0
74.0,68.0,0.008926835000011124,50.0,596.765625,0.0
74.0,69.0,0.006209795999893686,50.0,596.765625,0.0
74.0,70.0,0.006912581000051432,0.0,596.765625,0.0
74.0,71.0,0.006897297000023173,50.0,596.765625,0.0
74.0,72.0,0.004713824999953431,100.0,596.76953125,0.0
74.0,73.0,0.008754536999958873,50.0,596.76953125,0.0
74.0,74.0,0.00868031200002406,50.0,596.7734375,0.0
74.0,75.0,0.006697796000025846,0.0,596.7734375,0.0
74.0,76.0,0.008182991000012407,50.0,596.7734375,0.0
74.0,77.0,0.007137957999930222,100.0,596.77734375,0.0
74.0,78.0,0.005336930000112261,50.0,596.77734375,0.0
74.0,79.0,0.005324498999925709,0.0,596.77734375,0.0
74.0,80.0,0.008698856999899363,50.0,596.78125,0.0
74.0,81.0,0.006855294000160939,100.0,596.78125,0.0
74.0,82.0,0.006857256000103007,50.0,596.78125,0.0
74.0,83.0,0.004970399999820074,0.0,596.78125,0.0
74.0,84.0,0.007131874999913634,50.0,596.78125,0.0
74.0,85.0,0.0053701189999628696,100.0,596.78125,0.0
74.0,86.0,0.008974952000016856,50.0,596.78515625,0.0
74.0,87.0,0.006875565999962419,50.0,596.859375,0.0
74.0,88.0,0.005318619000036051,0.0,596.859375,0.0
74.0,89.0,0.007106522999947629,50.0,596.859375,0.0
74.0,90.0,0.006758245999890278,50.0,596.859375,0.0
74.0,91.0,0.008774500999834345,50.0,596.86328125,0.0
74.0,92.0,0.007204605999959313,50.0,596.86328125,0.0
74.0,93.0,0.008144487999970806,50.0,596.86328125,0.0
74.0,94.0,0.006857515000092462,0.0,596.86328125,0.0
74.0,95.0,0.007157265999921947,50.0,596.86328125,0.0
74.0,96.0,0.008662394999873868,50.0,596.8671875,0.0
74.0,97.0,0.006738887999972576,50.0,596.87109375,0.0
74.0,98.0,0.006820405999860668,50.0,596.875,0.0
74.0,99.0,0.0074036600001363695,0.0,596.875,0.0
74.0,100.0,0.010439270000006218,66.7,596.875,0.0
75.0,1.0,0.005944387999988976,0.0,596.875,0.0
75.0,2.0,0.008437191999973948,100.0,596.87890625,0.0
75.0,3.0,0.008857368999997561,50.0,596.87890625,0.0
75.0,4.0,0.004998354000008476,50.0,596.87890625,0.0
75.0,5.0,0.008798605000038151,50.0,596.87890625,0.0
75.0,6.0,0.006899059000033958,50.0,596.87890625,0.0
75.0,7.0,0.008637528000008388,50.0,596.88671875,0.0
75.0,8.0,0.006585636000181694,0.0,596.88671875,0.0
75.0,9.0,0.007022333000122671,50.0,596.88671875,0.0
75.0,10.0,0.004976872000042931,50.0,596.88671875,0.0
75.0,11.0,0.00643296300017937,0.0,596.88671875,0.0
75.0,12.0,0.005357197999956043,50.0,596.88671875,0.0
75.0,13.0,0.005300301000033869,50.0,596.88671875,0.0
75.0,14.0,0.008697898999798781,50.0,596.88671875,0.0
75.0,15.0,0.007055687000047328,0.0,596.88671875,0.0
75.0,16.0,0.007243261999974493,50.0,596.88671875,0.0
75.0,17.0,0.008576870999831954,50.0,596.88671875,0.0
75.0,18.0,0.005094563000056951,50.0,597.078125,0.0
75.0,19.0,0.004921804000105112,0.0,597.078125,0.0
75.0,20.0,0.007898665000084293,50.0,597.078125,0.0
75.0,21.0,0.006742580000036469,50.0,597.078125,0.0
75.0,22.0,0.00681524299989178,50.0,597.078125,0.0
75.0,23.0,0.00523692799993114,0.0,597.078125,0.0
75.0,24.0,0.008142034999991665,50.0,597.078125,0.0
75.0,25.0,0.005319817999861698,50.0,597.08203125,0.0
75.0,26.0,0.007248756000080903,50.0,597.08203125,0.0
75.0,27.0,0.008154745000183539,100.0,597.0859375,0.0
75.0,28.0,0.008294321999983367,50.0,597.0859375,0.0
75.0,29.0,0.00857922599993799,0.0,597.0859375,0.0
75.0,30.0,0.006873742999914612,50.0,597.0859375,0.0
75.0,31.0,0.007264059999897654,50.0,597.08984375,0.0
75.0,32.0,0.005366615999946589,100.0,597.08984375,0.0
75.0,33.0,0.00898362700013422,100.0,597.08984375,0.0
75.0,34.0,0.009422738000012032,100.0,597.09375,0.0
75.0,35.0,0.012775109999893175,100.0,597.09375,0.0
75.0,36.0,0.008288784000114902,75.0,597.09375,0.0
75.0,37.0,0.006682435999891823,0.0,597.09765625,0.0
75.0,38.0,0.005117950000112614,100.0,597.09765625,0.0
75.0,39.0,0.0054117539998514985,0.0,597.09765625,0.0
75.0,40.0,0.006229341999869575,50.0,597.09765625,0.0
75.0,41.0,0.006589574000145149,100.0,597.09765625,0.0
75.0,42.0,0.008533556999964276,50.0,597.09765625,0.0
75.0,43.0,0.008379976000014722,50.0,597.11328125,0.0
75.0,44.0,0.006925788999978977,50.0,597.11328125,0.0
75.0,45.0,0.008593904999997903,50.0,597.11328125,0.0
75.0,46.0,0.006972250999979224,0.0,597.11328125,0.0
75.0,47.0,0.004612584000142306,100.0,597.11328125,0.0
75.0,48.0,0.006910737999987759,50.0,597.11328125,0.0
75.0,49.0,0.009209704000113561,100.0,597.11328125,0.0
75.0,50.0,0.013513950000060504,100.0,597.11328125,0.0
75.0,51.0,0.00708272100018803,100.0,597.11328125,0.0
75.0,52.0,0.01202170099986688,100.0,597.11328125,0.0
75.0,53.0,0.009921212999870477,100.0,597.11328125,0.0
75.0,54.0,0.0075642360000074405,100.0,597.11328125,0.0
75.0,55.0,0.012482370000043375,100.0,597.11328125,0.0
75.0,56.0,0.009137473000009777,100.0,597.11328125,0.0
75.0,57.0,0.006788427999936175,100.0,597.11328125,0.0
75.0,58.0,0.009959236999975474,100.0,597.11328125,0.0
75.0,59.0,0.010304417000043031,100.0,597.11328125,0.0
75.0,60.0,0.009800241999982973,100.0,597.11328125,0.0
75.0,61.0,0.014365628000177821,75.0,597.11328125,0.0
75.0,62.0,0.006513074999929813,100.0,597.11328125,0.0
75.0,63.0,0.010221782999906281,100.0,597.11328125,0.0
75.0,64.0,0.00857820700002776,100.0,597.11328125,0.0
75.0,65.0,0.010829429000068558,100.0,597.11328125,0.0
75.0,66.0,0.00849018500002785,100.0,597.11328125,0.0
75.0,67.0,0.009670964999941134,100.0,597.11328125,0.0
75.0,68.0,0.009105423000164592,100.0,597.11328125,0.0
75.0,69.0,0.011151353000059316,100.0,597.11328125,0.0
75.0,70.0,0.008714288999954078,100.0,597.11328125,0.0
75.0,71.0,0.009268510999845603,100.0,597.11328125,0.0
75.0,72.0,0.01235842899995987,100.0,597.11328125,0.0
75.0,73.0,0.006913443000030384,50.0,597.1171875,0.0
75.0,74.0,0.006753747999937332,100.0,597.1171875,0.0
75.0,75.0,0.010596212000109517,100.0,597.1171875,0.0
75.0,76.0,0.006506706999971357,100.0,597.1171875,0.0
75.0,77.0,0.006931757000074867,100.0,597.1171875,0.0
75.0,78.0,0.009141352999904484,100.0,597.1171875,0.0
75.0,79.0,0.006494896000049266,100.0,597.1171875,0.0
75.0,80.0,0.009254407000071296,100.0,597.12109375,0.0
75.0,81.0,0.007182007999972484,100.0,597.12109375,0.0
75.0,82.0,0.008815863999870999,100.0,597.12109375,0.0
75.0,83.0,0.0127916589999586,100.0,597.12109375,0.0
75.0,84.0,0.008965622000005169,100.0,597.12109375,0.0
75.0,85.0,0.007617352999886862,100.0,597.12109375,0.0
75.0,86.0,0.008473809000179244,100.0,597.125,0.0
75.0,87.0,0.010547198000040225,100.0,597.125,0.0
75.0,88.0,0.010718544999917867,100.0,597.125,0.0
75.0,89.0,0.011312860000089131,100.0,597.125,0.0
75.0,90.0,0.006322563999901831,100.0,597.125,0.0
75.0,91.0,0.010018639000008989,100.0,597.125,0.0
75.0,92.0,0.00845866899999237,100.0,597.125,0.0
75.0,93.0,0.008822005000183708,100.0,597.125,0.0
75.0,94.0,0.007210723000071084,100.0,597.125,0.0
75.0,95.0,0.007271301999935531,100.0,597.125,0.0
75.0,96.0,0.010997586000030424,100.0,597.125,0.0
75.0,97.0,0.01069357400001536,100.0,597.125,0.0
75.0,98.0,0.00820052900007795,100.0,597.125,0.0
75.0,99.0,0.010938422999970498,100.0,597.125,0.0
75.0,100.0,0.0064474640000753425,100.0,597.125,0.0
76.0,1.0,0.006843476999847553,100.0,597.125,0.0
76.0,2.0,0.008745086999851992,100.0,597.125,0.0
76.0,3.0,0.006785585999978139,100.0,597.125,0.0
76.0,4.0,0.006376226999918799,100.0,597.125,0.0
76.0,5.0,0.008799781999869083,100.0,597.125,0.0
76.0,6.0,0.008984997000197836,100.0,597.125,0.0
76.0,7.0,0.013936541000020952,100.0,597.125,0.0
76.0,8.0,0.008110850000093706,100.0,597.125,0.0
76.0,9.0,0.007481853000172123,100.0,597.125,0.0
76.0,10.0,0.01103660800004036,100.0,597.12890625,0.0
76.0,11.0,0.007040180000103646,100.0,597.12890625,0.0
76.0,12.0,0.01132605600014358,100.0,597.12890625,0.0
76.0,13.0,0.008876907000058054,100.0,597.12890625,0.0
76.0,14.0,0.009003962000178944,100.0,597.12890625,0.0
76.0,15.0,0.011241936000033093,100.0,597.12890625,0.0
76.0,16.0,0.009591466000074433,100.0,597.12890625,0.0
76.0,17.0,0.0066394780001246545,100.0,597.12890625,0.0
76.0,18.0,0.00672581200001332,100.0,597.12890625,0.0
76.0,19.0,0.009025652999980593,100.0,597.1328125,0.0
76.0,20.0,0.011275333999947179,100.0,597.1328125,0.0
76.0,21.0,0.008814748000077088,100.0,597.13671875,0.0
76.0,22.0,0.008312658000022566,100.0,597.13671875,0.0
76.0,23.0,0.00873907599998347,100.0,597.13671875,0.0
76.0,24.0,0.006332209999982297,100.0,597.13671875,0.0
76.0,25.0,0.006412351000108174,100.0,597.13671875,0.0
76.0,26.0,0.008444908000001305,100.0,597.13671875,0.0
76.0,27.0,0.008725866000077076,100.0,597.13671875,0.0
76.0,28.0,0.013464553999938289,100.0,597.13671875,0.0
76.0,29.0,0.0064831910001430515,100.0,597.13671875,0.0
76.0,30.0,0.01101383199988959,100.0,597.13671875,0.0
76.0,31.0,0.00661530499996843,100.0,597.140625,0.0
76.0,32.0,0.008717352000076062,100.0,597.140625,0.0
76.0,33.0,0.008858908000092924,100.0,597.140625,0.0
76.0,34.0,0.008774125000172717,100.0,597.140625,0.0
76.0,35.0,0.010167822000084925,100.0,597.140625,0.0
76.0,36.0,0.014154840999935914,100.0,597.140625,0.0
76.0,37.0,0.010460104000003412,100.0,597.14453125,0.0
76.0,38.0,0.0071490909999738506,100.0,597.14453125,0.0
76.0,39.0,0.007595641000079922,100.0,597.14453125,0.0
76.0,40.0,0.008956161000014617,100.0,597.14453125,0.0
76.0,41.0,0.01160149299994373,100.0,597.14453125,0.0
76.0,42.0,0.011451814999873022,100.0,597.1484375,0.0
76.0,43.0,0.006792791000179932,100.0,597.1484375,0.0
76.0,44.0,0.013050135999947088,100.0,597.1484375,0.0
76.0,45.0,0.008865807000120185,100.0,597.1484375,0.0
76.0,46.0,0.011742286999833595,100.0,597.1484375,0.0
76.0,47.0,0.011995370000022376,100.0,597.15234375,0.0
76.0,48.0,0.00865625500000533,100.0,597.15234375,0.0
76.0,49.0,0.01130847000013091,100.0,597.15234375,0.0
76.0,50.0,0.0071611559999382735,100.0,597.15234375,0.0
76.0,51.0,0.00858035800001744,100.0,597.15625,0.0
76.0,52.0,0.006997017000003325,100.0,597.15625,0.0
76.0,53.0,0.01199972099993829,100.0,597.15625,0.0
76.0,54.0,0.01261193599998478,100.0,597.15625,0.0
76.0,55.0,0.012314182999944023,100.0,597.15625,0.0
76.0,56.0,0.010964696999963053,100.0,597.15625,0.0
76.0,57.0,0.008728354999902876,100.0,597.15625,0.0
76.0,58.0,0.008923820000063643,100.0,597.15625,0.0
76.0,59.0,0.009242040000117413,100.0,597.15625,0.0
76.0,60.0,0.008804433000022982,100.0,597.15625,0.0
76.0,61.0,0.008784147999904235,100.0,597.16015625,0.0
76.0,62.0,0.011010964999968564,100.0,597.1640625,0.0
76.0,63.0,0.008753448999868851,100.0,597.1640625,0.0
76.0,64.0,0.008670189999975264,100.0,597.1640625,0.0
76.0,65.0,0.010375264999993306,100.0,597.1640625,0.0
76.0,66.0,0.013891594999904555,100.0,597.1640625,0.0
76.0,67.0,0.008597597999823847,100.0,597.1640625,0.0
76.0,68.0,0.01162287500005732,100.0,597.1640625,0.0
76.0,69.0,0.006527545000153623,100.0,597.1640625,0.0
76.0,70.0,0.0103212500000609,100.0,597.16796875,0.0
76.0,71.0,0.008854273999986617,100.0,597.16796875,0.0
76.0,72.0,0.008296076000078756,100.0,597.16796875,0.0
76.0,73.0,0.008990699999912977,100.0,597.16796875,0.0
76.0,74.0,0.006259926999973686,100.0,597.16796875,0.0
76.0,75.0,0.008768272999986948,100.0,597.16796875,0.0
76.0,76.0,0.00903168500008178,100.0,597.16796875,0.0
76.0,77.0,0.011331859999927474,100.0,597.16796875,0.0
76.0,78.0,0.008819099999982427,100.0,597.16796875,0.0
76.0,79.0,0.011003910999988875,100.0,597.16796875,0.0
76.0,80.0,0.006237171000066155,100.0,597.171875,0.0
76.0,81.0,0.006342361999941204,100.0,597.171875,0.0
76.0,82.0,0.010853444000076706,100.0,597.171875,0.0
76.0,83.0,0.010861319000014191,100.0,597.171875,0.0
76.0,84.0,0.011068213000044125,100.0,597.171875,0.0
76.0,85.0,0.006381891999808431,100.0,597.171875,0.0
76.0,86.0,0.010414243000013812,100.0,597.171875,0.0
76.0,87.0,0.008291013000189196,100.0,597.171875,0.0
76.0,88.0,0.011080798999955732,100.0,597.17578125,0.0
76.0,89.0,0.011104735000117216,100.0,597.17578125,0.0
76.0,90.0,0.008550712999976895,100.0,597.1796875,0.0
76.0,91.0,0.006980022999869107,100.0,597.1796875,0.0
76.0,92.0,0.006463786999802323,100.0,597.1796875,0.0
76.0,93.0,0.00893536899980063,100.0,597.1796875,0.0
76.0,94.0,0.008894241999996666,100.0,597.1796875,0.0
76.0,95.0,0.011168666999992638,100.0,597.1796875,0.0
76.0,96.0,0.0107352360000732,100.0,597.1796875,0.0
76.0,97.0,0.006793623000021398,100.0,597.1796875,0.0
76.0,98.0,0.008813222000071619,100.0,597.1796875,0.0
76.0,99.0,0.006191590999833352,100.0,597.1796875,0.0
76.0,100.0,0.008787372000142568,100.0,597.1796875,0.0
77.0,1.0,0.006494101000043884,100.0,597.18359375,0.0
77.0,2.0,0.00945433300012155,100.0,597.18359375,0.0
77.0,3.0,0.007639347999884194,100.0,597.18359375,0.0
77.0,4.0,0.013732926000102452,100.0,597.18359375,0.0
77.0,5.0,0.009109331999979986,100.0,597.18359375,0.0
77.0,6.0,0.00879435599995304,100.0,597.18359375,0.0
77.0,7.0,0.006637699000066277,100.0,597.18359375,0.0
77.0,8.0,0.0071778310000354395,100.0,597.1875,0.0
77.0,9.0,0.0071412380000310804,100.0,597.1875,0.0
77.0,10.0,0.00870131700003185,100.0,597.19140625,0.0
77.0,11.0,0.007235181000169177,100.0,597.19140625,0.0
77.0,12.0,0.012367463000146017,100.0,597.19140625,0.0
77.0,13.0,0.008470974999909231,100.0,597.19140625,0.0
77.0,14.0,0.008592484000018885,66.7,597.19140625,0.0
77.0,15.0,0.01003689200001645,100.0,597.19140625,0.0
77.0,16.0,0.009647213000107513,100.0,597.19140625,0.0
77.0,17.0,0.009560371999896233,100.0,597.19140625,0.0
77.0,18.0,0.00957123600005616,100.0,597.19140625,0.0
77.0,19.0,0.009302219000119294,100.0,597.19140625,0.0
77.0,20.0,0.008622473000059472,100.0,597.19140625,0.0
77.0,21.0,0.011002940000025774,100.0,597.19921875,0.0
77.0,22.0,0.011806842000169127,100.0,597.19921875,0.0
77.0,23.0,0.014265937999880407,100.0,597.19921875,0.0
77.0,24.0,0.007678952999867761,100.0,597.203125,0.0
77.0,25.0,0.01352645199995095,100.0,597.203125,0.0
77.0,26.0,0.010013614999934362,100.0,597.203125,0.0
77.0,27.0,0.011729316999890216,100.0,597.203125,0.0
77.0,28.0,0.006555196000135766,100.0,597.203125,0.0
77.0,29.0,0.006613828000126887,100.0,597.20703125,0.0
77.0,30.0,0.011339260000113427,100.0,597.20703125,0.0
77.0,31.0,0.006739334999792845,100.0,597.2109375,0.0
77.0,32.0,0.008490347000133625,100.0,597.2109375,0.0
77.0,33.0,0.006678323999949498,100.0,597.2109375,0.0
77.0,34.0,0.01058275000013964,100.0,597.2109375,0.0
77.0,35.0,0.011046544000009817,100.0,597.21484375,0.0
77.0,36.0,0.011041451999972196,100.0,597.21484375,0.0
77.0,37.0,0.008418784000014057,100.0,597.21484375,0.0
77.0,38.0,0.011661843999945631,100.0,597.21484375,0.0
77.0,39.0,0.015976444999978412,100.0,597.21875,0.0
77.0,40.0,0.009590621999905125,100.0,597.22265625,0.0
77.0,41.0,0.011849218999941513,100.0,597.2265625,0.0
77.0,42.0,0.012819008999940706,100.0,597.2265625,0.0
77.0,43.0,0.010150091000014072,100.0,597.2265625,0.0
77.0,44.0,0.011749711999982537,100.0,597.2265625,0.0
77.0,45.0,0.006714351000027818,100.0,597.2265625,0.0
77.0,46.0,0.008511193999993338,100.0,597.2265625,0.0
77.0,47.0,0.00885686599986002,100.0,597.23046875,0.0
77.0,48.0,0.011108291000027748,100.0,597.23046875,0.0
77.0,49.0,0.010530279999784398,100.0,597.23046875,0.0
77.0,50.0,0.008845917999906305,100.0,597.23046875,0.0
77.0,51.0,0.008794386999852577,100.0,597.23046875,0.0
77.0,52.0,0.011209200000166675,100.0,597.23046875,0.0
77.0,53.0,0.00908105999997133,100.0,597.23046875,0.0
77.0,54.0,0.009058028000026752,100.0,597.23046875,0.0
77.0,55.0,0.006691120000141382,100.0,597.23046875,0.0
77.0,56.0,0.00859540599981301,100.0,597.23046875,0.0
77.0,57.0,0.006563082999946346,100.0,597.23046875,0.0
77.0,58.0,0.010754872999996223,100.0,597.23046875,0.0
77.0,59.0,0.007377264000069772,100.0,597.23046875,0.0
77.0,60.0,0.007766510000010385,100.0,597.23046875,0.0
77.0,61.0,0.008113956999977745,100.0,597.23046875,0.0
77.0,62.0,0.00731000100017809,100.0,597.23046875,0.0
77.0,63.0,0.0070667699999376055,100.0,597.23046875,0.0
77.0,64.0,0.011771191999969233,100.0,597.23046875,0.0
77.0,65.0,0.008283352000034938,50.0,597.23046875,0.0
77.0,66.0,0.011053176000132225,100.0,597.23046875,0.0
77.0,67.0,0.006718595000165806,100.0,597.23046875,0.0
77.0,68.0,0.008767874999875858,100.0,597.23046875,0.0
77.0,69.0,0.007528415000024324,100.0,597.23046875,0.0
77.0,70.0,0.009821255000133533,100.0,597.23046875,0.0
77.0,71.0,0.0074887620000936295,100.0,597.23046875,0.0
77.0,72.0,0.009225171000025512,100.0,597.23046875,0.0
77.0,73.0,0.00956149200010259,100.0,597.23046875,0.0
77.0,74.0,0.012328895999871747,100.0,597.23046875,0.0
77.0,75.0,0.00965326699997604,100.0,597.23046875,0.0
77.0,76.0,0.013820063999901322,100.0,597.23046875,0.0
77.0,77.0,0.012044815000081144,100.0,597.23046875,0.0
77.0,78.0,0.007270612000183974,100.0,597.23046875,0.0
77.0,79.0,0.009694060000128957,100.0,597.23046875,0.0
77.0,80.0,0.007536483999956545,100.0,597.23046875,0.0
77.0,81.0,0.009486699000035514,100.0,597.23046875,0.0
77.0,82.0,0.009658881999939695,100.0,597.23046875,0.0
77.0,83.0,0.007209147000139637,100.0,597.23046875,0.0
77.0,84.0,0.012370857000178148,100.0,597.23046875,0.0
77.0,85.0,0.01037126200003513,100.0,597.23046875,0.0
77.0,86.0,0.011791894999987562,100.0,597.23046875,0.0
77.0,87.0,0.009462201000133064,100.0,597.23046875,0.0
77.0,88.0,0.009507492000011553,100.0,597.23046875,0.0
77.0,89.0,0.01191098399999646,100.0,597.23046875,0.0
77.0,90.0,0.007276238000031299,100.0,597.23046875,0.0
77.0,91.0,0.007132608999881995,100.0,597.23046875,0.0
77.0,92.0,0.009278377999862641,100.0,597.23046875,0.0
77.0,93.0,0.00940259200001492,100.0,597.23046875,0.0
77.0,94.0,0.012215035000053831,100.0,597.23046875,0.0
77.0,95.0,0.007873329999938505,100.0,597.23046875,0.0
77.0,96.0,0.010751273000096262,100.0,597.23046875,0.0
77.0,97.0,0.011295175999975982,100.0,597.23046875,0.0
77.0,98.0,0.01040522899984353,100.0,597.23046875,0.0
77.0,99.0,0.007084404000124778,100.0,597.23046875,0.0
77.0,100.0,0.00948266299997158,100.0,597.23046875,0.0
78.0,1.0,0.009537141000009797,100.0,597.23046875,0.0
78.0,2.0,0.009685972999932346,100.0,597.23046875,0.0
78.0,3.0,0.007573572000183049,100.0,597.23046875,0.0
78.0,4.0,0.01013342700002795,100.0,597.23046875,0.0
78.0,5.0,0.010189687000092817,100.0,597.23046875,0.0
78.0,6.0,0.013289422000070772,100.0,597.23046875,0.0
78.0,7.0,0.014157298000100127,100.0,596.5703125,0.0
78.0,8.0,0.011417478000112169,100.0,596.671875,0.0
78.0,9.0,0.007962060999943787,50.0,596.91015625,0.0
78.0,10.0,0.007329409000021769,50.0,596.91015625,0.0
78.0,11.0,0.008925653000005696,50.0,596.91015625,0.0
78.0,12.0,0.006557846999839967,0.0,596.91015625,0.0
78.0,13.0,0.00845679700000801,50.0,596.9140625,0.0
78.0,14.0,0.0066995059999044315,50.0,596.91796875,0.0
78.0,15.0,0.009435999000061202,50.0,596.91796875,0.0
78.0,16.0,0.005529483999907825,50.0,597.015625,0.0
78.0,17.0,0.008793385999979364,50.0,597.01953125,0.0
78.0,18.0,0.008062348000066777,100.0,597.0234375,0.0
78.0,19.0,0.008197698999993008,0.0,597.0234375,0.0
78.0,20.0,0.0070768909999969765,50.0,597.0234375,0.0
78.0,21.0,0.008102982000082193,50.0,597.0234375,0.0
78.0,22.0,0.007928026000172395,50.0,597.0234375,0.0
78.0,23.0,0.010026627999877746,50.0,597.0234375,0.0
78.0,24.0,0.008745678999957818,50.0,597.03125,0.0
78.0,25.0,0.007759440999961953,50.0,597.03125,0.0
78.0,26.0,0.008937398999933066,50.0,597.03125,0.0
78.0,27.0,0.010924104999958217,50.0,597.03125,0.0
78.0,28.0,0.006964023000136876,100.0,597.14453125,0.0
78.0,29.0,0.005073891999927582,50.0,597.1484375,0.0
78.0,30.0,0.009306110000125045,50.0,597.1484375,0.0
78.0,31.0,0.005580050999924424,0.0,597.1484375,0.0
78.0,32.0,0.006987387999970451,100.0,597.1484375,0.0
78.0,33.0,0.008984836000081486,50.0,597.1484375,0.0
78.0,34.0,0.008998182000141242,50.0,597.15625,0.0
78.0,35.0,0.005234539999946719,50.0,597.21484375,0.0
78.0,36.0,0.006981219000181227,50.0,597.21484375,0.0
78.0,37.0,0.007142821000115873,0.0,597.21484375,0.0
78.0,38.0,0.008880756000053225,100.0,597.21484375,0.0
78.0,39.0,0.00893142099994293,50.0,597.21484375,0.0
78.0,40.0,0.008661984000127632,50.0,597.21875,0.0
78.0,41.0,0.008498093000071094,0.0,597.21875,0.0
78.0,42.0,0.008471453999845835,50.0,597.21875,0.0
78.0,43.0,0.009743089000039618,100.0,597.21875,0.0
78.0,44.0,0.009560539000176504,100.0,597.22265625,0.0
78.0,45.0,0.007854299999962677,100.0,597.2265625,0.0
78.0,46.0,0.010331068000141386,50.0,597.2265625,0.0
78.0,47.0,0.009663891999935004,50.0,597.2265625,0.0
78.0,48.0,0.007140219999882902,50.0,597.2265625,0.0
78.0,49.0,0.0072531509999862465,50.0,597.2265625,0.0
78.0,50.0,0.009345957000050475,50.0,597.23046875,0.0
78.0,51.0,0.00601170999993883,0.0,597.23046875,0.0
78.0,52.0,0.008676848999812137,50.0,597.234375,0.0
78.0,53.0,0.007248830999969869,50.0,597.234375,0.0
78.0,54.0,0.009303616999886799,50.0,597.23828125,0.0
78.0,55.0,0.007282743000132541,50.0,597.2421875,0.0
78.0,56.0,0.0068770819998462684,66.7,597.2421875,0.0
78.0,57.0,0.007327143000111391,0.0,597.2421875,0.0
78.0,58.0,0.006823951000114903,50.0,597.2421875,0.0
78.0,59.0,0.0049577160000353615,50.0,597.2421875,0.0
78.0,60.0,0.006925150999904872,50.0,597.2421875,0.0
78.0,61.0,0.007664455999929487,0.0,597.24609375,0.0
78.0,62.0,0.007639028999847142,50.0,597.24609375,0.0
78.0,63.0,0.006958808000035788,50.0,597.24609375,0.0
78.0,64.0,0.00724193600012768,50.0,597.24609375,0.0
78.0,65.0,0.00901627100006408,100.0,597.25,0.0
78.0,66.0,0.007118362000028355,50.0,597.25,0.0
78.0,67.0,0.005292899999858491,50.0,597.25390625,0.0
78.0,68.0,0.009109079999916503,50.0,597.25390625,0.0
78.0,69.0,0.005106761999968512,0.0,597.25390625,0.0
78.0,70.0,0.009118150999938734,50.0,597.515625,0.0
78.0,71.0,0.005672481000146945,50.0,597.515625,0.0
78.0,72.0,0.007127435000029436,50.0,597.515625,0.0
78.0,73.0,0.005795382999849608,0.0,597.51953125,0.0
78.0,74.0,0.006938552000065101,50.0,597.51953125,0.0
78.0,75.0,0.00764294600003268,50.0,597.5234375,0.0
78.0,76.0,0.009078955999939353,50.0,597.5234375,0.0
78.0,77.0,0.008931252000138556,50.0,597.5234375,0.0
78.0,78.0,0.007180665000078079,50.0,597.5234375,0.0
78.0,79.0,0.008600284000067404,50.0,597.5234375,0.0
78.0,80.0,0.006912857000088479,0.0,597.5234375,0.0
78.0,81.0,0.006774360000008528,50.0,597.5234375,0.0
78.0,82.0,0.007422097000016947,100.0,597.5234375,0.0
78.0,83.0,0.005832028999975591,50.0,597.5234375,0.0
78.0,84.0,0.005365319999782514,0.0,597.5234375,0.0
78.0,85.0,0.005440590000034717,100.0,597.52734375,0.0
78.0,86.0,0.005258773000150541,50.0,597.52734375,0.0
78.0,87.0,0.007614415000034569,0.0,597.52734375,0.0
78.0,88.0,0.007757924999850729,50.0,597.52734375,0.0
78.0,89.0,0.008997848000035447,50.0,597.52734375,0.0
78.0,90.0,0.00898676799988607,50.0,597.52734375,0.0
78.0,91.0,0.005342284000107611,100.0,597.52734375,0.0
78.0,92.0,0.005698354000060135,50.0,597.52734375,0.0
78.0,93.0,0.009006477999946583,50.0,597.52734375,0.0
78.0,94.0,0.005244222000101217,0.0,597.52734375,0.0
78.0,95.0,0.005075053999917145,50.0,597.52734375,0.0
78.0,96.0,0.007129292000172427,50.0,597.52734375,0.0
78.0,97.0,0.00850481999987096,50.0,597.53125,0.0
78.0,98.0,0.008482604000164429,50.0,597.53125,0.0
78.0,99.0,0.006888201000037952,0.0,597.53125,0.0
78.0,100.0,0.009337245999859078,50.0,597.53125,0.0
79.0,1.0,0.007325045000015962,50.0,597.53125,0.0
79.0,2.0,0.007287223000048471,50.0,597.53125,0.0
79.0,3.0,0.007688508999990518,50.0,597.53125,0.0
79.0,4.0,0.008465961999945648,50.0,597.53125,0.0
79.0,5.0,0.005740244999969946,50.0,597.53125,0.0
79.0,6.0,0.00509972400004699,0.0,597.53515625,0.0
79.0,7.0,0.005432462999806376,50.0,597.53515625,0.0
79.0,8.0,0.009476467000013145,66.7,597.53515625,0.0
79.0,9.0,0.007039957000188224,0.0,597.53515625,0.0
79.0,10.0,0.00568839100014884,100.0,597.53515625,0.0
79.0,11.0,0.008558124000046519,50.0,597.53515625,0.0
79.0,12.0,0.007151566999937131,50.0,597.53515625,0.0
79.0,13.0,0.009758075000036115,50.0,597.53515625,0.0
79.0,14.0,0.006847737000043708,50.0,597.53515625,0.0
79.0,15.0,0.007034800999917934,0.0,597.53515625,0.0
79.0,16.0,0.0071998609998900065,100.0,597.53515625,0.0
79.0,17.0,0.009185950000073717,50.0,597.5390625,0.0
79.0,18.0,0.0069869980000021314,50.0,597.5390625,0.0
79.0,19.0,0.007706087999849842,50.0,597.54296875,0.0
79.0,20.0,0.00912180399996032,50.0,597.54296875,0.0
79.0,21.0,0.006557650999866382,50.0,597.54296875,0.0
79.0,22.0,0.007025776000091355,50.0,597.54296875,0.0
79.0,23.0,0.007155808000106845,0.0,597.54296875,0.0
79.0,24.0,0.005568561000018235,50.0,597.54296875,0.0
79.0,25.0,0.005353523000167115,50.0,597.54296875,0.0
79.0,26.0,0.006703130999994755,0.0,597.54296875,0.0
79.0,27.0,0.00948515100003533,50.0,597.54296875,0.0
79.0,28.0,0.0074547379999785335,50.0,593.9375,0.0
79.0,29.0,0.009664420000035534,50.0,597.08984375,0.0
79.0,30.0,0.00533026199991582,50.0,597.08984375,0.0
79.0,31.0,0.008771413999966171,50.0,597.140625,0.0
79.0,32.0,0.005619868000167116,50.0,597.140625,0.0
79.0,33.0,0.0074111549999997806,0.0,597.140625,0.0
79.0,34.0,0.008307960000138337,50.0,597.14453125,0.0
79.0,35.0,0.007497503999957189,50.0,597.14453125,0.0
79.0,36.0,0.007741105999912179,50.0,597.14453125,0.0
79.0,37.0,0.007020405000048413,100.0,597.14453125,0.0
79.0,38.0,0.007500867999851835,50.0,597.14453125,0.0
79.0,39.0,0.009493650999957026,50.0,597.14453125,0.0
79.0,40.0,0.009088348999966911,50.0,597.1484375,0.0
79.0,41.0,0.008780775000104768,50.0,597.1484375,0.0
79.0,42.0,0.006611119000126564,0.0,597.1484375,0.0
79.0,43.0,0.008942561999901955,50.0,597.1484375,0.0
79.0,44.0,0.005530528999997841,50.0,597.1484375,0.0
79.0,45.0,0.007068386999890208,100.0,597.1484375,0.0
79.0,46.0,0.00710497399995802,50.0,597.1484375,0.0
79.0,47.0,0.007294634999880145,0.0,597.1484375,0.0
79.0,48.0,0.007435004999933881,50.0,597.2578125,0.0
79.0,49.0,0.007140274999983376,50.0,597.2578125,0.0
79.0,50.0,0.009375513000122737,50.0,597.26171875,0.0
79.0,51.0,0.006950558999960776,100.0,597.26171875,0.0
79.0,52.0,0.007660645999976623,50.0,597.26171875,0.0
79.0,53.0,0.005094386999871858,0.0,597.26171875,0.0
79.0,54.0,0.00905210599989914,50.0,597.26171875,0.0
79.0,55.0,0.005202027999985148,50.0,597.26171875,0.0
79.0,56.0,0.009108350999895265,50.0,597.6171875,0.0
79.0,57.0,0.007255121999833136,100.0,597.6171875,0.0
79.0,58.0,0.008915141999978005,50.0,597.6171875,0.0
79.0,59.0,0.008942987999944307,50.0,597.6171875,0.0
79.0,60.0,0.007641383999953177,50.0,597.6171875,0.0
79.0,61.0,0.005140140999856158,0.0,597.62109375,0.0
79.0,62.0,0.008259927000153766,50.0,597.62109375,0.0
79.0,63.0,0.007266266999977233,100.0,597.62109375,0.0
79.0,64.0,0.007264856999881886,50.0,597.62109375,0.0
79.0,65.0,0.009094043999994028,50.0,597.62109375,0.0
79.0,66.0,0.007111722999979975,100.0,597.62109375,0.0
79.0,67.0,0.007424305000085951,100.0,597.62109375,0.0
79.0,68.0,0.01039116899983128,100.0,597.62109375,0.0
79.0,69.0,0.007246619999932591,100.0,597.62109375,0.0
79.0,70.0,0.012902277000193862,100.0,597.62109375,0.0
79.0,71.0,0.010477665000053094,50.0,597.62109375,0.0
79.0,72.0,0.00702250900008039,50.0,597.62109375,0.0
79.0,73.0,0.005686712999931842,50.0,597.62109375,0.0
79.0,74.0,0.007281459999830986,100.0,597.62109375,0.0
79.0,75.0,0.0073332570000275155,50.0,597.62109375,0.0
79.0,76.0,0.007631870000068375,50.0,597.62109375,0.0
79.0,77.0,0.007107724999968923,100.0,597.62109375,0.0
79.0,78.0,0.010549925000077565,100.0,597.62109375,0.0
79.0,79.0,0.010469369000020379,66.7,597.62109375,0.0
79.0,80.0,0.011064198999974906,100.0,597.62109375,0.0
79.0,81.0,0.012803072999986398,100.0,597.62109375,0.0
79.0,82.0,0.006440511999926457,100.0,597.625,0.0
79.0,83.0,0.008013149999896996,66.7,597.625,0.0
79.0,84.0,0.006541973999901529,100.0,597.625,0.0
79.0,85.0,0.009066834999885032,66.7,597.62890625,0.0
79.0,86.0,0.0071689510000396695,100.0,597.62890625,0.0
79.0,87.0,0.009353134999855683,50.0,597.62890625,0.0
79.0,88.0,0.006685400999913327,50.0,597.62890625,0.0
79.0,89.0,0.006805519999943499,0.0,597.62890625,0.0
79.0,90.0,0.007311142999924414,50.0,597.6328125,0.0
79.0,91.0,0.007031356999959826,50.0,597.6328125,0.0
79.0,92.0,0.005451041000014811,100.0,597.63671875,0.0
79.0,93.0,0.010329327999897941,50.0,597.640625,0.0
79.0,94.0,0.00861003999989407,50.0,597.640625,0.0
79.0,95.0,0.009930275999977312,100.0,597.64453125,0.0
79.0,96.0,0.007582063999961974,0.0,597.64453125,0.0
79.0,97.0,0.00522872900000948,50.0,597.64453125,0.0
79.0,98.0,0.00725090200012346,100.0,597.64453125,0.0
79.0,99.0,0.007752858000003471,50.0,597.64453125,0.0
79.0,100.0,0.008825762000014947,50.0,597.64453125,0.0
80.0,1.0,0.00918453999997837,50.0,597.6484375,0.0
80.0,2.0,0.007240507999995316,50.0,597.65234375,0.0
80.0,3.0,0.005248778000122911,0.0,597.65234375,0.0
80.0,4.0,0.007287375000032625,100.0,597.65234375,0.0
80.0,5.0,0.006478812000068501,100.0,597.65234375,0.0
80.0,6.0,0.007756917000051544,0.0,597.65234375,0.0
80.0,7.0,0.009264214000040738,50.0,597.65234375,0.0
80.0,8.0,0.008663284000022031,50.0,597.65234375,0.0
80.0,9.0,0.0070812129999922035,50.0,597.65234375,0.0
80.0,10.0,0.007320352000078856,50.0,597.65234375,0.0
80.0,11.0,0.00927760399986255,50.0,597.65625,0.0
80.0,12.0,0.007374233000064123,100.0,597.65625,0.0
80.0,13.0,0.007147319000068819,50.0,597.66015625,0.0
80.0,14.0,0.007667780000019775,50.0,597.66015625,0.0
80.0,15.0,0.007386668999970425,0.0,597.66015625,0.0
80.0,16.0,0.00730313600001864,50.0,597.66015625,0.0
80.0,17.0,0.007140536000179054,100.0,597.66015625,0.0
80.0,18.0,0.005371733999936623,50.0,597.66015625,0.0
80.0,19.0,0.0067365779998453945,0.0,597.66015625,0.0
80.0,20.0,0.006937720999985686,50.0,597.66015625,0.0
80.0,21.0,0.008543017999954827,50.0,597.66015625,0.0
80.0,22.0,0.00880786600009742,66.7,597.6640625,0.0
80.0,23.0,0.008822489000067435,50.0,597.6640625,0.0
80.0,24.0,0.0074572440000792994,100.0,597.6640625,0.0
80.0,25.0,0.00862321499994323,50.0,597.6640625,0.0
80.0,26.0,0.007334226000011768,50.0,597.6640625,0.0
80.0,27.0,0.007066328000064459,100.0,597.6640625,0.0
80.0,28.0,0.008808565000208546,50.0,597.6640625,0.0
80.0,29.0,0.007409493999830374,50.0,597.6640625,0.0
80.0,30.0,0.00909391000004689,50.0,597.6640625,0.0
80.0,31.0,0.009239392999916163,50.0,597.6640625,0.0
80.0,32.0,0.005000410000093325,0.0,597.66796875,0.0
80.0,33.0,0.005415072000005239,100.0,597.66796875,0.0
80.0,34.0,0.007358068999792522,50.0,597.66796875,0.0
80.0,35.0,0.005062348999899768,0.0,597.66796875,0.0
80.0,36.0,0.006484169999794176,100.0,597.671875,0.0
80.0,37.0,0.0072021959999801766,50.0,597.671875,0.0
80.0,38.0,0.00894425600017712,50.0,597.671875,0.0
80.0,39.0,0.004970525999851816,0.0,597.671875,0.0
80.0,40.0,0.00497289500003717,100.0,597.671875,0.0
80.0,41.0,0.007074746000171217,50.0,597.671875,0.0
80.0,42.0,0.004850230000101874,0.0,597.671875,0.0
80.0,43.0,0.006837797999878603,100.0,597.671875,0.0
80.0,44.0,0.0069368899999062705,50.0,597.67578125,0.0
80.0,45.0,0.007056828000031601,50.0,597.67578125,0.0
80.0,46.0,0.005266845999813086,0.0,597.67578125,0.0
80.0,47.0,0.008541508000007525,50.0,597.67578125,0.0
80.0,48.0,0.008417593999865858,100.0,597.67578125,0.0
80.0,49.0,0.006927810999968642,50.0,597.67578125,0.0
80.0,50.0,0.007236932000068919,50.0,597.67578125,0.0
80.0,51.0,0.0073518540000350185,50.0,597.67578125,0.0
80.0,52.0,0.007849742999951559,0.0,597.67578125,0.0
80.0,53.0,0.009094683000057557,50.0,597.67578125,0.0
80.0,54.0,0.007076495000092109,50.0,597.6796875,0.0
80.0,55.0,0.007295168999917223,100.0,597.6796875,0.0
80.0,56.0,0.0070429919999241974,50.0,597.6796875,0.0
80.0,57.0,0.0070880330001728,50.0,597.6796875,0.0
80.0,58.0,0.005337347000022419,0.0,597.6796875,0.0
80.0,59.0,0.006951046000040151,100.0,597.6796875,0.0
80.0,60.0,0.006820336000146199,50.0,597.6796875,0.0
80.0,61.0,0.006042504000106419,50.0,597.6796875,0.0
80.0,62.0,0.0071128560000488505,0.0,597.69140625,0.0
80.0,63.0,0.006914084000072762,100.0,597.6953125,0.0
80.0,64.0,0.0054013149999718735,50.0,597.6953125,0.0
80.0,65.0,0.00911421299997528,50.0,597.6953125,0.0
80.0,66.0,0.00487361399996189,0.0,597.6953125,0.0
80.0,67.0,0.00707752299990716,100.0,594.07421875,0.0
80.0,68.0,0.0076821309999104415,50.0,596.78515625,0.0
80.0,69.0,0.0070034180000675406,50.0,597.15234375,0.0
80.0,70.0,0.007375829000011436,50.0,597.15234375,0.0
80.0,71.0,0.006605256000057125,0.0,597.15234375,0.0
80.0,72.0,0.007072940999933053,100.0,597.15234375,0.0
80.0,73.0,0.008749781000005896,50.0,597.1796875,0.0
80.0,74.0,0.009188956999878428,50.0,597.1875,0.0
80.0,75.0,0.006737032999808434,50.0,597.1875,0.0
80.0,76.0,0.009125299000061204,50.0,597.1875,0.0
80.0,77.0,0.005358224000019618,0.0,597.1875,0.0
80.0,78.0,0.005737690000160001,100.0,597.30859375,0.0
80.0,79.0,0.007522426999912568,50.0,597.3125,0.0
80.0,80.0,0.00937676300009116,50.0,597.3125,0.0
80.0,81.0,0.009200516999953834,50.0,597.3125,0.0
80.0,82.0,0.00837549199991372,50.0,597.4296875,0.0
80.0,83.0,0.0054468600001200684,50.0,597.4296875,0.0
80.0,84.0,0.008779038000056971,50.0,597.4375,0.0
80.0,85.0,0.008604989000104979,50.0,597.4453125,0.0
80.0,86.0,0.009268873000110034,50.0,597.4453125,0.0
80.0,87.0,0.009009030000015628,50.0,597.4453125,0.0
80.0,88.0,0.006937403999927483,0.0,597.4453125,0.0
80.0,89.0,0.009734890999880008,100.0,597.4453125,0.0
80.0,90.0,0.010744134000105987,100.0,597.4453125,0.0
80.0,91.0,0.007600386999911279,100.0,597.4453125,0.0
80.0,92.0,0.00777074199982053,50.0,597.4453125,0.0
80.0,93.0,0.005060036000031687,100.0,597.4453125,0.0
80.0,94.0,0.00900386300008904,50.0,597.4453125,0.0
80.0,95.0,0.005313215000114724,50.0,597.4453125,0.0
80.0,96.0,0.005245228999910978,0.0,597.4453125,0.0
80.0,97.0,0.0050730999998904736,100.0,597.4453125,0.0
80.0,98.0,0.009617365999929461,50.0,597.4453125,0.0
80.0,99.0,0.0052113379999809695,0.0,597.4453125,0.0
80.0,100.0,0.008884360000138258,50.0,597.4453125,0.0
81.0,1.0,0.008769474000018818,50.0,597.44921875,0.0
81.0,2.0,0.0069200509999518545,100.0,597.44921875,0.0
81.0,3.0,0.00730656599989743,50.0,597.44921875,0.0
81.0,4.0,0.009035319000076925,50.0,597.44921875,0.0
81.0,5.0,0.008135767000112537,50.0,597.44921875,0.0
81.0,6.0,0.00683528100012154,100.0,597.44921875,0.0
81.0,7.0,0.005417843000032008,50.0,597.44921875,0.0
81.0,8.0,0.0049301930000638094,0.0,597.44921875,0.0
81.0,9.0,0.005193999000084659,100.0,597.44921875,0.0
81.0,10.0,0.006880973000079393,50.0,597.44921875,0.0
81.0,11.0,0.008673688000044422,50.0,597.44921875,0.0
81.0,12.0,0.007234985999957644,0.0,597.44921875,0.0
81.0,13.0,0.0068853939999371505,100.0,597.44921875,0.0
81.0,14.0,0.008841390000043248,50.0,597.44921875,0.0
81.0,15.0,0.008741638999936185,50.0,597.44921875,0.0
81.0,16.0,0.005664481000167143,50.0,597.44921875,0.0
81.0,17.0,0.00828407599988168,50.0,597.44921875,0.0
81.0,18.0,0.008548688999781007,50.0,597.578125,0.0
81.0,19.0,0.006867779000003793,0.0,597.578125,0.0
81.0,20.0,0.008730276000051163,50.0,597.578125,0.0
81.0,21.0,0.005286343000079796,100.0,597.578125,0.0
81.0,22.0,0.008854874999997264,50.0,597.578125,0.0
81.0,23.0,0.007116865000170947,50.0,597.578125,0.0
81.0,24.0,0.0076440679999905115,50.0,597.578125,0.0
81.0,25.0,0.00789733399983561,0.0,597.578125,0.0
81.0,26.0,0.0052437070000905806,100.0,597.578125,0.0
81.0,27.0,0.007369011000037062,50.0,597.578125,0.0
81.0,28.0,0.008753759999990507,50.0,597.578125,0.0
81.0,29.0,0.008948234999934357,50.0,597.578125,0.0
81.0,30.0,0.008870411000089007,50.0,597.578125,0.0
81.0,31.0,0.0070885059999454825,0.0,597.58203125,0.0
81.0,32.0,0.007019401999968977,100.0,597.58203125,0.0
81.0,33.0,0.008779252999829623,50.0,597.58203125,0.0
81.0,34.0,0.008045291999906112,50.0,597.58203125,0.0
81.0,35.0,0.006918061000078524,50.0,597.58203125,0.0
81.0,36.0,0.0051636660000440315,100.0,597.58203125,0.0
81.0,37.0,0.007105800000090312,50.0,597.58203125,0.0
81.0,38.0,0.005244966999953249,0.0,597.58203125,0.0
81.0,39.0,0.0054300379999858706,100.0,597.58203125,0.0
81.0,40.0,0.005111590999831606,0.0,597.58203125,0.0
81.0,41.0,0.007408324999914839,50.0,597.58984375,0.0
81.0,42.0,0.006996632999971553,100.0,597.58984375,0.0
81.0,43.0,0.005158106999942902,50.0,597.58984375,0.0
81.0,44.0,0.006674484999848573,50.0,597.58984375,0.0
81.0,45.0,0.0071362710000357765,50.0,597.58984375,0.0
81.0,46.0,0.007899641999983942,100.0,597.58984375,0.0
81.0,47.0,0.005390194000028714,50.0,597.58984375,0.0
81.0,48.0,0.006675672000028499,0.0,597.58984375,0.0
81.0,49.0,0.0053103249999821855,100.0,597.58984375,0.0
81.0,50.0,0.008874840000089534,50.0,597.58984375,0.0
81.0,51.0,0.0050826940000661125,0.0,597.58984375,0.0
81.0,52.0,0.006976251999958549,50.0,597.58984375,0.0
81.0,53.0,0.0070482159999301075,50.0,597.59375,0.0
81.0,54.0,0.007056930000089778,100.0,597.59375,0.0
81.0,55.0,0.004927664000206278,0.0,597.59765625,0.0
81.0,56.0,0.009641622999879473,66.7,597.59765625,0.0
81.0,57.0,0.006859849999955259,0.0,597.59765625,0.0
81.0,58.0,0.005061187000137579,100.0,597.59765625,0.0
81.0,59.0,0.006900121999933617,50.0,597.59765625,0.0
81.0,60.0,0.006619401999842012,0.0,597.6015625,0.0
81.0,61.0,0.00489190200005396,100.0,597.60546875,0.0
81.0,62.0,0.005069476000016948,50.0,597.60546875,0.0
81.0,63.0,0.007150795000143262,0.0,597.60546875,0.0
81.0,64.0,0.0069567040000038105,50.0,597.60546875,0.0
81.0,65.0,0.008619372999874031,100.0,597.60546875,0.0
81.0,66.0,0.0068213669999295234,50.0,597.60546875,0.0
81.0,67.0,0.005232278999983464,0.0,597.60546875,0.0
81.0,68.0,0.006580257999985406,50.0,597.60546875,0.0
81.0,69.0,0.006657665999910023,100.0,597.60546875,0.0
81.0,70.0,0.006669349000048896,50.0,597.60546875,0.0
81.0,71.0,0.008807932999843615,50.0,597.60546875,0.0
81.0,72.0,0.008996504999913668,50.0,597.609375,0.0
81.0,73.0,0.00899575499988714,50.0,597.61328125,0.0
81.0,74.0,0.005333327000016652,0.0,597.61328125,0.0
81.0,75.0,0.006893018000027951,100.0,597.61328125,0.0
81.0,76.0,0.0068220780001411185,50.0,597.61328125,0.0
81.0,77.0,0.005269585999940318,50.0,597.61328125,0.0
81.0,78.0,0.006797954999910871,100.0,597.61328125,0.0
81.0,79.0,0.00690393100012443,50.0,597.61328125,0.0
81.0,80.0,0.006886656000006042,50.0,597.61328125,0.0
81.0,81.0,0.0049602560000039375,0.0,597.61328125,0.0
81.0,82.0,0.00692269700016368,50.0,597.6171875,0.0
81.0,83.0,0.009015381000153866,50.0,597.6171875,0.0
81.0,84.0,0.006507409000050757,50.0,597.6171875,0.0
81.0,85.0,0.005486331999918548,0.0,597.6171875,0.0
81.0,86.0,0.006518962999962241,100.0,597.6171875,0.0
81.0,87.0,0.008122260999925857,50.0,597.6171875,0.0
81.0,88.0,0.007207333999986076,50.0,597.6171875,0.0
81.0,89.0,0.008676265999838506,50.0,597.6171875,0.0
81.0,90.0,0.006822559000056572,50.0,597.6171875,0.0
81.0,91.0,0.006925257000148122,0.0,597.6171875,0.0
81.0,92.0,0.008734709000009389,100.0,597.62109375,0.0
81.0,93.0,0.007091987999956473,50.0,597.62109375,0.0
81.0,94.0,0.008909684000173002,50.0,597.62109375,0.0
81.0,95.0,0.006550822000008338,50.0,597.62109375,0.0
81.0,96.0,0.008698936999962825,50.0,597.62109375,0.0
81.0,97.0,0.008857550999891828,50.0,597.62109375,0.0
81.0,98.0,0.006551173000161725,50.0,597.625,0.0
81.0,99.0,0.006857019999870317,0.0,597.625,0.0
81.0,100.0,0.00872902800006159,50.0,597.625,0.0
82.0,1.0,0.005223149999892485,50.0,597.62890625,0.0
82.0,2.0,0.00684704199989028,50.0,597.62890625,0.0
82.0,3.0,0.0069245580000369955,50.0,597.62890625,0.0
82.0,4.0,0.008718940999870028,0.0,597.62890625,0.0
82.0,5.0,0.008826085000009698,100.0,597.62890625,0.0
82.0,6.0,0.008006604999991396,50.0,597.62890625,0.0
82.0,7.0,0.009105433000058838,50.0,597.62890625,0.0
82.0,8.0,0.008452311000155532,50.0,597.62890625,0.0
82.0,9.0,0.0071717000000717235,50.0,597.62890625,0.0
82.0,10.0,0.00526813100009349,50.0,597.62890625,0.0
82.0,11.0,0.005183688999977676,0.0,597.62890625,0.0
82.0,12.0,0.008769563999976526,50.0,597.6328125,0.0
82.0,13.0,0.008677762999923289,50.0,597.6328125,0.0
82.0,14.0,0.004923813999994309,50.0,597.6328125,0.0
82.0,15.0,0.005377898999995523,0.0,597.6328125,0.0
82.0,16.0,0.008882527999958256,50.0,597.6328125,0.0
82.0,17.0,0.008716108000044187,66.7,597.6328125,0.0
82.0,18.0,0.009742819000166492,100.0,597.6328125,0.0
82.0,19.0,0.009597114000143847,100.0,597.6328125,0.0
82.0,20.0,0.008824137999908999,100.0,597.6328125,0.0
82.0,21.0,0.006721871999843643,50.0,597.6328125,0.0
82.0,22.0,0.007322759999851769,100.0,597.63671875,0.0
82.0,23.0,0.006532534000143642,50.0,597.640625,0.0
82.0,24.0,0.0068247940000674134,50.0,597.64453125,0.0
82.0,25.0,0.0048969960000704305,0.0,597.64453125,0.0
82.0,26.0,0.006958900000199719,50.0,597.64453125,0.0
82.0,27.0,0.006450626000059856,100.0,597.64453125,0.0
82.0,28.0,0.00854562800009262,50.0,597.6484375,0.0
82.0,29.0,0.008517662000031123,50.0,597.6484375,0.0
82.0,30.0,0.007010833000094863,0.0,597.6484375,0.0
82.0,31.0,0.005284522000010838,50.0,597.6484375,0.0
82.0,32.0,0.008801027999879807,50.0,597.65234375,0.0
82.0,33.0,0.008053847999917707,100.0,597.65234375,0.0
82.0,34.0,0.009592460000021674,50.0,597.65625,0.0
82.0,35.0,0.005171987999801786,50.0,597.65625,0.0
82.0,36.0,0.007187337000004845,50.0,597.65625,0.0
82.0,37.0,0.00876535700012937,100.0,597.66015625,0.0
82.0,38.0,0.006729701000040222,0.0,597.66015625,0.0
82.0,39.0,0.00815324099994541,50.0,597.6640625,0.0
82.0,40.0,0.005509514000095805,50.0,597.6640625,0.0
82.0,41.0,0.008545042999912766,50.0,597.6640625,0.0
82.0,42.0,0.0070766169999387785,100.0,597.66796875,0.0
82.0,43.0,0.007344117999991795,50.0,597.66796875,0.0
82.0,44.0,0.00524422700004834,0.0,597.66796875,0.0
82.0,45.0,0.0066159289999632165,50.0,597.671875,0.0
82.0,46.0,0.008747969000069133,50.0,597.671875,0.0
82.0,47.0,0.008571027000016329,100.0,597.671875,0.0
82.0,48.0,0.008903519999876153,50.0,597.671875,0.0
82.0,49.0,0.009004140000115513,50.0,597.671875,0.0
82.0,50.0,0.009072509000134232,50.0,597.671875,0.0
82.0,51.0,0.008530180999969161,50.0,597.671875,0.0
82.0,52.0,0.008626099999901271,50.0,597.67578125,0.0
82.0,53.0,0.00683005999985653,50.0,597.67578125,0.0
82.0,54.0,0.008768382999960522,50.0,597.67578125,0.0
82.0,55.0,0.004910698999992746,0.0,597.67578125,0.0
82.0,56.0,0.007096712000020489,100.0,597.67578125,0.0
82.0,57.0,0.009780251999927714,50.0,597.6796875,0.0
82.0,58.0,0.008715548000054696,50.0,597.6796875,0.0
82.0,59.0,0.0071599079999487,50.0,597.6796875,0.0
82.0,60.0,0.004982525000059468,0.0,597.6796875,0.0
82.0,61.0,0.005072141000027841,100.0,597.6796875,0.0
82.0,62.0,0.006515987999819117,50.0,597.68359375,0.0
82.0,63.0,0.005180208999945535,0.0,597.68359375,0.0
82.0,64.0,0.00674246900007347,100.0,597.68359375,0.0
82.0,65.0,0.008060935000003155,50.0,597.68359375,0.0
82.0,66.0,0.00974167699996542,50.0,597.68359375,0.0
82.0,67.0,0.008876310000005105,50.0,597.68359375,0.0
82.0,68.0,0.00784611600010976,50.0,597.68359375,0.0
82.0,69.0,0.008424334999972416,50.0,597.1484375,0.0
82.0,70.0,0.006553079000013895,0.0,597.3984375,0.0
82.0,71.0,0.007067726000059338,50.0,597.3984375,0.0
82.0,72.0,0.00819083800001863,50.0,597.40234375,0.0
82.0,73.0,0.00888614299992696,100.0,597.40234375,0.0
82.0,74.0,0.006944311000097514,50.0,597.52734375,0.0
82.0,75.0,0.00807264199988822,50.0,597.53125,0.0
82.0,76.0,0.0053592259998822556,0.0,597.53125,0.0
82.0,77.0,0.008175703999995676,50.0,597.53125,0.0
82.0,78.0,0.0073530200002096535,100.0,597.53125,0.0
82.0,79.0,0.007071832000065115,50.0,597.53125,0.0
82.0,80.0,0.0048076539999328816,0.0,597.53125,0.0
82.0,81.0,0.0068887809998159355,50.0,597.53125,0.0
82.0,82.0,0.006587140999954499,100.0,597.53515625,0.0
82.0,83.0,0.005511458000000857,50.0,597.53515625,0.0
82.0,84.0,0.0052744150000307854,0.0,597.53515625,0.0
82.0,85.0,0.005066693000117084,100.0,597.53515625,0.0
82.0,86.0,0.005313705999924423,50.0,597.53515625,0.0
82.0,87.0,0.005176303999860465,0.0,597.53515625,0.0
82.0,88.0,0.006636051999976189,50.0,597.53515625,0.0
82.0,89.0,0.0069927459999235,50.0,597.53515625,0.0
82.0,90.0,0.007012489000089772,0.0,597.53515625,0.0
82.0,91.0,0.006474320000052103,100.0,597.53515625,0.0
82.0,92.0,0.0070647569998527615,50.0,597.53515625,0.0
82.0,93.0,0.00908762500012017,50.0,597.53515625,0.0
82.0,94.0,0.006975310000143509,50.0,597.53515625,0.0
82.0,95.0,0.006948190999992221,50.0,597.53515625,0.0
82.0,96.0,0.006884481000042797,0.0,597.546875,0.0
82.0,97.0,0.004894334000027811,50.0,597.546875,0.0
82.0,98.0,0.007102307999957702,50.0,597.546875,0.0
82.0,99.0,0.00701054799992562,50.0,597.546875,0.0
82.0,100.0,0.007009257999925467,0.0,597.546875,0.0
83.0,1.0,0.004856897000081517,50.0,597.546875,0.0
83.0,2.0,0.008546502999934091,50.0,597.546875,0.0
83.0,3.0,0.006991436999896905,50.0,597.5546875,0.0
83.0,4.0,0.006473386000152459,100.0,597.5546875,0.0
83.0,5.0,0.006955712000035419,0.0,597.6875,0.0
83.0,6.0,0.008742734000179553,50.0,597.6875,0.0
83.0,7.0,0.006533528000090882,50.0,597.69140625,0.0
83.0,8.0,0.005233481999994183,100.0,597.69140625,0.0
83.0,9.0,0.00873194899986629,50.0,597.69140625,0.0
83.0,10.0,0.008905855000193696,50.0,597.6953125,0.0
83.0,11.0,0.006824080999876969,0.0,597.8125,0.0
83.0,12.0,0.008916225000120903,50.0,597.8125,0.0
83.0,13.0,0.004860959000097864,50.0,597.8125,0.0
83.0,14.0,0.005015615000047546,0.0,597.8125,0.0
83.0,15.0,0.006678640000018277,50.0,597.8125,0.0
83.0,16.0,0.0072739009999622795,50.0,597.81640625,0.0
83.0,17.0,0.008054367000113416,50.0,597.81640625,0.0
83.0,18.0,0.006960662000210505,0.0,597.81640625,0.0
83.0,19.0,0.008763148000070942,50.0,597.81640625,0.0
83.0,20.0,0.006830899000078716,50.0,597.81640625,0.0
83.0,21.0,0.0050482970000302885,50.0,597.828125,0.0
83.0,22.0,0.006928395999921122,100.0,597.828125,0.0
83.0,23.0,0.005495422999956645,0.0,597.828125,0.0
83.0,24.0,0.0070479030000569765,50.0,597.828125,0.0
83.0,25.0,0.006726746999902389,50.0,597.83203125,0.0
83.0,26.0,0.005076634000033664,0.0,597.83203125,0.0
83.0,27.0,0.005216211000060866,50.0,597.83203125,0.0
83.0,28.0,0.008510847000025024,50.0,597.8359375,0.0
83.0,29.0,0.006695083000067825,50.0,597.8359375,0.0
83.0,30.0,0.007062009000037506,0.0,597.8359375,0.0
83.0,31.0,0.005002655999987837,50.0,597.8359375,0.0
83.0,32.0,0.005556427000101394,50.0,597.8359375,0.0
83.0,33.0,0.006958652999855985,0.0,597.8359375,0.0
83.0,34.0,0.007281345999899713,50.0,597.83984375,0.0
83.0,35.0,0.009696057999917684,75.0,597.83984375,0.0
83.0,36.0,0.00740809400008402,0.0,597.83984375,0.0
83.0,37.0,0.007045410999808155,100.0,597.84375,0.0
83.0,38.0,0.007377299999916431,50.0,597.84375,0.0
83.0,39.0,0.007337944000028074,50.0,597.84765625,0.0
83.0,40.0,0.006735607000109667,0.0,597.84765625,0.0
83.0,41.0,0.00549917400007871,100.0,597.84765625,0.0
83.0,42.0,0.005242673000111608,50.0,597.84765625,0.0
83.0,43.0,0.007664480999892476,0.0,597.84765625,0.0
83.0,44.0,0.008907765000003565,50.0,597.84765625,0.0
83.0,45.0,0.007166955000002417,50.0,598.1171875,0.0
83.0,46.0,0.008486588999858213,100.0,598.1171875,0.0
83.0,47.0,0.007007793999946443,100.0,598.1171875,0.0
83.0,48.0,0.009737508999933198,100.0,598.1171875,0.0
83.0,49.0,0.0072620309999820165,100.0,598.1171875,0.0
83.0,50.0,0.0071032280000054016,0.0,598.1171875,0.0
83.0,51.0,0.00513680399990335,100.0,598.12109375,0.0
83.0,52.0,0.008671688000049471,50.0,598.12109375,0.0
83.0,53.0,0.00910723600009078,50.0,594.32421875,0.0
83.0,54.0,0.009949582999979611,50.0,597.36328125,0.0
83.0,55.0,0.006944781999891347,100.0,597.7578125,0.0
83.0,56.0,0.006689581000046019,50.0,597.76171875,0.0
83.0,57.0,0.005441379000103552,0.0,598.17578125,0.0
83.0,58.0,0.00713352799994027,50.0,598.1796875,0.0
83.0,59.0,0.005348186999981408,100.0,598.1796875,0.0
83.0,60.0,0.007106469000063953,0.0,598.1796875,0.0
83.0,61.0,0.005391812000198115,50.0,598.18359375,0.0
83.0,62.0,0.0053190969999832305,100.0,598.18359375,0.0
83.0,63.0,0.006770792999986952,0.0,598.1875,0.0
83.0,64.0,0.006949481999981799,50.0,598.1875,0.0
83.0,65.0,0.009176235000040833,50.0,598.1875,0.0
83.0,66.0,0.005117591000043831,100.0,598.1875,0.0
83.0,67.0,0.004927833000010651,0.0,598.1875,0.0
83.0,68.0,0.006751506000000518,50.0,598.1875,0.0
83.0,69.0,0.005257076000134475,100.0,598.19140625,0.0
83.0,70.0,0.006956214999945587,0.0,598.19140625,0.0
83.0,71.0,0.005158368999900631,50.0,598.19140625,0.0
83.0,72.0,0.006429120000120747,100.0,598.19140625,0.0
83.0,73.0,0.005514100000027611,50.0,598.19140625,0.0
83.0,74.0,0.006443134000164719,0.0,598.19140625,0.0
83.0,75.0,0.005613702999880843,100.0,598.1953125,0.0
83.0,76.0,0.005208960000118168,50.0,598.1953125,0.0
83.0,77.0,0.008707013000048391,50.0,598.1953125,0.0
83.0,78.0,0.008515865999925154,0.0,598.1953125,0.0
83.0,79.0,0.005376775000058842,100.0,598.19921875,0.0
83.0,80.0,0.008226800999864281,50.0,598.19921875,0.0
83.0,81.0,0.0069335779999164515,50.0,598.19921875,0.0
83.0,82.0,0.00667973500003427,50.0,598.19921875,0.0
83.0,83.0,0.008630809000123918,0.0,598.19921875,0.0
83.0,84.0,0.006683594999913112,50.0,598.19921875,0.0
83.0,85.0,0.007183803999851079,100.0,598.19921875,0.0
83.0,86.0,0.0072836080000797665,50.0,598.19921875,0.0
83.0,87.0,0.005421791999879133,0.0,598.19921875,0.0
83.0,88.0,0.00903329500010841,50.0,598.19921875,0.0
83.0,89.0,0.0081384430000071,50.0,598.19921875,0.0
83.0,90.0,0.006981323000218254,100.0,598.19921875,0.0
83.0,91.0,0.008546828000135065,50.0,598.19921875,0.0
83.0,92.0,0.007313337999903524,50.0,598.19921875,0.0
83.0,93.0,0.005141867000020284,50.0,598.19921875,0.0
83.0,94.0,0.009869647999948938,0.0,598.19921875,0.0
83.0,95.0,0.008944132999886278,66.7,598.19921875,0.0
83.0,96.0,0.008030911000105334,50.0,598.19921875,0.0
83.0,97.0,0.006788308000068355,100.0,598.19921875,0.0
83.0,98.0,0.006591023000055429,50.0,598.19921875,0.0
83.0,99.0,0.007302471999992122,50.0,598.19921875,0.0
83.0,100.0,0.0068989569999757805,0.0,598.203125,0.0
84.0,1.0,0.005398547000140752,100.0,598.203125,0.0
84.0,2.0,0.006829439000057391,50.0,598.203125,0.0
84.0,3.0,0.007022567999911189,50.0,598.203125,0.0
84.0,4.0,0.008750132000159283,50.0,598.20703125,0.0
84.0,5.0,0.009066589999974894,50.0,598.20703125,0.0
84.0,6.0,0.009199399000181074,50.0,598.20703125,0.0
84.0,7.0,0.005279503999872759,0.0,598.20703125,0.0
84.0,8.0,0.007092451000062283,50.0,598.20703125,0.0
84.0,9.0,0.005250003999890396,50.0,598.20703125,0.0
84.0,10.0,0.005182181000009223,0.0,598.2109375,0.0
84.0,11.0,0.007177765000051295,50.0,598.2109375,0.0
84.0,12.0,0.005200186999900325,50.0,598.2109375,0.0
84.0,13.0,0.008684069999844723,50.0,598.2109375,0.0
84.0,14.0,0.005654497000023184,0.0,598.2109375,0.0
84.0,15.0,0.005167807000134417,50.0,598.2109375,0.0
84.0,16.0,0.007453151999925467,50.0,598.2109375,0.0
84.0,17.0,0.005721720000110508,100.0,598.2109375,0.0
84.0,18.0,0.007639997000069343,0.0,598.2109375,0.0
84.0,19.0,0.008246148000125686,50.0,598.2109375,0.0
84.0,20.0,0.007853370000020732,50.0,598.2109375,0.0
84.0,21.0,0.008777938000093854,50.0,598.2109375,0.0
84.0,22.0,0.008792035999931613,50.0,598.21484375,0.0
84.0,23.0,0.007189877999962846,50.0,598.21484375,0.0
84.0,24.0,0.007074420999970243,100.0,598.21484375,0.0
84.0,25.0,0.006875647000015306,50.0,598.21484375,0.0
84.0,26.0,0.006660010999894439,0.0,598.21484375,0.0
84.0,27.0,0.005323478999798681,50.0,598.21484375,0.0
84.0,28.0,0.008846668000160207,50.0,598.21484375,0.0
84.0,29.0,0.004851947999895856,100.0,598.21484375,0.0
84.0,30.0,0.008850555999970311,0.0,597.33203125,0.0
84.0,31.0,0.00916594500017709,50.0,597.71484375,0.0
84.0,32.0,0.006814847999976337,50.0,597.71484375,0.0
84.0,33.0,0.00700232799999867,50.0,597.8515625,0.0
84.0,34.0,0.006976593999979741,100.0,597.8515625,0.0
84.0,35.0,0.00992535500017766,50.0,597.8515625,0.0
84.0,36.0,0.006961384000078397,50.0,597.85546875,0.0
84.0,37.0,0.007000731000061933,50.0,597.859375,0.0
84.0,38.0,0.00714469099989401,0.0,597.859375,0.0
84.0,39.0,0.00702237099994818,100.0,597.859375,0.0
84.0,40.0,0.0069834449998325,50.0,597.859375,0.0
84.0,41.0,0.005432369999880393,50.0,597.86328125,0.0
84.0,42.0,0.00664816499988774,0.0,597.8671875,0.0
84.0,43.0,0.007144177999862222,100.0,597.8671875,0.0
84.0,44.0,0.006821953000098802,50.0,597.8671875,0.0
84.0,45.0,0.005327490000127,50.0,597.8671875,0.0
84.0,46.0,0.008592346000114048,50.0,597.8671875,0.0
84.0,47.0,0.005293622999943182,0.0,597.99609375,0.0
84.0,48.0,0.008650422000073377,50.0,598.0,0.0
84.0,49.0,0.005162551000012172,50.0,598.0,0.0
84.0,50.0,0.008693017000041436,50.0,598.0,0.0
84.0,51.0,0.007040714999902775,0.0,597.48046875,0.0
84.0,52.0,0.007133629000009023,100.0,597.48828125,0.0
84.0,53.0,0.008178224999937811,50.0,597.6328125,0.0
84.0,54.0,0.004941915000017616,50.0,597.6328125,0.0
84.0,55.0,0.00878851700008454,50.0,598.015625,0.0
84.0,56.0,0.009277518999851964,50.0,598.015625,0.0
84.0,57.0,0.006640799000024344,0.0,598.015625,0.0
84.0,58.0,0.006976332000022012,100.0,598.015625,0.0
84.0,59.0,0.005095596000046498,50.0,598.01953125,0.0
84.0,60.0,0.004935325000133162,0.0,598.01953125,0.0
84.0,61.0,0.0057784490002177336,50.0,598.01953125,0.0
84.0,62.0,0.007296522999922672,50.0,598.01953125,0.0
84.0,63.0,0.007191417000058209,50.0,598.01953125,0.0
84.0,64.0,0.007507587000191052,50.0,598.01953125,0.0
84.0,65.0,0.009056796000095346,50.0,598.0234375,0.0
84.0,66.0,0.007829668999875139,0.0,598.0234375,0.0
84.0,67.0,0.0072250529999564606,50.0,598.0234375,0.0
84.0,68.0,0.005543594000073426,50.0,598.0234375,0.0
84.0,69.0,0.009037084999818035,50.0,598.0234375,0.0
84.0,70.0,0.009061637000058909,50.0,598.0234375,0.0
84.0,71.0,0.005124323000018194,0.0,598.0234375,0.0
84.0,72.0,0.0054603270000370685,50.0,598.0234375,0.0
84.0,73.0,0.0057689569998728985,50.0,598.04296875,0.0
84.0,74.0,0.007802012999945873,100.0,598.04296875,0.0
84.0,75.0,0.009906844999932218,66.7,598.04296875,0.0
84.0,76.0,0.00716773700014528,100.0,598.04296875,0.0
84.0,77.0,0.007844217000183562,100.0,598.04296875,0.0
84.0,78.0,0.011124276999908034,100.0,598.04296875,0.0
84.0,79.0,0.011695660999976099,66.7,598.04296875,0.0
84.0,80.0,0.007789250000087122,50.0,598.04296875,0.0
84.0,81.0,0.007265546000098766,100.0,598.04296875,0.0
84.0,82.0,0.008835335999947347,50.0,598.04296875,0.0
84.0,83.0,0.0068008549999376555,0.0,598.04296875,0.0
84.0,84.0,0.0053650990000733145,50.0,598.04296875,0.0
84.0,85.0,0.0069650309999360616,100.0,598.04296875,0.0
84.0,86.0,0.007607935000123689,66.7,598.04296875,0.0
84.0,87.0,0.00905487400018501,0.0,597.65234375,0.0
84.0,88.0,0.0070038229998772294,50.0,597.65234375,0.0
84.0,89.0,0.0070786039998438355,100.0,597.77734375,0.0
84.0,90.0,0.009065954999869064,50.0,597.77734375,0.0
84.0,91.0,0.00750998599983177,50.0,598.0625,0.0
84.0,92.0,0.006885541999963607,50.0,598.0625,0.0
84.0,93.0,0.00886558199999854,50.0,598.06640625,0.0
84.0,94.0,0.005381158000091091,0.0,598.06640625,0.0
84.0,95.0,0.005073774000038611,100.0,598.06640625,0.0
84.0,96.0,0.00904087500020978,50.0,598.06640625,0.0
84.0,97.0,0.005573206000008213,50.0,598.06640625,0.0
84.0,98.0,0.008384056000068085,50.0,598.06640625,0.0
84.0,99.0,0.005906549000201267,0.0,598.0703125,0.0
84.0,100.0,0.009039487999871199,50.0,598.0703125,0.0
85.0,1.0,0.006912115000204722,50.0,598.0703125,0.0
85.0,2.0,0.008789067000179784,50.0,598.0703125,0.0
85.0,3.0,0.006761393999795473,50.0,598.0703125,0.0
85.0,4.0,0.007337864999954036,50.0,598.0703125,0.0
85.0,5.0,0.006711869999890041,0.0,598.0703125,0.0
85.0,6.0,0.007217706999881557,50.0,598.07421875,0.0
85.0,7.0,0.006826687999819114,50.0,598.07421875,0.0
85.0,8.0,0.007716952999999194,50.0,598.07421875,0.0
85.0,9.0,0.007000104999860923,100.0,598.07421875,0.0
85.0,10.0,0.006883818999995128,0.0,598.07421875,0.0
85.0,11.0,0.006796892000011212,50.0,598.07421875,0.0
85.0,12.0,0.0070197400000324706,50.0,598.07421875,0.0
85.0,13.0,0.007421403000080318,50.0,598.07421875,0.0
85.0,14.0,0.008747087999836367,50.0,598.07421875,0.0
85.0,15.0,0.008364142999880642,100.0,598.07421875,0.0
85.0,16.0,0.006845456000064587,100.0,598.07421875,0.0
85.0,17.0,0.010842652999826896,50.0,598.078125,0.0
85.0,18.0,0.007198718999916309,0.0,598.078125,0.0
85.0,19.0,0.00511334399993757,50.0,598.078125,0.0
85.0,20.0,0.006723940000028961,50.0,598.078125,0.0
85.0,21.0,0.005744262999996863,0.0,598.078125,0.0
85.0,22.0,0.00694247199999154,50.0,598.078125,0.0
85.0,23.0,0.006736763999924733,50.0,598.078125,0.0
85.0,24.0,0.008546484999897075,50.0,597.4296875,0.0
85.0,25.0,0.00555521499995848,100.0,597.6953125,0.0
85.0,26.0,0.006932758999937505,0.0,597.6953125,0.0
85.0,27.0,0.005346544999838443,50.0,597.70703125,0.0
85.0,28.0,0.00904932599996755,50.0,597.70703125,0.0
85.0,29.0,0.005234061000010115,0.0,597.82421875,0.0
85.0,30.0,0.006829851000020426,50.0,597.82421875,0.0
85.0,31.0,0.006958069000120304,50.0,597.82421875,0.0
85.0,32.0,0.006570464000105858,50.0,597.82421875,0.0
85.0,33.0,0.009825469999896086,100.0,597.97265625,0.0
85.0,34.0,0.005674906999956875,50.0,597.97265625,0.0
85.0,35.0,0.009011128000111057,50.0,598.24609375,0.0
85.0,36.0,0.007574974999897677,50.0,598.25,0.0
85.0,37.0,0.007392514999992272,0.0,598.25,0.0
85.0,38.0,0.005261017000066204,100.0,598.25,0.0
85.0,39.0,0.004984507000017402,50.0,598.25,0.0
85.0,40.0,0.0066652890000113985,50.0,597.44921875,0.0
85.0,41.0,0.008381739000014932,100.0,597.94921875,0.0
85.0,42.0,0.00952378800002407,50.0,597.94921875,0.0
85.0,43.0,0.009132479000072635,33.3,597.953125,0.0
85.0,44.0,0.005419944000095711,50.0,597.953125,0.0
85.0,45.0,0.008785420000094746,50.0,598.109375,0.0
85.0,46.0,0.009043040000051406,50.0,598.11328125,0.0
85.0,47.0,0.008362158999943858,0.0,598.11328125,0.0
85.0,48.0,0.0072199589999399905,100.0,598.11328125,0.0
85.0,49.0,0.007141578000073423,50.0,598.11328125,0.0
85.0,50.0,0.0072295120000944735,50.0,598.1171875,0.0
85.0,51.0,0.005309349000071961,0.0,598.1171875,0.0
85.0,52.0,0.005305224999801794,100.0,598.1171875,0.0
85.0,53.0,0.0050249109999640496,50.0,598.1171875,0.0
85.0,54.0,0.007177859000194076,0.0,598.1171875,0.0
85.0,55.0,0.005206893000149648,100.0,598.1171875,0.0
85.0,56.0,0.005143240000052174,50.0,598.1171875,0.0
85.0,57.0,0.006706866000058653,0.0,598.1171875,0.0
85.0,58.0,0.00532214899999417,100.0,598.12109375,0.0
85.0,59.0,0.008300758999894242,50.0,598.12109375,0.0
85.0,60.0,0.009159361000001809,50.0,598.12109375,0.0
85.0,61.0,0.005411782000010135,50.0,598.125,0.0
85.0,62.0,0.005180840000093667,0.0,598.125,0.0
85.0,63.0,0.006885340000053475,50.0,598.125,0.0
85.0,64.0,0.007268838000072719,50.0,598.125,0.0
85.0,65.0,0.008707890999858137,50.0,598.125,0.0
85.0,66.0,0.006630770000128905,100.0,598.125,0.0
85.0,67.0,0.00881990599987148,0.0,598.12890625,0.0
85.0,68.0,0.007064156999831539,50.0,598.13671875,0.0
85.0,69.0,0.006623471000011705,50.0,598.13671875,0.0
85.0,70.0,0.0070659279999745195,50.0,598.13671875,0.0
85.0,71.0,0.006975265000164654,50.0,598.13671875,0.0
85.0,72.0,0.008868289000020013,100.0,598.140625,0.0
85.0,73.0,0.005808870000009847,0.0,598.140625,0.0
85.0,74.0,0.006821735999892553,50.0,598.140625,0.0
85.0,75.0,0.006868945999940479,50.0,598.140625,0.0
85.0,76.0,0.008277043000134654,50.0,598.140625,0.0
85.0,77.0,0.008424407000120482,100.0,598.1484375,0.0
85.0,78.0,0.009106638999810457,50.0,598.15234375,0.0
85.0,79.0,0.010185277999880782,50.0,598.15234375,0.0
85.0,80.0,0.007043556000098761,50.0,598.15234375,0.0
85.0,81.0,0.006867982999892774,0.0,598.15234375,0.0
85.0,82.0,0.007266478000019561,100.0,598.15625,0.0
85.0,83.0,0.007062607000079879,50.0,598.15625,0.0
85.0,84.0,0.007322590000057971,50.0,598.15625,0.0
85.0,85.0,0.009243642000001273,50.0,598.15625,0.0
85.0,86.0,0.0073318470001595415,50.0,598.15625,0.0
85.0,87.0,0.005083051999918098,0.0,598.16015625,0.0
85.0,88.0,0.008409058000097502,50.0,598.1640625,0.0
85.0,89.0,0.005288108000058855,50.0,598.1953125,0.0
85.0,90.0,0.006989306999912515,0.0,598.1953125,0.0
85.0,91.0,0.009378703000038513,50.0,598.1953125,0.0
85.0,92.0,0.00892392400010067,50.0,598.1953125,0.0
85.0,93.0,0.005456646999846271,100.0,598.1953125,0.0
85.0,94.0,0.005551612000090245,50.0,598.203125,0.0
85.0,95.0,0.005033883999885802,0.0,598.203125,0.0
85.0,96.0,0.0069211909999467025,100.0,598.203125,0.0
85.0,97.0,0.0053470790001028945,50.0,598.203125,0.0
85.0,98.0,0.006989457999907245,50.0,598.20703125,0.0
85.0,99.0,0.004984264000086114,0.0,598.20703125,0.0
85.0,100.0,0.006566172000020742,50.0,598.2109375,0.0
86.0,1.0,0.00796163399991201,50.0,598.2109375,0.0
86.0,2.0,0.007082960999923671,100.0,598.2109375,0.0
86.0,3.0,0.012302699999963806,66.7,598.2109375,0.0
86.0,4.0,0.009860464999974283,100.0,598.2109375,0.0
86.0,5.0,0.010051940000039394,100.0,598.2109375,0.0
86.0,6.0,0.009411693000174637,50.0,598.2109375,0.0
86.0,7.0,0.005329403999894566,100.0,598.24609375,0.0
86.0,8.0,0.008875416000137193,50.0,598.25,0.0
86.0,9.0,0.008778758999824277,50.0,598.25,0.0
86.0,10.0,0.008937524999964808,50.0,598.25,0.0
86.0,11.0,0.00829353600011018,50.0,598.25,0.0
86.0,12.0,0.005365528000083941,50.0,598.25,0.0
86.0,13.0,0.005490214000019478,0.0,598.25,0.0
86.0,14.0,0.007129971000040314,50.0,598.25,0.0
86.0,15.0,0.007045668000046135,50.0,598.25,0.0
86.0,16.0,0.0070703360001971305,50.0,598.25,0.0
86.0,17.0,0.00684405699985291,0.0,598.25,0.0
86.0,18.0,0.007368167999857178,50.0,598.25390625,0.0
86.0,19.0,0.008858370999860199,50.0,597.83203125,0.0
86.0,20.0,0.007174469000119643,50.0,597.83203125,0.0
86.0,21.0,0.006947841999817683,50.0,597.9609375,0.0
86.0,22.0,0.008926892999852498,50.0,597.9609375,0.0
86.0,23.0,0.0057150550001097145,0.0,598.265625,0.0
86.0,24.0,0.006732997999961299,50.0,598.265625,0.0
86.0,25.0,0.006935324000096443,50.0,598.265625,0.0
86.0,26.0,0.008936615000038728,50.0,598.265625,0.0
86.0,27.0,0.005381436000106987,0.0,598.26953125,0.0
86.0,28.0,0.0069280049999633775,50.0,598.2734375,0.0
86.0,29.0,0.008608763999973235,50.0,598.2734375,0.0
86.0,30.0,0.007379111999853194,50.0,598.2734375,0.0
86.0,31.0,0.007756057000051442,100.0,598.2734375,0.0
86.0,32.0,0.00928180899995823,50.0,598.2734375,0.0
86.0,33.0,0.008367499999849315,50.0,598.2734375,0.0
86.0,34.0,0.0071463680001215835,50.0,598.2734375,0.0
86.0,35.0,0.008805471000187026,50.0,598.2734375,0.0
86.0,36.0,0.008908101000088209,50.0,598.2734375,0.0
86.0,37.0,0.006887141999868618,0.0,598.2734375,0.0
86.0,38.0,0.010772534999887284,66.7,598.28125,0.0
86.0,39.0,0.009863422999842442,100.0,598.28125,0.0
86.0,40.0,0.005061014000148134,0.0,598.28125,0.0
86.0,41.0,0.007098109000025943,50.0,598.28125,0.0
86.0,42.0,0.005384246999938114,100.0,598.28125,0.0
86.0,43.0,0.007308899000008751,50.0,598.28125,0.0
86.0,44.0,0.005092535999892789,0.0,598.28125,0.0
86.0,45.0,0.005362998999999036,100.0,598.28515625,0.0
86.0,46.0,0.00896110099984071,50.0,598.28515625,0.0
86.0,47.0,0.005279928999925687,0.0,598.2890625,0.0
86.0,48.0,0.008523707999984254,50.0,598.2890625,0.0
86.0,49.0,0.0070830310000928876,50.0,598.2890625,0.0
86.0,50.0,0.00722973799997817,100.0,598.29296875,0.0
86.0,51.0,0.007582347999914418,50.0,598.29296875,0.0
86.0,52.0,0.0070483500001046195,50.0,598.29296875,0.0
86.0,53.0,0.005304091999960292,0.0,598.29296875,0.0
86.0,54.0,0.006692377000035776,100.0,598.29296875,0.0
86.0,55.0,0.00890865099995608,50.0,598.29296875,0.0
86.0,56.0,0.007737012000006871,50.0,598.29296875,0.0
86.0,57.0,0.006879837000042244,50.0,598.29296875,0.0
86.0,58.0,0.008580771999959325,50.0,598.296875,0.0
86.0,59.0,0.005024895999895307,0.0,598.296875,0.0
86.0,60.0,0.007207356999970216,50.0,598.296875,0.0
86.0,61.0,0.008634840000013355,50.0,598.296875,0.0
86.0,62.0,0.007281026999862661,50.0,598.296875,0.0
86.0,63.0,0.007321701999899233,50.0,598.296875,0.0
86.0,64.0,0.00915790600015498,50.0,598.296875,0.0
86.0,65.0,0.004975779999995211,0.0,598.296875,0.0
86.0,66.0,0.007110901000032754,50.0,598.296875,0.0
86.0,67.0,0.008945981000124448,50.0,598.296875,0.0
86.0,68.0,0.005922770999859495,50.0,598.30078125,0.0
86.0,69.0,0.00990420399989489,66.7,598.30078125,0.0
86.0,70.0,0.00757527900009336,50.0,598.3046875,0.0
86.0,71.0,0.00787228299986964,0.0,598.3046875,0.0
86.0,72.0,0.0076149139999870386,50.0,598.3046875,0.0
86.0,73.0,0.0056009999998423154,50.0,598.3046875,0.0
86.0,74.0,0.007492129999945973,50.0,598.3046875,0.0
86.0,75.0,0.009344889999965744,50.0,598.3046875,0.0
86.0,76.0,0.00504195600001367,0.0,598.3046875,0.0
86.0,77.0,0.009433255999965695,50.0,598.41796875,0.0
86.0,78.0,0.007545910000089862,50.0,598.421875,0.0
86.0,79.0,0.005439499999965847,50.0,598.421875,0.0
86.0,80.0,0.00760207200005425,50.0,598.421875,0.0
86.0,81.0,0.005364492999888171,0.0,598.421875,0.0
86.0,82.0,0.005083148999801779,50.0,598.421875,0.0
86.0,83.0,0.008774048999839579,50.0,598.421875,0.0
86.0,84.0,0.009459624999863081,50.0,598.421875,0.0
86.0,85.0,0.009026658000038879,50.0,598.421875,0.0
86.0,86.0,0.00838694599997325,50.0,598.421875,0.0
86.0,87.0,0.00749885400000494,50.0,598.421875,0.0
86.0,88.0,0.005496673999914492,0.0,598.421875,0.0
86.0,89.0,0.0067531789998156455,50.0,598.421875,0.0
86.0,90.0,0.008838196000169773,50.0,598.421875,0.0
86.0,91.0,0.005436329000076512,50.0,598.421875,0.0
86.0,92.0,0.006913599000199611,100.0,598.421875,0.0
86.0,93.0,0.007248821000075623,0.0,598.421875,0.0
86.0,94.0,0.0072305360001792,50.0,598.421875,0.0
86.0,95.0,0.008751509999910922,50.0,598.421875,0.0
86.0,96.0,0.005333654000196475,50.0,598.421875,0.0
86.0,97.0,0.005420886999900176,0.0,598.421875,0.0
86.0,98.0,0.007442561000061687,50.0,598.421875,0.0
86.0,99.0,0.007464572999879238,50.0,598.421875,0.0
86.0,100.0,0.009059909000143307,50.0,598.421875,0.0
87.0,1.0,0.006770030000097904,100.0,598.421875,0.0
87.0,2.0,0.007236804000058328,50.0,598.421875,0.0
87.0,3.0,0.007231756000010137,0.0,598.421875,0.0
87.0,4.0,0.0069873270001608034,50.0,598.421875,0.0
87.0,5.0,0.007225990000051752,50.0,598.421875,0.0
87.0,6.0,0.007260312999960661,100.0,598.421875,0.0
87.0,7.0,0.005301379000002271,0.0,598.421875,0.0
87.0,8.0,0.009041933999924368,50.0,598.421875,0.0
87.0,9.0,0.008564974999899277,50.0,598.421875,0.0
87.0,10.0,0.005473911000080989,50.0,598.421875,0.0
87.0,11.0,0.009016198999916014,50.0,598.421875,0.0
87.0,12.0,0.009176861000014469,50.0,598.421875,0.0
87.0,13.0,0.006743082999946637,100.0,598.421875,0.0
87.0,14.0,0.00723218000007364,0.0,598.42578125,0.0
87.0,15.0,0.007024157000159903,50.0,598.42578125,0.0
87.0,16.0,0.008955356000114989,50.0,598.42578125,0.0
87.0,17.0,0.008963096999877962,50.0,598.42578125,0.0
87.0,18.0,0.009137731000009808,50.0,598.42578125,0.0
87.0,19.0,0.008554430000003777,100.0,598.4296875,0.0
87.0,20.0,0.011643304000017451,100.0,598.4296875,0.0
87.0,21.0,0.008663198000022021,100.0,598.4296875,0.0
87.0,22.0,0.007010154999989027,66.7,598.4296875,0.0
87.0,23.0,0.005500126000015371,100.0,598.4296875,0.0
87.0,24.0,0.006789361000073768,0.0,598.4296875,0.0
87.0,25.0,0.008525792000000365,50.0,598.4296875,0.0
87.0,26.0,0.007316662999983237,100.0,598.4296875,0.0
87.0,27.0,0.01213542999994388,100.0,598.4296875,0.0
87.0,28.0,0.00784319600006711,100.0,598.4296875,0.0
87.0,29.0,0.005364775000089139,100.0,598.4296875,0.0
87.0,30.0,0.007272205999925063,0.0,598.4296875,0.0
87.0,31.0,0.0053008170000339305,50.0,598.4296875,0.0
87.0,32.0,0.006623978000106945,100.0,598.43359375,0.0
87.0,33.0,0.009311579000041093,50.0,598.43359375,0.0
87.0,34.0,0.007066740999789545,50.0,598.43359375,0.0
87.0,35.0,0.005021277000196278,0.0,598.43359375,0.0
87.0,36.0,0.00917800399997759,50.0,598.43359375,0.0
87.0,37.0,0.005472833999874638,100.0,598.4375,0.0
87.0,38.0,0.009241896000048655,50.0,598.4375,0.0
87.0,39.0,0.008682298999929117,50.0,598.4375,0.0
87.0,40.0,0.009459314999958224,50.0,598.4375,0.0
87.0,41.0,0.005256295999970462,0.0,598.4375,0.0
87.0,42.0,0.007220341999982338,50.0,598.4375,0.0
87.0,43.0,0.009344628000008015,50.0,598.44140625,0.0
87.0,44.0,0.005312402000072325,100.0,598.44140625,0.0
87.0,45.0,0.010590152000077069,50.0,598.44140625,0.0
87.0,46.0,0.008907501000066986,50.0,598.44140625,0.0
87.0,47.0,0.008489100000133476,50.0,598.44140625,0.0
87.0,48.0,0.005426434000128211,50.0,598.44140625,0.0
87.0,49.0,0.007472811000070578,0.0,598.44140625,0.0
87.0,50.0,0.006894107000107397,100.0,598.44140625,0.0
87.0,51.0,0.006743079999978363,50.0,598.44140625,0.0
87.0,52.0,0.007289591000017026,50.0,598.44140625,0.0
87.0,53.0,0.005164855999964857,100.0,598.44140625,0.0
87.0,54.0,0.007234444000005169,0.0,598.44140625,0.0
87.0,55.0,0.007190475000015795,50.0,598.44140625,0.0
87.0,56.0,0.009156127000096603,50.0,598.44140625,0.0
87.0,57.0,0.0061938280000504164,50.0,598.44140625,0.0
87.0,58.0,0.011062571999900683,50.0,598.44140625,0.0
87.0,59.0,0.0072311889998673,50.0,598.4453125,0.0
87.0,60.0,0.0072306380000100035,50.0,598.4453125,0.0
87.0,61.0,0.007260653999992428,100.0,598.4453125,0.0
87.0,62.0,0.009167207000018607,50.0,598.4453125,0.0
87.0,63.0,0.005254087000139407,0.0,598.44921875,0.0
87.0,64.0,0.005469425000001138,50.0,598.44921875,0.0
87.0,65.0,0.007402213999966989,100.0,598.44921875,0.0
87.0,66.0,0.008565498999814736,50.0,598.44921875,0.0
87.0,67.0,0.008766779000097813,50.0,598.44921875,0.0
87.0,68.0,0.00714686200012693,0.0,598.44921875,0.0
87.0,69.0,0.009394815999939965,66.7,598.44921875,0.0
87.0,70.0,0.005457192999983818,0.0,598.44921875,0.0
87.0,71.0,0.00667244600003869,100.0,598.44921875,0.0
87.0,72.0,0.0071987499998158455,50.0,598.44921875,0.0
87.0,73.0,0.007135342000083256,0.0,598.453125,0.0
87.0,74.0,0.006814802999997482,50.0,598.453125,0.0
87.0,75.0,0.009193801000037638,50.0,598.453125,0.0
87.0,76.0,0.007329217000005883,50.0,598.453125,0.0
87.0,77.0,0.009372039000027144,50.0,598.453125,0.0
87.0,78.0,0.006725842999912857,100.0,598.453125,0.0
87.0,79.0,0.005558978999943065,50.0,598.453125,0.0
87.0,80.0,0.006848895000075572,0.0,598.453125,0.0
87.0,81.0,0.006965251999872635,50.0,598.453125,0.0
87.0,82.0,0.007195676000037565,100.0,598.453125,0.0
87.0,83.0,0.009426804999975502,50.0,598.453125,0.0
87.0,84.0,0.005345261999991635,50.0,598.45703125,0.0
87.0,85.0,0.008459870000024239,0.0,598.45703125,0.0
87.0,86.0,0.007262092000019038,50.0,598.45703125,0.0
87.0,87.0,0.005733575000022029,100.0,598.45703125,0.0
87.0,88.0,0.007136843000125737,50.0,598.45703125,0.0
87.0,89.0,0.0072556860000076995,50.0,598.45703125,0.0
87.0,90.0,0.006689744999903269,0.0,598.45703125,0.0
87.0,91.0,0.00870794799993746,50.0,598.45703125,0.0
87.0,92.0,0.007155120000106763,100.0,598.45703125,0.0
87.0,93.0,0.005512825999858251,50.0,598.45703125,0.0
87.0,94.0,0.00696991299992078,0.0,598.4609375,0.0
87.0,95.0,0.008946319999949992,50.0,598.4609375,0.0
87.0,96.0,0.008694451999872399,50.0,598.4609375,0.0
87.0,97.0,0.00722672999995666,50.0,598.4609375,0.0
87.0,98.0,0.0051411340000413475,100.0,598.4609375,0.0
87.0,99.0,0.00552206399993338,50.0,598.4609375,0.0
87.0,100.0,0.0073317369999585935,0.0,598.4609375,0.0
88.0,1.0,0.005631116000131442,100.0,598.4609375,0.0
88.0,2.0,0.008953497999982574,50.0,598.4609375,0.0
88.0,3.0,0.007662298000013834,50.0,598.46484375,0.0
88.0,4.0,0.005599782999979652,0.0,598.46484375,0.0
88.0,5.0,0.007448027000009461,50.0,598.46875,0.0
88.0,6.0,0.005480480999949577,100.0,598.46875,0.0
88.0,7.0,0.008939779999991515,50.0,598.46875,0.0
88.0,8.0,0.007275778999883187,50.0,598.46875,0.0
88.0,9.0,0.008416055999987293,50.0,598.47265625,0.0
88.0,10.0,0.005608361999975386,0.0,598.47265625,0.0
88.0,11.0,0.005171539000002667,100.0,598.47265625,0.0
88.0,12.0,0.007805640000015046,50.0,598.47265625,0.0
88.0,13.0,0.007445341999982702,50.0,598.47265625,0.0
88.0,14.0,0.00853071500000624,50.0,598.4765625,0.0
88.0,15.0,0.008796781999990344,50.0,598.48046875,0.0
88.0,16.0,0.007105637999984538,0.0,598.48046875,0.0
88.0,17.0,0.007061777999979313,50.0,598.48046875,0.0
88.0,18.0,0.007176074999961202,50.0,598.48046875,0.0
88.0,19.0,0.007084743000177696,50.0,598.48046875,0.0
88.0,20.0,0.007278903000042192,50.0,598.48828125,0.0
88.0,21.0,0.010881727999958457,50.0,598.05859375,0.0
88.0,22.0,0.0054238830000485905,100.0,598.05859375,0.0
88.0,23.0,0.009003059999940888,50.0,598.41796875,0.0
88.0,24.0,0.009230089000084263,50.0,598.421875,0.0
88.0,25.0,0.009961392999912277,50.0,598.3359375,0.0
88.0,26.0,0.007170406000113871,50.0,598.3359375,0.0
88.0,27.0,0.007396950999918772,50.0,598.3359375,0.0
88.0,28.0,0.005348728999933883,0.0,598.3359375,0.0
88.0,29.0,0.007124546999875747,100.0,598.3359375,0.0
88.0,30.0,0.009106753999958528,50.0,598.33984375,0.0
88.0,31.0,0.00887990399996852,50.0,598.40625,0.0
88.0,32.0,0.007426995999821884,50.0,598.40625,0.0
88.0,33.0,0.009029463999922882,50.0,598.40625,0.0
88.0,34.0,0.0073758220000854635,50.0,598.41015625,0.0
88.0,35.0,0.010071333000041705,50.0,598.4140625,0.0
88.0,36.0,0.0051848539999355125,100.0,598.4140625,0.0
88.0,37.0,0.00703614999997626,50.0,598.4140625,0.0
88.0,38.0,0.0091802029999144,50.0,598.4140625,0.0
88.0,39.0,0.005472635000160153,0.0,598.4140625,0.0
88.0,40.0,0.009715192999919964,66.7,598.4140625,0.0
88.0,41.0,0.0053138220000619185,0.0,598.41796875,0.0
88.0,42.0,0.008099459999812098,50.0,598.41796875,0.0
88.0,43.0,0.005393323000134842,100.0,598.41796875,0.0
88.0,44.0,0.007389205999970727,50.0,598.421875,0.0
88.0,45.0,0.005442240000093079,0.0,598.421875,0.0
88.0,46.0,0.0069540100000722305,100.0,598.421875,0.0
88.0,47.0,0.009626045000004524,50.0,598.421875,0.0
88.0,48.0,0.009042593000003762,50.0,598.421875,0.0
88.0,49.0,0.005865860999847428,66.7,598.640625,0.0
88.0,50.0,0.009697888000118837,100.0,598.640625,0.0
88.0,51.0,0.012451005999992049,100.0,598.640625,0.0
88.0,52.0,0.00662697500001741,100.0,598.640625,0.0
88.0,53.0,0.008789570000089952,0.0,598.4296875,0.0
88.0,54.0,0.0068619640001088555,50.0,598.4296875,0.0
88.0,55.0,0.008734567999908904,50.0,598.4296875,0.0
88.0,56.0,0.007551544999842008,50.0,598.4296875,0.0
88.0,57.0,0.007371810999984518,50.0,598.4296875,0.0
88.0,58.0,0.007219030999976894,100.0,598.43359375,0.0
88.0,59.0,0.009251072000097338,50.0,598.43359375,0.0
88.0,60.0,0.009342535999849133,50.0,598.43359375,0.0
88.0,61.0,0.0051846100000148,0.0,598.43359375,0.0
88.0,62.0,0.008870072000036089,50.0,598.43359375,0.0
88.0,63.0,0.006763359000160563,50.0,598.43359375,0.0
88.0,64.0,0.009199642999874413,50.0,598.43359375,0.0
88.0,65.0,0.008709268000075099,50.0,598.49609375,0.0
88.0,66.0,0.008914899000046717,50.0,598.49609375,0.0
88.0,67.0,0.008766296999965562,50.0,598.49609375,0.0
88.0,68.0,0.009148404000143273,50.0,598.5,0.0
88.0,69.0,0.005248659000017142,0.0,598.5,0.0
88.0,70.0,0.007331425999836938,50.0,598.5,0.0
88.0,71.0,0.008600505999993402,50.0,598.12109375,0.0
88.0,72.0,0.00716878799994447,50.0,598.12109375,0.0
88.0,73.0,0.005267718999903082,0.0,598.25390625,0.0
88.0,74.0,0.005467380000027333,50.0,598.25390625,0.0
88.0,75.0,0.005120606999980737,50.0,598.25390625,0.0
88.0,76.0,0.009307820999993055,66.7,598.25390625,0.0
88.0,77.0,0.0071690300001137075,0.0,598.25390625,0.0
88.0,78.0,0.008235063000029186,100.0,598.25390625,0.0
88.0,79.0,0.007202199999937875,50.0,598.2578125,0.0
88.0,80.0,0.005159776000027705,50.0,598.2578125,0.0
88.0,81.0,0.007341247000113071,0.0,598.4296875,0.0
88.0,82.0,0.007463003999873763,50.0,598.4296875,0.0
88.0,83.0,0.007327078999878722,50.0,598.4296875,0.0
88.0,84.0,0.006837253999947279,50.0,598.4296875,0.0
88.0,85.0,0.009083226999791805,50.0,598.4296875,0.0
88.0,86.0,0.00895150300016212,50.0,598.4296875,0.0
88.0,87.0,0.008625848000065162,50.0,598.48828125,0.0
88.0,88.0,0.005662725000092905,0.0,598.48828125,0.0
88.0,89.0,0.008952739000051224,50.0,598.54296875,0.0
88.0,90.0,0.009012656000095376,50.0,598.54296875,0.0
88.0,91.0,0.008735875999946074,50.0,598.54296875,0.0
88.0,92.0,0.00889223499984837,50.0,598.54296875,0.0
88.0,93.0,0.010034933000042656,50.0,598.34765625,0.0
88.0,94.0,0.005130330000156391,50.0,598.34765625,0.0
88.0,95.0,0.005708732000130112,100.0,598.58984375,0.0
88.0,96.0,0.005086036000193417,0.0,598.58984375,0.0
88.0,97.0,0.008990296000092712,50.0,598.58984375,0.0
88.0,98.0,0.005483916000002864,50.0,598.58984375,0.0
88.0,99.0,0.012046887999986211,50.0,598.05859375,0.0
88.0,100.0,0.007113736000064819,50.0,598.234375,0.0
89.0,1.0,0.008130922999953327,50.0,598.234375,0.0
89.0,2.0,0.007489711000062016,100.0,598.3359375,0.0
89.0,3.0,0.008349631000100999,0.0,598.3359375,0.0
89.0,4.0,0.005247879000080502,50.0,598.3359375,0.0
89.0,5.0,0.007173015000034866,50.0,598.3359375,0.0
89.0,6.0,0.007238560000132566,100.0,598.4375,0.0
89.0,7.0,0.0069741970000904985,50.0,598.4375,0.0
89.0,8.0,0.006943756000055146,0.0,598.4375,0.0
89.0,9.0,0.006783184000141773,50.0,598.44140625,0.0
89.0,10.0,0.007205012999975224,50.0,598.44140625,0.0
89.0,11.0,0.008878563000052964,50.0,598.44140625,0.0
89.0,12.0,0.00535884700002498,0.0,598.44140625,0.0
89.0,13.0,0.007186640999861993,50.0,598.4765625,0.0
89.0,14.0,0.011640254999974786,100.0,598.4765625,0.0
89.0,15.0,0.00747080799987998,66.7,598.4765625,0.0
89.0,16.0,0.009133083000051556,50.0,597.92578125,0.0
89.0,17.0,0.006970771000169407,100.0,598.10546875,0.0
89.0,18.0,0.006187230000023192,50.0,598.22265625,0.0
89.0,19.0,0.00747226600014983,0.0,598.22265625,0.0
89.0,20.0,0.007700935000002573,50.0,598.421875,0.0
89.0,21.0,0.008746537999968496,50.0,598.42578125,0.0
89.0,22.0,0.00955444900000657,50.0,598.4296875,0.0
89.0,23.0,0.006871097999919584,50.0,598.43359375,0.0
89.0,24.0,0.008820034999871496,50.0,598.43359375,0.0
89.0,25.0,0.006827854999983174,100.0,598.43359375,0.0
89.0,26.0,0.007209233000139648,50.0,598.43359375,0.0
89.0,27.0,0.005501355999967927,0.0,598.43359375,0.0
89.0,28.0,0.006929310000032274,100.0,598.43359375,0.0
89.0,29.0,0.007673710999824834,50.0,598.4375,0.0
89.0,30.0,0.00745458200003668,50.0,598.4375,0.0
89.0,31.0,0.007240237999894816,0.0,598.4375,0.0
89.0,32.0,0.006809981000060361,50.0,598.44140625,0.0
89.0,33.0,0.009044548000019859,100.0,598.44140625,0.0
89.0,34.0,0.00740096899994569,50.0,598.53125,0.0
89.0,35.0,0.008794439999974202,50.0,598.53515625,0.0
89.0,36.0,0.008602138000014747,50.0,598.53515625,0.0
89.0,37.0,0.007219089000045642,50.0,598.6875,0.0
89.0,38.0,0.005344266000065545,0.0,598.6875,0.0
89.0,39.0,0.010408912000002601,50.0,598.4453125,0.0
89.0,40.0,0.008713552000017444,50.0,598.44921875,0.0
89.0,41.0,0.005147429000089687,100.0,598.453125,0.0
89.0,42.0,0.007023170999900685,50.0,598.453125,0.0
89.0,43.0,0.00540852799986169,0.0,598.453125,0.0
89.0,44.0,0.009160273999896162,50.0,598.52734375,0.0
89.0,45.0,0.007453803000089465,100.0,598.53125,0.0
89.0,46.0,0.009029265999970448,50.0,598.53515625,0.0
89.0,47.0,0.008722663000071407,50.0,598.53515625,0.0
89.0,48.0,0.006822052999950756,50.0,598.53515625,0.0
89.0,49.0,0.008642710999993142,50.0,598.57421875,0.0
89.0,50.0,0.008804504999943674,50.0,598.578125,0.0
89.0,51.0,0.0074105490000420104,50.0,598.58203125,0.0
89.0,52.0,0.009197304000053919,50.0,598.58203125,0.0
89.0,53.0,0.007173721000071964,0.0,598.58203125,0.0
89.0,54.0,0.007172842000045421,100.0,598.58203125,0.0
89.0,55.0,0.006766607999907137,50.0,598.58203125,0.0
89.0,56.0,0.009672962999957235,66.7,598.5859375,0.0
89.0,57.0,0.007689589999927193,50.0,598.5859375,0.0
89.0,58.0,0.007940286000120977,50.0,598.5859375,0.0
89.0,59.0,0.008119515999851501,100.0,598.5859375,0.0
89.0,60.0,0.00763551699992604,50.0,598.5859375,0.0
89.0,61.0,0.00948555399986617,50.0,598.59375,0.0
89.0,62.0,0.007292387000006784,50.0,598.59375,0.0
89.0,63.0,0.007930141999850093,50.0,598.59375,0.0
89.0,64.0,0.010220831999959046,100.0,598.59765625,0.0
89.0,65.0,0.006851009000001795,0.0,598.65625,0.0
89.0,66.0,0.005455313999846112,50.0,598.65625,0.0
89.0,67.0,0.005554437999990114,100.0,598.7734375,0.0
89.0,68.0,0.005663367000124708,0.0,598.7734375,0.0
89.0,69.0,0.006820707000088078,100.0,598.7734375,0.0
89.0,70.0,0.011991244000000734,100.0,598.7734375,0.0
89.0,71.0,0.007685635999905571,100.0,598.77734375,0.0
89.0,72.0,0.011036373000024469,66.7,598.77734375,0.0
89.0,73.0,0.008953498999971998,50.0,598.78125,0.0
89.0,74.0,0.0070539880000524136,50.0,598.78125,0.0
89.0,75.0,0.009490262000099392,50.0,598.78125,0.0
89.0,76.0,0.007310701000051267,100.0,598.78125,0.0
89.0,77.0,0.005653358000017761,0.0,598.78125,0.0
89.0,78.0,0.007197892000021966,50.0,598.78515625,0.0
89.0,79.0,0.007484671999918646,50.0,598.78515625,0.0
89.0,80.0,0.007407442999920022,100.0,598.78515625,0.0
89.0,81.0,0.005637620000015886,0.0,598.78515625,0.0
89.0,82.0,0.007243653999921662,50.0,598.7890625,0.0
89.0,83.0,0.005155574000127672,50.0,598.7890625,0.0
89.0,84.0,0.009537464999993972,50.0,598.79296875,0.0
89.0,85.0,0.007409062000078848,100.0,598.79296875,0.0
89.0,86.0,0.009300808000034522,50.0,598.79296875,0.0
89.0,87.0,0.005538339999930031,0.0,598.79296875,0.0
89.0,88.0,0.0071471540002221445,50.0,598.79296875,0.0
89.0,89.0,0.008812351000187846,50.0,598.79296875,0.0
89.0,90.0,0.005289766000032614,100.0,598.80078125,0.0
89.0,91.0,0.007129086000077223,50.0,598.80078125,0.0
89.0,92.0,0.007926366999981838,0.0,598.859375,0.0
89.0,93.0,0.011484435999818743,66.7,598.859375,0.0
89.0,94.0,0.009209818000044834,0.0,598.09375,0.0
89.0,95.0,0.00943085400012933,66.7,598.59375,0.0
89.0,96.0,0.00930951999998797,50.0,598.59375,0.0
89.0,97.0,0.007647835999932795,0.0,598.59375,0.0
89.0,98.0,0.0068844209999952,50.0,598.59375,0.0
89.0,99.0,0.00718557499999406,50.0,598.953125,0.0
89.0,100.0,0.005436638999981369,100.0,598.953125,0.0
90.0,1.0,0.008594431000119584,50.0,598.953125,0.0
90.0,2.0,0.007456353000179661,0.0,598.95703125,0.0
90.0,3.0,0.005550687999857473,50.0,598.95703125,0.0
90.0,4.0,0.007491301999834832,50.0,598.95703125,0.0
90.0,5.0,0.008679266999934043,50.0,598.95703125,0.0
90.0,6.0,0.005514188999995895,100.0,598.95703125,0.0
90.0,7.0,0.005335226999932274,0.0,598.95703125,0.0
90.0,8.0,0.009078015999875788,50.0,595.25390625,0.0
90.0,9.0,0.010055835000002844,66.7,598.7890625,0.0
90.0,10.0,0.010660750999932134,50.0,598.7890625,0.0
90.0,11.0,0.01590580999982194,100.0,598.40625,0.0
90.0,12.0,0.012835968999979741,100.0,598.41015625,0.0
90.0,13.0,0.010199069999998756,100.0,598.6875,0.0
90.0,14.0,0.007484859999976834,100.0,598.6875,0.0
90.0,15.0,0.00943996099999822,100.0,598.6875,0.0
90.0,16.0,0.007711187000040809,100.0,598.6875,0.0
90.0,17.0,0.01226571900019735,100.0,598.6875,0.0
90.0,18.0,0.008801049999874522,100.0,598.80078125,0.0
90.0,19.0,0.010020945999940523,100.0,598.80078125,0.0
90.0,20.0,0.009829047000039282,100.0,598.80078125,0.0
90.0,21.0,0.010942624999870532,100.0,598.80078125,0.0
90.0,22.0,0.009314941000184263,100.0,598.80078125,0.0
90.0,23.0,0.009205619000113074,100.0,598.80859375,0.0
90.0,24.0,0.011539866000020993,100.0,598.80859375,0.0
90.0,25.0,0.009173131999887119,100.0,598.80859375,0.0
90.0,26.0,0.010103473000071972,100.0,598.80859375,0.0
90.0,27.0,0.009645813000133785,100.0,598.80859375,0.0
90.0,28.0,0.009258901000066544,100.0,598.80859375,0.0
90.0,29.0,0.00660542900004657,100.0,598.80859375,0.0
90.0,30.0,0.009069898000007015,100.0,598.80859375,0.0
90.0,31.0,0.009763913999904617,100.0,598.80859375,0.0
90.0,32.0,0.010373579999850335,100.0,598.80859375,0.0
90.0,33.0,0.011667070999919815,100.0,598.80859375,0.0
90.0,34.0,0.011326403000111895,100.0,598.80859375,0.0
90.0,35.0,0.009143365999989328,100.0,598.80859375,0.0
90.0,36.0,0.009344299000076717,100.0,598.80859375,0.0
90.0,37.0,0.00641998500009322,100.0,598.80859375,0.0
90.0,38.0,0.007027041999890571,100.0,598.80859375,0.0
90.0,39.0,0.012776019000057204,100.0,598.80859375,0.0
90.0,40.0,0.00893028499990578,50.0,598.80859375,0.0
90.0,41.0,0.01034497199998441,100.0,598.80859375,0.0
90.0,42.0,0.00939146299992899,100.0,598.80859375,0.0
90.0,43.0,0.011559733000012784,100.0,598.80859375,0.0
90.0,44.0,0.009648272000049474,100.0,598.80859375,0.0
90.0,45.0,0.00920440699997016,100.0,598.80859375,0.0
90.0,46.0,0.00905593599986787,100.0,598.80859375,0.0
90.0,47.0,0.00945161200002076,100.0,598.80859375,0.0
90.0,48.0,0.007145521999973425,100.0,598.80859375,0.0
90.0,49.0,0.009163275999981124,100.0,598.80859375,0.0
90.0,50.0,0.010189111000045159,100.0,598.8125,0.0
90.0,51.0,0.0073166100000889855,100.0,598.8125,0.0
90.0,52.0,0.011813382999889654,100.0,598.8125,0.0
90.0,53.0,0.008861029000172493,100.0,598.8125,0.0
90.0,54.0,0.01120605300002353,100.0,598.8125,0.0
90.0,55.0,0.009267236000141565,100.0,598.81640625,0.0
90.0,56.0,0.006675446000144802,100.0,598.81640625,0.0
90.0,57.0,0.011577201000136483,100.0,598.81640625,0.0
90.0,58.0,0.00912718099993981,100.0,598.81640625,0.0
90.0,59.0,0.006953210999881776,100.0,598.81640625,0.0
90.0,60.0,0.011751598000046215,100.0,598.81640625,0.0
90.0,61.0,0.009183571999983542,100.0,598.8203125,0.0
90.0,62.0,0.009935920000089027,100.0,598.08984375,0.0
90.0,63.0,0.009365184999978737,100.0,598.29296875,0.0
90.0,64.0,0.006619575999820881,100.0,598.48046875,0.0
90.0,65.0,0.009503126000026896,100.0,598.61328125,0.0
90.0,66.0,0.009831728999870393,100.0,598.61328125,0.0
90.0,67.0,0.013828360999923461,100.0,598.16015625,0.0
90.0,68.0,0.007140153999898757,100.0,598.71484375,0.0
90.0,69.0,0.011481821999950625,100.0,598.71484375,0.0
90.0,70.0,0.00884043299993209,100.0,598.71875,0.0
90.0,71.0,0.00935144000004584,100.0,598.71875,0.0
90.0,72.0,0.013713087999803975,100.0,598.72265625,0.0
90.0,73.0,0.01173568800004432,100.0,598.72265625,0.0
90.0,74.0,0.013716834999968341,100.0,598.72265625,0.0
90.0,75.0,0.008085345999916171,100.0,598.72265625,0.0
90.0,76.0,0.009907860000112123,100.0,598.72265625,0.0
90.0,77.0,0.010573789999853034,100.0,598.72265625,0.0
90.0,78.0,0.012200763000009829,100.0,598.7265625,0.0
90.0,79.0,0.013075548999950115,100.0,598.7265625,0.0
90.0,80.0,0.00920512199991208,100.0,598.7265625,0.0
90.0,81.0,0.00884466299999076,100.0,598.7265625,0.0
90.0,82.0,0.00906231899989507,100.0,598.7265625,0.0
90.0,83.0,0.010802280999996583,100.0,598.73046875,0.0
90.0,84.0,0.011352556000019831,100.0,598.73046875,0.0
90.0,85.0,0.006782094999834953,100.0,598.73046875,0.0
90.0,86.0,0.0068085709999650135,100.0,598.73046875,0.0
90.0,87.0,0.010485855000069932,100.0,598.73046875,0.0
90.0,88.0,0.011080863999950452,100.0,595.01953125,0.0
90.0,89.0,0.0139882480000324,100.0,598.32421875,0.0
90.0,90.0,0.011399998999877425,100.0,598.69140625,0.0
90.0,91.0,0.009417069999926753,100.0,598.69140625,0.0
90.0,92.0,0.014547163000088403,100.0,598.68359375,0.0
90.0,93.0,0.011188220000121873,100.0,598.68359375,0.0
90.0,94.0,0.014920728000106465,100.0,598.2578125,0.0
90.0,95.0,0.006733896000014283,100.0,598.4453125,0.0
90.0,96.0,0.010636229000056119,100.0,598.4453125,0.0
90.0,97.0,0.011299194999992324,100.0,598.9296875,0.0
90.0,98.0,0.008913846999803354,100.0,598.9296875,0.0
90.0,99.0,0.011227898000015557,100.0,598.234375,0.0
90.0,100.0,0.00694469800009756,100.0,598.6484375,0.0
91.0,1.0,0.0068219779998344166,100.0,598.6484375,0.0
91.0,2.0,0.011285547000170482,100.0,598.65234375,0.0
91.0,3.0,0.008553419999998368,100.0,598.65234375,0.0
91.0,4.0,0.008739400000195019,100.0,598.65234375,0.0
91.0,5.0,0.01117020800006685,100.0,598.65625,0.0
91.0,6.0,0.011435734000087905,100.0,598.65625,0.0
91.0,7.0,0.011307222000141337,100.0,598.65625,0.0
91.0,8.0,0.008649043000104939,100.0,598.65625,0.0
91.0,9.0,0.010896719999891502,100.0,598.65625,0.0
91.0,10.0,0.009150757000043086,100.0,598.65625,0.0
91.0,11.0,0.011515149999922869,100.0,598.65625,0.0
91.0,12.0,0.008679978000145638,100.0,598.66796875,0.0
91.0,13.0,0.009209478999991916,100.0,598.94921875,0.0
91.0,14.0,0.006466392999982418,100.0,598.94921875,0.0
91.0,15.0,0.011159822999843527,100.0,598.94921875,0.0
91.0,16.0,0.008915678999983356,100.0,595.43359375,0.0
91.0,17.0,0.01051808100010021,100.0,598.44921875,0.0
91.0,18.0,0.011422953999954188,100.0,598.44921875,0.0
91.0,19.0,0.007205611000017598,100.0,598.44921875,0.0
91.0,20.0,0.006739478999861603,100.0,598.44921875,0.0
91.0,21.0,0.007143814000073689,100.0,598.7890625,0.0
91.0,22.0,0.011036763999982213,100.0,598.7890625,0.0
91.0,23.0,0.009296824000102788,100.0,598.796875,0.0
91.0,24.0,0.00912003000007644,100.0,598.796875,0.0
91.0,25.0,0.006694664000178818,100.0,598.796875,0.0
91.0,26.0,0.008635036999976364,100.0,598.796875,0.0
91.0,27.0,0.008684266000045682,100.0,598.796875,0.0
91.0,28.0,0.0071431690000736126,100.0,598.796875,0.0
91.0,29.0,0.009768557000143119,100.0,598.796875,0.0
91.0,30.0,0.0070386429999871325,100.0,598.796875,0.0
91.0,31.0,0.011444226999856255,100.0,598.796875,0.0
91.0,32.0,0.0064444960000855644,100.0,598.796875,0.0
91.0,33.0,0.009433435999881112,100.0,598.80078125,0.0
91.0,34.0,0.008765725000102975,100.0,598.80078125,0.0
91.0,35.0,0.006376369000008708,100.0,598.80078125,0.0
91.0,36.0,0.008818625000003522,100.0,598.80078125,0.0
91.0,37.0,0.007004386000062368,100.0,598.80078125,0.0
91.0,38.0,0.01124649700000191,100.0,598.80078125,0.0
91.0,39.0,0.009061919000032503,100.0,598.80078125,0.0
91.0,40.0,0.009212964999960604,100.0,598.80078125,0.0
91.0,41.0,0.009104664999995293,100.0,598.80078125,0.0
91.0,42.0,0.00869908899994698,100.0,598.80078125,0.0
91.0,43.0,0.006872905999898649,100.0,598.80078125,0.0
91.0,44.0,0.009344674999965719,100.0,598.8046875,0.0
91.0,45.0,0.01202441300006285,100.0,598.8046875,0.0
91.0,46.0,0.007404657999813935,100.0,598.8046875,0.0
91.0,47.0,0.011537846000010177,100.0,598.8046875,0.0
91.0,48.0,0.011357841999824814,100.0,598.80859375,0.0
91.0,49.0,0.011423249000017677,100.0,598.80859375,0.0
91.0,50.0,0.011413066000159233,100.0,598.80859375,0.0
91.0,51.0,0.01174190599999747,100.0,598.80859375,0.0
91.0,52.0,0.011701721999997972,100.0,598.80859375,0.0
91.0,53.0,0.00967897600003198,100.0,598.80859375,0.0
91.0,54.0,0.012205484999867622,100.0,598.8125,0.0
91.0,55.0,0.01693112300017674,100.0,598.3984375,0.0
91.0,56.0,0.013700023000183137,100.0,598.6171875,0.0
91.0,57.0,0.009675328999946942,100.0,598.6171875,0.0
91.0,58.0,0.011694725000097606,100.0,598.62109375,0.0
91.0,59.0,0.011459495999815772,50.0,598.62109375,0.0
91.0,60.0,0.012740625000105865,100.0,598.62109375,0.0
91.0,61.0,0.01448291499991683,100.0,598.62109375,0.0
91.0,62.0,0.013983167000105823,100.0,598.62109375,0.0
91.0,63.0,0.010258462999900075,100.0,598.625,0.0
91.0,64.0,0.011302550999971572,100.0,598.625,0.0
91.0,65.0,0.007175508000045738,100.0,598.625,0.0
91.0,66.0,0.007082753000076991,100.0,598.625,0.0
91.0,67.0,0.007709105000003547,100.0,598.625,0.0
91.0,68.0,0.009759399999893503,100.0,598.625,0.0
91.0,69.0,0.01496308599985241,100.0,598.625,0.0
91.0,70.0,0.011852833999910217,100.0,598.72265625,0.0
91.0,71.0,0.010077072000058251,100.0,598.76171875,0.0
91.0,72.0,0.013223322999920128,100.0,598.765625,0.0
91.0,73.0,0.009866298999895662,100.0,598.765625,0.0
91.0,74.0,0.009940291000020807,100.0,598.76953125,0.0
91.0,75.0,0.014876161999836768,100.0,598.76953125,0.0
91.0,76.0,0.01412638900001184,100.0,598.76953125,0.0
91.0,77.0,0.013386722999939593,100.0,598.76953125,0.0
91.0,78.0,0.010301369999979215,100.0,598.76953125,0.0
91.0,79.0,0.01094298299994989,100.0,598.76953125,0.0
91.0,80.0,0.009209531000124116,100.0,598.76953125,0.0
91.0,81.0,0.010874553999883574,100.0,598.76953125,0.0
91.0,82.0,0.009001653000041188,100.0,598.7734375,0.0
91.0,83.0,0.014006856000150947,100.0,598.7734375,0.0
91.0,84.0,0.009518202999970526,100.0,598.7734375,0.0
91.0,85.0,0.008271259999901304,100.0,598.7734375,0.0
91.0,86.0,0.00919969200003834,100.0,598.7734375,0.0
91.0,87.0,0.00904377699998804,100.0,598.7734375,0.0
91.0,88.0,0.008807263000107923,100.0,598.7734375,0.0
91.0,89.0,0.00924606299986408,100.0,598.7734375,0.0
91.0,90.0,0.008730156999945393,100.0,598.7734375,0.0
91.0,91.0,0.009155640000017229,100.0,598.7734375,0.0
91.0,92.0,0.013000314000009894,100.0,598.15625,0.0
91.0,93.0,0.006838924000021507,100.0,598.71875,0.0
91.0,94.0,0.006968312000026344,100.0,598.71875,0.0
91.0,95.0,0.006520139000031122,100.0,598.71875,0.0
91.0,96.0,0.011351201000024957,100.0,598.71875,0.0
91.0,97.0,0.011581670999930793,100.0,598.71875,0.0
91.0,98.0,0.011492598999893744,100.0,598.73046875,0.0
91.0,99.0,0.009078968000039822,100.0,598.765625,0.0
91.0,100.0,0.01052039599994714,100.0,598.765625,0.0
92.0,1.0,0.013253500000018903,100.0,598.765625,0.0
92.0,2.0,0.009646687999975256,50.0,598.76953125,0.0
92.0,3.0,0.013483701000041037,100.0,598.76953125,0.0
92.0,4.0,0.012284292000003916,100.0,598.76953125,0.0
92.0,5.0,0.008960126000147284,100.0,598.76953125,0.0
92.0,6.0,0.012508800999967207,100.0,599.0,0.0
92.0,7.0,0.010452698999870336,100.0,599.00390625,0.0
92.0,8.0,0.007381473000123151,100.0,599.00390625,0.0
92.0,9.0,0.007191406999936589,100.0,599.00390625,0.0
92.0,10.0,0.009523682999997618,100.0,599.00390625,0.0
92.0,11.0,0.010381790999872464,100.0,599.0078125,0.0
92.0,12.0,0.010337536999941221,100.0,599.0078125,0.0
92.0,13.0,0.008178246999932526,100.0,599.0078125,0.0
92.0,14.0,0.010247814999956972,100.0,599.01171875,0.0
92.0,15.0,0.010790227000143204,100.0,599.01171875,0.0
92.0,16.0,0.01036726200004523,100.0,599.01171875,0.0
92.0,17.0,0.013197622999996383,100.0,599.01171875,0.0
92.0,18.0,0.011938433999830522,100.0,599.01171875,0.0
92.0,19.0,0.01201643200010949,100.0,599.01171875,0.0
92.0,20.0,0.007204034999858777,100.0,599.015625,0.0
92.0,21.0,0.007644068999979936,100.0,599.015625,0.0
92.0,22.0,0.012336993999952028,100.0,599.01953125,0.0
92.0,23.0,0.012070206000089456,100.0,599.01953125,0.0
92.0,24.0,0.010305707000043185,100.0,599.01953125,0.0
92.0,25.0,0.013523501999998189,66.7,599.02734375,0.0
92.0,26.0,0.012569029000133014,100.0,599.02734375,0.0
92.0,27.0,0.01289869400011412,100.0,599.02734375,0.0
92.0,28.0,0.012799341000118147,100.0,599.02734375,0.0
92.0,29.0,0.009575441999913892,100.0,599.02734375,0.0
92.0,30.0,0.008702308000010817,100.0,599.03125,0.0
92.0,31.0,0.009930779000114853,100.0,599.03125,0.0
92.0,32.0,0.012379663000047003,100.0,599.03125,0.0
92.0,33.0,0.007397956999966482,100.0,599.03125,0.0
92.0,34.0,0.011800988000004509,100.0,599.03125,0.0
92.0,35.0,0.012258956000096077,100.0,599.03125,0.0
92.0,36.0,0.00952516100005596,100.0,598.30859375,0.0
92.0,37.0,0.010620979999885094,100.0,598.51171875,0.0
92.0,38.0,0.011976976999903854,100.0,598.71484375,0.0
92.0,39.0,0.01027299700012918,50.0,598.71484375,0.0
92.0,40.0,0.008575432000043293,100.0,598.796875,0.0
92.0,41.0,0.008181767000223772,100.0,598.796875,0.0
92.0,42.0,0.01060452499996245,100.0,598.796875,0.0
92.0,43.0,0.00778876999993372,100.0,598.796875,0.0
92.0,44.0,0.01113706700016337,100.0,598.796875,0.0
92.0,45.0,0.011044701999935569,100.0,598.796875,0.0
92.0,46.0,0.005392295999854468,50.0,598.796875,0.0
92.0,47.0,0.005916131999811114,0.0,598.796875,0.0
92.0,48.0,0.007163949999949182,50.0,598.796875,0.0
92.0,49.0,0.007936934000099427,50.0,598.796875,0.0
92.0,50.0,0.007108173999995415,50.0,598.80078125,0.0
92.0,51.0,0.009789673999875959,50.0,598.80078125,0.0
92.0,52.0,0.009543025999846577,50.0,598.80078125,0.0
92.0,53.0,0.007252373000028456,50.0,598.80078125,0.0
92.0,54.0,0.007520396000018081,0.0,598.91796875,0.0
92.0,55.0,0.007518034000213447,100.0,598.91796875,0.0
92.0,56.0,0.007553748999953314,50.0,598.921875,0.0
92.0,57.0,0.0085139259999778,50.0,598.921875,0.0
92.0,58.0,0.005594406999989587,50.0,598.921875,0.0
92.0,59.0,0.0077321930000380235,0.0,598.921875,0.0
92.0,60.0,0.005401929000072414,100.0,598.921875,0.0
92.0,61.0,0.0056609669998124446,50.0,598.921875,0.0
92.0,62.0,0.007325288999936674,50.0,598.921875,0.0
92.0,63.0,0.007122621999997136,0.0,598.921875,0.0
92.0,64.0,0.007295320999901378,100.0,598.921875,0.0
92.0,65.0,0.00954809299992121,50.0,598.921875,0.0
92.0,66.0,0.009362513000041872,50.0,598.921875,0.0
92.0,67.0,0.011399577000020145,33.3,598.921875,0.0
92.0,68.0,0.010697315000015806,100.0,598.921875,0.0
92.0,69.0,0.01295954400006849,100.0,598.96484375,0.0
92.0,70.0,0.009995379999963916,100.0,598.96484375,0.0
92.0,71.0,0.005694296999990911,100.0,598.96484375,0.0
92.0,72.0,0.007414329000084763,50.0,598.96484375,0.0
92.0,73.0,0.005158266000080403,0.0,598.96484375,0.0
92.0,74.0,0.00750998300009087,50.0,598.96484375,0.0
92.0,75.0,0.007597792000069603,100.0,598.96484375,0.0
92.0,76.0,0.006834648999983983,50.0,598.96484375,0.0
92.0,77.0,0.005912713000043368,0.0,598.96484375,0.0
92.0,78.0,0.006052461999843217,50.0,598.96484375,0.0
92.0,79.0,0.007062980000000607,100.0,598.96484375,0.0
92.0,80.0,0.010890369999970062,50.0,598.40625,0.0
92.0,81.0,0.009084264999955849,50.0,598.64453125,0.0
92.0,82.0,0.005819534000011117,50.0,598.9296875,0.0
92.0,83.0,0.005450553999935437,0.0,598.9296875,0.0
92.0,84.0,0.007488257999966663,50.0,598.9296875,0.0
92.0,85.0,0.00696123600005194,100.0,598.9296875,0.0
92.0,86.0,0.005622339000183274,50.0,598.9296875,0.0
92.0,87.0,0.007571928000061234,0.0,598.9296875,0.0
92.0,88.0,0.007422844000075202,50.0,598.9296875,0.0
92.0,89.0,0.009470901999975467,50.0,598.9296875,0.0
92.0,90.0,0.007717806000073324,100.0,598.9296875,0.0
92.0,91.0,0.007517418000134057,50.0,598.9296875,0.0
92.0,92.0,0.00572915800012197,50.0,598.93359375,0.0
92.0,93.0,0.007201136000048791,0.0,598.93359375,0.0
92.0,94.0,0.008980317999885301,50.0,598.93359375,0.0
92.0,95.0,0.007631431999925553,50.0,598.93359375,0.0
92.0,96.0,0.0075776180001412285,100.0,598.93359375,0.0
92.0,97.0,0.007958201000064946,50.0,598.93359375,0.0
92.0,98.0,0.005663088000119387,50.0,598.93359375,0.0
92.0,99.0,0.005696726999985913,0.0,598.93359375,0.0
92.0,100.0,0.008792546999984552,50.0,598.93359375,0.0
93.0,1.0,0.005619574000093053,100.0,598.93359375,0.0
93.0,2.0,0.00738705799994932,50.0,598.93359375,0.0
93.0,3.0,0.007096331999946415,50.0,598.9375,0.0
93.0,4.0,0.00753919799990399,0.0,598.9375,0.0
93.0,5.0,0.00555712899995342,100.0,598.9375,0.0
93.0,6.0,0.007567655999991985,50.0,598.9375,0.0
93.0,7.0,0.005432899999959773,50.0,598.9375,0.0
93.0,8.0,0.007413520999989487,0.0,598.9375,0.0
93.0,9.0,0.007069337000075393,100.0,598.9375,0.0
93.0,10.0,0.009649326000044312,33.3,598.94140625,0.0
93.0,11.0,0.008917890000020634,100.0,598.94140625,0.0
93.0,12.0,0.007579471000099147,50.0,598.94140625,0.0
93.0,13.0,0.007682794000174908,50.0,598.9453125,0.0
93.0,14.0,0.005302349999965372,50.0,598.9453125,0.0
93.0,15.0,0.006989064999970651,0.0,598.94921875,0.0
93.0,16.0,0.007229468999867095,100.0,598.94921875,0.0
93.0,17.0,0.005793484999912835,50.0,598.94921875,0.0
93.0,18.0,0.007366548999925726,50.0,598.953125,0.0
93.0,19.0,0.00889309600006527,50.0,598.953125,0.0
93.0,20.0,0.008713414000112607,50.0,598.953125,0.0
93.0,21.0,0.008756827000070189,50.0,598.95703125,0.0
93.0,22.0,0.009249804000091899,50.0,598.6015625,0.0
93.0,23.0,0.005299879999938639,0.0,598.7421875,0.0
93.0,24.0,0.005713931000173034,50.0,598.74609375,0.0
93.0,25.0,0.008648343999993813,50.0,598.8046875,0.0
93.0,26.0,0.009929888999977265,50.0,598.80859375,0.0
93.0,27.0,0.00538280599994323,50.0,598.80859375,0.0
93.0,28.0,0.005534867000051236,0.0,598.80859375,0.0
93.0,29.0,0.005597067000053357,50.0,599.2890625,0.0
93.0,30.0,0.00897775599992201,50.0,599.2890625,0.0
93.0,31.0,0.005325527999957558,0.0,599.2890625,0.0
93.0,32.0,0.009969301999944946,66.7,598.4921875,0.0
93.0,33.0,0.009293743999933213,50.0,598.4921875,0.0
93.0,34.0,0.00758870200002093,100.0,598.4921875,0.0
93.0,35.0,0.008472962000041662,50.0,598.9765625,0.0
93.0,36.0,0.005598383000005924,50.0,598.9765625,0.0
93.0,37.0,0.007405128999835142,100.0,598.9765625,0.0
93.0,38.0,0.007434321999880922,50.0,599.0859375,0.0
93.0,39.0,0.005937729999914154,0.0,599.0859375,0.0
93.0,40.0,0.009187002000089706,50.0,599.0859375,0.0
93.0,41.0,0.007467169999927137,50.0,599.0859375,0.0
93.0,42.0,0.007779555999832155,50.0,599.0859375,0.0
93.0,43.0,0.0076413429999320215,100.0,599.08984375,0.0
93.0,44.0,0.007768549000047642,50.0,599.09375,0.0
93.0,45.0,0.006459265000103187,0.0,599.09765625,0.0
93.0,46.0,0.007171015000039915,50.0,599.09765625,0.0
93.0,47.0,0.005364530999941053,100.0,599.1640625,0.0
93.0,48.0,0.007277593000026172,50.0,599.1640625,0.0
93.0,49.0,0.0076854429999002605,0.0,599.1640625,0.0
93.0,50.0,0.007571334999965984,50.0,599.16796875,0.0
93.0,51.0,0.009854962999952477,50.0,599.16796875,0.0
93.0,52.0,0.0053697469998041925,100.0,599.16796875,0.0
93.0,53.0,0.005617482999923595,50.0,599.16796875,0.0
93.0,54.0,0.005446245000030103,0.0,599.16796875,0.0
93.0,55.0,0.009684010999990278,50.0,595.69140625,0.0
93.0,56.0,0.007432644999880722,100.0,598.49609375,0.0
93.0,57.0,0.009101458000031926,50.0,598.88671875,0.0
93.0,58.0,0.007094824999967386,50.0,598.88671875,0.0
93.0,59.0,0.009723310000026686,50.0,598.88671875,0.0
93.0,60.0,0.007654552999838415,50.0,598.88671875,0.0
93.0,61.0,0.00578558699999121,0.0,598.890625,0.0
93.0,62.0,0.00754558900007396,50.0,598.890625,0.0
93.0,63.0,0.008875843999931021,50.0,598.890625,0.0
93.0,64.0,0.005651294000017515,50.0,598.890625,0.0
93.0,65.0,0.005357846999913818,50.0,598.890625,0.0
93.0,66.0,0.005972204000045167,0.0,598.890625,0.0
93.0,67.0,0.0053612990000146965,50.0,598.890625,0.0
93.0,68.0,0.005435579999812035,100.0,598.94921875,0.0
93.0,69.0,0.009753632999945694,33.3,598.953125,0.0
93.0,70.0,0.007501208000121551,0.0,598.953125,0.0
93.0,71.0,0.009401301000025342,50.0,598.953125,0.0
93.0,72.0,0.007647456000086095,50.0,599.1015625,0.0
93.0,73.0,0.009521836999965672,50.0,599.1015625,0.0
93.0,74.0,0.0053468650000922935,50.0,599.1015625,0.0
93.0,75.0,0.007337618000065049,50.0,599.1015625,0.0
93.0,76.0,0.009138741000015216,50.0,599.1015625,0.0
93.0,77.0,0.005628796000110015,0.0,599.1015625,0.0
93.0,78.0,0.005383639000001494,50.0,599.1015625,0.0
93.0,79.0,0.0074696049998692615,50.0,595.65234375,0.0
93.0,80.0,0.01020566800002598,50.0,598.95703125,0.0
93.0,81.0,0.00911561999987498,50.0,599.02734375,0.0
93.0,82.0,0.007573054999966189,50.0,599.02734375,0.0
93.0,83.0,0.007744427000034193,50.0,599.02734375,0.0
93.0,84.0,0.008712629999990895,0.0,599.02734375,0.0
93.0,85.0,0.0068291259999568865,100.0,599.02734375,0.0
93.0,86.0,0.011177309999993668,50.0,599.03125,0.0
93.0,87.0,0.011598923999827093,50.0,599.03125,0.0
93.0,88.0,0.0076189699998394644,100.0,599.03125,0.0
93.0,89.0,0.007342006999806472,0.0,599.03125,0.0
93.0,90.0,0.0077870279999388,50.0,599.04296875,0.0
93.0,91.0,0.00992059899999731,100.0,599.04296875,0.0
93.0,92.0,0.012862712000014653,100.0,599.046875,0.0
93.0,93.0,0.00936994800008506,100.0,599.046875,0.0
93.0,94.0,0.009324592999973902,50.0,599.046875,0.0
93.0,95.0,0.007514165999964462,50.0,599.046875,0.0
93.0,96.0,0.007817332000058741,50.0,599.11328125,0.0
93.0,97.0,0.009796316999882038,50.0,598.8125,0.0
93.0,98.0,0.008814774000029502,100.0,598.8359375,0.0
93.0,99.0,0.007861687000058737,100.0,599.05078125,0.0
93.0,100.0,0.009412168999915593,50.0,599.41015625,0.0
94.0,1.0,0.00842794999994112,66.7,598.67578125,0.0
94.0,2.0,0.007396410999945147,0.0,598.89453125,0.0
94.0,3.0,0.009438909000209605,66.7,598.89453125,0.0
94.0,4.0,0.007139112000004388,0.0,598.91015625,0.0
94.0,5.0,0.00847921900003712,50.0,598.91015625,0.0
94.0,6.0,0.007582195000168213,50.0,598.91015625,0.0
94.0,7.0,0.0069900260000395065,50.0,598.91015625,0.0
94.0,8.0,0.009598055999958888,50.0,599.23046875,0.0
94.0,9.0,0.00564830999996957,100.0,599.23046875,0.0
94.0,10.0,0.006909184000051027,0.0,599.23046875,0.0
94.0,11.0,0.007356536999850505,50.0,599.23046875,0.0
94.0,12.0,0.008757859999832363,50.0,599.23046875,0.0
94.0,13.0,0.0068051339999328775,50.0,599.23046875,0.0
94.0,14.0,0.007958510999969803,100.0,599.23046875,0.0
94.0,15.0,0.006086411999831398,50.0,599.23046875,0.0
94.0,16.0,0.0059612540001126035,0.0,599.23046875,0.0
94.0,17.0,0.00969971000017722,50.0,599.23046875,0.0
94.0,18.0,0.008962941999925533,50.0,599.23046875,0.0
94.0,19.0,0.005856313999856866,100.0,599.23046875,0.0
94.0,20.0,0.009115378999922541,50.0,599.23046875,0.0
94.0,21.0,0.008797684000001027,50.0,599.23046875,0.0
94.0,22.0,0.005478744999891205,50.0,599.23046875,0.0
94.0,23.0,0.007679236000058154,0.0,599.23046875,0.0
94.0,24.0,0.005633041999999477,50.0,599.23046875,0.0
94.0,25.0,0.009525934000066627,50.0,599.23046875,0.0
94.0,26.0,0.005492339000056745,100.0,599.23046875,0.0
94.0,27.0,0.009098598000036873,50.0,599.234375,0.0
94.0,28.0,0.00822797800014996,100.0,599.234375,0.0
94.0,29.0,0.005740865999996458,50.0,599.515625,0.0
94.0,30.0,0.0057046889999128325,0.0,599.515625,0.0
94.0,31.0,0.005558823999990636,50.0,599.515625,0.0
94.0,32.0,0.005500514000004841,0.0,599.515625,0.0
94.0,33.0,0.006644241999993028,50.0,598.2890625,0.0
94.0,34.0,0.008903711999892039,100.0,598.828125,0.0
94.0,35.0,0.011178901999983282,33.3,598.890625,0.0
94.0,36.0,0.009908934000122827,50.0,598.890625,0.0
94.0,37.0,0.0072808689999419585,50.0,598.890625,0.0
94.0,38.0,0.007482103000029383,100.0,598.890625,0.0
94.0,39.0,0.009087836999924548,50.0,598.89453125,0.0
94.0,40.0,0.00761250999994445,50.0,598.89453125,0.0
94.0,41.0,0.010003408000102354,50.0,598.89453125,0.0
94.0,42.0,0.007894847999978083,50.0,598.94140625,0.0
94.0,43.0,0.005436892000034277,0.0,598.94140625,0.0
94.0,44.0,0.005803759000173159,100.0,598.94921875,0.0
94.0,45.0,0.007120374000123775,50.0,598.94921875,0.0
94.0,46.0,0.007177020999961314,50.0,598.94921875,0.0
94.0,47.0,0.009379470999874684,50.0,598.94921875,0.0
94.0,48.0,0.007553394000069602,0.0,598.94921875,0.0
94.0,49.0,0.009550222000143549,66.7,598.81640625,0.0
94.0,50.0,0.007811591000063345,50.0,598.8203125,0.0
94.0,51.0,0.007551111000111632,50.0,599.03125,0.0
94.0,52.0,0.009775205000096321,50.0,599.03125,0.0
94.0,53.0,0.007314654999845516,50.0,599.03125,0.0
94.0,54.0,0.005275637000067945,0.0,599.03125,0.0
94.0,55.0,0.0052808700002060505,50.0,599.03125,0.0
94.0,56.0,0.010283379999918907,50.0,599.03515625,0.0
94.0,57.0,0.005459315000052811,100.0,599.03515625,0.0
94.0,58.0,0.005335287999969296,0.0,599.03515625,0.0
94.0,59.0,0.008948500000087733,50.0,599.0390625,0.0
94.0,60.0,0.005466764000175317,50.0,599.0390625,0.0
94.0,61.0,0.008876710000095045,50.0,598.57421875,0.0
94.0,62.0,0.005266470999913508,100.0,598.6328125,0.0
94.0,63.0,0.007724403000111124,50.0,598.63671875,0.0
94.0,64.0,0.006041568000000552,0.0,598.63671875,0.0
94.0,65.0,0.008845337999900948,50.0,598.9140625,0.0
94.0,66.0,0.007759496000062427,50.0,598.9140625,0.0
94.0,67.0,0.00644715500015991,100.0,598.9140625,0.0
94.0,68.0,0.007664130999955887,50.0,598.91796875,0.0
94.0,69.0,0.007200839999995878,50.0,598.91796875,0.0
94.0,70.0,0.009205778000023201,50.0,599.09375,0.0
94.0,71.0,0.006731631999855381,0.0,599.09375,0.0
94.0,72.0,0.009961429999975735,50.0,599.09765625,0.0
94.0,73.0,0.007839105000130075,50.0,599.1015625,0.0
94.0,74.0,0.007113768999943204,50.0,599.1015625,0.0
94.0,75.0,0.008737999999993917,50.0,599.1015625,0.0
94.0,76.0,0.007681836000074327,50.0,599.10546875,0.0
94.0,77.0,0.007097377000036431,100.0,599.1875,0.0
94.0,78.0,0.007406945999946402,50.0,599.1875,0.0
94.0,79.0,0.007610171000123955,0.0,599.19140625,0.0
94.0,80.0,0.00944792299992514,50.0,599.19140625,0.0
94.0,81.0,0.0052517720000651025,50.0,599.19140625,0.0
94.0,82.0,0.005545838999978514,100.0,599.20703125,0.0
94.0,83.0,0.007838320000018939,50.0,599.2109375,0.0
94.0,84.0,0.0095184760000393,50.0,599.21484375,0.0
94.0,85.0,0.00798221700006252,50.0,599.21484375,0.0
94.0,86.0,0.009520647000044846,50.0,599.21484375,0.0
94.0,87.0,0.007324479000089923,0.0,599.21484375,0.0
94.0,88.0,0.007875025999965146,50.0,599.21484375,0.0
94.0,89.0,0.00792542800013507,50.0,599.21484375,0.0
94.0,90.0,0.008854713000118863,50.0,599.21484375,0.0
94.0,91.0,0.005872974999874714,100.0,599.21484375,0.0
94.0,92.0,0.00993625800015252,50.0,599.21875,0.0
94.0,93.0,0.007611344999986613,50.0,599.21875,0.0
94.0,94.0,0.005426467000006596,0.0,599.22265625,0.0
94.0,95.0,0.009663796000040747,66.7,599.22265625,0.0
94.0,96.0,0.008168940999894403,0.0,599.22265625,0.0
94.0,97.0,0.008357119000038438,50.0,599.28125,0.0
94.0,98.0,0.008082176000016261,50.0,599.28125,0.0
94.0,99.0,0.008705088999931831,100.0,599.28125,0.0
94.0,100.0,0.006984138999996503,66.7,599.28125,0.0
95.0,1.0,0.012009613999907742,50.0,599.28125,0.0
95.0,2.0,0.005848382000067431,0.0,599.28515625,0.0
95.0,3.0,0.009972349000008762,50.0,599.28515625,0.0
95.0,4.0,0.009555524000006699,33.3,599.28515625,0.0
95.0,5.0,0.009206660000018019,50.0,599.28515625,0.0
95.0,6.0,0.007552196000006006,100.0,598.70703125,0.0
95.0,7.0,0.008179501999848071,50.0,598.70703125,0.0
95.0,8.0,0.012754932999996527,100.0,598.91015625,0.0
95.0,9.0,0.007520284000065658,100.0,598.91015625,0.0
95.0,10.0,0.008692432000088957,100.0,599.33203125,0.0
95.0,11.0,0.00605421899990688,50.0,599.33203125,0.0
95.0,12.0,0.0057291640000585176,50.0,599.33203125,0.0
95.0,13.0,0.005635637000068527,0.0,599.3359375,0.0
95.0,14.0,0.0077073780000773695,50.0,599.3359375,0.0
95.0,15.0,0.00966534799999863,50.0,599.3359375,0.0
95.0,16.0,0.007401387000072646,50.0,599.3359375,0.0
95.0,17.0,0.007288405000053899,50.0,599.40625,0.0
95.0,18.0,0.007104250999873329,100.0,599.40625,0.0
95.0,19.0,0.008933999999953812,50.0,599.41015625,0.0
95.0,20.0,0.007664945999977135,50.0,599.41015625,0.0
95.0,21.0,0.009179536999909033,50.0,599.41015625,0.0
95.0,22.0,0.009111099999927319,50.0,598.73046875,0.0
95.0,23.0,0.00810718499997165,0.0,599.16796875,0.0
95.0,24.0,0.005729370999915773,50.0,599.16796875,0.0
95.0,25.0,0.007370457999968494,50.0,599.16796875,0.0
95.0,26.0,0.007162375999996584,100.0,599.37890625,0.0
95.0,27.0,0.007300320000013016,50.0,599.37890625,0.0
95.0,28.0,0.007699761000139915,50.0,599.37890625,0.0
95.0,29.0,0.005435635999901933,0.0,599.37890625,0.0
95.0,30.0,0.005444746999955896,100.0,599.37890625,0.0
95.0,31.0,0.007699612999886085,50.0,599.37890625,0.0
95.0,32.0,0.00897183999995832,50.0,599.37890625,0.0
95.0,33.0,0.005898542000068119,0.0,599.37890625,0.0
95.0,34.0,0.007937331999983144,100.0,599.3828125,0.0
95.0,35.0,0.007388257999991765,50.0,599.3828125,0.0
95.0,36.0,0.009724544999926366,50.0,599.3828125,0.0
95.0,37.0,0.007131709000077535,66.7,599.3828125,0.0
95.0,38.0,0.00772301899996819,50.0,599.3828125,0.0
95.0,39.0,0.009634600000026694,50.0,599.3828125,0.0
95.0,40.0,0.009443988999919384,50.0,599.3828125,0.0
95.0,41.0,0.00899153499995009,50.0,599.3828125,0.0
95.0,42.0,0.007828697999912038,50.0,599.57421875,0.0
95.0,43.0,0.005878312000049846,0.0,599.578125,0.0
95.0,44.0,0.00896710200004236,50.0,599.578125,0.0
95.0,45.0,0.005780673000117531,100.0,599.5859375,0.0
95.0,46.0,0.0076299109998672066,50.0,599.5859375,0.0
95.0,47.0,0.007573739999997997,50.0,599.5859375,0.0
95.0,48.0,0.0076785399999153015,50.0,599.5859375,0.0
95.0,49.0,0.009470501999885528,50.0,599.5859375,0.0
95.0,50.0,0.00891599400006271,50.0,599.58984375,0.0
95.0,51.0,0.0058844459999818355,0.0,599.58984375,0.0
95.0,52.0,0.007739706999927876,50.0,599.58984375,0.0
95.0,53.0,0.00773292600001696,50.0,599.59375,0.0
95.0,54.0,0.009532306999972207,50.0,599.59765625,0.0
95.0,55.0,0.005333929000016724,50.0,599.59765625,0.0
95.0,56.0,0.007843549999961397,50.0,596.1640625,0.0
95.0,57.0,0.010951910000130738,50.0,598.9765625,0.0
95.0,58.0,0.0077757449998898664,0.0,598.9765625,0.0
95.0,59.0,0.007272698000178934,100.0,599.125,0.0
95.0,60.0,0.007820392999974501,50.0,599.125,0.0
95.0,61.0,0.008863358999860793,50.0,599.12890625,0.0
95.0,62.0,0.007159559000001536,50.0,599.12890625,0.0
95.0,63.0,0.007918327999959729,50.0,599.12890625,0.0
95.0,64.0,0.00799813899993751,50.0,599.1328125,0.0
95.0,65.0,0.005960913000080836,0.0,599.28125,0.0
95.0,66.0,0.009775032000106876,50.0,599.28125,0.0
95.0,67.0,0.005511424999895098,100.0,599.28125,0.0
95.0,68.0,0.007858204000058322,50.0,598.7890625,0.0
95.0,69.0,0.007946767000021282,50.0,598.7890625,0.0
95.0,70.0,0.006054704000007405,0.0,598.99609375,0.0
95.0,71.0,0.007482937000077072,100.0,598.99609375,0.0
95.0,72.0,0.0077820849999170605,50.0,599.27734375,0.0
95.0,73.0,0.007735794999916834,50.0,599.28125,0.0
95.0,74.0,0.006303436999814949,0.0,599.28125,0.0
95.0,75.0,0.008785828000100082,50.0,599.28125,0.0
95.0,76.0,0.009111342000096556,50.0,599.29296875,0.0
95.0,77.0,0.009879849000071772,50.0,599.29296875,0.0
95.0,78.0,0.008372960999849965,50.0,599.29296875,0.0
95.0,79.0,0.007492471999967165,50.0,599.296875,0.0
95.0,80.0,0.010095862999833116,75.0,599.49609375,0.0
95.0,81.0,0.009804740000163292,50.0,599.49609375,0.0
95.0,82.0,0.007609717999912391,0.0,598.78125,0.0
95.0,83.0,0.008040260999905513,50.0,598.9296875,0.0
95.0,84.0,0.009399309999935213,50.0,599.15625,0.0
95.0,85.0,0.008887827000080506,100.0,599.16015625,0.0
95.0,86.0,0.007454206999909729,50.0,599.16015625,0.0
95.0,87.0,0.007861191999836592,50.0,599.16015625,0.0
95.0,88.0,0.0100034700001288,50.0,599.16015625,0.0
95.0,89.0,0.008754073000091012,50.0,599.16015625,0.0
95.0,90.0,0.008750952999889705,50.0,599.2734375,0.0
95.0,91.0,0.007833763999997245,50.0,599.2734375,0.0
95.0,92.0,0.007772466999995231,50.0,599.2734375,0.0
95.0,93.0,0.007662933000119665,50.0,599.2734375,0.0
95.0,94.0,0.007781174000001556,50.0,599.2734375,0.0
95.0,95.0,0.008020621000014216,0.0,599.2734375,0.0
95.0,96.0,0.007832622000023548,50.0,599.2734375,0.0
95.0,97.0,0.010606794000068476,66.7,599.2734375,0.0
95.0,98.0,0.007349203000103444,0.0,599.2734375,0.0
95.0,99.0,0.0091171410001607,50.0,599.390625,0.0
95.0,100.0,0.005621474000008675,50.0,599.390625,0.0
96.0,1.0,0.007712863000051584,50.0,599.6640625,0.0
96.0,2.0,0.009029537000060373,50.0,599.6640625,0.0
96.0,3.0,0.005746530000124039,100.0,599.6640625,0.0
96.0,4.0,0.008921254999904704,50.0,599.6640625,0.0
96.0,5.0,0.007626875000141808,0.0,599.6640625,0.0
96.0,6.0,0.00944057700007761,50.0,599.03125,0.0
96.0,7.0,0.007301911000013206,50.0,599.03125,0.0
96.0,8.0,0.009447829999999158,50.0,599.10546875,0.0
96.0,9.0,0.0078000900000461115,66.7,599.10546875,0.0
96.0,10.0,0.008890217000043776,50.0,599.10546875,0.0
96.0,11.0,0.008161344999962239,66.7,599.10546875,0.0
96.0,12.0,0.011569771000040419,50.0,599.51953125,0.0
96.0,13.0,0.005364241999814112,50.0,599.51953125,0.0
96.0,14.0,0.005568607999975939,0.0,599.5234375,0.0
96.0,15.0,0.007546498000010615,50.0,599.5234375,0.0
96.0,16.0,0.007318090000126176,50.0,599.5234375,0.0
96.0,17.0,0.005159561000027679,50.0,599.5234375,0.0
96.0,18.0,0.007186943000078827,0.0,599.5234375,0.0
96.0,19.0,0.009572627999887118,50.0,599.5234375,0.0
96.0,20.0,0.009672394000062923,33.3,599.5234375,0.0
96.0,21.0,0.0070251110000754124,100.0,599.5234375,0.0
96.0,22.0,0.006926772999804598,50.0,599.5234375,0.0
96.0,23.0,0.009163073000081567,50.0,599.52734375,0.0
96.0,24.0,0.008976090000032855,100.0,599.52734375,0.0
96.0,25.0,0.0099139159999595,100.0,599.52734375,0.0
96.0,26.0,0.0105737549999958,100.0,599.52734375,0.0
96.0,27.0,0.008255383999994592,50.0,599.52734375,0.0
96.0,28.0,0.00908182700004545,50.0,599.52734375,0.0
96.0,29.0,0.0071218610000869376,50.0,599.52734375,0.0
96.0,30.0,0.007400511000014376,50.0,599.52734375,0.0
96.0,31.0,0.00861130599992066,100.0,599.52734375,0.0
96.0,32.0,0.00748471600013545,50.0,599.52734375,0.0
96.0,33.0,0.007617246999870986,50.0,599.53125,0.0
96.0,34.0,0.0072366489998785255,0.0,599.53125,0.0
96.0,35.0,0.005470796000054179,100.0,599.53125,0.0
96.0,36.0,0.007109556999921551,50.0,599.53125,0.0
96.0,37.0,0.007513521999953809,50.0,599.53125,0.0
96.0,38.0,0.007108173999995415,50.0,599.53515625,0.0
96.0,39.0,0.007594456999868271,0.0,599.53515625,0.0
96.0,40.0,0.008734838999998829,50.0,599.53515625,0.0
96.0,41.0,0.007408478999877843,100.0,599.53515625,0.0
96.0,42.0,0.009444996000183892,50.0,599.53515625,0.0
96.0,43.0,0.005259369999976116,50.0,599.5390625,0.0
96.0,44.0,0.0056647429998974985,50.0,599.5390625,0.0
96.0,45.0,0.009017253999900277,50.0,599.5390625,0.0
96.0,46.0,0.005453463000094416,0.0,599.5390625,0.0
96.0,47.0,0.008749905000058789,50.0,599.5390625,0.0
96.0,48.0,0.005635941000036837,50.0,599.5390625,0.0
96.0,49.0,0.007203141000218238,50.0,596.078125,0.0
96.0,50.0,0.008209104999878036,0.0,599.25,0.0
96.0,51.0,0.008666713999900821,50.0,598.64453125,0.0
96.0,52.0,0.007117980999964857,100.0,598.953125,0.0
96.0,53.0,0.0055779339998025534,50.0,599.25,0.0
96.0,54.0,0.00959015300009014,50.0,599.25,0.0
96.0,55.0,0.009585601000026145,50.0,599.25390625,0.0
96.0,56.0,0.008807188999981008,50.0,599.2578125,0.0
96.0,57.0,0.008682612000029621,50.0,599.2578125,0.0
96.0,58.0,0.007148490999952628,50.0,599.2734375,0.0
96.0,59.0,0.009368831000074351,50.0,599.2734375,0.0
96.0,60.0,0.0068995700000868965,0.0,599.2734375,0.0
96.0,61.0,0.0053589920000831626,100.0,599.2734375,0.0
96.0,62.0,0.005589363000126468,50.0,599.2734375,0.0
96.0,63.0,0.009413876000053278,50.0,599.2734375,0.0
96.0,64.0,0.007242504000032568,0.0,599.27734375,0.0
96.0,65.0,0.007012803999941752,100.0,599.31640625,0.0
96.0,66.0,0.008580551000022751,50.0,599.31640625,0.0
96.0,67.0,0.007371940999973958,50.0,599.31640625,0.0
96.0,68.0,0.0057045010000820184,50.0,599.31640625,0.0
96.0,69.0,0.007650299000033556,50.0,599.31640625,0.0
96.0,70.0,0.010531056000218086,100.0,599.31640625,0.0
96.0,71.0,0.00703477699994437,50.0,599.31640625,0.0
96.0,72.0,0.007247710999990886,0.0,598.70703125,0.0
96.0,73.0,0.00889435199997024,50.0,599.234375,0.0
96.0,74.0,0.0052522199998747965,100.0,599.23828125,0.0
96.0,75.0,0.005161932999953933,0.0,599.23828125,0.0
96.0,76.0,0.007191829999783295,50.0,599.3671875,0.0
96.0,77.0,0.0070458659999985684,50.0,599.3671875,0.0
96.0,78.0,0.009372858999995515,50.0,599.3671875,0.0
96.0,79.0,0.0054323200001817895,100.0,599.3671875,0.0
96.0,80.0,0.0069334429999798886,0.0,599.3671875,0.0
96.0,81.0,0.0054631749999316526,50.0,599.37109375,0.0
96.0,82.0,0.009512932999996337,50.0,599.37109375,0.0
96.0,83.0,0.005298638999875038,100.0,599.37109375,0.0
96.0,84.0,0.007675637000147617,0.0,599.375,0.0
96.0,85.0,0.007389440999986618,50.0,599.375,0.0
96.0,86.0,0.005232373999888296,50.0,599.375,0.0
96.0,87.0,0.005618371000082334,100.0,599.375,0.0
96.0,88.0,0.007544294000126683,0.0,599.375,0.0
96.0,89.0,0.007772662999968816,50.0,599.68359375,0.0
96.0,90.0,0.007458591999920827,50.0,599.68359375,0.0
96.0,91.0,0.008034787000042343,50.0,599.68359375,0.0
96.0,92.0,0.009550424000053681,50.0,598.6640625,0.0
96.0,93.0,0.007954036999990421,100.0,599.3984375,0.0
96.0,94.0,0.008971285999905376,50.0,599.1953125,0.0
96.0,95.0,0.009855666000021301,50.0,599.43359375,0.0
96.0,96.0,0.007939108999835298,50.0,599.43359375,0.0
96.0,97.0,0.005775844000027064,0.0,599.43359375,0.0
96.0,98.0,0.009151283000164767,50.0,599.43359375,0.0
96.0,99.0,0.009182567999914681,50.0,599.43359375,0.0
96.0,100.0,0.006137059000138834,100.0,599.43359375,0.0
97.0,1.0,0.005783049999990908,50.0,599.43359375,0.0
97.0,2.0,0.009194630999900255,50.0,599.43359375,0.0
97.0,3.0,0.007532254000125249,50.0,599.43359375,0.0
97.0,4.0,0.007638154999995095,100.0,599.43359375,0.0
97.0,5.0,0.009158710000065184,50.0,599.5859375,0.0
97.0,6.0,0.007621591999850352,50.0,599.5859375,0.0
97.0,7.0,0.009053214000005028,50.0,599.58984375,0.0
97.0,8.0,0.009413146000042616,50.0,599.58984375,0.0
97.0,9.0,0.005874746999779745,0.0,599.58984375,0.0
97.0,10.0,0.009474362999981167,50.0,599.58984375,0.0
97.0,11.0,0.007252870000002076,50.0,599.58984375,0.0
97.0,12.0,0.007575019999876531,50.0,599.58984375,0.0
97.0,13.0,0.007469477999848095,100.0,599.58984375,0.0
97.0,14.0,0.009884012999918923,33.3,599.58984375,0.0
97.0,15.0,0.008085905999905663,100.0,599.59375,0.0
97.0,16.0,0.008979210999996212,50.0,599.59375,0.0
97.0,17.0,0.007326268999804597,0.0,599.59375,0.0
97.0,18.0,0.007504861000143137,50.0,598.99609375,0.0
97.0,19.0,0.009141072999909738,50.0,599.234375,0.0
97.0,20.0,0.007238013999995019,50.0,599.234375,0.0
97.0,21.0,0.0074628820000270935,50.0,599.30078125,0.0
97.0,22.0,0.005400667000003523,0.0,599.30078125,0.0
97.0,23.0,0.005563267000070482,50.0,599.30078125,0.0
97.0,24.0,0.009513451999964673,50.0,599.30078125,0.0
97.0,25.0,0.010341934000052788,50.0,598.765625,0.0
97.0,26.0,0.007355490000009013,50.0,599.30078125,0.0
97.0,27.0,0.0063667110000551475,50.0,599.4453125,0.0
97.0,28.0,0.008947715999966022,100.0,595.609375,0.0
97.0,29.0,0.009996953999916514,50.0,599.4296875,0.0
97.0,30.0,0.0070816820000345615,50.0,599.4296875,0.0
97.0,31.0,0.008888847999969585,50.0,599.046875,0.0
97.0,32.0,0.007796179000024495,50.0,599.48828125,0.0
97.0,33.0,0.0055778039998131135,0.0,599.4921875,0.0
97.0,34.0,0.007099187999983769,50.0,599.4921875,0.0
97.0,35.0,0.007645507999995971,100.0,599.4921875,0.0
97.0,36.0,0.009650363999980982,50.0,599.49609375,0.0
97.0,37.0,0.01021726000021772,33.3,598.74609375,0.0
97.0,38.0,0.005635084999994433,0.0,599.28125,0.0
97.0,39.0,0.009605364999970334,50.0,599.28125,0.0
97.0,40.0,0.008896946000049866,50.0,599.40234375,0.0
97.0,41.0,0.009041924000030122,50.0,599.40234375,0.0
97.0,42.0,0.005403326000077868,50.0,599.40234375,0.0
97.0,43.0,0.00910980299977382,100.0,599.40234375,0.0
97.0,44.0,0.012430186999836224,100.0,599.62109375,0.0
97.0,45.0,0.01361966600006781,100.0,599.625,0.0
97.0,46.0,0.008344672999783143,50.0,599.625,0.0
97.0,47.0,0.005338385999948514,50.0,599.625,0.0
97.0,48.0,0.005315002000088498,0.0,599.625,0.0
97.0,49.0,0.005388496000023224,50.0,599.625,0.0
97.0,50.0,0.009601715999906446,50.0,599.625,0.0
97.0,51.0,0.007870913000033397,50.0,599.625,0.0
97.0,52.0,0.009156903000075545,50.0,599.625,0.0
97.0,53.0,0.008942094000076395,50.0,599.625,0.0
97.0,54.0,0.008953223999924376,50.0,599.625,0.0
97.0,55.0,0.007358699999940654,50.0,599.625,0.0
97.0,56.0,0.007743620999917766,100.0,599.62890625,0.0
97.0,57.0,0.008978937999927439,50.0,599.62890625,0.0
97.0,58.0,0.007854170999962662,50.0,599.6328125,0.0
97.0,59.0,0.005824212999868905,0.0,599.63671875,0.0
97.0,60.0,0.0052766159999464435,50.0,599.63671875,0.0
97.0,61.0,0.00788817900001959,100.0,599.63671875,0.0
97.0,62.0,0.005257604000007632,0.0,599.63671875,0.0
97.0,63.0,0.009603769000023021,50.0,599.63671875,0.0
97.0,64.0,0.008763135999970473,66.7,599.2578125,0.0
97.0,65.0,0.009549628000058874,50.0,599.2578125,0.0
97.0,66.0,0.007916825999927823,50.0,599.3671875,0.0
97.0,67.0,0.005637204000095153,50.0,599.3671875,0.0
97.0,68.0,0.007420618999958606,100.0,599.51171875,0.0
97.0,69.0,0.005475397000054727,0.0,599.51171875,0.0
97.0,70.0,0.005532806000019264,50.0,599.51171875,0.0
97.0,71.0,0.007291333000011946,50.0,599.51171875,0.0
97.0,72.0,0.005347720000145273,0.0,599.51171875,0.0
97.0,73.0,0.007618558000103803,50.0,599.51171875,0.0
97.0,74.0,0.0071395190000203,50.0,599.51171875,0.0
97.0,75.0,0.009550005999926725,50.0,599.51171875,0.0
97.0,76.0,0.007471573999964676,50.0,599.51171875,0.0
97.0,77.0,0.007283376000032149,100.0,599.703125,0.0
97.0,78.0,0.005417628000031982,0.0,599.703125,0.0
97.0,79.0,0.005420761000095808,50.0,599.703125,0.0
97.0,80.0,0.00758487400003105,50.0,599.703125,0.0
97.0,81.0,0.009218064999913622,50.0,599.703125,0.0
97.0,82.0,0.009862575999932233,50.0,599.703125,0.0
97.0,83.0,0.005690039000000979,100.0,599.703125,0.0
97.0,84.0,0.009567530000140323,50.0,599.703125,0.0
97.0,85.0,0.007842479999908392,50.0,599.703125,0.0
97.0,86.0,0.005602866999879552,0.0,599.703125,0.0
97.0,87.0,0.0056459459999587125,100.0,599.703125,0.0
97.0,88.0,0.00877791600009914,50.0,599.578125,0.0
97.0,89.0,0.005773380999926303,0.0,599.578125,0.0
97.0,90.0,0.009352693999971962,50.0,599.578125,0.0
97.0,91.0,0.007135783999956402,50.0,599.578125,0.0
97.0,92.0,0.007547745000010764,50.0,598.984375,0.0
97.0,93.0,0.00758889899998394,50.0,599.26171875,0.0
97.0,94.0,0.007788710000113497,100.0,599.265625,0.0
97.0,95.0,0.008949400000119567,50.0,599.40234375,0.0
97.0,96.0,0.007176636999929542,0.0,599.40234375,0.0
97.0,97.0,0.007491564000019935,50.0,599.40234375,0.0
97.0,98.0,0.005589886000052502,50.0,599.44140625,0.0
97.0,99.0,0.005770091000158573,100.0,599.44140625,0.0
97.0,100.0,0.007655626000087068,0.0,599.44140625,0.0
98.0,1.0,0.007221131000051173,50.0,599.44140625,0.0
98.0,2.0,0.0077316499998687505,50.0,599.44140625,0.0
98.0,3.0,0.007490472999961639,50.0,599.44140625,0.0
98.0,4.0,0.007154590000027383,100.0,599.66015625,0.0
98.0,5.0,0.00902864799991221,50.0,599.046875,0.0
98.0,6.0,0.007458806999920853,50.0,599.06640625,0.0
98.0,7.0,0.009330009000223072,50.0,599.1640625,0.0
98.0,8.0,0.007824236999795176,0.0,599.29296875,0.0
98.0,9.0,0.00863227799982269,50.0,599.29296875,0.0
98.0,10.0,0.006477227999994284,50.0,599.31640625,0.0
98.0,11.0,0.006751431999873603,100.0,599.31640625,0.0
98.0,12.0,0.00811488600015764,50.0,599.3203125,0.0
98.0,13.0,0.007980881000094087,50.0,599.34375,0.0
98.0,14.0,0.009986625000010463,50.0,599.34375,0.0
98.0,15.0,0.009039335999887044,66.7,599.34375,0.0
98.0,16.0,0.01016313199988872,50.0,599.51171875,0.0
98.0,17.0,0.005890826000040761,100.0,599.66015625,0.0
98.0,18.0,0.005734747000133211,0.0,599.66015625,0.0
98.0,19.0,0.006152379000013752,50.0,599.66015625,0.0
98.0,20.0,0.005857525000010355,100.0,599.66015625,0.0
98.0,21.0,0.007681324999794015,50.0,599.66015625,0.0
98.0,22.0,0.009684203999995589,50.0,599.66015625,0.0
98.0,23.0,0.006388494000020728,0.0,599.66015625,0.0
98.0,24.0,0.007967476999965584,50.0,596.23046875,0.0
98.0,25.0,0.007020132999969064,50.0,599.453125,0.0
98.0,26.0,0.007783156999948915,50.0,599.69921875,0.0
98.0,27.0,0.0060410959999899205,0.0,599.69921875,0.0
98.0,28.0,0.009686414000043442,66.7,599.69921875,0.0
98.0,29.0,0.005695709999827159,0.0,599.69921875,0.0
98.0,30.0,0.009591093999915756,66.7,599.69921875,0.0
98.0,31.0,0.007620942999892577,0.0,598.98828125,0.0
98.0,32.0,0.010345723000000362,66.7,599.1328125,0.0
98.0,33.0,0.0083632050000233,50.0,599.33203125,0.0
98.0,34.0,0.009747126999855027,50.0,599.33203125,0.0
98.0,35.0,0.0092743000000155,50.0,599.33203125,0.0
98.0,36.0,0.007899588999862317,50.0,599.33203125,0.0
98.0,37.0,0.009224100999972507,50.0,599.4375,0.0
98.0,38.0,0.0058284209999328596,0.0,599.4375,0.0
98.0,39.0,0.009909195000091131,50.0,599.4375,0.0
98.0,40.0,0.007649995999827297,50.0,599.546875,0.0
98.0,41.0,0.010153717999855871,50.0,599.546875,0.0
98.0,42.0,0.009182786000110355,66.7,599.546875,0.0
98.0,43.0,0.01194054600000527,50.0,599.546875,0.0
98.0,44.0,0.0078077390000999,50.0,599.546875,0.0
98.0,45.0,0.009338341000102446,50.0,599.546875,0.0
98.0,46.0,0.009288027999900805,50.0,599.55078125,0.0
98.0,47.0,0.009116812000002028,50.0,599.55078125,0.0
98.0,48.0,0.007265769000014188,50.0,599.5546875,0.0
98.0,49.0,0.007443115999876682,50.0,599.77734375,0.0
98.0,50.0,0.007916013000112798,50.0,599.78125,0.0
98.0,51.0,0.005588806000105251,0.0,599.78515625,0.0
98.0,52.0,0.009455227999978888,50.0,599.78515625,0.0
98.0,53.0,0.0077481560001615435,50.0,599.78515625,0.0
98.0,54.0,0.009258052999939537,50.0,599.78515625,0.0
98.0,55.0,0.005466270999932021,50.0,599.78515625,0.0
98.0,56.0,0.00809308299994882,50.0,599.7890625,0.0
98.0,57.0,0.006015875000002779,0.0,599.87890625,0.0
98.0,58.0,0.007902746000127081,50.0,599.8828125,0.0
98.0,59.0,0.009752640999977302,50.0,599.8828125,0.0
98.0,60.0,0.009333333000085986,50.0,599.8828125,0.0
98.0,61.0,0.012938171000087095,75.0,599.8828125,0.0
98.0,62.0,0.01347135200012417,100.0,599.8828125,0.0
98.0,63.0,0.007842235999987679,100.0,599.8828125,0.0
98.0,64.0,0.0077272160001484735,50.0,599.8828125,0.0
98.0,65.0,0.009666156000093906,50.0,599.8828125,0.0
98.0,66.0,0.009813757000074474,50.0,599.8828125,0.0
98.0,67.0,0.007969287000150871,50.0,596.30078125,0.0
98.0,68.0,0.011840054000003875,50.0,599.34375,0.0
98.0,69.0,0.005540463999977874,50.0,599.34375,0.0
98.0,70.0,0.00943550400006643,50.0,599.38671875,0.0
98.0,71.0,0.007478099000081784,100.0,599.47265625,0.0
98.0,72.0,0.007951237999805016,50.0,599.47265625,0.0
98.0,73.0,0.0074332399999548215,0.0,599.47265625,0.0
98.0,74.0,0.007974303000082728,50.0,599.47265625,0.0
98.0,75.0,0.005541449000020293,50.0,599.47265625,0.0
98.0,76.0,0.007233799000005092,100.0,599.4765625,0.0
98.0,77.0,0.005891178999945623,50.0,599.4765625,0.0
98.0,78.0,0.0077702410001165845,0.0,599.48046875,0.0
98.0,79.0,0.0075991459998476785,50.0,599.48046875,0.0
98.0,80.0,0.009165337999775147,50.0,599.48046875,0.0
98.0,81.0,0.005667866000067079,100.0,599.48046875,0.0
98.0,82.0,0.008149394999918513,50.0,599.87890625,0.0
98.0,83.0,0.007743077999975867,50.0,599.87890625,0.0
98.0,84.0,0.0075718220000453584,50.0,599.87890625,0.0
98.0,85.0,0.009475641000108226,50.0,599.87890625,0.0
98.0,86.0,0.007658552999828316,0.0,599.87890625,0.0
98.0,87.0,0.009148925999852509,50.0,599.87890625,0.0
98.0,88.0,0.009278827999878558,50.0,596.25,0.0
98.0,89.0,0.011089753000078417,66.7,599.38671875,0.0
98.0,90.0,0.007563055999980861,50.0,599.56640625,0.0
98.0,91.0,0.005461424000031911,0.0,599.56640625,0.0
98.0,92.0,0.007479745999944498,100.0,599.56640625,0.0
98.0,93.0,0.007467913000027693,50.0,599.5703125,0.0
98.0,94.0,0.00988360500014096,50.0,599.5703125,0.0
98.0,95.0,0.007777751999810789,50.0,599.5703125,0.0
98.0,96.0,0.009413218000190682,50.0,599.5703125,0.0
98.0,97.0,0.007194778999974005,50.0,599.5703125,0.0
98.0,98.0,0.009411033000105817,50.0,599.57421875,0.0
98.0,99.0,0.00882384299984551,50.0,599.57421875,0.0
98.0,100.0,0.00545236399989335,0.0,599.57421875,0.0
99.0,1.0,0.005701827000166304,100.0,599.57421875,0.0
99.0,2.0,0.008989124999970954,50.0,599.57421875,0.0
99.0,3.0,0.008049045000007027,50.0,599.6015625,0.0
99.0,4.0,0.006089556999995693,50.0,599.6015625,0.0
99.0,5.0,0.008101343000134875,50.0,599.6015625,0.0
99.0,6.0,0.007438347000061185,0.0,599.6015625,0.0
99.0,7.0,0.005979764000130672,50.0,599.60546875,0.0
99.0,8.0,0.011174492000009195,50.0,598.83984375,0.0
99.0,9.0,0.009494432000110464,50.0,599.4140625,0.0
99.0,10.0,0.012070572000084212,33.3,599.45703125,0.0
99.0,11.0,0.007994431000042823,50.0,599.45703125,0.0
99.0,12.0,0.00562442699992971,100.0,599.45703125,0.0
99.0,13.0,0.005585030000020197,0.0,599.45703125,0.0
99.0,14.0,0.005537041000025056,100.0,599.6171875,0.0
99.0,15.0,0.005553335000058723,50.0,599.6171875,0.0
99.0,16.0,0.008039591000169821,50.0,599.62109375,0.0
99.0,17.0,0.005631205000099726,0.0,599.62109375,0.0
99.0,18.0,0.0053923140001188585,100.0,599.62109375,0.0
99.0,19.0,0.0069277710001642845,50.0,599.6328125,0.0
99.0,20.0,0.00969732299995485,50.0,599.66015625,0.0
99.0,21.0,0.011542856000005486,66.7,599.66015625,0.0
99.0,22.0,0.005852005999940957,50.0,599.6640625,0.0
99.0,23.0,0.006457178000118802,100.0,599.6640625,0.0
99.0,24.0,0.010376319999977568,33.3,599.6640625,0.0
99.0,25.0,0.010919699999931254,50.0,599.6640625,0.0
99.0,26.0,0.008560367999962182,100.0,599.6640625,0.0
99.0,27.0,0.0062905979998504336,50.0,599.6640625,0.0
99.0,28.0,0.006241869999939809,50.0,599.671875,0.0
99.0,29.0,0.008577098000159822,100.0,599.671875,0.0
99.0,30.0,0.010091692000059993,33.3,599.671875,0.0
99.0,31.0,0.006074120999983279,100.0,599.671875,0.0
99.0,32.0,0.009580177999851003,50.0,599.671875,0.0
99.0,33.0,0.008540131000017936,50.0,599.72265625,0.0
99.0,34.0,0.008147200999928828,50.0,599.7265625,0.0
99.0,35.0,0.007835158000034426,0.0,599.7265625,0.0
99.0,36.0,0.009229263999941395,50.0,599.7265625,0.0
99.0,37.0,0.01006156300013572,66.7,599.73046875,0.0
99.0,38.0,0.008447171999932834,0.0,599.73046875,0.0
99.0,39.0,0.005898914999988847,50.0,599.734375,0.0
99.0,40.0,0.006394976999899882,100.0,599.734375,0.0
99.0,41.0,0.011275123000132226,33.3,599.734375,0.0
99.0,42.0,0.01013500700014447,50.0,599.734375,0.0
99.0,43.0,0.008334598999908849,50.0,599.734375,0.0
99.0,44.0,0.008116229000052044,50.0,599.734375,0.0
99.0,45.0,0.00978388199996516,50.0,596.1875,0.0
99.0,46.0,0.009345474000156173,50.0,599.75,0.0
99.0,47.0,0.00731853799993587,50.0,599.35546875,0.0
99.0,48.0,0.005775068999810173,0.0,599.35546875,0.0
99.0,49.0,0.00915586699989035,50.0,599.5,0.0
99.0,50.0,0.007950994000111677,50.0,599.5,0.0
99.0,51.0,0.006860512999992352,100.0,599.5,0.0
99.0,52.0,0.011554391999879954,66.7,599.54296875,0.0
99.0,53.0,0.009607211999991705,50.0,599.64453125,0.0
99.0,54.0,0.00583626100001311,50.0,599.64453125,0.0
99.0,55.0,0.00752157800002351,50.0,599.64453125,0.0
99.0,56.0,0.007726680000132546,50.0,599.64453125,0.0
99.0,57.0,0.009629679999989094,50.0,599.64453125,0.0
99.0,58.0,0.005352009000034741,0.0,599.64453125,0.0
99.0,59.0,0.005707064000034734,50.0,599.64453125,0.0
99.0,60.0,0.005433458999959839,100.0,599.64453125,0.0
99.0,61.0,0.009527876999982254,50.0,599.64453125,0.0
99.0,62.0,0.007754161000093518,0.0,599.64453125,0.0
99.0,63.0,0.009398314999998547,50.0,599.64453125,0.0
99.0,64.0,0.00773471000002246,50.0,599.6484375,0.0
99.0,65.0,0.009900521999952616,50.0,599.6484375,0.0
99.0,66.0,0.008255661000021064,50.0,599.6484375,0.0
99.0,67.0,0.005744995999975799,50.0,599.65234375,0.0
99.0,68.0,0.006093571999826963,0.0,599.65234375,0.0
99.0,69.0,0.008564847999878111,100.0,599.65234375,0.0
99.0,70.0,0.006640848999950322,50.0,599.65234375,0.0
99.0,71.0,0.008324184000002788,50.0,599.65234375,0.0
99.0,72.0,0.008821850000003906,50.0,599.65234375,0.0
99.0,73.0,0.010725690000072063,50.0,599.65625,0.0
99.0,74.0,0.008700378999947134,50.0,599.65625,0.0
99.0,75.0,0.010625505999996676,100.0,599.65625,0.0
99.0,76.0,0.010440089999974589,100.0,599.65625,0.0
99.0,77.0,0.010471536000068227,100.0,599.65625,0.0
99.0,78.0,0.006011920999981157,0.0,599.65625,0.0
99.0,79.0,0.005969016999870291,50.0,599.66015625,0.0
99.0,80.0,0.010005895000176679,50.0,599.8671875,0.0
99.0,81.0,0.010421949999908975,50.0,599.8671875,0.0
99.0,82.0,0.011838014999966617,50.0,598.92578125,0.0
99.0,83.0,0.009447166999962064,50.0,599.51171875,0.0
99.0,84.0,0.009832641000002695,50.0,599.515625,0.0
99.0,85.0,0.0058722270000544086,50.0,599.515625,0.0
99.0,86.0,0.005857813999909922,50.0,599.69140625,0.0
99.0,87.0,0.0065996219998396555,0.0,599.7734375,0.0
99.0,88.0,0.007949761999952898,50.0,599.7734375,0.0
99.0,89.0,0.006185710999943694,50.0,599.7734375,0.0
99.0,90.0,0.010798257000033118,50.0,599.7734375,0.0
99.0,91.0,0.010726145000035103,50.0,599.7734375,0.0
99.0,92.0,0.008706722999932026,50.0,599.7734375,0.0
99.0,93.0,0.010103342999855158,50.0,599.7734375,0.0
99.0,94.0,0.007993525999836493,50.0,599.7734375,0.0
99.0,95.0,0.006427930999961973,50.0,599.7734375,0.0
99.0,96.0,0.008354774000054022,50.0,599.7734375,0.0
99.0,97.0,0.007922120999865001,50.0,599.7734375,0.0
99.0,98.0,0.010487088999980188,50.0,599.87890625,0.0
99.0,99.0,0.008295568999983516,50.0,599.87890625,0.0
99.0,100.0,0.008705105999979423,50.0,599.8828125,0.0
100.0,1.0,0.008500636999997369,50.0,599.8828125,0.0
100.0,2.0,0.005932021000035093,100.0,599.8828125,0.0
100.0,3.0,0.006761538000091605,50.0,599.8828125,0.0
100.0,4.0,0.006370009999955073,0.0,599.8828125,0.0
100.0,5.0,0.008490934000064954,50.0,599.8828125,0.0
100.0,6.0,0.007725147999963156,50.0,599.8828125,0.0
100.0,7.0,0.008822643000030439,50.0,599.8828125,0.0
100.0,8.0,0.005742925999811632,100.0,599.8828125,0.0
100.0,9.0,0.008719177999864769,50.0,600.01171875,0.0
100.0,10.0,0.008011788999965574,50.0,600.01171875,0.0
100.0,11.0,0.006177363999995578,0.0,600.015625,0.0
100.0,12.0,0.008344058999909976,50.0,600.015625,0.0
100.0,13.0,0.007771447000095577,50.0,596.5390625,0.0
100.0,14.0,0.009788567999976294,50.0,599.5703125,0.0
100.0,15.0,0.008277894000002561,50.0,599.83203125,0.0
100.0,16.0,0.010921035000137636,50.0,599.83203125,0.0
100.0,17.0,0.008100385000034294,50.0,599.83203125,0.0
100.0,18.0,0.008328793000146106,50.0,599.83203125,0.0
100.0,19.0,0.008726666000029581,50.0,599.83203125,0.0
100.0,20.0,0.008784496999851399,50.0,599.83203125,0.0
100.0,21.0,0.00600925499998084,100.0,599.83203125,0.0
100.0,22.0,0.0066914579999775015,50.0,599.8359375,0.0
100.0,23.0,0.005761885000083566,0.0,599.8359375,0.0
100.0,24.0,0.007955053999921802,50.0,599.8359375,0.0
100.0,25.0,0.01079647799997474,50.0,599.8359375,0.0
100.0,26.0,0.007551145999968867,100.0,599.8359375,0.0
100.0,27.0,0.008117750999872442,50.0,599.8359375,0.0
100.0,28.0,0.009073992999901748,50.0,599.8359375,0.0
100.0,29.0,0.010710949999975128,66.7,599.8359375,0.0
100.0,30.0,0.008738827000115634,50.0,599.8359375,0.0
100.0,31.0,0.006287229000008665,0.0,599.8359375,0.0
100.0,32.0,0.00834349300021131,50.0,599.84375,0.0
100.0,33.0,0.007779094999932568,100.0,599.84375,0.0
100.0,34.0,0.010573408000027484,50.0,599.76953125,0.0
100.0,35.0,0.01140563400008432,50.0,599.1796875,0.0
100.0,36.0,0.008454976999928476,50.0,599.75,0.0
100.0,37.0,0.008212636000052953,50.0,599.8984375,0.0
100.0,38.0,0.010086602000001221,50.0,599.8984375,0.0
100.0,39.0,0.006498870000086754,50.0,599.8984375,0.0
100.0,40.0,0.008347855000010895,50.0,599.8984375,0.0
100.0,41.0,0.010698240000010628,50.0,599.8984375,0.0
100.0,42.0,0.007648494000022765,50.0,599.90625,0.0
100.0,43.0,0.0110345220000454,50.0,599.90625,0.0
100.0,44.0,0.005921645000171338,50.0,599.90625,0.0
100.0,45.0,0.006385852999983399,50.0,599.90625,0.0
100.0,46.0,0.007952282000132982,100.0,599.91015625,0.0
100.0,47.0,0.005538493999893035,50.0,599.91015625,0.0
100.0,48.0,0.007514186999969752,50.0,599.91015625,0.0
100.0,49.0,0.006034081000052538,0.0,599.91015625,0.0
100.0,50.0,0.006308754999963639,100.0,599.91015625,0.0
100.0,51.0,0.009613418999833812,50.0,599.91015625,0.0
100.0,52.0,0.00813631500000156,50.0,599.91796875,0.0
100.0,53.0,0.009409605999962878,50.0,599.91796875,0.0
100.0,54.0,0.007692544000065027,50.0,599.56640625,0.0
100.0,55.0,0.006065428000056272,50.0,599.828125,0.0
100.0,56.0,0.005597548999958235,50.0,599.828125,0.0
100.0,57.0,0.006249889999935476,0.0,599.83203125,0.0
100.0,58.0,0.007442048000029899,50.0,599.83203125,0.0
100.0,59.0,0.005684564000148384,50.0,599.8359375,0.0
100.0,60.0,0.006686668999918766,0.0,599.8359375,0.0
100.0,61.0,0.007187512999962564,100.0,599.8359375,0.0
100.0,62.0,0.010381979000158026,50.0,599.01953125,0.0
100.0,63.0,0.0076430910000908625,50.0,599.59765625,0.0
100.0,64.0,0.009178238000004058,50.0,599.59765625,0.0
100.0,65.0,0.009948766999968939,50.0,599.6328125,0.0
100.0,66.0,0.005506048999905033,50.0,599.72265625,0.0
100.0,67.0,0.010818906999929823,50.0,599.125,0.0
100.0,68.0,0.006345017999819902,0.0,599.890625,0.0
100.0,69.0,0.008094683999843255,50.0,596.078125,0.0
100.0,70.0,0.010340921000079106,50.0,599.375,0.0
100.0,71.0,0.008010336000097595,50.0,599.375,0.0
100.0,72.0,0.007779905999996117,100.0,599.375,0.0
100.0,73.0,0.008966953000026479,50.0,599.61328125,0.0
100.0,74.0,0.009147219999931622,66.7,599.6171875,0.0
100.0,75.0,0.007604471999911766,50.0,600.15234375,0.0
100.0,76.0,0.00560464399995908,50.0,600.15625,0.0
100.0,77.0,0.009636916999852474,50.0,600.15625,0.0
100.0,78.0,0.008205409000083819,50.0,600.15625,0.0
100.0,79.0,0.005453333000104976,0.0,600.15625,0.0
100.0,80.0,0.008366660000092452,50.0,600.15625,0.0
100.0,81.0,0.0098458259999461,50.0,600.16015625,0.0
100.0,82.0,0.009835938999913196,50.0,600.16015625,0.0
100.0,83.0,0.0057899109999652865,50.0,600.16796875,0.0
100.0,84.0,0.007899701000042114,50.0,600.16796875,0.0
100.0,85.0,0.009464939000054073,50.0,599.7578125,0.0
100.0,86.0,0.0073858640000707965,50.0,599.7578125,0.0
100.0,87.0,0.00901129699991543,100.0,599.91015625,0.0
100.0,88.0,0.012616330000128073,100.0,599.91015625,0.0
100.0,89.0,0.01090249899993978,100.0,599.91015625,0.0
100.0,90.0,0.008354438999958802,50.0,599.91015625,0.0
100.0,91.0,0.005726959999947212,50.0,599.91015625,0.0
100.0,92.0,0.009792276999860405,50.0,599.9140625,0.0
100.0,93.0,0.009992241999952967,50.0,599.9140625,0.0
100.0,94.0,0.007263876000024538,50.0,599.91796875,0.0
100.0,95.0,0.007155112999953417,0.0,599.91796875,0.0
100.0,96.0,0.00980091600013111,50.0,599.91796875,0.0
100.0,97.0,0.005948555000031774,50.0,599.91796875,0.0
100.0,98.0,0.00547266400008084,50.0,599.921875,0.0
100.0,99.0,0.007860439000069164,50.0,599.921875,0.0
100.0,100.0,0.009853946000021097,50.0,599.921875,0.0
