Epoch,Episodio,Tiempo(s),CPU(%),RAM(MB),GPU_mem(MB)
1.0,1.0,2.9900132579999763,44.2,636.0,0.0
1.0,2.0,1.2274593989999403,6.6,639.5,0.0
1.0,3.0,2.0739873800000623,2.9,639.51953125,0.0
1.0,4.0,1.3632964870000706,1.8,639.53515625,0.0
1.0,5.0,1.8894147979999616,2.1,639.5625,0.0
1.0,6.0,1.260297881999918,2.0,639.5625,0.0
1.0,7.0,1.0483493440000302,6.2,639.5703125,0.0
1.0,8.0,1.7758082709999599,53.3,639.578125,0.0
1.0,9.0,1.15920603699999,2.2,639.58203125,0.0
1.0,10.0,1.8742653429999336,2.7,639.60546875,0.0
1.0,11.0,1.8776466310000615,2.1,639.66796875,0.0
1.0,12.0,1.6156911049999962,1.2,639.71484375,0.0
1.0,13.0,1.5831172200000765,4.4,639.73828125,0.0
1.0,14.0,1.1815365319999955,1.7,639.7421875,0.0
1.0,15.0,1.2068139350000138,24.2,639.75,0.0
1.0,16.0,2.1488024100000302,30.9,639.75390625,0.0
1.0,17.0,0.8029609930000561,3.1,639.75390625,0.0
1.0,18.0,2.5914118370000097,1.7,639.765625,0.0
1.0,19.0,1.5555631390000144,4.5,639.78125,0.0
1.0,20.0,1.0496383710000146,3.8,639.82421875,0.0
1.0,21.0,1.1864159780000136,3.0,639.86328125,0.0
1.0,22.0,1.9269367019999208,5.2,639.88671875,0.0
1.0,23.0,1.7402927749999435,51.0,639.88671875,0.0
1.0,24.0,1.2709409950000463,2.0,639.88671875,0.0
1.0,25.0,1.5321821899999577,2.3,639.88671875,0.0
1.0,26.0,1.1678722939999489,2.6,639.88671875,0.0
1.0,27.0,1.8038168250000126,4.2,639.890625,0.0
1.0,28.0,1.9298001280000108,1.8,639.89453125,0.0
1.0,29.0,1.048834634000059,3.3,639.91015625,0.0
1.0,30.0,1.7677358569999342,22.8,639.9453125,0.0
1.0,31.0,1.3511249519999637,41.4,639.97265625,0.0
1.0,32.0,1.2418413589999773,2.0,639.97265625,0.0
1.0,33.0,2.059702791999939,2.9,639.97265625,0.0
1.0,34.0,1.3406049019999955,2.3,639.97265625,0.0
1.0,35.0,1.2484850020000522,1.6,639.97265625,0.0
1.0,36.0,1.496094941000024,3.4,639.97265625,0.0
1.0,37.0,1.5990032439999595,2.2,639.97265625,0.0
1.0,38.0,1.7469867329999715,40.9,639.9765625,0.0
1.0,39.0,1.8881242630000088,27.1,639.9921875,0.0
1.0,40.0,1.139656919999993,3.1,640.01171875,0.0
1.0,41.0,5.531996960000015,2.4,640.04296875,0.0
1.0,42.0,1.4183784429999378,1.8,640.05078125,0.0
1.0,43.0,2.03164737599991,35.6,640.05078125,0.0
1.0,44.0,1.5195276640000657,17.8,640.05078125,0.0
1.0,45.0,2.2472152190000543,2.0,640.05078125,0.0
1.0,46.0,1.214176774000066,3.3,640.05078125,0.0
1.0,47.0,1.526189119000037,1.6,640.05078125,0.0
1.0,48.0,2.761833341000056,2.0,640.05078125,0.0
1.0,49.0,1.3916980909999666,13.9,640.05078125,0.0
1.0,50.0,1.768501211000057,44.2,640.0546875,0.0
1.0,51.0,2.2189287919999288,2.7,640.07421875,0.0
1.0,52.0,2.3917299830000047,4.8,640.09765625,0.0
1.0,53.0,1.0881847019999213,1.8,640.09765625,0.0
1.0,54.0,1.312036760000069,3.8,640.09765625,0.0
1.0,55.0,2.1085351560000163,3.6,640.09765625,0.0
1.0,56.0,3.131239482999945,30.6,640.09765625,0.0
1.0,57.0,0.970855207999989,2.1,640.09765625,0.0
1.0,58.0,1.353196030999925,2.9,640.09765625,0.0
1.0,59.0,2.3963877420000017,1.9,640.09765625,0.0
1.0,60.0,1.725416397999993,3.2,640.09765625,0.0
1.0,61.0,1.1197647430000188,3.1,640.09765625,0.0
1.0,62.0,1.6870468780000465,9.8,640.09765625,0.0
1.0,63.0,2.276849969999944,36.9,640.09765625,0.0
1.0,64.0,1.6703972390000672,2.7,640.1015625,0.0
1.0,65.0,1.0616113079998968,1.9,640.1015625,0.0
1.0,66.0,2.227822498000023,2.7,640.10546875,0.0
1.0,67.0,0.9685808320000433,2.1,640.10546875,0.0
1.0,68.0,1.3796760699999595,2.5,640.10546875,0.0
1.0,69.0,1.7061889230000133,2.9,640.10546875,0.0
1.0,70.0,1.5894677420000107,51.1,640.10546875,0.0
1.0,71.0,1.6953123829999868,8.0,640.10546875,0.0
1.0,72.0,1.4363435960000288,4.5,640.109375,0.0
1.0,73.0,1.9642785629999935,3.1,640.1171875,0.0
1.0,74.0,1.9053194529999473,2.4,640.12109375,0.0
1.0,75.0,1.2195428539999966,1.6,640.12890625,0.0
1.0,76.0,3.8482839120000563,24.9,640.12890625,0.0
1.0,77.0,1.056435044000068,1.9,640.12890625,0.0
1.0,78.0,2.078089961000046,2.2,640.12890625,0.0
1.0,79.0,1.4766445330000124,1.4,640.12890625,0.0
1.0,80.0,1.6007764549999592,2.8,640.12890625,0.0
1.0,81.0,3.8258575219999784,6.2,640.12890625,0.0
1.0,82.0,2.163159543000006,37.0,640.1328125,0.0
1.0,83.0,1.7584262980000176,1.7,640.140625,0.0
1.0,84.0,1.7099068720000332,2.1,640.15234375,0.0
1.0,85.0,1.6978717000000643,3.0,640.1796875,0.0
1.0,86.0,3.1582992749999903,3.8,640.1796875,0.0
1.0,87.0,1.0955648010000232,12.8,640.1796875,0.0
1.0,88.0,1.8217589260000295,44.4,640.1796875,0.0
1.0,89.0,1.6625118919999977,1.8,640.1796875,0.0
1.0,90.0,1.4008935370000017,2.1,640.1796875,0.0
1.0,91.0,1.7811966250000069,2.5,640.1796875,0.0
1.0,92.0,3.1082137890000467,2.4,640.1796875,0.0
1.0,93.0,1.7427589200000284,4.3,640.18359375,0.0
1.0,94.0,1.5818449600000122,55.6,640.19140625,0.0
1.0,95.0,4.46987634300001,2.7,640.20703125,0.0
1.0,96.0,1.9442529269999795,2.1,640.22265625,0.0
1.0,97.0,0.8447159710000278,2.4,640.22265625,0.0
1.0,98.0,1.9905034550000664,2.3,640.22265625,0.0
1.0,99.0,1.718079130000092,30.9,640.22265625,0.0
1.0,100.0,2.711863597000047,16.3,640.22265625,0.0
2.0,1.0,2.2653508540000757,2.7,640.22265625,0.0
2.0,2.0,1.387423162999994,2.9,640.22265625,0.0
2.0,3.0,2.679406427999993,2.8,640.22265625,0.0
2.0,4.0,3.80239032399993,26.4,640.2265625,0.0
2.0,5.0,1.793564200999981,3.1,640.24609375,0.0
2.0,6.0,1.487730393999982,1.4,640.265625,0.0
2.0,7.0,1.740645926999946,2.3,640.265625,0.0
2.0,8.0,0.9421453850000034,2.1,640.265625,0.0
2.0,9.0,1.900210635999997,1.8,640.265625,0.0
2.0,10.0,1.5637315769999987,1.9,640.265625,0.0
2.0,11.0,2.1020650140000043,46.5,640.265625,0.0
2.0,12.0,1.824683071000095,2.2,640.26953125,0.0
2.0,13.0,1.2580606799999714,2.4,640.2734375,0.0
2.0,14.0,1.8517574940000259,1.9,640.28125,0.0
2.0,15.0,1.6108585810000022,1.9,640.30859375,0.0
2.0,16.0,1.327576755999985,1.9,640.30859375,0.0
2.0,17.0,1.6467271619999337,4.8,640.30859375,0.0
2.0,18.0,1.9918649810000488,47.0,640.30859375,0.0
2.0,19.0,2.0550559350000412,2.2,640.30859375,0.0
2.0,20.0,1.3219166159999531,1.9,640.30859375,0.0
2.0,21.0,2.11524599400002,2.1,640.30859375,0.0
2.0,22.0,2.7375382049999644,4.0,640.3125,0.0
2.0,23.0,0.9923395549999441,2.0,640.31640625,0.0
2.0,24.0,1.2973651799999288,32.3,640.328125,0.0
2.0,25.0,1.145666209000069,46.3,640.34765625,0.0
2.0,26.0,1.288328694000029,2.7,640.375,0.0
2.0,27.0,1.6287837379999246,2.8,640.42578125,0.0
2.0,28.0,1.0002421220000315,2.5,640.42578125,0.0
2.0,29.0,2.1981471740000416,2.5,640.42578125,0.0
2.0,30.0,1.0479839050000237,4.3,640.42578125,0.0
2.0,31.0,0.9937454949999847,1.5,640.42578125,0.0
2.0,32.0,1.715835497999933,5.0,640.42578125,0.0
2.0,33.0,1.3163816659999839,54.3,640.42578125,0.0
2.0,34.0,2.28194018399995,7.7,640.42578125,0.0
2.0,35.0,2.2666772469999614,2.4,640.42578125,0.0
2.0,36.0,1.244851261000008,5.6,640.42578125,0.0
2.0,37.0,6.148476254999991,16.2,640.4296875,0.0
2.0,38.0,2.1168834500000457,3.5,640.4375,0.0
2.0,39.0,1.0556589399999439,3.8,640.4375,0.0
2.0,40.0,2.0765789460000406,2.9,640.4375,0.0
2.0,41.0,1.5697618140000031,1.9,640.4375,0.0
2.0,42.0,1.2287111230000392,2.4,640.4375,0.0
2.0,43.0,1.6009449830000904,2.2,640.4375,0.0
2.0,44.0,2.265252489999966,40.7,640.4375,0.0
2.0,45.0,1.4196893509999882,4.6,640.4375,0.0
2.0,46.0,1.9724097890000394,2.5,640.4375,0.0
2.0,47.0,1.4779710689999774,1.7,640.4453125,0.0
2.0,48.0,1.4069214099999954,2.1,640.45703125,0.0
2.0,49.0,0.9416364889999613,2.1,640.45703125,0.0
2.0,50.0,1.5840869899999461,1.9,640.45703125,0.0
2.0,51.0,1.5202700049999294,24.2,640.45703125,0.0
2.0,52.0,1.9570352179999873,32.4,640.45703125,0.0
2.0,53.0,1.1994057580000117,2.1,640.45703125,0.0
2.0,54.0,1.1394050899999684,3.5,640.45703125,0.0
2.0,55.0,0.7841097509999599,0.6,640.45703125,0.0
2.0,56.0,1.1317401749998908,1.8,640.45703125,0.0
2.0,57.0,2.502096114999972,2.4,640.46484375,0.0
2.0,58.0,1.7258828679999851,3.5,640.48828125,0.0
2.0,59.0,1.098381302000007,31.5,640.5,0.0
2.0,60.0,2.0099205640000264,32.8,640.5,0.0
2.0,61.0,3.3118277629999966,2.0,640.5,0.0
2.0,62.0,1.3298506080000152,1.9,640.5,0.0
2.0,63.0,4.329018786000006,2.4,640.5,0.0
2.0,64.0,1.504248199000017,49.2,640.5,0.0
2.0,65.0,1.9358381690000215,11.1,640.5,0.0
2.0,66.0,1.6561367630000632,1.8,640.5,0.0
2.0,67.0,1.2816466149999997,3.1,640.5,0.0
2.0,68.0,1.40469508700005,1.4,640.51171875,0.0
2.0,69.0,1.7343491000000313,4.3,640.53125,0.0
2.0,70.0,1.8079555669999081,2.2,640.53125,0.0
2.0,71.0,1.576286251000056,38.7,640.53125,0.0
2.0,72.0,1.1480706760000885,30.7,640.53125,0.0
2.0,73.0,1.452241273000027,2.4,640.53125,0.0
2.0,74.0,1.6472730149999961,3.6,640.53125,0.0
2.0,75.0,0.9644932569999582,2.6,640.53125,0.0
2.0,76.0,1.4229696740000009,4.2,640.53125,0.0
2.0,77.0,0.5984206970000514,0.8,640.53125,0.0
2.0,78.0,1.2758249109999724,2.3,640.54296875,0.0
2.0,79.0,1.2498401910000894,2.4,640.5546875,0.0
2.0,80.0,2.6332398050000165,35.0,640.5859375,0.0
2.0,81.0,1.1305916610000395,2.2,640.5859375,0.0
2.0,82.0,0.736356365000006,3.4,640.5859375,0.0
2.0,83.0,1.1068432959999654,2.3,640.5859375,0.0
2.0,84.0,1.1175232470000083,2.2,640.5859375,0.0
2.0,85.0,1.692422016999899,1.8,640.5859375,0.0
2.0,86.0,0.9198081189999812,5.5,640.5859375,0.0
2.0,87.0,1.5019444440000598,2.7,640.5859375,0.0
2.0,88.0,2.1739532159999726,15.5,640.58984375,0.0
2.0,89.0,1.364690851999967,44.9,640.59375,0.0
2.0,90.0,1.217458615000055,2.5,640.59765625,0.0
2.0,91.0,1.6865041089999977,2.4,640.62109375,0.0
2.0,92.0,1.255619462000027,2.0,640.625,0.0
2.0,93.0,2.6266568390000202,2.1,640.625,0.0
2.0,94.0,2.116349704000072,1.9,640.625,0.0
2.0,95.0,1.277981504999957,25.3,640.625,0.0
2.0,96.0,0.7687705140000389,51.6,640.625,0.0
2.0,97.0,0.8615962999999738,30.6,640.62890625,0.0
2.0,98.0,0.9234784620000482,2.2,640.62890625,0.0
2.0,99.0,1.7527442089999568,2.0,640.63671875,0.0
2.0,100.0,1.615154738000001,2.2,640.6484375,0.0
3.0,1.0,1.0400753940000413,3.8,640.671875,0.0
3.0,2.0,1.3067929740000181,1.9,640.6953125,0.0
3.0,3.0,2.601512330999981,2.1,640.71484375,0.0
3.0,4.0,1.4986480750000055,44.8,640.71484375,0.0
3.0,5.0,1.461448017000066,17.2,640.71484375,0.0
3.0,6.0,2.785246063000045,2.3,640.71484375,0.0
3.0,7.0,0.9282961369999612,2.2,640.72265625,0.0
3.0,8.0,1.563579494999999,1.6,640.7265625,0.0
3.0,9.0,1.2279018019999057,2.9,640.734375,0.0
3.0,10.0,3.6796967729999324,19.6,640.73828125,0.0
3.0,11.0,1.4213297329999932,18.0,640.75,0.0
3.0,12.0,1.889326665999988,2.1,640.76171875,0.0
3.0,13.0,1.256341725000084,1.6,640.765625,0.0
3.0,14.0,1.331407237999997,1.9,640.78515625,0.0
3.0,15.0,1.7283925389999695,3.8,640.78515625,0.0
3.0,16.0,1.1573128190000261,1.7,640.78515625,0.0
3.0,17.0,0.7476752869999927,2.0,640.7890625,0.0
3.0,18.0,1.7766207440000699,29.2,640.7890625,0.0
3.0,19.0,1.6594713929999898,25.3,640.79296875,0.0
3.0,20.0,1.8162778759999583,1.9,640.796875,0.0
3.0,21.0,1.0553575159999582,2.4,640.796875,0.0
3.0,22.0,2.0253025079999816,1.7,640.796875,0.0
3.0,23.0,1.363043067000035,1.5,640.796875,0.0
3.0,24.0,1.955715080999994,1.8,640.80859375,0.0
3.0,25.0,0.9157984839999926,10.9,640.81640625,0.0
3.0,26.0,1.965265680000016,41.2,640.84375,0.0
3.0,27.0,1.8662235479999936,1.9,640.84765625,0.0
3.0,28.0,2.2150217549999525,1.8,640.84765625,0.0
3.0,29.0,1.7338001639999447,2.6,640.84765625,0.0
3.0,30.0,1.2961296700000275,1.9,640.8515625,0.0
3.0,31.0,1.490880766000032,1.7,640.8515625,0.0
3.0,32.0,1.8387789859999657,29.4,640.85546875,0.0
3.0,33.0,1.927196710999965,19.5,640.859375,0.0
3.0,34.0,1.6579484239999829,4.2,640.859375,0.0
3.0,35.0,0.7803802280000127,0.6,640.8671875,0.0
3.0,36.0,1.680353136000008,2.7,640.87890625,0.0
3.0,37.0,2.807257918000005,2.0,640.90234375,0.0
3.0,38.0,2.945625484999937,23.2,640.91015625,0.0
3.0,39.0,2.2965146739999227,11.4,640.9140625,0.0
3.0,40.0,1.8103183399999807,1.9,640.9140625,0.0
3.0,41.0,1.1318776220000473,1.8,640.9140625,0.0
3.0,42.0,2.0144038409999894,1.7,640.91796875,0.0
3.0,43.0,1.6195034209999903,2.2,640.9296875,0.0
3.0,44.0,3.9150789700000814,23.2,640.94140625,0.0
3.0,45.0,1.3384993130000566,1.9,640.94921875,0.0
3.0,46.0,4.1049659089999295,1.8,640.953125,0.0
3.0,47.0,2.8006959219999317,3.2,640.96875,0.0
3.0,48.0,1.7942763080000077,27.7,640.984375,0.0
3.0,49.0,0.8696436310000308,45.1,641.00390625,0.0
3.0,50.0,1.9362815590000082,2.1,641.046875,0.0
3.0,51.0,1.5094720079999888,1.7,641.0625,0.0
3.0,52.0,1.4566021560000308,2.4,641.0625,0.0
3.0,53.0,1.366940279000005,1.8,641.0625,0.0
3.0,54.0,1.847784479999973,1.9,641.06640625,0.0
3.0,55.0,2.057778948999953,11.7,641.06640625,0.0
3.0,56.0,2.1570161870000675,31.6,641.06640625,0.0
3.0,57.0,1.3532100190000165,1.5,641.06640625,0.0
3.0,58.0,1.3380339109999113,2.2,641.06640625,0.0
3.0,59.0,1.5536992070000224,1.9,641.0703125,0.0
3.0,60.0,2.6935391079999818,2.0,641.07421875,0.0
3.0,61.0,1.850554580999983,2.2,641.0859375,0.0
3.0,62.0,0.9321805129999348,39.5,641.0859375,0.0
3.0,63.0,1.0691694470000357,47.4,641.0859375,0.0
3.0,64.0,1.4841797469999847,2.4,641.0859375,0.0
3.0,65.0,1.299780837999947,1.9,641.0859375,0.0
3.0,66.0,1.7671472839999751,3.7,641.0859375,0.0
3.0,67.0,1.9631843539999636,2.3,641.0859375,0.0
3.0,68.0,1.4592011219999677,1.4,641.0859375,0.0
3.0,69.0,1.7140569970001707,2.3,641.0859375,0.0
3.0,70.0,1.4217283909999878,48.9,641.0859375,0.0
3.0,71.0,1.7539000990000204,12.3,641.08984375,0.0
3.0,72.0,2.8731581430001825,1.7,641.09375,0.0
3.0,73.0,1.6543344919998617,2.7,641.10546875,0.0
3.0,74.0,2.576501315999849,1.6,641.10546875,0.0
3.0,75.0,1.6354919150001024,9.2,641.10546875,0.0
3.0,76.0,1.6647879470001499,45.2,641.10546875,0.0
3.0,77.0,1.2687905000000228,2.8,641.13671875,0.0
3.0,78.0,1.1560788330000378,1.7,641.13671875,0.0
3.0,79.0,1.3691678359998605,2.2,641.13671875,0.0
3.0,80.0,1.9527598730001046,2.3,641.14453125,0.0
3.0,81.0,1.2952817380000852,1.9,641.15234375,0.0
3.0,82.0,1.0737959420000607,1.9,641.16015625,0.0
3.0,83.0,1.363500656999804,2.2,641.1640625,0.0
3.0,84.0,1.6420726070000455,48.9,641.1875,0.0
3.0,85.0,2.1010859989999062,7.4,641.1875,0.0
3.0,86.0,1.8822217060001094,2.4,641.1875,0.0
3.0,87.0,1.531850353999971,2.9,641.1875,0.0
3.0,88.0,1.1908615489999193,2.1,641.1875,0.0
3.0,89.0,0.8819018789999973,2.3,641.1875,0.0
3.0,90.0,1.6401025249999748,1.5,641.1875,0.0
3.0,91.0,0.985304122999878,3.6,641.1875,0.0
3.0,92.0,1.4911450950000926,55.6,641.1875,0.0
3.0,93.0,1.3223900099999355,4.5,641.19140625,0.0
3.0,94.0,1.5899375189999319,2.2,641.19140625,0.0
3.0,95.0,1.0738993960001153,1.9,641.20703125,0.0
3.0,96.0,1.405476746999966,1.8,641.20703125,0.0
3.0,97.0,0.9632724989999133,2.6,641.20703125,0.0
3.0,98.0,1.9474634340001558,2.1,641.20703125,0.0
3.0,99.0,2.2636692109999785,13.8,641.20703125,0.0
3.0,100.0,1.8538402910000968,32.1,641.20703125,0.0
4.0,1.0,1.2479309819998434,2.0,641.20703125,0.0
4.0,2.0,2.085007103999942,1.9,641.20703125,0.0
4.0,3.0,1.6667169659999672,3.0,641.20703125,0.0
4.0,4.0,2.196756313000151,3.0,641.20703125,0.0
4.0,5.0,3.531958798000005,25.0,641.21484375,0.0
4.0,6.0,1.1658764869998777,2.6,641.22265625,0.0
4.0,7.0,1.5929576839998845,2.8,641.2265625,0.0
4.0,8.0,1.0753022850001344,1.9,641.2265625,0.0
4.0,9.0,1.116728288999866,1.8,641.2265625,0.0
4.0,10.0,1.7208350099999734,2.3,641.2265625,0.0
4.0,11.0,2.5069793380000647,1.6,641.2265625,0.0
4.0,12.0,1.8931169180000325,31.3,641.2265625,0.0
4.0,13.0,1.7046463750000385,18.9,641.2265625,0.0
4.0,14.0,2.670750601000009,1.9,641.234375,0.0
4.0,15.0,1.8740782330000911,1.9,641.234375,0.0
4.0,16.0,1.2635131229999388,3.6,641.25390625,0.0
4.0,17.0,1.4984529680000378,2.0,641.265625,0.0
4.0,18.0,1.2705604780001067,1.6,641.28125,0.0
4.0,19.0,3.4439657489999718,26.4,641.2890625,0.0
4.0,20.0,1.6633953399998518,3.6,641.2890625,0.0
4.0,21.0,0.9811388489999899,2.0,641.2890625,0.0
4.0,22.0,1.9697305909999159,2.0,641.2890625,0.0
4.0,23.0,1.4816142530000889,2.4,641.2890625,0.0
4.0,24.0,1.4292235090001668,2.1,641.2890625,0.0
4.0,25.0,1.7786323989998891,29.9,641.2890625,0.0
4.0,26.0,1.3222236050000902,27.5,641.2890625,0.0
4.0,27.0,1.3549747080000998,1.5,641.2890625,0.0
4.0,28.0,1.1948006269999496,2.5,641.29296875,0.0
4.0,29.0,1.4699974840000323,2.4,641.30078125,0.0
4.0,30.0,1.7385336209999878,2.0,641.30078125,0.0
4.0,31.0,1.1973776299998917,1.7,641.3046875,0.0
4.0,32.0,1.7467665229999056,2.0,641.3046875,0.0
4.0,33.0,1.7343886280000333,36.4,641.3046875,0.0
4.0,34.0,1.851870358000042,15.5,641.3046875,0.0
4.0,35.0,2.147386607000044,2.6,641.3046875,0.0
4.0,36.0,3.4217092570002023,2.3,641.3046875,0.0
4.0,37.0,1.636185297999873,1.5,641.3046875,0.0
4.0,38.0,2.674183270999947,28.5,641.3203125,0.0
4.0,39.0,1.421507260999988,12.4,641.328125,0.0
4.0,40.0,1.4341602929998771,3.5,641.33984375,0.0
4.0,41.0,1.632143520999989,1.8,641.33984375,0.0
4.0,42.0,2.859610995999901,1.9,641.33984375,0.0
4.0,43.0,2.5285356200001843,1.8,641.33984375,0.0
4.0,44.0,0.9202724939998461,33.0,641.33984375,0.0
4.0,45.0,2.666709030999982,22.5,641.33984375,0.0
4.0,46.0,1.683091197000067,1.8,641.33984375,0.0
4.0,47.0,1.869431208999913,1.6,641.3515625,0.0
4.0,48.0,1.9337152419998347,2.3,641.35546875,0.0
4.0,49.0,4.7093293150001045,19.8,641.3671875,0.0
4.0,50.0,0.9221753239999089,2.2,641.3828125,0.0
4.0,51.0,1.5008415710001373,2.0,641.39453125,0.0
4.0,52.0,5.251542104000009,2.2,641.3984375,0.0
4.0,53.0,1.1600875060000817,3.9,641.3984375,0.0
4.0,54.0,1.0037364180000168,8.5,641.3984375,0.0
4.0,55.0,1.151240764999784,53.9,641.3984375,0.0
4.0,56.0,0.9449349829999392,19.8,641.3984375,0.0
4.0,57.0,3.048368741999866,2.0,641.3984375,0.0
4.0,58.0,0.7128698219999023,1.4,641.3984375,0.0
4.0,59.0,0.82660946399983,2.4,641.3984375,0.0
4.0,60.0,1.349302525999974,1.9,641.40625,0.0
4.0,61.0,1.1875490730001275,3.8,641.4140625,0.0
4.0,62.0,0.6239800850000847,0.8,641.421875,0.0
4.0,63.0,1.2600440619999063,2.0,641.4296875,0.0
4.0,64.0,0.861077344000023,33.9,641.44921875,0.0
4.0,65.0,0.847771597000019,54.8,641.4609375,0.0
4.0,66.0,1.1581420489999346,11.7,641.5078125,0.0
4.0,67.0,1.118874298000037,2.2,641.51171875,0.0
4.0,68.0,1.9654132810001101,2.3,641.51171875,0.0
4.0,69.0,5.237257409999984,1.9,641.51171875,0.0
4.0,70.0,0.6162212669999008,2.5,641.51171875,0.0
4.0,71.0,1.142288894999865,49.8,641.51171875,0.0
4.0,72.0,0.9617057420000492,38.7,641.51171875,0.0
4.0,73.0,1.6756465799999205,2.1,641.51171875,0.0
4.0,74.0,0.9584957580000264,2.1,641.515625,0.0
4.0,75.0,2.0816129800000454,2.2,641.515625,0.0
4.0,76.0,0.8908696619998864,2.2,641.51953125,0.0
4.0,77.0,1.3673293649999323,2.2,641.5234375,0.0
4.0,78.0,0.9563966489999984,2.1,641.5234375,0.0
4.0,79.0,1.1178458689998934,2.7,641.5234375,0.0
4.0,80.0,1.5793597029999091,35.7,641.5234375,0.0
4.0,81.0,1.2600014360000387,26.4,641.5234375,0.0
4.0,82.0,1.6837079739998444,1.2,641.5234375,0.0
4.0,83.0,2.8312427710000065,1.6,641.5234375,0.0
4.0,84.0,2.0747882680000203,2.2,641.53125,0.0
4.0,85.0,1.246659351000062,1.6,641.53515625,0.0
4.0,86.0,1.7405725159999292,11.5,641.5390625,0.0
4.0,87.0,0.9267369530000451,55.7,641.54296875,0.0
4.0,88.0,1.2504845809999097,19.4,641.5546875,0.0
4.0,89.0,1.1832202539999344,2.5,641.55859375,0.0
4.0,90.0,1.2222645589999956,2.9,641.55859375,0.0
4.0,91.0,1.1056194560001131,2.3,641.5625,0.0
4.0,92.0,1.5974064279998856,2.5,641.5625,0.0
4.0,93.0,1.9609833080000953,3.6,641.56640625,0.0
4.0,94.0,1.6872290900000735,2.1,641.5703125,0.0
4.0,95.0,1.4567583829998512,40.3,641.5703125,0.0
4.0,96.0,0.9274558449999404,32.4,641.5703125,0.0
4.0,97.0,2.4959849839999606,2.0,641.578125,0.0
4.0,98.0,2.3172053719999894,1.7,641.578125,0.0
4.0,99.0,1.5970205569999507,1.6,641.578125,0.0
4.0,100.0,1.301365967000038,2.7,641.578125,0.0
5.0,1.0,1.1290097559999595,2.2,641.578125,0.0
5.0,2.0,2.738629610999851,32.2,641.578125,0.0
5.0,3.0,1.1272908779999398,2.2,641.578125,0.0
5.0,4.0,0.9148158319999311,3.3,641.578125,0.0
5.0,5.0,0.8722219240000868,1.7,641.578125,0.0
5.0,6.0,1.3265111860000616,2.7,641.578125,0.0
5.0,7.0,1.5429929219999394,1.9,641.578125,0.0
5.0,8.0,1.4287513530000524,2.8,641.578125,0.0
5.0,9.0,2.2246886070001892,1.8,641.578125,0.0
5.0,10.0,1.2341740030001347,49.6,641.58203125,0.0
5.0,11.0,1.8955484600001,16.1,641.58203125,0.0
5.0,12.0,1.774516690999917,4.2,641.5859375,0.0
5.0,13.0,0.9035439799999949,0.6,641.5859375,0.0
5.0,14.0,1.9942801400000008,2.3,641.5859375,0.0
5.0,15.0,2.077701788000013,1.7,641.58984375,0.0
5.0,16.0,1.6150848219999716,2.5,641.59375,0.0
5.0,17.0,2.438158985999962,36.5,641.59375,0.0
5.0,18.0,1.2070922919999703,2.5,641.59375,0.0
5.0,19.0,1.9512288700000227,2.1,641.59375,0.0
5.0,20.0,1.2450539279998338,2.4,641.59375,0.0
5.0,21.0,1.9342252830001598,1.8,641.59375,0.0
5.0,22.0,4.115028617999997,15.9,641.609375,0.0
5.0,23.0,1.2864818819998618,20.3,641.6171875,0.0
5.0,24.0,2.6024510359998203,2.7,641.62890625,0.0
5.0,25.0,1.018483083000092,2.0,641.62890625,0.0
5.0,26.0,1.6581471550000515,1.8,641.62890625,0.0
5.0,27.0,1.4553818669999146,2.7,641.63671875,0.0
5.0,28.0,0.8172497650000423,1.2,641.63671875,0.0
5.0,29.0,0.9308101000001443,3.8,641.63671875,0.0
5.0,30.0,0.8724893549999706,18.4,641.63671875,0.0
5.0,31.0,1.0286524729999655,53.7,641.63671875,0.0
5.0,32.0,2.4525771749999876,9.4,641.63671875,0.0
5.0,33.0,1.4224752229999922,1.8,641.63671875,0.0
5.0,34.0,1.3025073520000205,1.5,641.63671875,0.0
5.0,35.0,1.2671962740000708,2.8,641.640625,0.0
5.0,36.0,1.5816238970000995,2.5,641.6484375,0.0
5.0,37.0,2.001550343999952,2.0,641.6484375,0.0
5.0,38.0,5.476845540999875,16.8,641.6484375,0.0
5.0,39.0,1.0261562880000383,2.4,641.6484375,0.0
5.0,40.0,1.5113442510000823,2.0,641.6484375,0.0
5.0,41.0,1.8832617419998314,2.4,641.6484375,0.0
5.0,42.0,2.96071433599991,19.9,641.6484375,0.0
5.0,43.0,1.7963082500000382,18.0,641.6484375,0.0
5.0,44.0,1.6959925900000599,2.1,641.65625,0.0
5.0,45.0,1.6336502780000046,2.8,641.65625,0.0
5.0,46.0,1.9705164620002051,3.6,641.66796875,0.0
5.0,47.0,1.2474191059998248,2.0,641.66796875,0.0
5.0,48.0,2.5474904059999517,9.1,641.66796875,0.0
5.0,49.0,3.7056368109999767,19.6,641.66796875,0.0
5.0,50.0,2.265098984000133,1.8,641.66796875,0.0
5.0,51.0,1.5316443839999465,2.3,641.66796875,0.0
5.0,52.0,1.325930296000024,1.9,641.66796875,0.0
5.0,53.0,0.8990799240000342,2.2,641.66796875,0.0
5.0,54.0,1.2619483040000432,2.4,641.66796875,0.0
5.0,55.0,1.043228949999957,42.7,641.66796875,0.0
5.0,56.0,1.3524262180001188,32.7,641.66796875,0.0
5.0,57.0,2.671124794999969,2.3,641.67578125,0.0
5.0,58.0,1.0516054970000823,2.9,641.6875,0.0
5.0,59.0,3.3572690299999977,1.5,641.6875,0.0
5.0,60.0,1.4567027949999556,2.4,641.6875,0.0
5.0,61.0,0.807934841000133,2.5,641.6875,0.0
5.0,62.0,2.275209618999952,39.8,641.6875,0.0
5.0,63.0,1.8407214119999935,4.1,641.6875,0.0
5.0,64.0,1.640950058000044,1.8,641.6875,0.0
5.0,65.0,1.3217156230000455,1.9,641.6875,0.0
5.0,66.0,1.5668528549999792,2.2,641.6875,0.0
5.0,67.0,1.3109515339999689,1.9,641.69140625,0.0
5.0,68.0,1.4912099760001638,2.4,641.69921875,0.0
5.0,69.0,1.67650082199998,48.5,641.7109375,0.0
5.0,70.0,1.941628006999963,7.2,641.7109375,0.0
5.0,71.0,1.2175800400000298,2.5,641.7109375,0.0
5.0,72.0,1.2071931689999928,2.9,641.7109375,0.0
5.0,73.0,2.0186310280000725,2.0,641.7109375,0.0
5.0,74.0,1.6562433739998141,1.5,641.7109375,0.0
5.0,75.0,1.5406483670001307,2.3,641.7109375,0.0
5.0,76.0,1.3811940849998336,35.1,641.7109375,0.0
5.0,77.0,1.1913514820000728,35.9,641.7109375,0.0
5.0,78.0,2.375136510000175,2.1,641.71484375,0.0
5.0,79.0,2.5293556480000916,1.8,641.7265625,0.0
5.0,80.0,1.9000373389999368,3.2,641.7265625,0.0
5.0,81.0,1.6902762170000187,2.9,641.7265625,0.0
5.0,82.0,1.4455350519999683,17.0,641.73046875,0.0
5.0,83.0,1.7908399279999685,37.7,641.73046875,0.0
5.0,84.0,1.7774128789999395,2.8,641.73046875,0.0
5.0,85.0,2.473167260000082,1.4,641.73046875,0.0
5.0,86.0,2.015677108999853,1.7,641.73046875,0.0
5.0,87.0,1.5721464379998906,1.9,641.73046875,0.0
5.0,88.0,1.5127265599999191,2.3,641.73828125,0.0
5.0,89.0,1.8637205750001158,48.2,641.76171875,0.0
5.0,90.0,3.50264674500022,1.6,641.765625,0.0
5.0,91.0,1.7875329290000082,2.5,641.765625,0.0
5.0,92.0,1.5401182020000306,2.6,641.765625,0.0
5.0,93.0,2.6969852170000195,1.9,641.76953125,0.0
5.0,94.0,0.9640767629998663,41.7,641.76953125,0.0
5.0,95.0,1.6656947769999988,32.5,641.76953125,0.0
5.0,96.0,1.0710756650000803,1.9,641.76953125,0.0
5.0,97.0,0.994797250999909,5.0,641.76953125,0.0
5.0,98.0,1.3200545279999005,1.9,641.76953125,0.0
5.0,99.0,2.1103691190000973,1.9,641.76953125,0.0
5.0,100.0,1.5525300490000973,2.6,641.76953125,0.0
6.0,1.0,1.4998013399999763,1.7,641.76953125,0.0
6.0,2.0,1.602930133999962,31.0,641.76953125,0.0
6.0,3.0,1.574827945999914,25.8,641.76953125,0.0
6.0,4.0,1.5073699150000266,2.3,641.76953125,0.0
6.0,5.0,2.594883548000098,2.1,641.76953125,0.0
6.0,6.0,1.2115334249999705,2.1,641.76953125,0.0
6.0,7.0,1.50698074800016,2.3,641.76953125,0.0
6.0,8.0,1.659891861999995,1.5,641.76953125,0.0
6.0,9.0,3.688534478000065,24.9,641.76953125,0.0
6.0,10.0,1.98168656200005,1.8,641.76953125,0.0
6.0,11.0,1.5358521699999983,2.6,641.76953125,0.0
6.0,12.0,1.1190340279999873,1.8,641.77734375,0.0
6.0,13.0,1.1258930829999372,1.8,641.7890625,0.0
6.0,14.0,1.827944849000005,2.5,641.80078125,0.0
6.0,15.0,1.7954147000000376,26.6,641.80078125,0.0
6.0,16.0,1.9431077980000282,22.7,641.80078125,0.0
6.0,17.0,1.6457806109999638,2.1,641.80078125,0.0
6.0,18.0,2.0497521280001365,3.9,641.80078125,0.0
6.0,19.0,1.4350949319998563,1.4,641.80078125,0.0
6.0,20.0,0.7481604219999554,2.7,641.80078125,0.0
6.0,21.0,1.6243484450001233,2.5,641.80078125,0.0
6.0,22.0,1.9204400179999084,19.4,641.80078125,0.0
6.0,23.0,1.8477618429999438,29.0,641.80078125,0.0
6.0,24.0,1.4453299040001184,2.4,641.8046875,0.0
6.0,25.0,1.627728376999812,1.2,641.80859375,0.0
6.0,26.0,1.1980707879999954,2.1,641.80859375,0.0
6.0,27.0,1.521841429999995,2.3,641.80859375,0.0
6.0,28.0,0.7786519060000501,2.6,641.80859375,0.0
6.0,29.0,1.5761129559998608,3.2,641.80859375,0.0
6.0,30.0,1.69122392700001,26.1,641.80859375,0.0
6.0,31.0,2.2869630440000037,20.7,641.80859375,0.0
6.0,32.0,2.560490381000136,2.3,641.80859375,0.0
6.0,33.0,1.6992761490000703,1.2,641.80859375,0.0
6.0,34.0,1.7605921439999292,2.6,641.8125,0.0
6.0,35.0,0.9783651939999345,2.1,641.81640625,0.0
6.0,36.0,1.970399929999985,15.8,641.81640625,0.0
6.0,37.0,1.8489000670001587,35.7,641.81640625,0.0
6.0,38.0,2.460177806000047,1.6,641.81640625,0.0
6.0,39.0,2.6246232160001455,2.7,641.81640625,0.0
6.0,40.0,0.9826923059999899,2.0,641.81640625,0.0
6.0,41.0,1.4847923130000709,1.7,641.81640625,0.0
6.0,42.0,2.180355617999794,12.4,641.81640625,0.0
6.0,43.0,1.6698462680001285,38.7,641.81640625,0.0
6.0,44.0,2.408657288000086,1.9,641.81640625,0.0
6.0,45.0,0.6706830699999955,3.0,641.81640625,0.0
6.0,46.0,1.6801812100000006,2.4,641.81640625,0.0
6.0,47.0,1.5370566369999779,1.6,641.82421875,0.0
6.0,48.0,1.73227341300003,2.3,641.82421875,0.0
6.0,49.0,1.9524114670000472,16.5,641.82421875,0.0
6.0,50.0,1.0385191459999987,54.9,641.82421875,0.0
6.0,51.0,1.5037082879998707,2.7,641.82421875,0.0
6.0,52.0,1.7518481090000932,2.3,641.82421875,0.0
6.0,53.0,1.3454031070000383,1.5,641.82421875,0.0
6.0,54.0,1.7665019159999247,4.2,641.82421875,0.0
6.0,55.0,0.8822494799999276,1.7,641.82421875,0.0
6.0,56.0,2.762394398999959,2.0,641.82421875,0.0
6.0,57.0,0.8913605200000347,53.9,641.828125,0.0
6.0,58.0,0.9357272529998681,42.2,641.8359375,0.0
6.0,59.0,1.7338359759999094,2.6,641.8359375,0.0
6.0,60.0,1.6460604840001452,2.1,641.8359375,0.0
6.0,61.0,1.2259540430000015,1.6,641.8359375,0.0
6.0,62.0,1.8208388789998935,2.5,641.8359375,0.0
6.0,63.0,2.3100693330000013,1.7,641.8359375,0.0
6.0,64.0,1.5301700240001992,20.7,641.8359375,0.0
6.0,65.0,2.0627283510000325,28.5,641.8359375,0.0
6.0,66.0,2.1267373059999954,1.7,641.8359375,0.0
6.0,67.0,0.9014768569998068,2.8,641.8359375,0.0
6.0,68.0,1.238210484999854,3.3,641.8359375,0.0
6.0,69.0,1.3299313570000777,1.9,641.84765625,0.0
6.0,70.0,1.1033518920000915,2.3,641.84765625,0.0
6.0,71.0,1.7724733769998693,2.3,641.84765625,0.0
6.0,72.0,1.582427965999841,37.7,641.84765625,0.0
6.0,73.0,1.532634268000038,19.3,641.84765625,0.0
6.0,74.0,1.8822251290000622,2.9,641.84765625,0.0
6.0,75.0,2.3739851739999267,1.7,641.84765625,0.0
6.0,76.0,1.6458137590000206,2.1,641.84765625,0.0
6.0,77.0,1.4384788840000056,2.8,641.84765625,0.0
6.0,78.0,2.033645116000116,14.0,641.84765625,0.0
6.0,79.0,1.078293654999925,55.3,641.8515625,0.0
6.0,80.0,1.4799056639999435,3.1,641.8515625,0.0
6.0,81.0,2.4766470659999413,2.0,641.85546875,0.0
6.0,82.0,1.481692940999892,2.0,641.85546875,0.0
6.0,83.0,1.7961245379999582,1.7,641.85546875,0.0
6.0,84.0,1.7182850859999235,2.6,641.86328125,0.0
6.0,85.0,1.5457143819999146,17.3,641.86328125,0.0
6.0,86.0,1.2892057680001017,49.2,641.86328125,0.0
6.0,87.0,1.9054744630000187,1.6,641.86328125,0.0
6.0,88.0,2.3512732679998862,2.1,641.86328125,0.0
6.0,89.0,1.8033766319999813,1.9,641.86328125,0.0
6.0,90.0,1.2839808070000345,2.3,641.86328125,0.0
6.0,91.0,2.195386585000051,3.4,641.87109375,0.0
6.0,92.0,0.8218571769998562,38.8,641.89453125,0.0
6.0,93.0,2.3644029600000067,25.0,641.89453125,0.0
6.0,94.0,1.346046546000025,1.1,641.89453125,0.0
6.0,95.0,2.0641048159998263,1.9,641.89453125,0.0
6.0,96.0,1.615403618000073,2.2,641.89453125,0.0
6.0,97.0,1.5057583420000356,2.3,641.89453125,0.0
6.0,98.0,3.142245240000193,18.5,641.89453125,0.0
6.0,99.0,1.8064366520000021,20.9,641.89453125,0.0
6.0,100.0,1.8542966499999238,2.2,641.89453125,0.0
7.0,1.0,0.8579109780000636,2.3,641.90234375,0.0
7.0,2.0,1.325788461000002,1.5,641.90234375,0.0
7.0,3.0,1.554319820000046,2.9,641.91015625,0.0
7.0,4.0,1.754765973999838,1.1,641.9296875,0.0
7.0,5.0,1.2077373240001634,2.9,641.95703125,0.0
7.0,6.0,1.0291284229999746,44.8,641.96484375,0.0
7.0,7.0,1.868998640999962,22.3,641.96484375,0.0
7.0,8.0,1.6684260640001867,2.7,641.96484375,0.0
7.0,9.0,1.0162654509999811,4.9,641.96484375,0.0
7.0,10.0,2.040152756999987,2.0,641.96484375,0.0
7.0,11.0,1.4906988239999919,2.3,641.96484375,0.0
7.0,12.0,2.1553484509997816,1.6,641.96484375,0.0
7.0,13.0,1.3527138689998992,35.2,641.98828125,0.0
7.0,14.0,1.4223817510001027,29.3,641.98828125,0.0
7.0,15.0,2.0311805180001556,2.2,641.98828125,0.0
7.0,16.0,2.3597082389999287,2.1,641.98828125,0.0
7.0,17.0,1.3222223999998732,2.3,641.99609375,0.0
7.0,18.0,1.3551405349999186,1.9,641.99609375,0.0
7.0,19.0,1.4460914190001404,2.4,641.99609375,0.0
7.0,20.0,1.5706098430000566,28.5,641.99609375,0.0
7.0,21.0,1.6158718740000495,28.2,641.99609375,0.0
7.0,22.0,2.9343890640000154,1.7,641.99609375,0.0
7.0,23.0,1.0556882390001192,2.8,641.99609375,0.0
7.0,24.0,1.598370597999974,1.6,641.99609375,0.0
7.0,25.0,2.197811465000086,2.1,642.00390625,0.0
7.0,26.0,1.3881463980001172,3.6,642.00390625,0.0
7.0,27.0,1.9775782620001792,46.3,642.0078125,0.0
7.0,28.0,1.465521765999938,1.7,642.0078125,0.0
7.0,29.0,1.0504119330000776,1.9,642.0078125,0.0
7.0,30.0,1.6224949700001616,2.5,642.0078125,0.0
7.0,31.0,1.0944308559999172,2.3,642.0078125,0.0
7.0,32.0,3.894354913000143,1.8,642.0078125,0.0
7.0,33.0,1.1553321740000229,33.3,642.0078125,0.0
7.0,34.0,0.8986764960000073,55.6,642.01171875,0.0
7.0,35.0,2.415789595999968,1.9,642.01171875,0.0
7.0,36.0,1.01888139100015,2.5,642.015625,0.0
7.0,37.0,2.0646059959999548,1.5,642.01953125,0.0
7.0,38.0,1.4757070539999404,3.0,642.04296875,0.0
7.0,39.0,1.4635798530000557,2.1,642.04296875,0.0
7.0,40.0,1.1349265179999293,2.2,642.04296875,0.0
7.0,41.0,1.867602345000023,43.5,642.04296875,0.0
7.0,42.0,1.0078916840000147,9.0,642.04296875,0.0
7.0,43.0,1.2008865459999924,1.7,642.04296875,0.0
7.0,44.0,1.4888412110001354,2.4,642.04296875,0.0
7.0,45.0,1.2984879559999172,1.9,642.04296875,0.0
7.0,46.0,1.8367152089999763,4.4,642.04296875,0.0
7.0,47.0,1.3067110599999978,1.9,642.04296875,0.0
7.0,48.0,1.129470369000046,1.8,642.046875,0.0
7.0,49.0,0.7292747090000375,2.7,642.05078125,0.0
7.0,50.0,1.104857346000017,49.1,642.05078125,0.0
7.0,51.0,1.2214720819999911,27.2,642.05078125,0.0
7.0,52.0,1.6327571059998718,2.5,642.05078125,0.0
7.0,53.0,3.691068175999817,1.6,642.05078125,0.0
7.0,54.0,2.628872488999832,2.1,642.05078125,0.0
7.0,55.0,3.534919116999845,25.1,642.05859375,0.0
7.0,56.0,1.391730890999952,2.5,642.05859375,0.0
7.0,57.0,1.9584236030000284,2.0,642.05859375,0.0
7.0,58.0,2.047819349000065,2.0,642.05859375,0.0
7.0,59.0,1.295310210000025,1.6,642.0625,0.0
7.0,60.0,2.494083198999988,2.0,642.07421875,0.0
7.0,61.0,1.850870986000018,47.7,642.07421875,0.0
7.0,62.0,1.2835634959999425,1.9,642.07421875,0.0
7.0,63.0,0.7397182170000178,7.5,642.07421875,0.0
7.0,64.0,1.0444273250000151,2.9,642.07421875,0.0
7.0,65.0,1.4221633829999973,1.4,642.07421875,0.0
7.0,66.0,0.9960267819999444,2.0,642.07421875,0.0
7.0,67.0,1.5098660329999802,3.0,642.07421875,0.0
7.0,68.0,1.712113823999971,2.3,642.07421875,0.0
7.0,69.0,1.0136817479999536,2.0,642.07421875,0.0
7.0,70.0,0.7364357210001344,39.0,642.07421875,0.0
7.0,71.0,1.2427025409999715,47.6,642.07421875,0.0
7.0,72.0,1.5180871659999866,2.3,642.0859375,0.0
7.0,73.0,1.8747137309999289,2.1,642.0859375,0.0
7.0,74.0,1.417200899999898,1.8,642.0859375,0.0
7.0,75.0,0.7171077640000476,3.5,642.0859375,0.0
7.0,76.0,1.4662444820000928,1.4,642.08984375,0.0
7.0,77.0,1.2756260759999805,2.7,642.08984375,0.0
7.0,78.0,1.8413546790000055,10.4,642.08984375,0.0
7.0,79.0,1.4109111960001428,50.9,642.08984375,0.0
7.0,80.0,1.7897211029999198,2.0,642.08984375,0.0
7.0,81.0,3.024112020999837,1.7,642.08984375,0.0
7.0,82.0,2.568726556999991,1.8,642.09375,0.0
7.0,83.0,1.1540895089999594,2.2,642.09765625,0.0
7.0,84.0,1.2862806590001128,3.9,642.10546875,0.0
7.0,85.0,1.2755284849999953,53.5,642.10546875,0.0
7.0,86.0,1.40234939700008,16.1,642.10546875,0.0
7.0,87.0,2.2103888149999875,1.8,642.10546875,0.0
7.0,88.0,1.0845730779999485,2.3,642.10546875,0.0
7.0,89.0,1.9482843329999469,1.8,642.10546875,0.0
7.0,90.0,2.1575622949999342,1.9,642.10546875,0.0
7.0,91.0,2.569913329999963,23.3,642.10546875,0.0
7.0,92.0,1.0784061140000176,31.3,642.10546875,0.0
7.0,93.0,1.1210222529998646,2.2,642.10546875,0.0
7.0,94.0,1.2499721980000231,1.6,642.10546875,0.0
7.0,95.0,1.9086091060000854,1.8,642.11328125,0.0
7.0,96.0,0.9874104620000708,2.5,642.1171875,0.0
7.0,97.0,2.772844002000056,1.8,642.125,0.0
7.0,98.0,1.6497407009999279,9.4,642.125,0.0
7.0,99.0,1.6765352679999523,45.8,642.125,0.0
7.0,100.0,1.3070381329998781,1.5,642.125,0.0
8.0,1.0,0.9030731479999758,3.3,642.125,0.0
8.0,2.0,1.3517502429999695,2.2,642.125,0.0
8.0,3.0,1.661077523999893,3.6,642.125,0.0
8.0,4.0,1.4296855649999998,2.8,642.125,0.0
8.0,5.0,1.9597280840000622,1.5,642.125,0.0
8.0,6.0,1.5318390680001812,19.1,642.125,0.0
8.0,7.0,1.4403386229998887,42.5,642.1328125,0.0
8.0,8.0,1.384599580999975,3.6,642.13671875,0.0
8.0,9.0,1.231375837000087,1.6,642.13671875,0.0
8.0,10.0,1.581549890000133,1.6,642.13671875,0.0
8.0,11.0,1.9881583520000277,2.3,642.13671875,0.0
8.0,12.0,1.7762657499999932,2.8,642.140625,0.0
8.0,13.0,1.1559316399998352,1.7,642.140625,0.0
8.0,14.0,2.3900551910001013,36.9,642.140625,0.0
8.0,15.0,1.0786152089999632,2.3,642.140625,0.0
8.0,16.0,2.025719305000166,1.7,642.140625,0.0
8.0,17.0,1.655303326999956,1.8,642.14453125,0.0
8.0,18.0,6.1004835979999825,11.4,642.14453125,0.0
8.0,19.0,2.1052492750000056,15.3,642.15234375,0.0
8.0,20.0,3.3217769339998995,2.1,642.1640625,0.0
8.0,21.0,1.6131890599999679,1.6,642.19140625,0.0
8.0,22.0,1.6878057549999994,2.1,642.2421875,0.0
8.0,23.0,1.205668161000176,2.1,642.25390625,0.0
8.0,24.0,2.029038815000149,41.3,642.25390625,0.0
8.0,25.0,1.33767411000008,5.2,642.25390625,0.0
8.0,26.0,1.5486323360000824,2.0,642.25390625,0.0
8.0,27.0,1.8399324889999207,2.4,642.25390625,0.0
8.0,28.0,1.0310110400000667,2.0,642.25390625,0.0
8.0,29.0,2.478073297000037,1.8,642.25390625,0.0
8.0,30.0,2.3123038109999925,13.1,642.25390625,0.0
8.0,31.0,2.1355594289998407,28.9,642.25390625,0.0
8.0,32.0,1.9693682049999097,2.0,642.25390625,0.0
8.0,33.0,1.8494998940000187,2.2,642.25390625,0.0
8.0,34.0,1.8515130929999941,3.5,642.2578125,0.0
8.0,35.0,1.4407525850001548,2.1,642.2578125,0.0
8.0,36.0,1.8612326550000944,3.5,642.2578125,0.0
8.0,37.0,3.2726030730000275,26.3,642.2578125,0.0
8.0,38.0,1.859842786000172,1.6,642.2578125,0.0
8.0,39.0,1.349152887999935,3.3,642.2578125,0.0
8.0,40.0,2.9253816870000264,1.5,642.2578125,0.0
8.0,41.0,1.9401991540000836,2.6,642.2578125,0.0
8.0,42.0,1.549766654999985,49.2,642.2578125,0.0
8.0,43.0,1.3998782090000077,9.6,642.2578125,0.0
8.0,44.0,1.933777020999969,1.8,642.2578125,0.0
8.0,45.0,1.9776305919999686,1.8,642.265625,0.0
8.0,46.0,2.264596605999941,1.8,642.265625,0.0
8.0,47.0,1.389093394000156,2.9,642.27734375,0.0
8.0,48.0,1.6263779619998786,15.1,642.27734375,0.0
8.0,49.0,1.4777680729998792,43.7,642.29296875,0.0
8.0,50.0,3.443557526999939,2.5,642.296875,0.0
8.0,51.0,1.877289914999892,2.4,642.296875,0.0
8.0,52.0,2.077323822999915,1.9,642.30859375,0.0
8.0,53.0,2.79453599999988,11.8,642.34765625,0.0
8.0,54.0,2.0685250609999457,29.0,642.3515625,0.0
8.0,55.0,1.7575288369998816,1.7,642.3515625,0.0
8.0,56.0,1.2495838620000086,2.8,642.35546875,0.0
8.0,57.0,2.5539638749999085,1.8,642.35546875,0.0
8.0,58.0,1.8846101890001137,2.4,642.35546875,0.0
8.0,59.0,1.8126691229999778,10.0,642.35546875,0.0
8.0,60.0,1.3584011059999739,53.0,642.35546875,0.0
8.0,61.0,0.9987378019998232,2.0,642.35546875,0.0
8.0,62.0,3.0680307770001036,1.8,642.35546875,0.0
8.0,63.0,2.730737803000011,2.0,642.35546875,0.0
8.0,64.0,1.575654952999912,1.6,642.35546875,0.0
8.0,65.0,3.5251313010001013,26.3,642.359375,0.0
8.0,66.0,1.342031573999975,1.9,642.359375,0.0
8.0,67.0,1.8730132880000383,1.9,642.359375,0.0
8.0,68.0,1.718895153999938,2.0,642.359375,0.0
8.0,69.0,2.3482894860001124,1.9,642.359375,0.0
8.0,70.0,1.6888346189998629,2.1,642.375,0.0
8.0,71.0,2.9016988900000342,30.7,642.375,0.0
8.0,72.0,1.6220732249998946,2.5,642.375,0.0
8.0,73.0,1.3031702000000678,1.2,642.37890625,0.0
8.0,74.0,2.0138044979998995,2.2,642.37890625,0.0
8.0,75.0,1.571410560000004,2.2,642.37890625,0.0
8.0,76.0,1.7100648929999807,2.0,642.3828125,0.0
8.0,77.0,1.276947607000011,11.1,642.390625,0.0
8.0,78.0,1.7762394180001593,42.0,642.390625,0.0
8.0,79.0,2.7393981630000326,2.0,642.421875,0.0
8.0,80.0,2.679388263999954,3.2,642.421875,0.0
8.0,81.0,2.0113830909999706,1.7,642.421875,0.0
8.0,82.0,1.902600001999872,1.8,642.421875,0.0
8.0,83.0,2.1509647630000472,41.0,642.421875,0.0
8.0,84.0,2.1040475980000792,1.9,642.42578125,0.0
8.0,85.0,1.312268253999946,1.5,642.42578125,0.0
8.0,86.0,2.5221113039999636,2.0,642.4296875,0.0
8.0,87.0,2.29460901199991,2.0,642.4375,0.0
8.0,88.0,1.4669592939999347,3.1,642.44921875,0.0
8.0,89.0,2.786387373000025,31.1,642.453125,0.0
8.0,90.0,2.504632635000007,1.4,642.453125,0.0
8.0,91.0,2.0047123490001013,2.2,642.453125,0.0
8.0,92.0,2.5084497909999754,2.0,642.453125,0.0
8.0,93.0,1.27900717600005,1.6,642.453125,0.0
8.0,94.0,2.2513497330000973,41.0,642.453125,0.0
8.0,95.0,1.2208988980000868,1.6,642.45703125,0.0
8.0,96.0,2.037685053999894,2.0,642.45703125,0.0
8.0,97.0,1.537818844999947,2.3,642.46875,0.0
8.0,98.0,1.7898346609999862,2.0,642.4765625,0.0
8.0,99.0,1.9204182319999745,2.1,642.48828125,0.0
8.0,100.0,1.7806926939999812,17.7,642.48828125,0.0
9.0,1.0,1.4921310469999298,39.7,642.48828125,0.0
9.0,2.0,1.7949276119998103,2.8,642.48828125,0.0
9.0,3.0,2.809912539000152,1.4,642.48828125,0.0
9.0,4.0,1.8053576800000428,2.2,642.48828125,0.0
9.0,5.0,1.9441446909997921,1.8,642.48828125,0.0
9.0,6.0,2.5600381280000875,29.7,642.48828125,0.0
9.0,7.0,0.9943019929999082,13.7,642.48828125,0.0
9.0,8.0,2.094084529000156,2.2,642.49609375,0.0
9.0,9.0,2.1331101060000037,1.9,642.49609375,0.0
9.0,10.0,2.3790514859999803,2.9,642.734375,0.0
9.0,11.0,1.53993920899984,1.6,642.75390625,0.0
9.0,12.0,1.6494265420001284,21.6,642.75390625,0.0
9.0,13.0,0.886910627999896,55.4,642.75390625,0.0
9.0,14.0,0.9535908899999868,6.3,642.75390625,0.0
9.0,15.0,1.0355185410001013,2.4,642.75390625,0.0
9.0,16.0,1.8509272669998609,1.9,642.75390625,0.0
9.0,17.0,1.0694541010000194,2.8,642.75390625,0.0
9.0,18.0,2.825952328999847,1.8,642.75390625,0.0
9.0,19.0,1.8853267520000827,1.6,642.75390625,0.0
9.0,20.0,2.8908894070000315,30.6,642.75390625,0.0
9.0,21.0,2.414709855999945,2.1,642.7578125,0.0
9.0,22.0,1.7350339550000626,1.7,642.765625,0.0
9.0,23.0,0.9244628149999699,2.2,642.78125,0.0
9.0,24.0,2.1514050900000257,1.9,642.78515625,0.0
9.0,25.0,1.377967353000031,2.5,642.78515625,0.0
9.0,26.0,1.702262760999929,38.5,642.78515625,0.0
9.0,27.0,2.141927141999986,12.6,642.78515625,0.0
9.0,28.0,2.597750360999953,2.9,642.78515625,0.0
9.0,29.0,2.117103380999879,1.9,642.78515625,0.0
9.0,30.0,1.055389496000089,1.4,642.78515625,0.0
9.0,31.0,1.5590761329999623,2.6,642.78515625,0.0
9.0,32.0,2.3500340830000823,33.9,642.78515625,0.0
9.0,33.0,1.889735213999984,5.3,642.7890625,0.0
9.0,34.0,1.3473051879998366,1.9,642.7890625,0.0
9.0,35.0,2.303875050000215,1.7,642.80859375,0.0
9.0,36.0,1.49456477800004,2.3,642.81640625,0.0
9.0,37.0,1.6391821019999497,1.5,642.8515625,0.0
9.0,38.0,1.850234003999958,14.2,642.87109375,0.0
9.0,39.0,2.3835931979999714,28.2,642.87109375,0.0
9.0,40.0,2.5927370649999375,1.5,642.87109375,0.0
9.0,41.0,2.674568005999845,2.1,642.87109375,0.0
9.0,42.0,2.0438218110000435,1.7,642.87109375,0.0
9.0,43.0,5.8846582070000295,16.3,642.87109375,0.0
9.0,44.0,1.5419613420001497,2.3,642.87109375,0.0
9.0,45.0,1.3702600379999694,1.8,642.87109375,0.0
9.0,46.0,1.9578371939999215,2.1,642.87109375,0.0
9.0,47.0,1.7075200410001798,2.1,642.875,0.0
9.0,48.0,1.9414970630000425,39.5,642.87890625,0.0
9.0,49.0,1.3691070820000277,9.5,642.87890625,0.0
9.0,50.0,0.9449101349998728,2.1,642.87890625,0.0
9.0,51.0,1.3520769300000666,1.5,642.87890625,0.0
9.0,52.0,1.816689851000092,2.2,642.87890625,0.0
9.0,53.0,4.552285817000211,1.8,642.87890625,0.0
9.0,54.0,2.6416685130000133,32.9,642.87890625,0.0
9.0,55.0,1.7144255820001035,2.1,642.87890625,0.0
9.0,56.0,1.9829845899998872,2.3,642.87890625,0.0
9.0,57.0,1.2980411819999063,3.9,642.87890625,0.0
9.0,58.0,1.6010100700000294,2.5,642.87890625,0.0
9.0,59.0,1.5935969580000346,1.6,642.87890625,0.0
9.0,60.0,3.495657820999895,25.8,642.87890625,0.0
9.0,61.0,2.577283952000016,1.7,642.87890625,0.0
9.0,62.0,2.075976135000019,2.2,642.87890625,0.0
9.0,63.0,1.1316927010002473,1.8,642.87890625,0.0
9.0,64.0,3.71760962999997,10.0,642.87890625,0.0
9.0,65.0,1.7437194009999075,32.6,642.87890625,0.0
9.0,66.0,1.6555530430000545,1.5,642.87890625,0.0
9.0,67.0,1.1669938509999156,2.1,642.87890625,0.0
9.0,68.0,2.613460561000011,1.9,642.8828125,0.0
9.0,69.0,4.112482691999958,5.6,642.88671875,0.0
9.0,70.0,2.003112001000318,36.2,642.890625,0.0
9.0,71.0,1.9216267080000762,2.6,642.890625,0.0
9.0,72.0,1.6100605819997327,1.9,642.890625,0.0
9.0,73.0,1.813983467000071,1.7,642.890625,0.0
9.0,74.0,0.943128723999962,2.1,642.890625,0.0
9.0,75.0,1.6429222340002525,2.4,642.890625,0.0
9.0,76.0,2.291149509999741,24.1,642.890625,0.0
9.0,77.0,2.127950445999886,18.0,642.890625,0.0
9.0,78.0,1.8916632079999545,2.1,642.890625,0.0
9.0,79.0,1.851855156000056,1.6,642.890625,0.0
9.0,80.0,4.123156230999939,1.8,642.890625,0.0
9.0,81.0,1.421753969999827,31.1,642.890625,0.0
9.0,82.0,2.4389679450000585,19.7,642.8984375,0.0
9.0,83.0,1.5175013170000966,1.7,642.90234375,0.0
9.0,84.0,2.0458478679997825,1.7,642.90234375,0.0
9.0,85.0,1.369783143999939,1.8,642.90234375,0.0
9.0,86.0,2.5913185599997632,3.7,642.90234375,0.0
9.0,87.0,2.6649931770002695,33.0,642.90234375,0.0
9.0,88.0,1.7045272189998286,1.2,642.90234375,0.0
9.0,89.0,1.6513267729997096,2.4,642.90234375,0.0
9.0,90.0,1.5721909529997902,1.0,642.90234375,0.0
9.0,91.0,1.896172225999635,2.4,642.90234375,0.0
9.0,92.0,0.8377747889999227,3.6,642.91015625,0.0
9.0,93.0,1.4170740810000098,1.4,642.91796875,0.0
9.0,94.0,1.5875224579999667,34.1,642.9609375,0.0
9.0,95.0,1.8932814889999463,19.9,642.9609375,0.0
9.0,96.0,1.455020918000173,2.1,642.9609375,0.0
9.0,97.0,1.4883516060003785,2.4,642.9609375,0.0
9.0,98.0,1.8162276880002537,1.9,642.9609375,0.0
9.0,99.0,1.6772568169999431,1.5,642.9609375,0.0
9.0,100.0,3.4856347190002452,20.2,642.9609375,0.0
10.0,1.0,2.0805669420001323,11.1,642.9609375,0.0
10.0,2.0,1.9071174549999341,3.4,642.9609375,0.0
10.0,3.0,0.8864656669998112,1.1,642.9609375,0.0
10.0,4.0,1.6299804290001703,2.2,642.96875,0.0
10.0,5.0,1.6534507629999098,2.1,642.97265625,0.0
10.0,6.0,2.1816690480000034,1.8,642.97265625,0.0
10.0,7.0,1.653028035999796,52.0,642.97265625,0.0
10.0,8.0,1.644145096000102,2.1,642.97265625,0.0
10.0,9.0,1.3132050740000523,2.7,642.97265625,0.0
10.0,10.0,1.4698091630002637,2.4,642.97265625,0.0
10.0,11.0,1.160527385000023,1.7,642.97265625,0.0
10.0,12.0,2.3393890739998824,1.7,642.97265625,0.0
10.0,13.0,1.2431910569998763,1.6,642.97265625,0.0
10.0,14.0,1.9613595499999974,34.8,642.9765625,0.0
10.0,15.0,2.8264810079999734,9.4,642.98828125,0.0
10.0,16.0,1.2866899400000875,1.9,642.99609375,0.0
10.0,17.0,1.7641434610000033,2.0,642.99609375,0.0
10.0,18.0,1.4557805119998193,1.7,642.99609375,0.0
10.0,19.0,1.7788724010001715,2.8,642.99609375,0.0
10.0,20.0,1.5832120979998763,13.4,642.99609375,0.0
10.0,21.0,1.1412827690000995,56.8,642.99609375,0.0
10.0,22.0,1.9641803190002065,6.1,642.99609375,0.0
10.0,23.0,0.8394606300003034,1.8,642.99609375,0.0
10.0,24.0,2.1556743450000795,1.9,643.0,0.0
10.0,25.0,1.1012235949997375,1.8,643.0,0.0
10.0,26.0,1.3381961600002796,1.9,643.00390625,0.0
10.0,27.0,1.5510112279998793,2.9,643.01171875,0.0
10.0,28.0,1.6105586409998978,16.5,643.01171875,0.0
10.0,29.0,2.3788962319999882,27.7,643.01171875,0.0
10.0,30.0,1.5238591990000714,1.3,643.01171875,0.0
10.0,31.0,1.572536339999715,2.2,643.01171875,0.0
10.0,32.0,1.3339201969997703,1.5,643.01171875,0.0
10.0,33.0,1.2214900690000832,1.6,643.01171875,0.0
10.0,34.0,1.5318317329997626,2.3,643.01171875,0.0
10.0,35.0,1.0874508540000534,2.3,643.01171875,0.0
10.0,36.0,1.3483233570000266,35.0,643.01171875,0.0
10.0,37.0,2.1979482840001765,19.6,643.01171875,0.0
10.0,38.0,1.5553350740001406,1.9,643.01953125,0.0
10.0,39.0,1.4310447099996964,2.1,643.02734375,0.0
10.0,40.0,2.326005847000033,2.8,643.02734375,0.0
10.0,41.0,2.4934400360002655,2.2,643.02734375,0.0
10.0,42.0,1.4213055350001014,28.6,643.02734375,0.0
10.0,43.0,2.0033390260000488,24.7,643.02734375,0.0
10.0,44.0,1.2175975919999473,1.7,643.02734375,0.0
10.0,45.0,1.4953370759999416,2.7,643.02734375,0.0
10.0,46.0,1.9692026089996943,2.0,643.02734375,0.0
10.0,47.0,2.2124743350000244,1.8,643.02734375,0.0
10.0,48.0,1.4736568210000769,1.4,643.03125,0.0
10.0,49.0,1.852598011000282,41.7,643.046875,0.0
10.0,50.0,1.3315830470000947,9.4,643.125,0.0
10.0,51.0,2.216592354000113,2.3,643.1484375,0.0
10.0,52.0,2.084350364000329,2.2,643.1875,0.0
10.0,53.0,1.892007675000059,2.1,643.1875,0.0
10.0,54.0,1.907187342999805,1.8,643.1875,0.0
10.0,55.0,1.472935174000213,29.0,643.1875,0.0
10.0,56.0,0.8769814469997073,54.3,643.1875,0.0
10.0,57.0,0.8984423619999689,1.7,643.1875,0.0
10.0,58.0,3.85276894000026,2.3,643.1875,0.0
10.0,59.0,1.2498298149998845,2.8,643.1875,0.0
10.0,60.0,1.3445893210000577,1.9,643.1875,0.0
10.0,61.0,1.1212141489995702,1.3,643.1875,0.0
10.0,62.0,0.9958895029999439,2.5,643.1875,0.0
10.0,63.0,1.471761570000126,37.1,643.1875,0.0
10.0,64.0,1.838142851000157,20.1,643.19140625,0.0
10.0,65.0,1.3914082940000299,2.2,643.19140625,0.0
10.0,66.0,0.8577238060001946,1.7,643.19140625,0.0
10.0,67.0,1.630975624000257,1.9,643.19140625,0.0
10.0,68.0,1.0100740440002483,2.0,643.19140625,0.0
10.0,69.0,0.8780265660002442,2.3,643.19140625,0.0
10.0,70.0,1.2628222380003535,2.4,643.19140625,0.0
10.0,71.0,1.6754732059998787,1.5,643.19140625,0.0
10.0,72.0,1.620590036000067,53.4,643.19140625,0.0
10.0,73.0,0.9000706320002791,1.7,643.19140625,0.0
10.0,74.0,1.334253579000233,2.6,643.19140625,0.0
10.0,75.0,2.789575127000262,1.6,643.19921875,0.0
10.0,76.0,1.972143399000288,2.0,643.19921875,0.0
10.0,77.0,1.9536601099998734,3.4,643.19921875,0.0
10.0,78.0,1.1363109209996765,8.3,643.19921875,0.0
10.0,79.0,2.0689440480000485,38.5,643.19921875,0.0
10.0,80.0,2.7908896320000167,2.0,643.19921875,0.0
10.0,81.0,1.411926375999883,1.4,643.19921875,0.0
10.0,82.0,4.979685621000044,1.8,643.19921875,0.0
10.0,83.0,1.853637131999676,47.3,643.203125,0.0
10.0,84.0,2.9133894780002265,1.9,643.203125,0.0
10.0,85.0,1.3380075709997072,1.9,643.203125,0.0
10.0,86.0,1.2489424599998529,1.6,643.203125,0.0
10.0,87.0,1.3181070549999276,3.0,643.203125,0.0
10.0,88.0,2.0515073960000336,1.7,643.203125,0.0
10.0,89.0,2.4261116259999653,32.2,643.203125,0.0
10.0,90.0,1.7312305939999533,8.1,643.203125,0.0
10.0,91.0,1.5169786019996536,1.7,643.203125,0.0
10.0,92.0,1.0110987869998098,3.0,643.203125,0.0
10.0,93.0,1.7343210989997715,3.2,643.203125,0.0
10.0,94.0,1.5998927390000972,2.5,643.23828125,0.0
10.0,95.0,1.519091932000265,1.7,643.23828125,0.0
10.0,96.0,2.5996123160002753,33.5,643.2421875,0.0
10.0,97.0,1.3419050820002667,4.1,643.2421875,0.0
10.0,98.0,1.7931258609996803,2.2,643.2421875,0.0
10.0,99.0,1.4377246340000056,1.7,643.2421875,0.0
10.0,100.0,1.3044545510001626,1.5,643.2421875,0.0
11.0,1.0,2.038263313999778,2.9,644.4296875,0.0
11.0,2.0,1.3852672210000492,2.2,644.4296875,0.0
11.0,3.0,1.8959935560001213,35.1,644.4296875,0.0
11.0,4.0,2.57525544300006,9.9,644.4296875,0.0
11.0,5.0,1.2380790400002297,2.0,644.4296875,0.0
11.0,6.0,1.5686825010002394,2.2,644.4296875,0.0
11.0,7.0,1.6723570079998353,2.1,644.4296875,0.0
11.0,8.0,1.7220470430002024,1.7,644.4296875,0.0
11.0,9.0,1.697913571999834,5.9,644.4296875,0.0
11.0,10.0,2.098286144999747,40.6,644.4296875,0.0
11.0,11.0,2.0156665579997934,2.0,644.4296875,0.0
11.0,12.0,1.3495200690003912,1.5,644.4296875,0.0
11.0,13.0,1.5117767599999752,2.0,644.4296875,0.0
11.0,14.0,1.5138231410001026,2.0,644.4296875,0.0
11.0,15.0,2.15191022099998,1.9,644.4296875,0.0
11.0,16.0,2.2161745180001162,34.5,644.4296875,0.0
11.0,17.0,1.6957590219999474,9.5,644.4296875,0.0
11.0,18.0,1.6228031329997066,2.5,644.4296875,0.0
11.0,19.0,1.3906028809997224,1.4,644.4296875,0.0
11.0,20.0,1.264425971000037,2.4,644.4296875,0.0
11.0,21.0,1.3971658179998485,2.5,644.4296875,0.0
11.0,22.0,1.203336808000131,1.7,644.4296875,0.0
11.0,23.0,3.132737125999938,27.2,644.4296875,0.0
11.0,24.0,1.3646711820001656,5.9,644.4296875,0.0
11.0,25.0,1.2317290880000655,2.4,644.4296875,0.0
11.0,26.0,1.5029190889999882,2.3,644.4296875,0.0
11.0,27.0,3.763458979999996,2.4,644.4296875,0.0
11.0,28.0,1.0578089260002344,1.9,644.4296875,0.0
11.0,29.0,4.3502895399997215,20.9,644.4296875,0.0
11.0,30.0,2.300749558000007,1.7,644.4296875,0.0
11.0,31.0,1.9008014579999326,2.4,644.4296875,0.0
11.0,32.0,1.1369343520000257,1.8,644.4296875,0.0
11.0,33.0,1.2225507040002412,1.6,644.4296875,0.0
11.0,34.0,0.950289937999969,2.6,644.4296875,0.0
11.0,35.0,2.736004763999972,32.5,644.4296875,0.0
11.0,36.0,1.261236245999953,2.0,644.4296875,0.0
11.0,37.0,2.089380963000167,1.7,644.4296875,0.0
11.0,38.0,1.4778278660000979,2.7,644.4296875,0.0
11.0,39.0,1.0200740169998426,2.0,644.4296875,0.0
11.0,40.0,2.07088301199974,1.9,644.4296875,0.0
11.0,41.0,1.6138531100000364,1.6,644.4296875,0.0
11.0,42.0,1.583064904999901,49.7,644.43359375,0.0
11.0,43.0,1.0742758860001231,11.2,644.4375,0.0
11.0,44.0,1.6051575309998043,3.8,644.4375,0.0
11.0,45.0,1.4061175970000477,1.8,644.4375,0.0
11.0,46.0,1.1835079450002013,1.7,644.4375,0.0
11.0,47.0,1.1701627580000604,2.1,644.4375,0.0
11.0,48.0,1.237383368999872,1.6,644.4375,0.0
11.0,49.0,1.058320735000052,2.3,644.4375,0.0
11.0,50.0,1.2284763360003126,2.9,644.4375,0.0
11.0,51.0,0.5863800560000527,38.8,644.4375,0.0
11.0,52.0,1.2125131580000925,53.7,644.4375,0.0
11.0,53.0,1.2834979100002784,2.3,644.4375,0.0
11.0,54.0,1.425472592999995,1.8,644.4375,0.0
11.0,55.0,0.9964517879998311,2.0,644.4375,0.0
11.0,56.0,0.6822778099999596,2.9,644.4375,0.0
11.0,57.0,1.4328381880000052,1.4,644.4375,0.0
11.0,58.0,0.898176816999694,2.8,644.4375,0.0
11.0,59.0,1.1250672860001032,2.2,644.4375,0.0
11.0,60.0,1.546207584000058,2.6,644.4375,0.0
11.0,61.0,1.996391014999972,40.2,644.4375,0.0
11.0,62.0,1.4532608899999104,6.2,644.4375,0.0
11.0,63.0,1.7699526910000714,2.3,644.4375,0.0
11.0,64.0,1.272211096999854,1.6,644.4375,0.0
11.0,65.0,1.5217620180001177,2.3,644.4375,0.0
11.0,66.0,1.2792612030002601,2.4,644.4375,0.0
11.0,67.0,1.3921822600000269,1.4,644.4375,0.0
11.0,68.0,2.1808046910000485,21.1,644.4375,0.0
11.0,69.0,1.6474524829995971,29.0,644.4375,0.0
11.0,70.0,1.0050141120000262,3.0,644.4375,0.0
11.0,71.0,0.9717011140000977,2.6,644.4375,0.0
11.0,72.0,1.1248466189999817,1.8,644.4375,0.0
11.0,73.0,1.5473232399999688,1.9,644.4375,0.0
11.0,74.0,1.6961193430001913,2.7,644.4375,0.0
11.0,75.0,0.6506523960001687,3.8,644.4375,0.0
11.0,76.0,1.23938818500028,2.0,644.4375,0.0
11.0,77.0,1.1422182179999254,12.3,644.4375,0.0
11.0,78.0,1.2105957160001708,54.8,644.4375,0.0
11.0,79.0,1.012775271999999,9.9,644.4375,0.0
11.0,80.0,2.219072062000123,1.8,644.4375,0.0
11.0,81.0,1.245307448999938,2.8,644.4375,0.0
11.0,82.0,1.0116145820002203,2.5,644.4375,0.0
11.0,83.0,3.12899735100018,1.8,644.4375,0.0
11.0,84.0,1.393037643000298,1.8,644.4375,0.0
11.0,85.0,0.935795920000146,47.9,644.4375,0.0
11.0,86.0,3.4014930349999304,13.7,644.4375,0.0
11.0,87.0,1.4030087669998466,2.5,644.4375,0.0
11.0,88.0,2.8452560370001265,2.5,644.4375,0.0
11.0,89.0,1.1646779929997138,2.6,644.4375,0.0
11.0,90.0,1.4596238580002137,2.1,644.4375,0.0
11.0,91.0,3.1076269330001196,28.6,644.4375,0.0
11.0,92.0,2.043182545000036,2.0,644.4375,0.0
11.0,93.0,1.308431314000245,1.9,644.4375,0.0
11.0,94.0,1.1855553140003394,3.0,644.4375,0.0
11.0,95.0,1.0686180919997241,2.3,644.4375,0.0
11.0,96.0,0.8955561329999,0.6,644.4375,0.0
11.0,97.0,0.8494613489997391,2.4,644.4375,0.0
11.0,98.0,1.3930935009998393,2.9,644.4375,0.0
11.0,99.0,1.6127808460000779,48.4,644.4375,0.0
11.0,100.0,3.6553016220000245,4.2,644.4375,0.0
12.0,1.0,1.0220044190000408,2.0,644.4375,0.0
12.0,2.0,1.2016974130001472,2.5,644.4375,0.0
12.0,3.0,1.5481277740000223,2.9,644.4375,0.0
12.0,4.0,1.635414099999707,1.2,644.4375,0.0
12.0,5.0,1.2986560240001381,12.0,644.4375,0.0
12.0,6.0,1.6469482859997697,47.0,644.4375,0.0
12.0,7.0,0.9139576580000721,2.7,644.4375,0.0
12.0,8.0,5.166283591000138,1.6,644.4375,0.0
12.0,9.0,0.9815095190001557,2.6,644.4375,0.0
12.0,10.0,1.2235118220000913,2.0,644.4375,0.0
12.0,11.0,2.113745884000309,19.9,644.4375,0.0
12.0,12.0,3.772275727000306,14.1,644.44140625,0.0
12.0,13.0,1.3179976800001896,1.9,644.44140625,0.0
12.0,14.0,1.6842816499997753,1.8,644.44140625,0.0
12.0,15.0,1.207464871999946,2.5,644.44140625,0.0
12.0,16.0,1.93598842900019,1.8,644.44140625,0.0
12.0,17.0,1.8307543749997421,27.7,644.44140625,0.0
12.0,18.0,1.5460594179999134,25.0,644.44140625,0.0
12.0,19.0,1.1121657969997614,2.2,644.44140625,0.0
12.0,20.0,3.295896553000148,2.1,644.44140625,0.0
12.0,21.0,1.8493047759998262,2.7,644.44140625,0.0
12.0,22.0,1.5439218269998491,2.3,644.44140625,0.0
12.0,23.0,2.3105793750000885,24.1,644.44140625,0.0
12.0,24.0,1.433522757999981,23.9,644.44140625,0.0
12.0,25.0,3.2041384740000467,2.2,644.44140625,0.0
12.0,26.0,1.8605218279999463,1.9,644.44140625,0.0
12.0,27.0,2.1024966269997094,2.1,644.44140625,0.0
12.0,28.0,1.3047255479996238,1.5,644.44140625,0.0
12.0,29.0,1.5302858949999063,31.5,644.44140625,0.0
12.0,30.0,1.840903790000084,22.5,644.44140625,0.0
12.0,31.0,1.5325979630001711,2.3,644.44140625,0.0
12.0,32.0,3.551099267000154,1.7,644.44140625,0.0
12.0,33.0,1.12421132999998,1.8,644.44140625,0.0
12.0,34.0,1.813188910000008,2.2,644.44140625,0.0
12.0,35.0,1.945684799999981,32.5,644.44140625,0.0
12.0,36.0,1.5710060139999769,17.8,644.44140625,0.0
12.0,37.0,1.8079097029999502,3.6,644.44140625,0.0
12.0,38.0,1.6615670209998825,2.1,644.44140625,0.0
12.0,39.0,1.1299563200000193,2.2,644.44140625,0.0
12.0,40.0,2.6154863719998502,1.9,644.44140625,0.0
12.0,41.0,4.84874697899977,19.3,644.44140625,0.0
12.0,42.0,3.3127285499999743,2.0,644.44140625,0.0
12.0,43.0,1.3987682080000923,1.4,644.44140625,0.0
12.0,44.0,1.8058390619999045,2.2,644.44140625,0.0
12.0,45.0,1.2689846590001252,1.6,644.44140625,0.0
12.0,46.0,1.2701708280001185,30.4,644.44140625,0.0
12.0,47.0,0.8316898850002872,55.8,644.44140625,0.0
12.0,48.0,1.298825912999746,5.4,644.44140625,0.0
12.0,49.0,1.2358460809996359,2.0,644.44140625,0.0
12.0,50.0,1.3305517869998766,2.6,644.44140625,0.0
12.0,51.0,1.537439747999997,1.6,644.44140625,0.0
12.0,52.0,1.163204747999771,1.7,644.44140625,0.0
12.0,53.0,2.2319437679998373,2.2,644.44140625,0.0
12.0,54.0,3.0246510469996792,30.0,644.44140625,0.0
12.0,55.0,1.8552490969996143,1.6,644.44140625,0.0
12.0,56.0,1.269137008999678,2.8,644.44140625,0.0
12.0,57.0,1.2258822580001834,1.6,644.44140625,0.0
12.0,58.0,1.1735384859998703,1.7,644.44140625,0.0
12.0,59.0,1.1720613970001068,2.6,644.44140625,0.0
12.0,60.0,1.1712662589998217,2.1,644.44140625,0.0
12.0,61.0,1.3795059960002618,2.6,644.44140625,0.0
12.0,62.0,1.9398699100001977,39.4,644.44140625,0.0
12.0,63.0,1.5220256729999164,8.9,644.44140625,0.0
12.0,64.0,1.4715516869996463,1.4,644.44140625,0.0
12.0,65.0,1.894763021000017,2.1,644.44140625,0.0
12.0,66.0,0.768266519000008,2.6,644.44140625,0.0
12.0,67.0,1.1858763250002085,1.7,644.44140625,0.0
12.0,68.0,2.2652425010001025,2.0,644.44140625,0.0
12.0,69.0,0.771036047999587,2.6,644.44140625,0.0
12.0,70.0,1.2375709090001692,41.5,644.44140625,0.0
12.0,71.0,1.3016789309999695,31.2,644.44140625,0.0
12.0,72.0,2.170909325000139,1.8,644.44140625,0.0
12.0,73.0,1.3663372669998353,1.5,644.44140625,0.0
12.0,74.0,0.8971374029997605,5.6,644.44140625,0.0
12.0,75.0,1.3379132139998546,1.9,644.44140625,0.0
12.0,76.0,0.9987852300000668,2.5,644.44140625,0.0
12.0,77.0,1.4866657799998393,2.0,644.44140625,0.0
12.0,78.0,0.9294967679998081,1.6,644.44140625,0.0
12.0,79.0,1.6155668209999021,50.3,644.44140625,0.0
12.0,80.0,4.108111907999955,3.1,644.44140625,0.0
12.0,81.0,2.4331932059999417,2.3,644.44140625,0.0
12.0,82.0,3.132609947999754,1.9,644.44140625,0.0
12.0,83.0,1.4314827060002244,38.9,644.4453125,0.0
12.0,84.0,1.424555402000351,25.4,644.46484375,0.0
12.0,85.0,2.0931192709999777,1.9,644.46875,0.0
12.0,86.0,1.2853210490002311,1.9,644.46875,0.0
12.0,87.0,1.7179411440001786,2.0,644.46875,0.0
12.0,88.0,1.5977295190000405,1.6,644.46875,0.0
12.0,89.0,0.8011755770003219,1.9,644.46875,0.0
12.0,90.0,0.9811377169999105,2.0,644.46875,0.0
12.0,91.0,1.5124072109997542,30.3,644.46875,0.0
12.0,92.0,0.848500502999741,49.4,644.46875,0.0
12.0,93.0,1.9632921440002065,3.3,644.46875,0.0
12.0,94.0,1.1661417999998775,2.2,644.46875,0.0
12.0,95.0,1.4969497029997,2.3,644.46875,0.0
12.0,96.0,2.122399595999923,1.7,644.47265625,0.0
12.0,97.0,1.178859268999986,2.1,644.47265625,0.0
12.0,98.0,1.6902147390001119,2.1,644.47265625,0.0
12.0,99.0,1.152924430999974,42.4,644.47265625,0.0
12.0,100.0,1.6632355030001236,23.5,644.47265625,0.0
13.0,1.0,1.764858817000004,2.5,644.4765625,0.0
13.0,2.0,1.1848322529999677,2.1,644.4765625,0.0
13.0,3.0,1.8240549749998536,1.9,644.4765625,0.0
13.0,4.0,1.3315894970000954,1.9,644.48046875,0.0
13.0,5.0,2.007264544999998,1.8,644.48046875,0.0
13.0,6.0,1.3689190889999736,21.2,644.48046875,0.0
13.0,7.0,1.4931798880002134,40.9,644.484375,0.0
13.0,8.0,1.4119073490001028,2.8,644.484375,0.0
13.0,9.0,3.3917424900000697,1.9,644.484375,0.0
13.0,10.0,2.8898788669998794,2.8,644.484375,0.0
13.0,11.0,1.8462553020003725,2.4,644.484375,0.0
13.0,12.0,1.0909303740004361,51.4,644.484375,0.0
13.0,13.0,1.575830617000065,21.0,644.484375,0.0
13.0,14.0,1.6987862890000542,2.1,644.484375,0.0
13.0,15.0,2.7319643099999666,2.2,644.484375,0.0
13.0,16.0,1.1650792310001634,3.0,644.484375,0.0
13.0,17.0,1.625577610000164,1.8,644.484375,0.0
13.0,18.0,1.6309570080002231,2.2,644.4921875,0.0
13.0,19.0,1.6820533319996684,51.5,644.4921875,0.0
13.0,20.0,2.176990118000049,2.5,644.4921875,0.0
13.0,21.0,1.2698283439999614,1.6,644.4921875,0.0
13.0,22.0,1.1814878879999924,2.1,644.4921875,0.0
13.0,23.0,1.829386162999981,2.2,644.49609375,0.0
13.0,24.0,1.2298115829999006,1.6,644.49609375,0.0
13.0,25.0,0.8259764560002623,2.4,644.49609375,0.0
13.0,26.0,2.143199686999651,19.0,644.5,0.0
13.0,27.0,1.4867007030002242,34.5,644.50390625,0.0
13.0,28.0,1.4399961109998003,2.4,644.51171875,0.0
13.0,29.0,1.2616272579998622,4.0,644.51171875,0.0
13.0,30.0,1.6490294139998696,2.7,644.51171875,0.0
13.0,31.0,1.1018658500001948,1.8,644.51171875,0.0
13.0,32.0,1.071819694000169,1.9,644.51171875,0.0
13.0,33.0,2.121914559000288,1.9,644.515625,0.0
13.0,34.0,1.1719004950000453,22.1,644.515625,0.0
13.0,35.0,1.4850626299999021,43.4,644.515625,0.0
13.0,36.0,5.522136426000088,1.7,644.51953125,0.0
13.0,37.0,1.69777866000004,2.1,644.51953125,0.0
13.0,38.0,3.669629316999817,18.9,644.51953125,0.0
13.0,39.0,5.958507800999996,5.1,644.5234375,0.0
13.0,40.0,1.607880882000245,2.2,644.5234375,0.0
13.0,41.0,1.5706896860001507,1.6,644.5234375,0.0
13.0,42.0,1.4736210549999669,14.2,644.5234375,0.0
13.0,43.0,1.295171239999945,54.7,644.5234375,0.0
13.0,44.0,1.9288313460001518,3.4,644.5234375,0.0
13.0,45.0,1.2724126250000154,2.0,644.5234375,0.0
13.0,46.0,1.518130666000161,1.6,644.5234375,0.0
13.0,47.0,1.4848483539999506,2.7,644.5234375,0.0
13.0,48.0,1.4983530750000682,2.0,644.52734375,0.0
13.0,49.0,1.0968895209998664,1.8,644.53125,0.0
13.0,50.0,1.8547045789996446,19.5,644.54296875,0.0
13.0,51.0,0.7130545970003368,54.2,644.54296875,0.0
13.0,52.0,1.2783709039999849,12.5,644.54296875,0.0
13.0,53.0,1.7252889449996474,2.6,644.54296875,0.0
13.0,54.0,1.2452275109999391,1.6,644.54296875,0.0
13.0,55.0,1.162922713000171,1.7,644.546875,0.0
13.0,56.0,0.8839224769999419,2.3,644.546875,0.0
13.0,57.0,1.6584773959998529,2.1,644.55078125,0.0
13.0,58.0,1.688160930000322,1.5,644.55078125,0.0
13.0,59.0,2.248538612000175,39.1,644.55078125,0.0
13.0,60.0,2.2060461529999884,1.6,644.5546875,0.0
13.0,61.0,1.4808463129998017,2.0,644.56640625,0.0
13.0,62.0,1.5154542469999797,2.6,644.57421875,0.0
13.0,63.0,1.1689923379999527,4.3,644.57421875,0.0
13.0,64.0,0.943303117999676,2.7,644.57421875,0.0
13.0,65.0,1.5693169099999977,1.9,644.57421875,0.0
13.0,66.0,1.0882948170001328,6.5,644.57421875,0.0
13.0,67.0,2.656007000000045,32.1,644.578125,0.0
13.0,68.0,1.6677029680004125,2.1,644.578125,0.0
13.0,69.0,1.1927824190001957,1.7,644.578125,0.0
13.0,70.0,1.7349549249997835,1.7,644.58203125,0.0
13.0,71.0,1.3701278680000541,2.2,644.5859375,0.0
13.0,72.0,1.613731635000022,1.9,644.59765625,0.0
13.0,73.0,3.372037859000102,26.5,644.609375,0.0
13.0,74.0,2.51883209000016,1.8,644.609375,0.0
13.0,75.0,1.2837033430000702,1.6,644.609375,0.0
13.0,76.0,1.652795943000001,2.1,644.609375,0.0
13.0,77.0,1.4279211719999694,2.1,644.609375,0.0
13.0,78.0,1.4863477339999918,2.4,644.609375,0.0
13.0,79.0,1.8036218819997885,24.2,644.609375,0.0
13.0,80.0,1.8986403369999607,24.8,644.609375,0.0
13.0,81.0,1.635851836999791,3.4,644.6171875,0.0
13.0,82.0,3.855496752000363,1.8,644.62109375,0.0
13.0,83.0,1.0711755110000922,3.3,644.62890625,0.0
13.0,84.0,1.067018981000274,1.9,644.62890625,0.0
13.0,85.0,2.00451388700003,21.7,644.62890625,0.0
13.0,86.0,1.4046073040003648,34.9,644.62890625,0.0
13.0,87.0,1.6765949259997797,2.1,644.62890625,0.0
13.0,88.0,0.8691316029999143,2.3,644.62890625,0.0
13.0,89.0,2.116114391999872,1.7,644.62890625,0.0
13.0,90.0,1.5269381739999517,1.6,644.62890625,0.0
13.0,91.0,2.760963678999815,2.0,644.62890625,0.0
13.0,92.0,1.3826588289998654,34.7,644.6328125,0.0
13.0,93.0,1.4119033689999014,29.2,644.6328125,0.0
13.0,94.0,1.9736346770000637,2.0,644.65234375,0.0
13.0,95.0,1.9486680960003468,2.3,644.66015625,0.0
13.0,96.0,1.254827416000353,1.2,644.66015625,0.0
13.0,97.0,0.9758693899998434,2.6,644.66015625,0.0
13.0,98.0,1.6798263969999425,4.2,644.66015625,0.0
13.0,99.0,1.2848105389998636,1.6,644.66015625,0.0
13.0,100.0,1.49720900300008,48.8,644.66015625,0.0
14.0,1.0,1.0926824949997354,14.2,644.66015625,0.0
14.0,2.0,1.4227007629997388,2.5,644.66015625,0.0
14.0,3.0,2.135369651000019,2.1,644.66015625,0.0
14.0,4.0,2.2770608460000403,1.8,644.66015625,0.0
14.0,5.0,1.39628669800004,2.1,644.66015625,0.0
14.0,6.0,1.4930798169998525,2.0,644.66796875,0.0
14.0,7.0,1.4582711880002535,39.5,644.67578125,0.0
14.0,8.0,0.8961995919999026,34.8,644.69921875,0.0
14.0,9.0,1.1175959780002813,2.2,644.70703125,0.0
14.0,10.0,1.219620254000347,1.2,644.7265625,0.0
14.0,11.0,1.2094464930000868,3.3,644.73046875,0.0
14.0,12.0,1.5620261289996051,1.3,644.73046875,0.0
14.0,13.0,1.2534259970002495,2.0,644.73046875,0.0
14.0,14.0,1.6607950180000444,2.4,644.73046875,0.0
14.0,15.0,1.5276624619996255,3.3,644.73046875,0.0
14.0,16.0,1.867032786999971,46.2,644.73046875,0.0
14.0,17.0,1.0272798289997809,1.9,644.73046875,0.0
14.0,18.0,1.5620014850001098,1.9,644.73046875,0.0
14.0,19.0,1.1525674119998257,4.8,644.73046875,0.0
14.0,20.0,1.371171188000062,1.8,644.73046875,0.0
14.0,21.0,1.492089667000073,2.0,644.73046875,0.0
14.0,22.0,1.0347325090001505,1.5,644.73046875,0.0
14.0,23.0,1.111137030000009,1.8,644.73046875,0.0
14.0,24.0,1.751560272000006,25.4,644.73046875,0.0
14.0,25.0,1.4830291570001464,31.3,644.73046875,0.0
14.0,26.0,1.1766340439999112,2.1,644.73046875,0.0
14.0,27.0,2.1816795680001633,1.6,644.73046875,0.0
14.0,28.0,1.5404855159999897,2.3,644.73046875,0.0
14.0,29.0,0.8923451359996761,2.8,644.73046875,0.0
14.0,30.0,1.2829478930002551,2.0,644.73046875,0.0
14.0,31.0,1.5131375020000633,2.3,644.73046875,0.0
14.0,32.0,1.0838930830000209,19.8,644.73046875,0.0
14.0,33.0,1.7097413460001007,39.8,644.734375,0.0
14.0,34.0,2.713316848999966,2.0,644.73828125,0.0
14.0,35.0,0.81587151299982,2.5,644.73828125,0.0
14.0,36.0,1.5339838849999978,1.3,644.73828125,0.0
14.0,37.0,1.5367464350001683,2.6,644.73828125,0.0
14.0,38.0,1.4397957839996707,1.7,644.73828125,0.0
14.0,39.0,2.044949102999908,16.7,644.7421875,0.0
14.0,40.0,1.6719281329997102,37.0,644.7421875,0.0
14.0,41.0,3.6504569880003146,1.4,644.74609375,0.0
14.0,42.0,1.4268557400000645,2.5,644.74609375,0.0
14.0,43.0,1.284494990999974,1.9,644.75,0.0
14.0,44.0,1.5063490160000583,2.3,644.75390625,0.0
14.0,45.0,1.7704063989999668,9.9,644.75390625,0.0
14.0,46.0,2.0079374160000043,36.1,644.75390625,0.0
14.0,47.0,2.0519648140002573,2.0,644.75390625,0.0
14.0,48.0,1.4593853989999843,3.1,644.75390625,0.0
14.0,49.0,0.7977988669999831,0.6,644.75390625,0.0
14.0,50.0,1.40887585199971,2.8,644.75390625,0.0
14.0,51.0,1.4769853930001773,1.7,644.75390625,0.0
14.0,52.0,1.006733309000083,2.5,644.75390625,0.0
14.0,53.0,1.2668907209999816,10.7,644.75390625,0.0
14.0,54.0,1.2134706530000585,54.8,644.75390625,0.0
14.0,55.0,1.4534342870001637,9.0,644.7578125,0.0
14.0,56.0,0.8043773140002486,2.5,644.76171875,0.0
14.0,57.0,1.0976171349998367,1.8,644.76171875,0.0
14.0,58.0,1.2988797209995937,2.3,644.76171875,0.0
14.0,59.0,2.005500557000232,3.3,644.76171875,0.0
14.0,60.0,1.6983373040002334,2.1,644.76171875,0.0
14.0,61.0,0.8484071940001741,2.9,644.76171875,0.0
14.0,62.0,1.2763223299998572,15.3,644.76171875,0.0
14.0,63.0,1.1930733239996698,54.9,644.76171875,0.0
14.0,64.0,2.364270397999917,3.6,644.76171875,0.0
14.0,65.0,1.678036284999962,2.4,644.76171875,0.0
14.0,66.0,1.8585184479998134,1.9,644.765625,0.0
14.0,67.0,1.114831693999804,2.7,644.76953125,0.0
14.0,68.0,1.9609649939998235,1.8,644.78515625,0.0
14.0,69.0,1.2795115909998458,10.2,644.78515625,0.0
14.0,70.0,1.7572295309996662,43.4,644.78515625,0.0
14.0,71.0,1.5727089919996615,1.9,644.78515625,0.0
14.0,72.0,1.366614022000249,2.6,644.78515625,0.0
14.0,73.0,1.873654862999956,2.1,644.78515625,0.0
14.0,74.0,3.5848389129996576,1.5,644.78515625,0.0
14.0,75.0,1.5522121469998638,14.6,644.7890625,0.0
14.0,76.0,2.1463729609999973,32.3,644.7890625,0.0
14.0,77.0,1.5211269689998517,3.6,644.7890625,0.0
14.0,78.0,0.9677870799996526,3.1,644.79296875,0.0
14.0,79.0,1.4295346909998443,2.5,644.796875,0.0
14.0,80.0,1.7808308749999924,1.4,644.796875,0.0
14.0,81.0,1.2238881969997237,3.3,644.796875,0.0
14.0,82.0,0.8284057840000969,0.6,644.796875,0.0
14.0,83.0,1.4261315389999254,6.7,644.796875,0.0
14.0,84.0,1.7800196050002342,45.5,644.796875,0.0
14.0,85.0,1.6017482379998,1.9,644.796875,0.0
14.0,86.0,1.3411471809999966,1.5,644.796875,0.0
14.0,87.0,1.2733704879997276,3.1,644.796875,0.0
14.0,88.0,1.281485939999584,1.6,644.796875,0.0
14.0,89.0,1.459564107999995,1.4,644.80859375,0.0
14.0,90.0,0.7933761409999533,1.9,644.80859375,0.0
14.0,91.0,2.046741337000185,5.4,644.8203125,0.0
14.0,92.0,2.0090955499999836,40.2,644.8203125,0.0
14.0,93.0,1.968296461999671,2.3,644.8203125,0.0
14.0,94.0,1.1551160030003302,2.6,644.8203125,0.0
14.0,95.0,1.3095786559997578,1.9,644.8203125,0.0
14.0,96.0,1.6788313390002259,2.1,644.8203125,0.0
14.0,97.0,1.3739056239996899,1.8,644.82421875,0.0
14.0,98.0,0.8402690759999132,6.5,644.82421875,0.0
14.0,99.0,0.9245522480000545,2.2,644.828125,0.0
14.0,100.0,1.1869704199998523,46.0,644.83203125,0.0
15.0,1.0,2.71634714899983,14.3,644.83984375,0.0
15.0,2.0,0.9764080330000979,2.6,644.84765625,0.0
15.0,3.0,4.475532881000163,1.7,644.859375,0.0
15.0,4.0,0.7909706049999841,2.5,644.859375,0.0
15.0,5.0,1.0695093580002322,1.9,644.859375,0.0
15.0,6.0,0.724215021999953,15.8,644.859375,0.0
15.0,7.0,1.233805453000059,54.3,644.859375,0.0
15.0,8.0,1.4591136710000683,9.6,644.859375,0.0
15.0,9.0,0.8710699210000712,1.2,644.859375,0.0
15.0,10.0,0.8753679239998746,2.3,644.859375,0.0
15.0,11.0,1.19435015199997,1.7,644.859375,0.0
15.0,12.0,0.7837995970003249,2.5,644.859375,0.0
15.0,13.0,1.1986167719996956,2.1,644.86328125,0.0
15.0,14.0,1.244138539999767,2.4,644.87109375,0.0
15.0,15.0,2.9725477430001774,9.1,644.8828125,0.0
15.0,16.0,1.793830516000071,36.9,644.8828125,0.0
15.0,17.0,1.5560751100001653,2.6,644.8828125,0.0
15.0,18.0,1.1476521569998113,1.8,644.8828125,0.0
15.0,19.0,1.6147741310001038,3.7,644.8828125,0.0
15.0,20.0,1.2239504420003868,3.3,644.8828125,0.0
15.0,21.0,0.8326173079999535,0.6,644.8828125,0.0
15.0,22.0,1.6588268639998205,2.4,644.8828125,0.0
15.0,23.0,1.0064593509996484,2.0,644.8828125,0.0
15.0,24.0,1.7727046479999444,45.9,644.8828125,0.0
15.0,25.0,2.267230495000149,4.6,644.90625,0.0
15.0,26.0,1.1052968829999372,1.4,644.91015625,0.0
15.0,27.0,0.8428909790000034,2.9,644.93359375,0.0
15.0,28.0,1.8396353320003982,2.2,644.97265625,0.0
15.0,29.0,1.3948083119998955,2.2,644.98828125,0.0
15.0,30.0,0.9720169509996595,1.5,644.98828125,0.0
15.0,31.0,1.378517611999996,1.8,644.98828125,0.0
15.0,32.0,0.8543051379997451,37.4,644.98828125,0.0
15.0,33.0,1.0239505370000188,54.9,644.98828125,0.0
15.0,34.0,1.089771488000224,1.8,644.98828125,0.0
15.0,35.0,1.0724589849996846,1.4,644.98828125,0.0
15.0,36.0,1.0812362100000428,2.3,644.98828125,0.0
15.0,37.0,2.3313195840000844,2.6,644.98828125,0.0
15.0,38.0,1.4589749810002104,1.4,644.98828125,0.0
15.0,39.0,0.7382834850000108,2.7,644.98828125,0.0
15.0,40.0,1.4815425280003183,1.7,644.98828125,0.0
15.0,41.0,1.0005657530000462,17.1,644.98828125,0.0
15.0,42.0,0.8355754430003799,57.8,644.98828125,0.0
15.0,43.0,1.2442501509999602,24.5,644.98828125,0.0
15.0,44.0,1.4228215699999964,2.1,644.98828125,0.0
15.0,45.0,1.2047300869999162,1.7,644.98828125,0.0
15.0,46.0,1.9132368569999016,2.9,644.98828125,0.0
15.0,47.0,2.3399786059999315,1.7,644.98828125,0.0
15.0,48.0,1.2317055450002954,1.6,644.98828125,0.0
15.0,49.0,1.9094129290001547,23.9,644.98828125,0.0
15.0,50.0,1.702676213000359,27.9,644.98828125,0.0
15.0,51.0,1.3932468630000585,1.8,644.98828125,0.0
15.0,52.0,1.7777610450002612,2.0,644.98828125,0.0
15.0,53.0,1.2903041710001162,1.9,644.98828125,0.0
15.0,54.0,0.9471543820000079,2.1,644.98828125,0.0
15.0,55.0,1.5219736429999102,2.3,644.98828125,0.0
15.0,56.0,1.0379531040002803,2.4,644.98828125,0.0
15.0,57.0,1.2295394530001431,7.0,644.98828125,0.0
15.0,58.0,1.0205387670002892,54.1,644.98828125,0.0
15.0,59.0,1.6407697559998269,15.7,644.98828125,0.0
15.0,60.0,1.4400982619999922,3.1,644.98828125,0.0
15.0,61.0,1.3100950309999462,1.5,644.98828125,0.0
15.0,62.0,1.0459858399999575,1.9,644.99609375,0.0
15.0,63.0,0.7742283109996606,2.6,644.99609375,0.0
15.0,64.0,1.251748447999944,3.6,644.99609375,0.0
15.0,65.0,1.4107284500000787,2.5,644.99609375,0.0
15.0,66.0,0.8032491579997441,1.2,644.99609375,0.0
15.0,67.0,2.5206317480001417,36.2,644.99609375,0.0
15.0,68.0,1.2410098089999337,2.0,644.99609375,0.0
15.0,69.0,1.5592562609999732,2.6,644.99609375,0.0
15.0,70.0,1.69412698799988,1.2,644.99609375,0.0
15.0,71.0,1.0743373739996969,2.3,644.99609375,0.0
15.0,72.0,1.809797577000154,1.9,645.0,0.0
15.0,73.0,0.9645628620000934,2.1,645.0078125,0.0
15.0,74.0,2.7724529309998616,26.4,645.01171875,0.0
15.0,75.0,1.9241985829999066,10.4,645.01171875,0.0
15.0,76.0,1.5128246009999202,1.3,645.01171875,0.0
15.0,77.0,1.168227623000348,1.7,645.01171875,0.0
15.0,78.0,1.742513967999912,2.3,645.01171875,0.0
15.0,79.0,3.173969523999858,1.9,645.01171875,0.0
15.0,80.0,1.3471400200000971,26.1,645.01171875,0.0
15.0,81.0,1.4403895680002279,38.0,645.01171875,0.0
15.0,82.0,1.4352347700000792,3.8,645.01171875,0.0
15.0,83.0,1.2574664369999482,1.6,645.01171875,0.0
15.0,84.0,0.9873347719999401,2.0,645.015625,0.0
15.0,85.0,1.438910926999597,2.4,645.02734375,0.0
15.0,86.0,1.0883589229997597,3.2,645.02734375,0.0
15.0,87.0,3.096671294999851,1.9,645.02734375,0.0
15.0,88.0,1.449922332999904,46.9,645.02734375,0.0
15.0,89.0,1.1190898449999622,18.5,645.02734375,0.0
15.0,90.0,1.2864231309999923,2.7,645.02734375,0.0
15.0,91.0,1.6628643040003226,1.5,645.02734375,0.0
15.0,92.0,1.2403115170000092,3.2,645.02734375,0.0
15.0,93.0,1.6843835189997662,1.5,645.02734375,0.0
15.0,94.0,0.8846545910000714,2.3,645.02734375,0.0
15.0,95.0,1.3445653840003615,1.5,645.02734375,0.0
15.0,96.0,2.4045933970000988,30.3,645.03125,0.0
15.0,97.0,1.4706731149999541,12.3,645.04296875,0.0
15.0,98.0,0.9389081190001889,2.1,645.04296875,0.0
15.0,99.0,1.2875779450000664,2.3,645.04296875,0.0
15.0,100.0,1.4056099780000295,2.5,645.04296875,0.0
16.0,1.0,0.9972161499999856,2.0,645.04296875,0.0
16.0,2.0,1.060878091000177,2.8,645.04296875,0.0
16.0,3.0,0.8733702389999962,1.7,645.04296875,0.0
16.0,4.0,1.3988479199997528,4.3,645.04296875,0.0
16.0,5.0,1.948039883999627,32.0,645.04296875,0.0
16.0,6.0,1.5510707590001402,17.8,645.04296875,0.0
16.0,7.0,1.5457321290000436,2.3,645.04296875,0.0
16.0,8.0,1.222356525000123,1.6,645.05078125,0.0
16.0,9.0,1.6336166210003285,2.2,645.05859375,0.0
16.0,10.0,1.0321860510002807,2.4,645.07421875,0.0
16.0,11.0,1.4288927720003812,1.4,645.11328125,0.0
16.0,12.0,1.3211024339998403,2.3,645.1171875,0.0
16.0,13.0,1.029317742999865,18.9,645.1171875,0.0
16.0,14.0,1.1652072169999883,55.8,645.1171875,0.0
16.0,15.0,0.9741270049999002,7.7,645.1171875,0.0
16.0,16.0,1.709206147000259,1.8,645.1171875,0.0
16.0,17.0,1.2415251119996356,1.6,645.1171875,0.0
16.0,18.0,0.8395359050000479,2.4,645.1171875,0.0
16.0,19.0,2.358936884999821,1.9,645.1171875,0.0
16.0,20.0,1.6388581250002972,2.1,645.1171875,0.0
16.0,21.0,2.8052411820003726,30.1,645.1171875,0.0
16.0,22.0,1.8081502570003067,4.7,645.1171875,0.0
16.0,23.0,1.5663937239996812,1.6,645.1171875,0.0
16.0,24.0,1.0572042290000354,1.9,645.1171875,0.0
16.0,25.0,1.2424477009999464,4.4,645.1171875,0.0
16.0,26.0,1.859952802999942,2.2,645.1171875,0.0
16.0,27.0,1.416895857000327,2.8,645.1171875,0.0
16.0,28.0,0.8092797260001134,1.9,645.1171875,0.0
16.0,29.0,1.2021666219998224,42.4,645.1171875,0.0
16.0,30.0,1.8760493539998606,20.9,645.1171875,0.0
16.0,31.0,1.108998077999786,3.2,645.1171875,0.0
16.0,32.0,1.1303930300000502,2.2,645.1171875,0.0
16.0,33.0,1.9556062120000206,1.5,645.1171875,0.0
16.0,34.0,1.335902095000165,2.2,645.1171875,0.0
16.0,35.0,2.802835211999991,2.3,645.1171875,0.0
16.0,36.0,1.8293730999998843,40.5,645.1171875,0.0
16.0,37.0,1.3131929759997547,11.2,645.1171875,0.0
16.0,38.0,1.1954297150000457,1.7,645.1171875,0.0
16.0,39.0,1.5473663399998259,1.9,645.1171875,0.0
16.0,40.0,1.1207083169997532,2.7,645.1171875,0.0
16.0,41.0,2.7110443900000973,1.7,645.1171875,0.0
16.0,42.0,0.876324489000126,4.0,645.1171875,0.0
16.0,43.0,1.5083793619996868,6.7,645.1171875,0.0
16.0,44.0,1.0435667279998597,54.8,645.1171875,0.0
16.0,45.0,1.140447882999979,27.1,645.1171875,0.0
16.0,46.0,1.7371912900002826,1.7,645.12109375,0.0
16.0,47.0,1.1006959540000025,1.8,645.125,0.0
16.0,48.0,0.7483022599999458,2.7,645.140625,0.0
16.0,49.0,1.4946181099999194,2.7,645.15625,0.0
16.0,50.0,1.0983208849997936,2.3,645.16015625,0.0
16.0,51.0,1.3180277239998759,4.6,645.16015625,0.0
16.0,52.0,1.50977905200034,1.7,645.16015625,0.0
16.0,53.0,1.2322755340001095,41.2,645.16015625,0.0
16.0,54.0,2.102863537000303,19.8,645.16015625,0.0
16.0,55.0,2.1116346479998356,1.9,645.16015625,0.0
16.0,56.0,1.7178532060001999,2.3,645.16796875,0.0
16.0,57.0,0.671016249999866,2.2,645.16796875,0.0
16.0,58.0,3.2915029499999946,1.5,645.16796875,0.0
16.0,59.0,1.7157505980003407,31.1,645.16796875,0.0
16.0,60.0,1.8243178290003925,23.4,645.16796875,0.0
16.0,61.0,1.592138012000305,1.6,645.16796875,0.0
16.0,62.0,1.4706685759997526,2.4,645.16796875,0.0
16.0,63.0,1.1876014529998429,1.7,645.16796875,0.0
16.0,64.0,1.578832999000042,4.1,645.16796875,0.0
16.0,65.0,1.304517603000022,2.3,645.16796875,0.0
16.0,66.0,1.515786479000326,1.3,645.16796875,0.0
16.0,67.0,1.8368876689996796,49.2,645.16796875,0.0
16.0,68.0,1.292289005999919,1.9,645.16796875,0.0
16.0,69.0,1.5053395770000861,2.3,645.16796875,0.0
16.0,70.0,1.352731502000097,1.9,645.1796875,0.0
16.0,71.0,1.3997856470000443,2.5,645.1796875,0.0
16.0,72.0,1.659133195999857,1.8,645.18359375,0.0
16.0,73.0,0.9830146270001023,2.5,645.18359375,0.0
16.0,74.0,1.6497112279998873,2.4,645.18359375,0.0
16.0,75.0,3.391004078000151,27.0,645.18359375,0.0
16.0,76.0,1.2870859099998597,1.6,645.18359375,0.0
16.0,77.0,1.319886107000002,2.7,645.18359375,0.0
16.0,78.0,3.544582693999928,1.7,645.18359375,0.0
16.0,79.0,0.9433317339999121,2.1,645.18359375,0.0
16.0,80.0,1.9001592520003214,19.9,645.20703125,0.0
16.0,81.0,1.420879240999966,37.2,645.20703125,0.0
16.0,82.0,1.9812225199998466,3.3,645.21484375,0.0
16.0,83.0,2.057172897000328,2.0,645.21484375,0.0
16.0,84.0,0.8502053669999441,2.3,645.21484375,0.0
16.0,85.0,2.4032964909997645,2.1,645.21484375,0.0
16.0,86.0,1.3511772020001445,2.6,645.21484375,0.0
16.0,87.0,2.9415078960000756,30.0,645.21484375,0.0
16.0,88.0,1.3761673149997478,1.8,645.21484375,0.0
16.0,89.0,1.5186159759996372,1.7,645.21484375,0.0
16.0,90.0,2.3937845030000062,2.1,645.21484375,0.0
16.0,91.0,1.6345499349999955,1.8,645.21484375,0.0
16.0,92.0,0.9208115199999156,1.6,645.21484375,0.0
16.0,93.0,1.3808770509999704,2.5,645.21484375,0.0
16.0,94.0,1.9899250700000266,44.1,645.21484375,0.0
16.0,95.0,1.3668287079999573,2.2,645.3046875,0.0
16.0,96.0,1.1904740199997832,1.7,645.3046875,0.0
16.0,97.0,1.7142044689999238,2.3,645.3046875,0.0
16.0,98.0,1.379094842000086,2.2,645.3046875,0.0
16.0,99.0,1.9589820409996719,2.0,645.3046875,0.0
16.0,100.0,1.5242922719999115,2.6,645.3046875,0.0
17.0,1.0,1.2273642089999157,27.5,645.3046875,0.0
17.0,2.0,1.0218661409999186,55.7,645.3046875,0.0
17.0,3.0,1.457211204000032,2.7,645.3046875,0.0
17.0,4.0,1.1988663769998311,2.1,645.3046875,0.0
17.0,5.0,0.9715579720000278,2.1,645.30859375,0.0
17.0,6.0,0.9470631540002614,2.6,645.30859375,0.0
17.0,7.0,1.9069648699996833,2.1,645.30859375,0.0
17.0,8.0,1.4690902469997127,2.7,645.30859375,0.0
17.0,9.0,1.2698733449997235,1.6,645.31640625,0.0
17.0,10.0,1.3087487220000185,23.4,645.31640625,0.0
17.0,11.0,0.8041107459998784,53.8,645.31640625,0.0
17.0,12.0,1.630891199999951,13.5,645.31640625,0.0
17.0,13.0,3.614410212000166,1.7,645.31640625,0.0
17.0,14.0,1.891839402000187,2.1,645.3203125,0.0
17.0,15.0,1.554993285999899,1.6,645.3203125,0.0
17.0,16.0,0.9546112259999973,2.1,645.3203125,0.0
17.0,17.0,2.0473772199998166,37.8,645.3203125,0.0
17.0,18.0,2.0044474500000433,7.2,645.3203125,0.0
17.0,19.0,1.0692547749999903,1.9,645.3203125,0.0
17.0,20.0,1.44943249500011,2.1,645.3203125,0.0
17.0,21.0,1.7674439669999629,3.7,645.3203125,0.0
17.0,22.0,1.5782066149999991,1.3,645.3203125,0.0
17.0,23.0,1.278844312000274,2.7,645.34765625,0.0
17.0,24.0,1.7889193139999406,25.2,645.34765625,0.0
17.0,25.0,0.8287916529998256,55.2,645.34765625,0.0
17.0,26.0,1.1895919600001434,2.1,645.34765625,0.0
17.0,27.0,1.231261080999957,1.6,645.34765625,0.0
17.0,28.0,0.6654047029996946,3.0,645.34765625,0.0
17.0,29.0,0.797550327999943,2.5,645.35546875,0.0
17.0,30.0,1.1612606430003325,1.7,645.36328125,0.0
17.0,31.0,1.2783435510000345,2.0,645.36328125,0.0
17.0,32.0,1.3186318560001382,1.5,645.36328125,0.0
17.0,33.0,1.0137182170001324,2.0,645.36328125,0.0
17.0,34.0,1.0353530689999388,2.4,645.36328125,0.0
17.0,35.0,1.1227548729998489,42.9,645.36328125,0.0
17.0,36.0,1.2349299140000767,33.2,645.36328125,0.0
17.0,37.0,1.0393991399996594,1.9,645.36328125,0.0
17.0,38.0,1.6337357690003955,2.1,645.36328125,0.0
17.0,39.0,1.497450734999802,2.7,645.36328125,0.0
17.0,40.0,1.1859626950003985,1.7,645.36328125,0.0
17.0,41.0,1.4275134909998997,1.4,645.36328125,0.0
17.0,42.0,0.8633201549996556,2.3,645.375,0.0
17.0,43.0,1.876369115000216,3.7,645.375,0.0
17.0,44.0,1.1674756030001845,54.9,645.375,0.0
17.0,45.0,1.6922917209999468,16.0,645.375,0.0
17.0,46.0,1.4952937559996826,1.7,645.375,0.0
17.0,47.0,0.9052445320003244,2.2,645.375,0.0
17.0,48.0,1.6419308589997854,2.4,645.375,0.0
17.0,49.0,1.462041625999973,2.0,645.375,0.0
17.0,50.0,1.5048914230001174,2.0,645.375,0.0
17.0,51.0,4.690282240000215,19.4,645.375,0.0
17.0,52.0,1.9468861670002298,2.1,645.375,0.0
17.0,53.0,1.2898733629999697,2.3,645.3828125,0.0
17.0,54.0,1.3416381219999494,2.2,645.39453125,0.0
17.0,55.0,1.7345506329997988,2.0,645.39453125,0.0
17.0,56.0,0.9271626920003655,1.1,645.39453125,0.0
17.0,57.0,1.1822099080000044,2.6,645.39453125,0.0
17.0,58.0,1.2302054330002647,50.4,645.39453125,0.0
17.0,59.0,1.3459841129997585,20.4,645.39453125,0.0
17.0,60.0,3.348286628999631,1.5,645.39453125,0.0
17.0,61.0,1.3946302439999272,2.5,645.39453125,0.0
17.0,62.0,0.95017905099985,2.1,645.39453125,0.0
17.0,63.0,1.1765653479997127,4.7,645.39453125,0.0
17.0,64.0,1.1560874530000547,2.1,645.39453125,0.0
17.0,65.0,2.731887472999915,32.8,645.39453125,0.0
17.0,66.0,1.5384599680000974,1.6,645.3984375,0.0
17.0,67.0,1.2157131619997017,2.1,645.4140625,0.0
17.0,68.0,1.1230167059998166,1.8,645.4296875,0.0
17.0,69.0,1.2345547879999685,2.8,645.453125,0.0
17.0,70.0,1.3705543489995762,1.5,645.453125,0.0
17.0,71.0,1.6767378009999447,2.4,645.453125,0.0
17.0,72.0,1.7689168480001172,2.5,645.453125,0.0
17.0,73.0,1.1439329549998547,55.1,645.453125,0.0
17.0,74.0,0.8198519040001884,28.4,645.453125,0.0
17.0,75.0,1.6602926030000162,2.1,645.453125,0.0
17.0,76.0,1.4399244950000138,1.7,645.453125,0.0
17.0,77.0,4.308697313000266,2.0,645.453125,0.0
17.0,78.0,1.175610210999821,1.7,645.453125,0.0
17.0,79.0,1.7750170270001036,25.4,645.453125,0.0
17.0,80.0,1.6915981619999911,26.6,645.453125,0.0
17.0,81.0,1.6336209700002655,2.4,645.453125,0.0
17.0,82.0,1.0119520130001547,6.5,645.453125,0.0
17.0,83.0,1.0895853830002125,2.3,645.453125,0.0
17.0,84.0,1.8938080779998927,2.1,645.453125,0.0
17.0,85.0,2.392786145000173,1.9,645.453125,0.0
17.0,86.0,1.7679291419999572,23.9,645.453125,0.0
17.0,87.0,1.497441907999928,32.4,645.453125,0.0
17.0,88.0,0.9785274460000437,2.6,645.4609375,0.0
17.0,89.0,1.455612439000106,2.4,645.4609375,0.0
17.0,90.0,1.5749452969998856,1.6,645.4609375,0.0
17.0,91.0,2.353529050999896,1.5,645.4609375,0.0
17.0,92.0,2.192357868000272,2.7,645.4609375,0.0
17.0,93.0,2.6701634669998384,32.9,645.4609375,0.0
17.0,94.0,1.0069094360001145,2.0,645.4609375,0.0
17.0,95.0,1.7644988749998447,2.3,645.4609375,0.0
17.0,96.0,0.9881594620001124,2.0,645.4609375,0.0
17.0,97.0,0.9936214219997055,1.5,645.4609375,0.0
17.0,98.0,0.8892172669998217,2.3,645.4609375,0.0
17.0,99.0,1.2961814340001183,1.5,645.4609375,0.0
17.0,100.0,0.9911754019999535,2.5,645.4609375,0.0
18.0,1.0,0.9627215389996309,2.1,645.4609375,0.0
18.0,2.0,2.140010357999927,36.0,645.4609375,0.0
18.0,3.0,1.1601867250001305,14.3,645.4609375,0.0
18.0,4.0,0.9614387000001443,2.6,645.4609375,0.0
18.0,5.0,1.154133756000192,2.2,645.4609375,0.0
18.0,6.0,1.6875157389999913,2.4,645.4609375,0.0
18.0,7.0,1.37057598399997,1.8,645.4609375,0.0
18.0,8.0,1.7213433169999917,1.7,645.4609375,0.0
18.0,9.0,4.258308825000313,21.2,645.4609375,0.0
18.0,10.0,0.9930940350000128,2.0,645.4609375,0.0
18.0,11.0,0.8538557050001145,2.4,645.4609375,0.0
18.0,12.0,1.1553492429998187,2.2,645.4609375,0.0
18.0,13.0,2.7278229140001713,2.0,645.4609375,0.0
18.0,14.0,1.6046199099996556,2.2,645.46484375,0.0
18.0,15.0,1.154368561999945,2.2,645.47265625,0.0
18.0,16.0,1.8437687289997484,26.8,645.4765625,0.0
18.0,17.0,1.1175298599996495,36.8,645.4765625,0.0
18.0,18.0,0.8137686290001511,1.9,645.4765625,0.0
18.0,19.0,1.08218880000004,2.3,645.4765625,0.0
18.0,20.0,1.0545376599998235,1.9,645.4765625,0.0
18.0,21.0,1.3892112010003075,4.3,645.4765625,0.0
18.0,22.0,3.3211257600000863,2.7,645.4765625,0.0
18.0,23.0,1.820343252999919,2.8,645.4765625,0.0
18.0,24.0,1.2693482019999465,50.4,645.4765625,0.0
18.0,25.0,1.4616041300000688,16.8,645.4765625,0.0
18.0,26.0,1.0742065399999774,1.9,645.48046875,0.0
18.0,27.0,1.228437711999959,3.3,645.484375,0.0
18.0,28.0,1.6106277070002761,1.9,645.484375,0.0
18.0,29.0,1.4930866409999908,2.0,645.484375,0.0
18.0,30.0,0.9624702810001509,2.6,645.484375,0.0
18.0,31.0,0.9117213669997,1.6,645.484375,0.0
18.0,32.0,0.9420643270000255,1.6,645.484375,0.0
18.0,33.0,1.0403360539999085,19.3,645.484375,0.0
18.0,34.0,1.1858541510000578,55.7,645.484375,0.0
18.0,35.0,1.498649826000019,3.0,645.484375,0.0
18.0,36.0,1.151208778000182,2.2,645.484375,0.0
18.0,37.0,1.3100152540000636,3.1,645.484375,0.0
18.0,38.0,1.2901981250001882,2.7,645.484375,0.0
18.0,39.0,1.0907906830002503,1.8,645.48828125,0.0
18.0,40.0,0.9999741390001873,2.0,645.5,0.0
18.0,41.0,1.1504069210000125,2.2,645.52734375,0.0
18.0,42.0,1.4627815109997755,1.7,645.52734375,0.0
18.0,43.0,1.96023164799999,45.0,645.52734375,0.0
18.0,44.0,1.4057646409996778,4.3,645.52734375,0.0
18.0,45.0,0.9776810610001121,2.1,645.52734375,0.0
18.0,46.0,1.7357500910002273,1.7,645.52734375,0.0
18.0,47.0,1.749762173000363,2.3,645.52734375,0.0
18.0,48.0,1.2488575049997053,2.4,645.52734375,0.0
18.0,49.0,0.8888068030000795,1.7,645.52734375,0.0
18.0,50.0,1.4973810289998255,2.3,645.53125,0.0
18.0,51.0,1.099275533999844,45.4,645.53515625,0.0
18.0,52.0,1.026651512999706,36.8,645.53515625,0.0
18.0,53.0,2.438968720000048,1.6,645.53515625,0.0
18.0,54.0,1.6325363500000094,2.1,645.53515625,0.0
18.0,55.0,2.1851906429997143,1.8,645.53515625,0.0
18.0,56.0,0.9930235319998246,2.5,645.53515625,0.0
18.0,57.0,1.2170487349999348,1.7,645.53515625,0.0
18.0,58.0,0.8513545880000493,2.9,645.53515625,0.0
18.0,59.0,2.6028548029999,34.2,645.53515625,0.0
18.0,60.0,1.0631588060000468,2.4,645.53515625,0.0
18.0,61.0,0.9918299149999257,2.0,645.53515625,0.0
18.0,62.0,1.2866876130001401,2.7,645.5390625,0.0
18.0,63.0,1.3655731949997971,1.5,645.55078125,0.0
18.0,64.0,1.3884471789997406,1.8,645.5546875,0.0
18.0,65.0,0.8600933459997577,2.9,645.5546875,0.0
18.0,66.0,2.099247433000073,2.9,645.5546875,0.0
18.0,67.0,1.6983344420000321,49.9,645.5546875,0.0
18.0,68.0,1.4397095869999248,5.6,645.5546875,0.0
18.0,69.0,1.4480335739999646,2.8,645.5546875,0.0
18.0,70.0,1.036812922000081,1.9,645.5546875,0.0
18.0,71.0,1.1748921569997037,2.5,645.5546875,0.0
18.0,72.0,1.8056361180001659,2.5,645.5546875,0.0
18.0,73.0,1.5387082129996088,1.6,645.5546875,0.0
18.0,74.0,1.6022406649999539,1.9,645.625,0.0
18.0,75.0,1.3648025399998005,52.9,645.63671875,0.0
18.0,76.0,1.4214439890001813,11.7,645.63671875,0.0
18.0,77.0,0.8596328819999144,2.3,645.63671875,0.0
18.0,78.0,1.0008503079998263,2.0,645.63671875,0.0
18.0,79.0,1.253905770000074,2.0,645.63671875,0.0
18.0,80.0,1.4180002680000143,2.8,645.63671875,0.0
18.0,81.0,1.3305203889999575,1.9,645.63671875,0.0
18.0,82.0,1.0313611770002353,2.0,645.63671875,0.0
18.0,83.0,1.4866855690002012,2.4,645.63671875,0.0
18.0,84.0,0.6635543329998654,19.8,645.640625,0.0
18.0,85.0,1.2186110259999623,54.5,645.640625,0.0
18.0,86.0,1.2826458199997433,9.4,645.6484375,0.0
18.0,87.0,1.448905724999804,1.7,645.66796875,0.0
18.0,88.0,1.1615090949999285,3.9,645.6796875,0.0
18.0,89.0,1.3417716609997115,3.3,645.703125,0.0
18.0,90.0,2.1587845580002067,2.1,645.703125,0.0
18.0,91.0,1.2817650540000614,1.6,645.703125,0.0
18.0,92.0,1.56555630999992,6.1,645.703125,0.0
18.0,93.0,1.8674677960002555,43.4,645.703125,0.0
18.0,94.0,1.1833265850000316,2.1,645.703125,0.0
18.0,95.0,1.3448515820000466,2.2,645.703125,0.0
18.0,96.0,1.0541742609998437,2.4,645.703125,0.0
18.0,97.0,1.262306745999922,2.4,645.703125,0.0
18.0,98.0,0.8302577330000531,2.4,645.703125,0.0
18.0,99.0,0.9517434360000152,2.6,645.703125,0.0
18.0,100.0,3.804837977999796,13.7,645.703125,0.0
19.0,1.0,1.5376061169999957,27.3,645.703125,0.0
19.0,2.0,1.561102733000098,2.6,645.703125,0.0
19.0,3.0,1.493045193999933,1.7,645.703125,0.0
19.0,4.0,1.1508377129998735,1.7,645.703125,0.0
19.0,5.0,1.5618304350000471,2.3,645.703125,0.0
19.0,6.0,0.7626173570001811,0.7,645.703125,0.0
19.0,7.0,1.790564687999904,2.0,645.703125,0.0
19.0,8.0,1.2183575829999427,20.8,645.703125,0.0
19.0,9.0,2.2862441089996537,31.0,645.703125,0.0
19.0,10.0,1.3484702840000864,1.9,645.703125,0.0
19.0,11.0,1.6282377369998358,2.1,645.703125,0.0
19.0,12.0,1.104536506000386,2.7,645.70703125,0.0
19.0,13.0,1.4522618109999712,1.7,645.70703125,0.0
19.0,14.0,1.2113573420001558,1.7,645.7578125,0.0
19.0,15.0,0.9121306149995689,2.7,645.7578125,0.0
19.0,16.0,1.6039549509996505,12.9,645.7578125,0.0
19.0,17.0,0.8186398850002661,54.0,645.7578125,0.0
19.0,18.0,0.7774735969996982,33.3,645.7578125,0.0
19.0,19.0,1.048922715000117,1.9,645.7578125,0.0
19.0,20.0,0.8570330009997633,2.3,645.7578125,0.0
19.0,21.0,1.3630790659999548,1.5,645.7578125,0.0
19.0,22.0,1.945445798000037,2.1,645.7578125,0.0
19.0,23.0,1.4039996110000175,2.5,645.7578125,0.0
19.0,24.0,1.9424626849995548,2.3,645.7578125,0.0
19.0,25.0,1.2700293210000382,9.1,645.7578125,0.0
19.0,26.0,2.2760206429998107,34.4,645.7578125,0.0
19.0,27.0,1.0357302110001,1.9,645.7578125,0.0
19.0,28.0,1.45211517000007,2.1,645.7578125,0.0
19.0,29.0,1.7721315660000982,1.4,645.7578125,0.0
19.0,30.0,1.7368194949999634,4.0,645.7578125,0.0
19.0,31.0,3.9472277299996676,12.8,645.7578125,0.0
19.0,32.0,1.4226824550000856,30.2,645.7578125,0.0
19.0,33.0,1.412193687999661,2.5,645.7578125,0.0
19.0,34.0,1.9556726569999228,1.5,645.7578125,0.0
19.0,35.0,1.481506599000113,2.0,645.765625,0.0
19.0,36.0,1.371174855999925,1.8,645.76953125,0.0
19.0,37.0,1.0243762270001753,2.0,645.76953125,0.0
19.0,38.0,1.1289385300001413,1.8,645.76953125,0.0
19.0,39.0,1.1315907439998227,12.8,645.76953125,0.0
19.0,40.0,1.3034198100003778,56.0,645.76953125,0.0
19.0,41.0,1.1179628899999443,6.7,645.76953125,0.0
19.0,42.0,2.3245215599999938,2.2,645.76953125,0.0
19.0,43.0,1.352505483999721,2.6,645.76953125,0.0
19.0,44.0,1.4340900739998688,1.4,645.76953125,0.0
19.0,45.0,0.8619317839998075,2.9,645.76953125,0.0
19.0,46.0,1.5325348149999627,1.6,645.77734375,0.0
19.0,47.0,0.9609094550000918,2.1,645.77734375,0.0
19.0,48.0,2.2525439450000704,38.9,645.77734375,0.0
19.0,49.0,0.920422310000049,3.8,645.77734375,0.0
19.0,50.0,1.5007196850001492,3.3,645.77734375,0.0
19.0,51.0,1.2732448649999242,2.8,645.77734375,0.0
19.0,52.0,1.0271112339996762,2.9,645.77734375,0.0
19.0,53.0,0.8634163040001113,2.3,645.77734375,0.0
19.0,54.0,1.800634560999697,2.2,645.77734375,0.0
19.0,55.0,1.614332239000305,1.5,645.77734375,0.0
19.0,56.0,2.163895663999938,34.7,645.77734375,0.0
19.0,57.0,3.01500504500018,5.8,645.78125,0.0
19.0,58.0,1.5178414820002217,2.3,645.79296875,0.0
19.0,59.0,1.3215873099998134,1.5,645.79296875,0.0
19.0,60.0,1.6066208050001478,2.5,645.79296875,0.0
19.0,61.0,1.1731003630002306,1.7,645.79296875,0.0
19.0,62.0,1.3740715939998154,2.2,645.79296875,0.0
19.0,63.0,1.237935245999779,45.9,645.79296875,0.0
19.0,64.0,1.2589646520000315,25.9,645.79296875,0.0
19.0,65.0,0.7255560919998061,2.1,645.79296875,0.0
19.0,66.0,1.0727141190000111,1.9,645.79296875,0.0
19.0,67.0,0.7732610699999896,1.9,645.79296875,0.0
19.0,68.0,1.3699700809997921,2.6,645.79296875,0.0
19.0,69.0,0.8659585680002237,0.6,645.79296875,0.0
19.0,70.0,0.9384281269999519,2.6,645.79296875,0.0
19.0,71.0,1.5782972070001051,2.2,645.80078125,0.0
19.0,72.0,1.075990617000116,5.1,645.80078125,0.0
19.0,73.0,1.5571250390003115,25.9,645.80078125,0.0
19.0,74.0,1.430301696999777,35.0,645.80078125,0.0
19.0,75.0,1.3507159499999943,1.9,645.80078125,0.0
19.0,76.0,1.434245553999972,2.4,645.80078125,0.0
19.0,77.0,1.13956342199981,1.8,645.80078125,0.0
19.0,78.0,0.8398456370000531,2.4,645.80078125,0.0
19.0,79.0,2.807533300999694,1.8,645.80078125,0.0
19.0,80.0,1.1453444620001392,1.7,645.80078125,0.0
19.0,81.0,1.5726304179997896,31.8,645.8046875,0.0
19.0,82.0,0.8334481179999784,49.1,645.80859375,0.0
19.0,83.0,2.5536431640002775,1.6,645.8203125,0.0
19.0,84.0,1.267722416000197,1.6,645.8203125,0.0
19.0,85.0,2.1806430369997543,2.8,645.8203125,0.0
19.0,86.0,1.4979884610002046,2.0,645.8203125,0.0
19.0,87.0,1.0028524469998956,2.0,645.8203125,0.0
19.0,88.0,2.1826275200000964,21.1,645.8203125,0.0
19.0,89.0,0.9802076559999477,45.6,645.8203125,0.0
19.0,90.0,1.8340636190000623,1.9,645.8203125,0.0
19.0,91.0,1.4599592330000633,1.7,645.8203125,0.0
19.0,92.0,1.8610475059999771,3.8,645.8203125,0.0
19.0,93.0,1.0699301159997958,1.9,645.8203125,0.0
19.0,94.0,0.9257387010002276,2.7,645.8203125,0.0
19.0,95.0,1.4395671950001088,2.4,645.82421875,0.0
19.0,96.0,0.913548998999886,1.6,645.8359375,0.0
19.0,97.0,1.620869440000206,44.9,645.8359375,0.0
19.0,98.0,1.176016933000028,14.0,645.8359375,0.0
19.0,99.0,4.3894112079997285,1.8,645.8359375,0.0
19.0,100.0,1.1590893649999998,2.2,645.8359375,0.0
20.0,1.0,1.02180374999989,2.0,645.8359375,0.0
20.0,2.0,5.426531363999857,17.0,645.8359375,0.0
20.0,3.0,4.883056947000114,1.8,645.8359375,0.0
20.0,4.0,1.7039486570001827,1.5,645.8359375,0.0
20.0,5.0,5.752745222000158,17.0,645.8359375,0.0
20.0,6.0,2.78259213299998,1.8,645.8359375,0.0
20.0,7.0,2.498370736000197,1.8,645.83984375,0.0
20.0,8.0,3.530164795000019,15.9,645.84375,0.0
20.0,9.0,1.4196176219998051,25.4,645.86328125,0.0
20.0,10.0,1.6676235249997262,1.8,645.8828125,0.0
20.0,11.0,1.9496999869998035,2.1,645.90234375,0.0
20.0,12.0,1.473261686999649,2.0,645.90234375,0.0
20.0,13.0,1.2048412780000035,2.1,645.90234375,0.0
20.0,14.0,0.7471031449999828,3.4,645.90234375,0.0
20.0,15.0,1.6652057799997237,2.4,645.90234375,0.0
20.0,16.0,1.1487744529999873,33.3,645.90234375,0.0
20.0,17.0,1.5187920069997745,33.2,645.90234375,0.0
20.0,18.0,1.5319264820000171,2.6,645.90234375,0.0
20.0,19.0,1.0508904970001822,2.4,645.90234375,0.0
20.0,20.0,1.463103382999634,1.7,645.90234375,0.0
20.0,21.0,1.552419801999804,3.9,645.90234375,0.0
20.0,22.0,1.6780372700000044,2.1,645.90234375,0.0
20.0,23.0,1.0882236649999868,2.8,645.9375,0.0
20.0,24.0,1.34491620100016,16.4,645.9375,0.0
20.0,25.0,1.2911725470003148,52.7,645.9375,0.0
20.0,26.0,1.247279785000046,2.4,645.9375,0.0
20.0,27.0,1.1438366479997057,2.2,645.9375,0.0
20.0,28.0,1.380036893000124,2.2,645.9375,0.0
20.0,29.0,1.1453463040002134,1.8,645.9375,0.0
20.0,30.0,0.9036042899997483,2.7,645.9375,0.0
20.0,31.0,1.1702875699998003,1.7,645.9375,0.0
20.0,32.0,1.091416757999923,1.4,645.9375,0.0
20.0,33.0,1.8871431940001457,3.2,645.9375,0.0
20.0,34.0,1.103195279999909,54.3,645.9375,0.0
20.0,35.0,1.1109622819999458,24.3,645.9375,0.0
20.0,36.0,1.0236623660002806,1.5,645.9375,0.0
20.0,37.0,1.5764455739999903,1.9,645.9375,0.0
20.0,38.0,1.1897336110000651,2.5,645.9375,0.0
20.0,39.0,2.429865630999757,1.6,645.9375,0.0
20.0,40.0,2.5008370020000257,1.8,645.9375,0.0
20.0,41.0,0.9906965909999599,24.0,645.9375,0.0
20.0,42.0,1.491034719000254,44.8,645.9375,0.0
20.0,43.0,1.6667866929997217,4.2,645.9375,0.0
20.0,44.0,1.402706237000075,2.1,645.9375,0.0
20.0,45.0,1.0879609900002833,2.3,645.9375,0.0
20.0,46.0,0.8487737280001966,3.0,645.9375,0.0
20.0,47.0,1.3517665280000983,1.5,645.9375,0.0
20.0,48.0,1.7790058280002086,2.3,645.9765625,0.0
20.0,49.0,1.6166409570000724,3.7,645.9765625,0.0
20.0,50.0,1.4271200479997788,55.8,645.9765625,0.0
20.0,51.0,0.8761692709999807,7.4,645.9765625,0.0
20.0,52.0,1.2416020040000149,1.6,645.9765625,0.0
20.0,53.0,1.4810420779999731,1.7,645.9765625,0.0
20.0,54.0,1.2916867750000165,3.1,645.9765625,0.0
20.0,55.0,2.6147912909996194,1.5,645.9765625,0.0
20.0,56.0,2.5934769410000627,3.1,645.9765625,0.0
20.0,57.0,1.2886403659999814,54.1,645.9765625,0.0
20.0,58.0,1.513541454999995,11.3,645.98046875,0.0
20.0,59.0,1.3427903950000655,1.9,645.98046875,0.0
20.0,60.0,1.807260922000296,2.2,645.98046875,0.0
20.0,61.0,1.2147671180000543,2.0,645.98046875,0.0
20.0,62.0,1.650393898999937,1.8,645.98046875,0.0
20.0,63.0,1.6009032719998686,4.4,645.98046875,0.0
20.0,64.0,0.9555752460000804,2.6,645.98046875,0.0
20.0,65.0,1.1546316049998495,47.8,645.98046875,0.0
20.0,66.0,1.078444017000038,30.7,645.98046875,0.0
20.0,67.0,1.664783789000012,2.7,645.98046875,0.0
20.0,68.0,1.4079792480001743,1.4,645.98046875,0.0
20.0,69.0,1.167329821000294,2.6,645.984375,0.0
20.0,70.0,0.9931792590000441,2.5,645.98828125,0.0
20.0,71.0,1.0095131090001814,2.5,645.98828125,0.0
20.0,72.0,1.3978649239998049,2.5,645.98828125,0.0
20.0,73.0,2.5884116309998717,17.2,645.98828125,0.0
20.0,74.0,1.236062375000074,37.6,645.98828125,0.0
20.0,75.0,1.3135066260001622,2.7,645.98828125,0.0
20.0,76.0,5.236954777999927,1.5,645.98828125,0.0
20.0,77.0,1.3075500630002352,1.9,645.98828125,0.0
20.0,78.0,2.3195898890003264,15.4,645.98828125,0.0
20.0,79.0,1.0523188490001303,51.9,645.98828125,0.0
20.0,80.0,2.6318656019998343,1.7,645.9921875,0.0
20.0,81.0,3.0706729459998314,2.8,646.00390625,0.0
20.0,82.0,0.8762104600000384,2.3,646.00390625,0.0
20.0,83.0,0.8810124420001557,2.3,646.00390625,0.0
20.0,84.0,0.9546515560000444,2.1,646.00390625,0.0
20.0,85.0,0.9359816599999249,1.6,646.00390625,0.0
20.0,86.0,1.5070130409999365,35.3,646.00390625,0.0
20.0,87.0,1.1465133040001092,31.4,646.00390625,0.0
20.0,88.0,1.208466108000266,1.7,646.00390625,0.0
20.0,89.0,1.409875053000178,3.2,646.00390625,0.0
20.0,90.0,0.9570893849995628,2.1,646.00390625,0.0
20.0,91.0,1.3749038409996501,1.5,646.00390625,0.0
20.0,92.0,1.700148173999878,2.1,646.0078125,0.0
20.0,93.0,1.450817091999852,2.1,646.015625,0.0
20.0,94.0,0.8159531379997134,3.0,646.015625,0.0
20.0,95.0,2.1656936990002578,40.7,646.015625,0.0
20.0,96.0,0.9736031610000282,2.1,646.015625,0.0
20.0,97.0,1.3101462470003753,1.9,646.015625,0.0
20.0,98.0,1.7929521860000932,2.0,646.015625,0.0
20.0,99.0,1.1334546930002034,1.8,646.015625,0.0
20.0,100.0,1.1821415669996895,2.5,646.015625,0.0
21.0,1.0,0.8872027050001634,5.3,648.0859375,0.0
21.0,2.0,2.0399621490000754,2.2,648.0859375,0.0
21.0,3.0,1.6770271320001484,39.2,648.0859375,0.0
21.0,4.0,1.2552064829997107,24.5,648.0859375,0.0
21.0,5.0,1.0604820600001403,1.9,648.0859375,0.0
21.0,6.0,1.0447333219999564,2.4,648.0859375,0.0
21.0,7.0,1.1548804099998051,2.6,648.0859375,0.0
21.0,8.0,0.8484402449998925,2.9,648.0859375,0.0
21.0,9.0,1.4743233220001457,2.7,648.0859375,0.0
21.0,10.0,1.5439557959998638,2.3,648.0859375,0.0
21.0,11.0,1.018033216999811,2.5,648.0859375,0.0
21.0,12.0,1.6195606250003038,19.9,648.0859375,0.0
21.0,13.0,1.793051516000105,32.7,648.0859375,0.0
21.0,14.0,2.1625389149999137,1.6,648.0859375,0.0
21.0,15.0,1.3186425139997482,2.7,648.0859375,0.0
21.0,16.0,1.9359090650000326,2.3,648.0859375,0.0
21.0,17.0,1.7780961560001742,1.4,648.0859375,0.0
21.0,18.0,0.9303661449998799,2.7,648.0859375,0.0
21.0,19.0,1.0471242959997653,2.9,648.0859375,0.0
21.0,20.0,1.1111776760003522,51.4,648.0859375,0.0
21.0,21.0,1.2627449120000165,27.6,648.0859375,0.0
21.0,22.0,1.2437283300000672,2.8,648.0859375,0.0
21.0,23.0,1.4868892049998976,1.7,648.0859375,0.0
21.0,24.0,1.1675227340001584,3.0,648.0859375,0.0
21.0,25.0,2.120820526999978,4.0,648.0859375,0.0
21.0,26.0,1.4285792279997622,2.8,648.0859375,0.0
21.0,27.0,1.0105774620001284,2.5,648.0859375,0.0
21.0,28.0,1.061044020999816,13.4,648.0859375,0.0
21.0,29.0,1.4106171589996848,53.0,648.0859375,0.0
21.0,30.0,1.8665984719996231,2.2,648.0859375,0.0
21.0,31.0,1.1888469219998115,2.5,648.0859375,0.0
21.0,32.0,1.2800447579998036,3.1,648.0859375,0.0
21.0,33.0,1.3622758480000812,1.8,648.0859375,0.0
21.0,34.0,1.7399332550003237,2.9,648.0859375,0.0
21.0,35.0,1.1153293140000642,2.3,648.0859375,0.0
21.0,36.0,1.819825475000016,14.6,648.0859375,0.0
21.0,37.0,1.1549317250000968,55.7,648.0859375,0.0
21.0,38.0,0.953082601999995,5.2,648.0859375,0.0
21.0,39.0,1.8448893360000511,2.2,648.0859375,0.0
21.0,40.0,1.2245186889999786,2.9,648.0859375,0.0
21.0,41.0,0.8931200990000434,1.7,648.0859375,0.0
21.0,42.0,1.0125796560000708,2.0,648.0859375,0.0
21.0,43.0,1.5767504510004073,2.8,648.0859375,0.0
21.0,44.0,1.4907802970001285,1.7,648.0859375,0.0
21.0,45.0,1.512921610000376,20.2,648.0859375,0.0
21.0,46.0,0.9744859580000593,54.6,648.0859375,0.0
21.0,47.0,0.9985979089997272,10.1,648.0859375,0.0
21.0,48.0,0.8433044640000844,3.6,648.0859375,0.0
21.0,49.0,1.317000583999743,2.3,648.0859375,0.0
21.0,50.0,0.9384947690000445,2.2,648.0859375,0.0
21.0,51.0,1.1320334600000024,2.2,648.0859375,0.0
21.0,52.0,1.2464645350000865,2.4,648.0859375,0.0
21.0,53.0,1.077839135999966,2.3,648.0859375,0.0
21.0,54.0,1.137400458999764,2.6,648.0859375,0.0
21.0,55.0,1.1590064990000428,5.2,648.0859375,0.0
21.0,56.0,1.066694661999918,42.3,648.0859375,0.0
21.0,57.0,1.1376543390001643,38.5,648.0859375,0.0
21.0,58.0,1.6321476130001429,1.5,648.0859375,0.0
21.0,59.0,1.2184044669998002,2.9,648.0859375,0.0
21.0,60.0,1.2899312510003256,2.7,648.0859375,0.0
21.0,61.0,1.388057400999969,1.4,648.0859375,0.0
21.0,62.0,1.1088972550001017,2.7,648.0859375,0.0
21.0,63.0,1.3027170979999028,1.2,648.0859375,0.0
21.0,64.0,1.5610331650000262,3.2,648.0859375,0.0
21.0,65.0,0.7395300100001805,46.6,648.0859375,0.0
21.0,66.0,1.4038102650001747,38.8,648.0859375,0.0
21.0,67.0,1.1302396979999685,2.7,648.0859375,0.0
21.0,68.0,1.6439113280002857,2.1,648.0859375,0.0
21.0,69.0,2.8460080479999306,2.1,648.0859375,0.0
21.0,70.0,1.409173238999756,2.1,648.0859375,0.0
21.0,71.0,1.0567566539998552,2.4,648.0859375,0.0
21.0,72.0,0.981394659000216,2.1,648.0859375,0.0
21.0,73.0,1.5764886329998262,36.9,648.0859375,0.0
21.0,74.0,0.9533504500000163,31.7,648.0859375,0.0
21.0,75.0,1.0275815360000706,2.4,648.0859375,0.0
21.0,76.0,0.6722685390000152,3.0,648.0859375,0.0
21.0,77.0,2.3178044179999233,3.0,648.0859375,0.0
21.0,78.0,1.2499546889998783,2.8,648.0859375,0.0
21.0,79.0,2.536370338999859,2.0,648.0859375,0.0
21.0,80.0,1.7860044520002702,3.9,648.0859375,0.0
21.0,81.0,1.3842127450002408,54.7,648.0859375,0.0
21.0,82.0,1.1549263490001067,8.7,648.0859375,0.0
21.0,83.0,1.1496094099998118,1.8,648.0859375,0.0
21.0,84.0,1.7147069259999626,2.3,648.0859375,0.0
21.0,85.0,1.1678762080000524,2.6,648.0859375,0.0
21.0,86.0,1.195366081999964,2.1,648.0859375,0.0
21.0,87.0,1.1869750780001596,4.2,648.0859375,0.0
21.0,88.0,1.351872405999984,1.5,648.0859375,0.0
21.0,89.0,1.2545249760000843,4.4,648.0859375,0.0
21.0,90.0,1.137994513999729,54.4,648.0859375,0.0
21.0,91.0,0.7578005380000832,32.9,648.0859375,0.0
21.0,92.0,1.3556053779998365,1.9,648.0859375,0.0
21.0,93.0,1.3735072220001712,2.9,648.0859375,0.0
21.0,94.0,1.6385889030002545,2.1,648.0859375,0.0
21.0,95.0,1.1486568360001002,2.6,648.0859375,0.0
21.0,96.0,0.6790696019997995,2.9,648.0859375,0.0
21.0,97.0,1.0877541999998357,2.3,648.0859375,0.0
21.0,98.0,1.3778055929997208,1.5,648.0859375,0.0
21.0,99.0,1.843256809000195,27.0,648.0859375,0.0
21.0,100.0,1.3731208569997762,35.9,648.0859375,0.0
22.0,1.0,2.353614629000276,2.1,648.0859375,0.0
22.0,2.0,1.4714534220001951,1.4,648.0859375,0.0
22.0,3.0,2.2765761360001306,2.4,648.0859375,0.0
22.0,4.0,1.3463341649999165,2.2,648.0859375,0.0
22.0,5.0,1.1179808739998407,1.4,648.0859375,0.0
22.0,6.0,2.8487803430002714,31.5,648.0859375,0.0
22.0,7.0,1.0755410520000623,1.9,648.0859375,0.0
22.0,8.0,0.7957802319997427,2.5,648.0859375,0.0
22.0,9.0,1.4211387729997114,1.8,648.0859375,0.0
22.0,10.0,0.9085700360001283,1.7,648.0859375,0.0
22.0,11.0,1.1659624689996235,2.2,648.0859375,0.0
22.0,12.0,2.338741218999985,1.9,648.0859375,0.0
22.0,13.0,1.690660212000239,2.7,648.0859375,0.0
22.0,14.0,1.3931702690001657,48.9,648.0859375,0.0
22.0,15.0,1.1208211529997243,20.6,648.0859375,0.0
22.0,16.0,0.9479018510000969,3.1,648.0859375,0.0
22.0,17.0,1.3126459750001231,3.1,648.0859375,0.0
22.0,18.0,1.3284085560003405,1.9,648.0859375,0.0
22.0,19.0,0.9947732649998215,2.5,648.0859375,0.0
22.0,20.0,1.6369071929998427,4.6,648.0859375,0.0
22.0,21.0,1.3549585840000873,1.5,648.0859375,0.0
22.0,22.0,1.090337370999805,2.3,648.0859375,0.0
22.0,23.0,2.5926760570000624,33.6,648.0859375,0.0
22.0,24.0,0.9237309059999461,2.7,648.0859375,0.0
22.0,25.0,1.0124845609998374,2.0,648.0859375,0.0
22.0,26.0,1.0246356540001216,2.0,648.0859375,0.0
22.0,27.0,1.6571256610000091,2.1,648.0859375,0.0
22.0,28.0,0.9918576150002991,2.5,648.0859375,0.0
22.0,29.0,0.9978087589997813,3.0,648.0859375,0.0
22.0,30.0,0.8568852049997986,2.9,648.0859375,0.0
22.0,31.0,1.2278988709999794,2.0,648.0859375,0.0
22.0,32.0,1.1952478190000875,18.6,648.0859375,0.0
22.0,33.0,1.8910132969999722,35.5,648.0859375,0.0
22.0,34.0,1.738194726999609,2.3,648.0859375,0.0
22.0,35.0,1.6861268699999528,1.8,648.0859375,0.0
22.0,36.0,1.2373264950001612,3.2,648.0859375,0.0
22.0,37.0,1.218532494000101,2.1,648.0859375,0.0
22.0,38.0,12.912265560999913,8.3,648.0859375,0.0
22.0,39.0,1.031715936999717,2.4,648.0859375,0.0
22.0,40.0,1.21223913599988,10.8,648.0859375,0.0
22.0,41.0,1.2825764789999994,55.1,648.0859375,0.0
22.0,42.0,1.48170157200002,6.8,648.0859375,0.0
22.0,43.0,0.7946537630000421,3.1,648.0859375,0.0
22.0,44.0,1.0559190630001467,1.9,648.0859375,0.0
22.0,45.0,1.249503373999687,2.4,648.0859375,0.0
22.0,46.0,1.4230393870002445,2.5,648.0859375,0.0
22.0,47.0,1.636311133000163,1.5,648.08984375,0.0
22.0,48.0,1.5602662039996176,2.9,648.08984375,0.0
22.0,49.0,1.2070047389997853,14.5,648.08984375,0.0
22.0,50.0,1.3234428180003306,55.2,648.08984375,0.0
22.0,51.0,1.2688649789997726,3.5,648.08984375,0.0
22.0,52.0,2.2290568590001385,2.0,648.08984375,0.0
22.0,53.0,3.5058335329999863,1.4,648.08984375,0.0
22.0,54.0,1.3189656450003895,2.7,648.08984375,0.0
22.0,55.0,1.4433271950001654,3.8,648.08984375,0.0
22.0,56.0,1.4296402129998569,46.5,648.08984375,0.0
22.0,57.0,1.1157243359998574,21.1,648.08984375,0.0
22.0,58.0,1.3240015710002808,2.7,648.08984375,0.0
22.0,59.0,4.35405711400017,1.7,648.08984375,0.0
22.0,60.0,1.7961887349997596,2.0,648.08984375,0.0
22.0,61.0,1.3845294420002574,2.5,648.08984375,0.0
22.0,62.0,1.3523224370001117,39.5,648.08984375,0.0
22.0,63.0,2.1541844450002827,18.5,648.08984375,0.0
22.0,64.0,1.6700065029999678,1.8,648.08984375,0.0
22.0,65.0,2.3274227149995568,1.9,648.08984375,0.0
22.0,66.0,1.4435817570001745,2.8,648.08984375,0.0
22.0,67.0,1.2062369220002438,2.1,648.08984375,0.0
22.0,68.0,3.5075511980003284,26.6,648.08984375,0.0
22.0,69.0,4.535097416999633,2.2,648.08984375,0.0
22.0,70.0,2.043853103999936,2.2,648.08984375,0.0
22.0,71.0,1.0185252140008743,2.5,648.08984375,0.0
22.0,72.0,2.1441586809996807,1.9,648.08984375,0.0
22.0,73.0,0.8486845980005455,44.0,648.08984375,0.0
22.0,74.0,1.5202574360000654,34.8,648.08984375,0.0
22.0,75.0,1.2854020100003254,3.5,648.08984375,0.0
22.0,76.0,1.1327284870003496,1.8,648.08984375,0.0
22.0,77.0,0.9396832580005139,2.7,648.08984375,0.0
22.0,78.0,1.3338594550004927,1.9,648.08984375,0.0
22.0,79.0,1.34826604600039,1.9,648.08984375,0.0
22.0,80.0,1.2142896510003993,2.9,648.08984375,0.0
22.0,81.0,1.4412719940000898,2.4,648.08984375,0.0
22.0,82.0,0.9648330859999987,15.7,648.08984375,0.0
22.0,83.0,1.5763774940005533,48.9,648.08984375,0.0
22.0,84.0,1.5680751459995008,2.2,648.08984375,0.0
22.0,85.0,1.2337484720001157,2.8,648.08984375,0.0
22.0,86.0,1.219911606000096,2.5,648.08984375,0.0
22.0,87.0,0.809257451999656,3.7,648.08984375,0.0
22.0,88.0,0.6284681659999478,2.4,648.08984375,0.0
22.0,89.0,1.1299135620001834,2.7,648.08984375,0.0
22.0,90.0,1.4280400950001422,1.8,648.08984375,0.0
22.0,91.0,2.1772943030000533,12.0,648.08984375,0.0
22.0,92.0,1.3735025040004984,52.9,648.08984375,0.0
22.0,93.0,0.8489687620003679,2.4,648.08984375,0.0
22.0,94.0,0.9228587050001806,1.6,648.08984375,0.0
22.0,95.0,1.457841808000012,3.1,648.08984375,0.0
22.0,96.0,2.2495237740004086,2.2,648.08984375,0.0
22.0,97.0,1.1563627160003307,2.2,648.08984375,0.0
22.0,98.0,1.8616227710008388,2.2,648.08984375,0.0
22.0,99.0,1.0669446880001487,2.3,648.08984375,0.0
22.0,100.0,1.4050217829999383,44.1,648.08984375,0.0
23.0,1.0,1.2015346240004874,30.3,648.08984375,0.0
23.0,2.0,1.4026812390002306,2.2,648.08984375,0.0
23.0,3.0,1.7885671160001948,2.8,648.08984375,0.0
23.0,4.0,1.6722995379996064,1.8,648.08984375,0.0
23.0,5.0,1.0701379590000215,2.3,648.08984375,0.0
23.0,6.0,0.7081092529997477,2.8,648.08984375,0.0
23.0,7.0,1.8291090209995673,2.7,648.08984375,0.0
23.0,8.0,1.7455880879997494,27.7,648.08984375,0.0
23.0,9.0,1.1420442440003171,40.5,648.08984375,0.0
23.0,10.0,1.0223780129999795,2.5,648.08984375,0.0
23.0,11.0,0.7774782530004813,3.2,648.08984375,0.0
23.0,12.0,1.2290642640000442,1.6,648.08984375,0.0
23.0,13.0,1.592299560000356,1.9,648.08984375,0.0
23.0,14.0,1.2556064150003294,4.0,648.08984375,0.0
23.0,15.0,1.0273790560004272,5.4,648.08984375,0.0
23.0,16.0,0.9310498040003949,1.6,648.08984375,0.0
23.0,17.0,0.8828571530002591,2.9,648.08984375,0.0
23.0,18.0,5.0750314679999065,19.1,648.08984375,0.0
23.0,19.0,4.894410020000578,1.8,648.08984375,0.0
23.0,20.0,1.1670807139998942,2.1,648.08984375,0.0
23.0,21.0,1.1053489980004088,2.7,648.08984375,0.0
23.0,22.0,1.3559640510002282,42.2,648.08984375,0.0
23.0,23.0,2.414670821999607,15.4,648.08984375,0.0
23.0,24.0,1.1660757810004725,1.7,648.08984375,0.0
23.0,25.0,1.497200258999328,2.7,648.08984375,0.0
23.0,26.0,0.8850697449997824,1.7,648.08984375,0.0
23.0,27.0,1.1452200719995744,3.5,648.08984375,0.0
23.0,28.0,1.4987319169995317,2.0,648.08984375,0.0
23.0,29.0,1.1577067429998351,2.6,648.08984375,0.0
23.0,30.0,1.525331377000839,27.4,648.08984375,0.0
23.0,31.0,0.9850625179997223,54.1,648.08984375,0.0
23.0,32.0,2.8306407969994325,3.0,648.08984375,0.0
23.0,33.0,1.316093495000132,2.7,648.08984375,0.0
23.0,34.0,1.2382823710004232,2.4,648.08984375,0.0
23.0,35.0,1.984114732999842,2.0,648.08984375,0.0
23.0,36.0,2.1631552240005476,2.1,648.08984375,0.0
23.0,37.0,1.8403384000002916,43.1,648.08984375,0.0
23.0,38.0,1.1431785960003253,18.1,648.08984375,0.0
23.0,39.0,0.9268795529997078,2.2,648.08984375,0.0
23.0,40.0,1.7822653479997825,2.5,648.08984375,0.0
23.0,41.0,1.4806651379994946,1.7,648.08984375,0.0
23.0,42.0,0.9653826490002757,2.6,648.08984375,0.0
23.0,43.0,1.9266920800000662,2.1,648.08984375,0.0
23.0,44.0,1.1578328140003578,2.6,648.08984375,0.0
23.0,45.0,0.9306995699998879,3.8,648.08984375,0.0
23.0,46.0,0.9318967839999459,55.1,648.08984375,0.0
23.0,47.0,0.9617109190003248,38.2,648.08984375,0.0
23.0,48.0,1.4754134140002861,2.4,648.08984375,0.0
23.0,49.0,1.469094512999618,3.1,648.08984375,0.0
23.0,50.0,1.3700686980000683,2.2,648.08984375,0.0
23.0,51.0,1.4091057449995787,1.8,648.08984375,0.0
23.0,52.0,1.2620560989998921,3.2,648.08984375,0.0
23.0,53.0,1.5536314129994935,3.2,648.08984375,0.0
23.0,54.0,1.1365399989999787,4.0,648.08984375,0.0
23.0,55.0,1.1069306639992647,54.3,648.08984375,0.0
23.0,56.0,1.6609651159997156,19.5,648.08984375,0.0
23.0,57.0,1.1399853220000296,2.2,648.08984375,0.0
23.0,58.0,1.067319722999855,2.8,648.08984375,0.0
23.0,59.0,1.6042490890004046,2.8,648.08984375,0.0
23.0,60.0,1.0182792619998509,2.5,648.08984375,0.0
23.0,61.0,1.0727866369998083,1.9,648.08984375,0.0
23.0,62.0,1.592327356000169,1.9,648.08984375,0.0
23.0,63.0,3.939732026999991,23.0,648.08984375,0.0
23.0,64.0,2.714299444000062,2.6,648.08984375,0.0
23.0,65.0,1.065089030999843,1.9,648.08984375,0.0
23.0,66.0,1.1958112519996575,2.5,648.08984375,0.0
23.0,67.0,1.068211085999792,2.3,648.08984375,0.0
23.0,68.0,1.6295956459998706,3.4,648.08984375,0.0
23.0,69.0,1.333030962000521,3.0,648.08984375,0.0
23.0,70.0,1.6071214479998162,54.4,648.08984375,0.0
23.0,71.0,1.241029341000285,2.8,648.08984375,0.0
23.0,72.0,1.1198004139996556,2.2,648.08984375,0.0
23.0,73.0,1.571287790000497,2.2,648.08984375,0.0
23.0,74.0,1.5985782839998137,3.8,648.08984375,0.0
23.0,75.0,1.4216568250003547,2.5,648.08984375,0.0
23.0,76.0,1.0409976880000613,2.9,648.08984375,0.0
23.0,77.0,1.1788754310000513,2.1,648.08984375,0.0
23.0,78.0,1.5068489730001602,28.1,648.08984375,0.0
23.0,79.0,3.0096839039997576,17.7,648.08984375,0.0
23.0,80.0,1.6420616340001288,2.4,648.08984375,0.0
23.0,81.0,1.4818439840000792,2.7,648.08984375,0.0
23.0,82.0,1.595336178999787,1.9,648.08984375,0.0
23.0,83.0,1.1173141290000785,2.7,648.08984375,0.0
23.0,84.0,1.1822467149995646,2.1,648.08984375,0.0
23.0,85.0,1.422017262000736,23.9,648.08984375,0.0
23.0,86.0,1.3612507100006042,41.5,648.08984375,0.0
23.0,87.0,0.71811120700022,2.8,648.08984375,0.0
23.0,88.0,0.8304498799998328,3.0,648.08984375,0.0
23.0,89.0,1.3245771679994505,2.7,648.08984375,0.0
23.0,90.0,1.8349287610008105,1.9,648.08984375,0.0
23.0,91.0,1.2185264789995927,2.1,648.08984375,0.0
23.0,92.0,1.9209387760001846,2.3,648.08984375,0.0
23.0,93.0,1.2307313889996294,2.4,648.08984375,0.0
23.0,94.0,1.3389175780002915,33.5,648.08984375,0.0
23.0,95.0,1.397502338000777,36.1,648.08984375,0.0
23.0,96.0,1.6109286000000793,2.5,648.08984375,0.0
23.0,97.0,1.7507688989999224,1.7,648.08984375,0.0
23.0,98.0,1.4042969410002115,2.8,648.08984375,0.0
23.0,99.0,1.6195196050002778,1.6,648.08984375,0.0
23.0,100.0,1.242005195999809,3.2,648.08984375,0.0
24.0,1.0,1.3543581750000158,1.9,648.08984375,0.0
24.0,2.0,1.1799248099996476,34.5,648.08984375,0.0
24.0,3.0,1.035193507999793,46.6,648.08984375,0.0
24.0,4.0,2.4995282009995208,1.8,648.08984375,0.0
24.0,5.0,0.9835860180000964,2.0,648.08984375,0.0
24.0,6.0,1.6168293749997247,2.5,648.08984375,0.0
24.0,7.0,1.479850789000011,2.0,648.08984375,0.0
24.0,8.0,2.2219193849996373,2.7,648.08984375,0.0
24.0,9.0,1.693456683000477,22.7,648.08984375,0.0
24.0,10.0,1.4100722149996727,37.0,648.08984375,0.0
24.0,11.0,1.1064258039996275,2.3,648.08984375,0.0
24.0,12.0,2.7268139400002838,1.7,648.08984375,0.0
24.0,13.0,1.764867948999381,2.3,648.08984375,0.0
24.0,14.0,1.0603592659999777,4.8,648.08984375,0.0
24.0,15.0,2.9523714369997833,4.7,648.08984375,0.0
24.0,16.0,2.382422542999848,35.6,648.08984375,0.0
24.0,17.0,1.2293362840000555,2.9,648.08984375,0.0
24.0,18.0,1.4082494909998786,2.5,648.08984375,0.0
24.0,19.0,1.1130974779998724,2.3,648.08984375,0.0
24.0,20.0,1.4845216200001232,3.4,648.08984375,0.0
24.0,21.0,1.9642912859999342,1.5,648.08984375,0.0
24.0,22.0,1.1671396339997955,3.4,648.08984375,0.0
24.0,23.0,1.2239048900000853,23.1,648.08984375,0.0
24.0,24.0,1.1545612379995873,55.2,648.08984375,0.0
24.0,25.0,0.7809942560006675,5.1,648.08984375,0.0
24.0,26.0,6.673031667999567,1.8,648.08984375,0.0
24.0,27.0,1.7716522400005488,2.3,648.08984375,0.0
24.0,28.0,1.3217304890004016,23.5,648.08984375,0.0
24.0,29.0,1.6608781959994303,36.8,648.08984375,0.0
24.0,30.0,1.1167477950002649,2.7,648.08984375,0.0
24.0,31.0,1.4294363620001604,3.8,648.08984375,0.0
24.0,32.0,1.4627070470005492,3.4,648.08984375,0.0
24.0,33.0,0.7753375749998668,3.2,648.08984375,0.0
24.0,34.0,1.1882280649997483,2.1,648.08984375,0.0
24.0,35.0,4.177874184000757,11.1,648.08984375,0.0
24.0,36.0,1.4165746090002358,34.9,648.08984375,0.0
24.0,37.0,2.1445361530004448,1.9,648.08984375,0.0
24.0,38.0,1.347056579999844,3.0,648.08984375,0.0
24.0,39.0,1.318927426999835,1.5,648.08984375,0.0
24.0,40.0,0.954365388000042,2.1,648.08984375,0.0
24.0,41.0,2.379863471000135,2.1,648.08984375,0.0
24.0,42.0,1.7971282459993745,17.7,648.08984375,0.0
24.0,43.0,1.5051664590000655,41.7,648.08984375,0.0
24.0,44.0,2.02965836400017,2.0,648.08984375,0.0
24.0,45.0,1.4106215669999074,3.2,648.08984375,0.0
24.0,46.0,5.85407700199994,2.5,648.08984375,0.0
24.0,47.0,1.3571810880002886,42.2,648.08984375,0.0
24.0,48.0,1.5034609169997566,22.6,648.08984375,0.0
24.0,49.0,1.1019029239996598,2.3,648.08984375,0.0
24.0,50.0,1.0761715759999788,2.8,648.08984375,0.0
24.0,51.0,1.0326016969993361,2.4,648.08984375,0.0
24.0,52.0,2.5411930820000634,2.6,648.08984375,0.0
24.0,53.0,2.6061952309992193,2.5,648.08984375,0.0
24.0,54.0,1.2924547950005945,26.6,648.08984375,0.0
24.0,55.0,1.0286630310001783,53.2,648.08984375,0.0
24.0,56.0,1.5957679040002404,1.9,648.08984375,0.0
24.0,57.0,1.0101444560004893,2.5,648.08984375,0.0
24.0,58.0,1.2350134110001818,2.8,648.08984375,0.0
24.0,59.0,1.4360551740001029,2.8,648.08984375,0.0
24.0,60.0,1.3491844789996321,2.2,648.08984375,0.0
24.0,61.0,0.7378822609998679,3.4,648.08984375,0.0
24.0,62.0,4.4244423299996924,20.6,648.08984375,0.0
24.0,63.0,1.2403834819997428,3.2,648.08984375,0.0
24.0,64.0,0.8163026470001569,1.8,648.08984375,0.0
24.0,65.0,1.5887745780000841,3.1,648.08984375,0.0
24.0,66.0,1.7832862980003483,4.0,648.08984375,0.0
24.0,67.0,1.0571327700008624,2.4,648.08984375,0.0
24.0,68.0,7.169434278000153,13.2,648.08984375,0.0
24.0,69.0,0.9012193819999084,2.8,648.08984375,0.0
24.0,70.0,1.1108392510004705,2.7,648.08984375,0.0
24.0,71.0,3.2269913740001357,2.0,648.08984375,0.0
24.0,72.0,1.40920843800086,1.8,648.08984375,0.0
24.0,73.0,1.12273922499935,8.5,648.08984375,0.0
24.0,74.0,1.7410870089997843,46.7,648.08984375,0.0
24.0,75.0,1.2527918610003326,2.4,648.08984375,0.0
24.0,76.0,3.6303943709999658,2.1,648.08984375,0.0
24.0,77.0,2.0106466649995127,2.2,648.08984375,0.0
24.0,78.0,2.912570792000224,4.0,648.08984375,0.0
24.0,79.0,1.9759344539997983,44.3,648.08984375,0.0
24.0,80.0,1.4543829300000652,2.1,648.08984375,0.0
24.0,81.0,2.4523676190001424,1.8,648.08984375,0.0
24.0,82.0,2.928234185999827,1.9,648.08984375,0.0
24.0,83.0,1.092654050999954,2.3,648.08984375,0.0
24.0,84.0,1.4195080370000142,2.8,648.08984375,0.0
24.0,85.0,3.225580323000031,27.8,648.08984375,0.0
24.0,86.0,6.023722604999421,1.8,648.08984375,0.0
24.0,87.0,1.6389310200002,1.8,648.08984375,0.0
24.0,88.0,1.4969000359997153,25.4,648.08984375,0.0
24.0,89.0,1.220284246999654,44.2,648.08984375,0.0
24.0,90.0,1.2298430829996505,1.6,648.08984375,0.0
24.0,91.0,1.006373036999321,2.5,648.08984375,0.0
24.0,92.0,1.3192767579994324,2.7,648.08984375,0.0
24.0,93.0,1.2908598659996642,2.7,648.08984375,0.0
24.0,94.0,2.1234114649996627,3.3,648.08984375,0.0
24.0,95.0,1.1524157390003893,1.7,648.08984375,0.0
24.0,96.0,1.3453366500007178,1.9,648.08984375,0.0
24.0,97.0,0.9804833890002556,41.3,648.08984375,0.0
24.0,98.0,1.9377375260000917,26.2,648.08984375,0.0
24.0,99.0,1.3821961939993344,2.5,648.08984375,0.0
24.0,100.0,1.06794613799957,1.9,648.08984375,0.0
25.0,1.0,1.3551708989998588,2.2,648.08984375,0.0
25.0,2.0,1.739903339999728,2.3,648.08984375,0.0
25.0,3.0,1.3401967029994921,2.2,648.08984375,0.0
25.0,4.0,1.1881960230002733,2.1,648.08984375,0.0
25.0,5.0,1.6237457790002736,27.9,648.08984375,0.0
25.0,6.0,0.9853276750000077,45.1,648.08984375,0.0
25.0,7.0,1.0123096540000915,2.0,648.08984375,0.0
25.0,8.0,1.0977287599998817,3.2,648.08984375,0.0
25.0,9.0,4.3344200000001365,2.0,648.08984375,0.0
25.0,10.0,2.804592927000158,2.0,648.08984375,0.0
25.0,11.0,1.0537020209994807,28.6,648.08984375,0.0
25.0,12.0,0.8695944600003713,54.0,648.08984375,0.0
25.0,13.0,1.69614304300012,9.2,648.08984375,0.0
25.0,14.0,1.3353137960002641,5.3,648.08984375,0.0
25.0,15.0,1.170209946999421,2.6,648.08984375,0.0
25.0,16.0,1.0102025409996713,3.0,648.08984375,0.0
25.0,17.0,1.1022241459995712,2.7,648.08984375,0.0
25.0,18.0,2.084669885999574,1.9,648.08984375,0.0
25.0,19.0,1.0514467960001639,2.9,648.08984375,0.0
25.0,20.0,1.5036116110004514,27.5,648.08984375,0.0
25.0,21.0,1.055308621000222,47.1,648.08984375,0.0
25.0,22.0,3.819547443999909,2.1,648.08984375,0.0
25.0,23.0,5.1262871170001745,1.9,648.08984375,0.0
25.0,24.0,1.1715118599995549,17.5,648.08984375,0.0
25.0,25.0,1.4540040270003374,49.1,648.08984375,0.0
25.0,26.0,1.0216493930001889,2.5,648.08984375,0.0
25.0,27.0,1.4486354900000151,1.7,648.08984375,0.0
25.0,28.0,1.5552900110005794,2.6,648.08984375,0.0
25.0,29.0,1.1144170469997334,2.3,648.08984375,0.0
25.0,30.0,1.9966273090003597,2.5,648.08984375,0.0
25.0,31.0,0.9718240180000066,2.6,648.08984375,0.0
25.0,32.0,1.23243470000034,4.5,648.08984375,0.0
25.0,33.0,1.6763250500007416,39.5,648.08984375,0.0
25.0,34.0,1.8240314999993643,14.9,648.08984375,0.0
25.0,35.0,1.2588837660005083,2.0,648.08984375,0.0
25.0,36.0,1.9337827300005301,2.1,648.08984375,0.0
25.0,37.0,1.5426815010005157,2.9,648.08984375,0.0
25.0,38.0,0.9678853369996432,2.6,648.08984375,0.0
25.0,39.0,2.2215030369998203,2.0,648.08984375,0.0
25.0,40.0,1.086532451000494,24.5,648.08984375,0.0
25.0,41.0,1.0423901789999945,55.1,648.08984375,0.0
25.0,42.0,1.212157124999976,7.4,648.08984375,0.0
25.0,43.0,1.0458177890004663,2.4,648.08984375,0.0
25.0,44.0,1.538609709999946,2.3,648.08984375,0.0
25.0,45.0,1.3616049749998638,2.6,648.08984375,0.0
25.0,46.0,1.1692885570000726,2.6,648.08984375,0.0
25.0,47.0,1.282220801999756,3.1,648.08984375,0.0
25.0,48.0,1.3357540919996609,1.9,648.08984375,0.0
25.0,49.0,1.0936905329999718,2.8,648.08984375,0.0
25.0,50.0,1.763147327000297,50.7,648.08984375,0.0
25.0,51.0,1.293948217000434,1.9,648.08984375,0.0
25.0,52.0,1.7927358180004376,2.2,648.08984375,0.0
25.0,53.0,1.552072789999329,3.5,648.08984375,0.0
25.0,54.0,2.4025258729998313,2.3,648.08984375,0.0
25.0,55.0,1.5172071899996808,2.3,648.08984375,0.0
25.0,56.0,1.2183516289996987,1.6,648.08984375,0.0
25.0,57.0,1.936028331999296,45.8,648.08984375,0.0
25.0,58.0,2.0920177810003224,1.9,648.08984375,0.0
25.0,59.0,0.9812478090007062,2.5,648.08984375,0.0
25.0,60.0,0.9621738949999781,3.1,648.08984375,0.0
25.0,61.0,1.0834684080000443,1.9,648.08984375,0.0
25.0,62.0,1.2404668090002815,1.6,648.08984375,0.0
25.0,63.0,0.7831184199994823,3.2,648.08984375,0.0
25.0,64.0,2.324087361000238,1.9,648.08984375,0.0
25.0,65.0,1.128556333999768,42.9,648.08984375,0.0
25.0,66.0,1.329410168999857,32.2,648.08984375,0.0
25.0,67.0,0.8149698690003788,4.3,648.08984375,0.0
25.0,68.0,1.8026846100001421,1.9,648.08984375,0.0
25.0,69.0,1.9784768439994878,2.0,648.08984375,0.0
25.0,70.0,1.5477401239995743,2.3,648.08984375,0.0
25.0,71.0,1.279771766000522,2.0,648.08984375,0.0
25.0,72.0,1.0622813039999528,2.4,648.08984375,0.0
25.0,73.0,1.297155909999674,17.9,648.08984375,0.0
25.0,74.0,0.953831363000063,54.0,648.08984375,0.0
25.0,75.0,2.7005988230002913,8.7,648.08984375,0.0
25.0,76.0,1.2992126350000035,2.3,648.08984375,0.0
25.0,77.0,0.9547913919996063,2.1,648.08984375,0.0
25.0,78.0,1.1206072669992864,2.2,648.08984375,0.0
25.0,79.0,2.2592343790001905,2.4,648.08984375,0.0
25.0,80.0,1.4471755810000104,2.1,648.08984375,0.0
25.0,81.0,1.2299533640007212,34.4,648.08984375,0.0
25.0,82.0,1.4270080380001673,34.2,648.08984375,0.0
25.0,83.0,2.218625513999541,1.8,648.08984375,0.0
25.0,84.0,2.5016217639995375,1.8,648.08984375,0.0
25.0,85.0,1.8262058479995176,2.5,648.08984375,0.0
25.0,86.0,1.844531323999945,2.4,648.08984375,0.0
25.0,87.0,1.042322891999902,3.9,648.08984375,0.0
25.0,88.0,1.1158672640003715,55.0,648.08984375,0.0
25.0,89.0,1.495293945999947,17.4,648.08984375,0.0
25.0,90.0,1.4075136940000448,2.8,648.08984375,0.0
25.0,91.0,2.245688980000523,2.0,648.08984375,0.0
25.0,92.0,1.1287791240001752,2.2,648.08984375,0.0
25.0,93.0,1.5735726689999865,4.2,648.08984375,0.0
25.0,94.0,1.097652935000042,2.3,648.08984375,0.0
25.0,95.0,0.9508101200008241,2.6,648.08984375,0.0
25.0,96.0,0.8755637710000883,23.6,648.08984375,0.0
25.0,97.0,0.9370681610007523,53.5,648.08984375,0.0
25.0,98.0,2.124514440999519,9.3,648.08984375,0.0
25.0,99.0,1.0183988770004362,2.9,648.08984375,0.0
25.0,100.0,2.1034768040008203,2.4,648.08984375,0.0
26.0,1.0,1.9279610150006192,2.6,648.08984375,0.0
26.0,2.0,1.5280466789999991,2.6,648.08984375,0.0
26.0,3.0,1.1305606300002182,2.2,648.08984375,0.0
26.0,4.0,1.2692252530005135,36.4,648.08984375,0.0
26.0,5.0,2.346154417999969,19.1,648.08984375,0.0
26.0,6.0,1.6450047369999083,3.0,648.08984375,0.0
26.0,7.0,0.9896043149992693,2.0,648.08984375,0.0
26.0,8.0,1.3594019089996436,1.5,648.08984375,0.0
26.0,9.0,0.8412863189996642,2.4,648.08984375,0.0
26.0,10.0,2.615141461999883,2.1,648.08984375,0.0
26.0,11.0,1.5070514829994863,22.0,648.08984375,0.0
26.0,12.0,1.4208169200001066,40.1,648.08984375,0.0
26.0,13.0,2.0018946290001622,2.2,648.08984375,0.0
26.0,14.0,1.4353905130001294,3.8,648.08984375,0.0
26.0,15.0,1.3516218929999013,1.5,648.08984375,0.0
26.0,16.0,1.4119435220000014,2.5,648.08984375,0.0
26.0,17.0,1.356193997000446,1.9,648.08984375,0.0
26.0,18.0,1.6896827790005773,2.4,648.08984375,0.0
26.0,19.0,1.2436630119991605,41.3,648.08984375,0.0
26.0,20.0,1.5584501580005963,24.8,648.08984375,0.0
26.0,21.0,1.139559129999725,3.5,648.08984375,0.0
26.0,22.0,2.1807159979998687,1.8,648.08984375,0.0
26.0,23.0,1.9786384819999512,2.0,648.08984375,0.0
26.0,24.0,1.3257598990003316,2.6,648.08984375,0.0
26.0,25.0,1.295175468000707,1.9,648.08984375,0.0
26.0,26.0,1.7899918249995608,20.3,648.08984375,0.0
26.0,27.0,1.5388779490003799,35.5,648.08984375,0.0
26.0,28.0,1.2391036560002249,3.2,648.08984375,0.0
26.0,29.0,1.269597767999585,1.6,648.08984375,0.0
26.0,30.0,0.977064574999531,2.6,648.08984375,0.0
26.0,31.0,1.0124966920002407,2.0,648.08984375,0.0
26.0,32.0,2.0020740429999933,2.3,648.08984375,0.0
26.0,33.0,1.0784186459995908,1.9,648.08984375,0.0
26.0,34.0,1.231483737000417,2.0,648.08984375,0.0
26.0,35.0,1.756813513000452,38.0,648.08984375,0.0
26.0,36.0,5.799295116000394,5.8,648.08984375,0.0
26.0,37.0,1.363806502999978,1.8,648.08984375,0.0
26.0,38.0,3.089100481999594,1.8,648.08984375,0.0
26.0,39.0,1.423280197999702,47.9,648.08984375,0.0
26.0,40.0,2.3749810110002727,9.9,648.08984375,0.0
26.0,41.0,1.2693504460003169,2.0,648.08984375,0.0
26.0,42.0,2.127739059000305,2.6,648.08984375,0.0
26.0,43.0,1.1831565109996518,2.1,648.08984375,0.0
26.0,44.0,2.1442715940002017,2.3,648.08984375,0.0
26.0,45.0,1.0532950840006379,1.9,648.08984375,0.0
26.0,46.0,2.611530313000003,34.1,648.08984375,0.0
26.0,47.0,3.185921424999833,1.7,648.08984375,0.0
26.0,48.0,2.5044553650004673,3.2,648.08984375,0.0
26.0,49.0,0.985844833999181,2.5,648.08984375,0.0
26.0,50.0,2.4026428289998876,2.1,648.08984375,0.0
26.0,51.0,0.9082672949998596,53.8,648.08984375,0.0
26.0,52.0,1.7006955359993299,23.6,648.08984375,0.0
26.0,53.0,1.4183278970003812,2.5,648.08984375,0.0
26.0,54.0,1.2767569769994225,1.6,648.08984375,0.0
26.0,55.0,1.9782976369997414,1.8,648.08984375,0.0
26.0,56.0,2.2845252150000306,2.0,648.08984375,0.0
26.0,57.0,2.843722083999637,17.5,648.08984375,0.0
26.0,58.0,2.0053780329999427,23.6,648.08984375,0.0
26.0,59.0,1.619087473000036,2.2,648.08984375,0.0
26.0,60.0,2.5424164389996804,2.0,648.08984375,0.0
26.0,61.0,2.3536293610004577,1.9,648.08984375,0.0
26.0,62.0,5.725663609000549,16.6,648.08984375,0.0
26.0,63.0,3.2664533779998237,1.7,648.08984375,0.0
26.0,64.0,1.7036844149997705,3.8,648.08984375,0.0
26.0,65.0,1.0853699999997843,2.3,648.08984375,0.0
26.0,66.0,2.0824699859995235,4.1,648.08984375,0.0
26.0,67.0,1.7561639330006074,47.6,648.08984375,0.0
26.0,68.0,1.4325103779992787,2.4,648.08984375,0.0
26.0,69.0,2.634372890999657,1.7,648.08984375,0.0
26.0,70.0,1.0489574279999943,2.9,648.08984375,0.0
26.0,71.0,1.9841894769997452,2.3,648.08984375,0.0
26.0,72.0,1.989453666999907,2.0,648.08984375,0.0
26.0,73.0,1.5656132320000324,32.2,648.08984375,0.0
26.0,74.0,1.5911341279997941,25.2,648.08984375,0.0
26.0,75.0,2.283520365000186,2.6,648.08984375,0.0
26.0,76.0,1.1955761890003487,2.1,648.08984375,0.0
26.0,77.0,1.5856908610003302,1.6,648.08984375,0.0
26.0,78.0,1.2832320770003207,2.7,648.08984375,0.0
26.0,79.0,1.025887521000186,1.9,648.08984375,0.0
26.0,80.0,1.9861642949999805,9.8,648.08984375,0.0
26.0,81.0,0.9133694570000443,54.1,648.08984375,0.0
26.0,82.0,1.1166498759994283,21.6,648.08984375,0.0
26.0,83.0,0.9110908719994768,2.7,648.08984375,0.0
26.0,84.0,1.3253730240003279,4.5,648.08984375,0.0
26.0,85.0,1.5882944709992444,1.3,648.08984375,0.0
26.0,86.0,1.7465451609996308,2.3,648.08984375,0.0
26.0,87.0,1.4274141329997292,2.8,648.08984375,0.0
26.0,88.0,1.1041086380000706,1.8,648.08984375,0.0
26.0,89.0,1.617680000999826,17.1,648.08984375,0.0
26.0,90.0,2.1343420640005206,29.8,648.08984375,0.0
26.0,91.0,1.8369949839998299,2.2,648.08984375,0.0
26.0,92.0,5.0356899769994925,1.8,648.08984375,0.0
26.0,93.0,1.4199201520004863,1.8,648.08984375,0.0
26.0,94.0,1.2937353309998798,27.7,648.08984375,0.0
26.0,95.0,2.272015431,24.4,648.08984375,0.0
26.0,96.0,1.902849996000441,1.9,648.08984375,0.0
26.0,97.0,1.2763439489999655,2.0,648.08984375,0.0
26.0,98.0,1.627795163999508,2.5,648.08984375,0.0
26.0,99.0,1.5865880290002679,1.6,648.08984375,0.0
26.0,100.0,2.0486117310001646,3.4,648.08984375,0.0
27.0,1.0,1.1307790779992501,44.4,648.08984375,0.0
27.0,2.0,2.0965013850000105,19.7,648.08984375,0.0
27.0,3.0,1.1415310160000445,2.2,648.08984375,0.0
27.0,4.0,1.8755268559998513,2.1,648.08984375,0.0
27.0,5.0,1.385011050000685,3.3,648.08984375,0.0
27.0,6.0,1.3265317749992391,1.9,648.08984375,0.0
27.0,7.0,1.2648668760002693,2.0,648.08984375,0.0
27.0,8.0,1.8685724779998054,10.5,648.08984375,0.0
27.0,9.0,1.5691372139999658,46.9,648.08984375,0.0
27.0,10.0,1.5597553279994827,1.9,648.08984375,0.0
27.0,11.0,1.477855040000577,1.7,648.08984375,0.0
27.0,12.0,1.71733404600036,2.3,648.08984375,0.0
27.0,13.0,2.1056935839997095,2.1,648.08984375,0.0
27.0,14.0,3.2854666709999947,8.6,648.08984375,0.0
27.0,15.0,1.179664068999955,55.3,648.08984375,0.0
27.0,16.0,2.1907270040001094,1.8,648.08984375,0.0
27.0,17.0,0.8391064289999122,3.0,648.08984375,0.0
27.0,18.0,1.4727615359997799,4.1,648.08984375,0.0
27.0,19.0,1.7491585929992652,2.3,648.08984375,0.0
27.0,20.0,1.347787898000206,1.9,648.08984375,0.0
27.0,21.0,3.3372437049993096,17.0,648.08984375,0.0
27.0,22.0,1.0126723969997329,35.3,648.08984375,0.0
27.0,23.0,2.887649939999392,2.3,648.08984375,0.0
27.0,24.0,1.724359775999801,2.6,648.08984375,0.0
27.0,25.0,3.308396418000484,2.0,648.08984375,0.0
27.0,26.0,0.8417675810005676,2.4,648.08984375,0.0
27.0,27.0,1.2924695330002578,20.7,648.08984375,0.0
27.0,28.0,1.4451638910004476,43.7,648.08984375,0.0
27.0,29.0,1.3252114920005624,1.5,648.08984375,0.0
27.0,30.0,1.1239920870002607,2.2,648.08984375,0.0
27.0,31.0,1.6963285860001633,2.7,648.08984375,0.0
27.0,32.0,1.6044657359998382,1.9,648.08984375,0.0
27.0,33.0,1.1878475330004221,2.1,648.08984375,0.0
27.0,34.0,1.9559368459995312,2.3,648.08984375,0.0
27.0,35.0,1.624960254999678,30.8,648.08984375,0.0
27.0,36.0,1.5080504890001976,29.8,648.08984375,0.0
27.0,37.0,1.5377970079998704,2.9,648.08984375,0.0
27.0,38.0,2.586317092999707,1.6,648.08984375,0.0
27.0,39.0,1.500766733999626,2.7,648.08984375,0.0
27.0,40.0,1.4486377880002692,1.7,648.08984375,0.0
27.0,41.0,1.5354849429995738,2.9,648.08984375,0.0
27.0,42.0,1.3245140059998448,29.7,648.08984375,0.0
27.0,43.0,1.589417094000055,32.9,648.08984375,0.0
27.0,44.0,1.07389310400049,1.9,648.08984375,0.0
27.0,45.0,1.072618238999894,2.3,648.08984375,0.0
27.0,46.0,2.108777194999675,2.1,648.08984375,0.0
27.0,47.0,1.3921086640002613,1.8,648.08984375,0.0
27.0,48.0,1.3290648180000062,2.3,648.08984375,0.0
27.0,49.0,1.2591422229997988,2.8,648.08984375,0.0
27.0,50.0,1.3314437990002261,13.1,648.08984375,0.0
27.0,51.0,1.7017006940004649,42.2,648.08984375,0.0
27.0,52.0,2.68518690000019,1.5,648.08984375,0.0
27.0,53.0,2.4524241220005933,2.4,648.08984375,0.0
27.0,54.0,1.0754543230004856,2.3,648.08984375,0.0
27.0,55.0,1.26044073400044,4.8,648.08984375,0.0
27.0,56.0,1.3369693189997633,1.5,648.08984375,0.0
27.0,57.0,2.062362089999624,35.1,648.08984375,0.0
27.0,58.0,1.484928537000087,13.1,648.08984375,0.0
27.0,59.0,1.614431943999989,1.2,648.08984375,0.0
27.0,60.0,1.4663656160000755,3.1,648.08984375,0.0
27.0,61.0,0.8786142070002825,2.9,648.08984375,0.0
27.0,62.0,1.3462240389999351,2.2,648.08984375,0.0
27.0,63.0,1.1907387680003012,2.1,648.08984375,0.0
27.0,64.0,1.0771328470000299,2.3,648.08984375,0.0
27.0,65.0,0.6184518499994738,2.4,648.08984375,0.0
27.0,66.0,2.0282872090001547,40.1,648.08984375,0.0
27.0,67.0,2.9730762809995213,4.2,648.08984375,0.0
27.0,68.0,0.9642033480004102,2.6,648.08984375,0.0
27.0,69.0,1.6617294030002085,1.5,648.08984375,0.0
27.0,70.0,1.530791457000305,2.9,648.08984375,0.0
27.0,71.0,1.2752127929998096,2.4,648.08984375,0.0
27.0,72.0,1.5657583089996479,2.2,648.08984375,0.0
27.0,73.0,0.657307925999703,43.1,648.08984375,0.0
27.0,74.0,0.6589914820006015,54.5,648.08984375,0.0
27.0,75.0,1.4870535420004671,16.9,648.08984375,0.0
27.0,76.0,1.1566021220005496,3.5,648.08984375,0.0
27.0,77.0,0.8521378949999416,4.7,648.08984375,0.0
27.0,78.0,0.9460437870002352,3.7,648.08984375,0.0
27.0,79.0,0.9697108469999876,2.1,648.08984375,0.0
27.0,80.0,4.810912668999663,2.0,648.08984375,0.0
27.0,81.0,1.1768935809996037,46.6,648.08984375,0.0
27.0,82.0,1.6726876869997795,21.4,648.08984375,0.0
27.0,83.0,1.2060149640001327,2.1,648.08984375,0.0
27.0,84.0,2.6850825350002197,1.9,648.08984375,0.0
27.0,85.0,0.8463510490000772,2.4,648.08984375,0.0
27.0,86.0,1.3156039409996083,3.0,648.08984375,0.0
27.0,87.0,0.8598401099998227,1.7,648.08984375,0.0
27.0,88.0,1.1571131869995952,3.0,648.08984375,0.0
27.0,89.0,1.4828091409999615,25.4,648.08984375,0.0
27.0,90.0,1.2854431280002245,40.6,648.08984375,0.0
27.0,91.0,1.0483543309992456,2.4,648.08984375,0.0
27.0,92.0,1.5738709679999374,2.9,648.08984375,0.0
27.0,93.0,0.8955713020004623,2.8,648.08984375,0.0
27.0,94.0,1.2272780120001698,2.8,648.08984375,0.0
27.0,95.0,1.2702928839999004,2.0,648.08984375,0.0
27.0,96.0,1.5647135990002425,2.2,648.08984375,0.0
27.0,97.0,1.789440157000172,3.1,648.08984375,0.0
27.0,98.0,1.1116124419995685,43.6,648.08984375,0.0
27.0,99.0,1.3856488010005705,29.8,648.08984375,0.0
27.0,100.0,2.6195001240002966,1.7,648.08984375,0.0
28.0,1.0,1.1379588449999574,3.9,648.08984375,0.0
28.0,2.0,0.9616621960003613,2.6,648.08984375,0.0
28.0,3.0,1.3906252110000423,2.2,648.08984375,0.0
28.0,4.0,0.9142402719999154,1.7,648.08984375,0.0
28.0,5.0,1.0633908939998946,2.8,648.08984375,0.0
28.0,6.0,0.9910008690003451,2.5,648.08984375,0.0
28.0,7.0,1.060109633999673,43.3,648.08984375,0.0
28.0,8.0,1.3197794910001903,33.1,648.08984375,0.0
28.0,9.0,0.8899680109998371,2.8,648.08984375,0.0
28.0,10.0,1.565914969000005,1.9,648.08984375,0.0
28.0,11.0,1.1124858599996514,2.3,648.08984375,0.0
28.0,12.0,1.0109036620006009,2.5,648.08984375,0.0
28.0,13.0,1.4059327300001314,1.8,648.08984375,0.0
28.0,14.0,0.7332003029996486,2.7,648.08984375,0.0
28.0,15.0,0.8777817760001199,2.3,648.08984375,0.0
28.0,16.0,1.116713751000134,2.2,648.08984375,0.0
28.0,17.0,1.0239285360003123,19.2,648.08984375,0.0
28.0,18.0,1.1990901119997943,55.2,648.08984375,0.0
28.0,19.0,1.1750180230001206,6.0,648.08984375,0.0
28.0,20.0,0.6836855769997783,3.6,648.08984375,0.0
28.0,21.0,2.4679959360000794,1.8,648.08984375,0.0
28.0,22.0,1.529096257000674,5.6,648.08984375,0.0
28.0,23.0,0.8578650469999047,0.6,648.08984375,0.0
28.0,24.0,1.1692222290002974,3.0,648.08984375,0.0
28.0,25.0,2.0823528789997,1.9,648.08984375,0.0
28.0,26.0,1.041826726999716,49.3,648.08984375,0.0
28.0,27.0,1.1169555229998878,34.1,648.08984375,0.0
28.0,28.0,1.8359222270000828,2.2,648.08984375,0.0
28.0,29.0,1.2553568430002997,2.8,648.08984375,0.0
28.0,30.0,0.9357247240004654,3.2,648.08984375,0.0
28.0,31.0,2.0212196870006665,2.0,648.08984375,0.0
28.0,32.0,1.0116906969997217,2.0,648.08984375,0.0
28.0,33.0,1.7163948729994445,1.5,648.08984375,0.0
28.0,34.0,0.8847109739999723,11.9,648.08984375,0.0
28.0,35.0,1.0881444520000514,54.6,648.08984375,0.0
28.0,36.0,1.1571400439997888,19.6,648.08984375,0.0
28.0,37.0,1.3583390329995382,2.6,648.08984375,0.0
28.0,38.0,1.4741570329997558,2.0,648.08984375,0.0
28.0,39.0,1.1108832489999259,1.8,648.08984375,0.0
28.0,40.0,1.1523232489998918,2.2,648.08984375,0.0
28.0,41.0,1.1308347880003566,2.2,648.08984375,0.0
28.0,42.0,1.0902091769994513,3.2,648.08984375,0.0
28.0,43.0,0.6367062910003369,1.6,648.08984375,0.0
28.0,44.0,0.9860395319992676,2.5,648.08984375,0.0
28.0,45.0,0.8394165959998645,40.6,648.08984375,0.0
28.0,46.0,1.28904025599968,44.9,648.08984375,0.0
28.0,47.0,1.0009644609999668,2.0,648.08984375,0.0
28.0,48.0,1.2253761370002394,2.4,648.08984375,0.0
28.0,49.0,0.6695715160003601,3.0,648.08984375,0.0
28.0,50.0,1.9228074200000265,2.1,648.08984375,0.0
28.0,51.0,1.2196175059998495,2.1,648.08984375,0.0
28.0,52.0,1.8420592329994179,2.2,648.08984375,0.0
28.0,53.0,1.879637306999939,4.3,648.08984375,0.0
28.0,54.0,1.2155385179994482,54.7,648.08984375,0.0
28.0,55.0,1.097056182000415,17.1,648.08984375,0.0
28.0,56.0,1.2606149989996993,2.0,648.08984375,0.0
28.0,57.0,1.2969559260000096,3.5,648.08984375,0.0
28.0,58.0,1.2967922589996306,1.9,648.08984375,0.0
28.0,59.0,1.0134114610000324,2.0,648.08984375,0.0
28.0,60.0,0.6853238749999946,2.2,648.08984375,0.0
28.0,61.0,1.2770975869998438,2.4,648.08984375,0.0
28.0,62.0,2.1234539260003658,1.7,648.08984375,0.0
28.0,63.0,1.0856449339999017,44.0,648.08984375,0.0
28.0,64.0,1.1821186769993801,35.3,648.08984375,0.0
28.0,65.0,1.0053448750004463,2.5,648.08984375,0.0
28.0,66.0,0.6400208250006472,3.9,648.08984375,0.0
28.0,67.0,0.9277664199998981,2.7,648.08984375,0.0
28.0,68.0,1.8232949260000169,1.9,648.08984375,0.0
28.0,69.0,0.7071717520002494,2.8,648.08984375,0.0
28.0,70.0,2.2389295320008387,3.4,648.08984375,0.0
28.0,71.0,2.0888092110008074,1.7,648.08984375,0.0
28.0,72.0,1.3475344999997105,51.1,648.08984375,0.0
28.0,73.0,0.8465447389999099,24.9,648.08984375,0.0
28.0,74.0,0.9108274679992974,1.7,648.08984375,0.0
28.0,75.0,1.33788030300002,3.4,648.08984375,0.0
28.0,76.0,1.0510281719998602,2.8,648.08984375,0.0
28.0,77.0,0.8652571860002354,2.9,648.08984375,0.0
28.0,78.0,1.1080990250002287,2.7,648.08984375,0.0
28.0,79.0,1.06772262100003,2.4,648.08984375,0.0
28.0,80.0,1.332314741999653,1.9,648.08984375,0.0
28.0,81.0,0.8806864299995141,2.8,648.08984375,0.0
28.0,82.0,0.8566554379995068,2.4,648.08984375,0.0
28.0,83.0,0.8162882110000282,48.5,648.08984375,0.0
28.0,84.0,1.7140830480002478,28.4,648.08984375,0.0
28.0,85.0,1.056944000999465,2.4,648.08984375,0.0
28.0,86.0,1.1785334480000529,2.5,648.08984375,0.0
28.0,87.0,4.047468454999944,1.9,648.08984375,0.0
28.0,88.0,1.9277958439997747,2.3,648.08984375,0.0
28.0,89.0,1.499363515999903,23.2,648.08984375,0.0
28.0,90.0,1.177309759000309,47.0,648.08984375,0.0
28.0,91.0,1.3953127229997335,1.8,648.08984375,0.0
28.0,92.0,1.6418765810003606,4.3,648.08984375,0.0
28.0,93.0,1.728221496000515,1.4,648.08984375,0.0
28.0,94.0,1.333223800000269,3.0,648.08984375,0.0
28.0,95.0,1.118852037000579,2.2,648.08984375,0.0
28.0,96.0,1.7637568199997986,2.5,648.08984375,0.0
28.0,97.0,1.3406607030001396,22.6,648.08984375,0.0
28.0,98.0,1.4213160999997854,42.4,648.08984375,0.0
28.0,99.0,1.1297420139999304,2.2,648.08984375,0.0
28.0,100.0,2.5002142809998986,2.4,648.08984375,0.0
29.0,1.0,2.3372946099998444,1.7,648.08984375,0.0
29.0,2.0,1.1994236190002994,2.5,648.08984375,0.0
29.0,3.0,1.235313509999287,2.8,648.08984375,0.0
29.0,4.0,1.6208492570003727,14.6,648.08984375,0.0
29.0,5.0,0.9909027240000796,54.1,648.08984375,0.0
29.0,6.0,1.6184918950002611,9.0,648.08984375,0.0
29.0,7.0,5.54159552100009,1.8,648.08984375,0.0
29.0,8.0,1.3914169769996079,1.8,648.08984375,0.0
29.0,9.0,0.8431001860008109,2.4,648.08984375,0.0
29.0,10.0,2.695502124000086,34.4,648.08984375,0.0
29.0,11.0,1.1078673239999262,1.8,648.08984375,0.0
29.0,12.0,1.1512634800001251,2.2,648.08984375,0.0
29.0,13.0,1.1931663529994694,2.5,648.08984375,0.0
29.0,14.0,0.751839253000071,2.7,648.08984375,0.0
29.0,15.0,1.7388820480000504,2.6,648.08984375,0.0
29.0,16.0,1.1498786760002986,2.2,648.08984375,0.0
29.0,17.0,0.8684932240003036,2.9,648.08984375,0.0
29.0,18.0,1.2247478780000165,2.4,648.08984375,0.0
29.0,19.0,1.452386259999912,36.8,648.08984375,0.0
29.0,20.0,1.3378982849999375,27.8,648.08984375,0.0
29.0,21.0,0.9282398539999122,3.2,648.08984375,0.0
29.0,22.0,1.121495457000492,1.8,648.08984375,0.0
29.0,23.0,1.5260663569997632,2.6,648.08984375,0.0
29.0,24.0,1.328612663000058,1.5,648.08984375,0.0
29.0,25.0,1.2900471970006038,3.1,648.08984375,0.0
29.0,26.0,1.6125630859996818,1.9,648.08984375,0.0
29.0,27.0,1.1600293880001118,2.2,648.08984375,0.0
29.0,28.0,1.5185879460004799,44.9,648.08984375,0.0
29.0,29.0,1.0250445330002549,22.4,648.08984375,0.0
29.0,30.0,1.3432293979994938,1.5,648.08984375,0.0
29.0,31.0,1.1513184180003009,2.6,648.08984375,0.0
29.0,32.0,1.5544727119995514,2.9,648.08984375,0.0
29.0,33.0,1.5002894439994634,3.7,648.08984375,0.0
29.0,34.0,1.6941295000005994,2.1,648.08984375,0.0
29.0,35.0,1.2449627619998864,2.0,648.08984375,0.0
29.0,36.0,1.7241948379996757,29.2,648.08984375,0.0
29.0,37.0,1.363794281999617,28.9,648.08984375,0.0
29.0,38.0,1.3452317519995631,3.0,648.08984375,0.0
29.0,39.0,1.1380886720007766,2.6,648.08984375,0.0
29.0,40.0,1.3226152500001263,1.9,648.08984375,0.0
29.0,41.0,1.1214971990002596,1.8,648.08984375,0.0
29.0,42.0,1.1198939699997936,1.8,648.08984375,0.0
29.0,43.0,2.4262334880004346,2.3,648.08984375,0.0
29.0,44.0,1.2016607899995506,18.8,648.08984375,0.0
29.0,45.0,1.2704065610005273,53.6,648.08984375,0.0
29.0,46.0,2.5802687790001073,2.1,648.08984375,0.0
29.0,47.0,1.110638588999791,1.8,648.08984375,0.0
29.0,48.0,1.273931796999932,2.4,648.08984375,0.0
29.0,49.0,0.937026488999436,2.1,648.08984375,0.0
29.0,50.0,1.7238036299995656,1.5,648.08984375,0.0
29.0,51.0,0.9278140699998403,2.7,648.08984375,0.0
29.0,52.0,1.1008829350002998,1.8,648.08984375,0.0
29.0,53.0,1.7814667630000258,46.9,648.08984375,0.0
29.0,54.0,0.7091017729999294,9.1,648.08984375,0.0
29.0,55.0,5.466599409000082,2.2,648.08984375,0.0
29.0,56.0,1.4052468149993729,2.1,648.08984375,0.0
29.0,57.0,1.810632832999545,2.2,648.08984375,0.0
29.0,58.0,2.5000323009999192,36.2,648.08984375,0.0
29.0,59.0,1.905298904999654,2.1,648.08984375,0.0
29.0,60.0,1.3206648159994074,1.9,648.08984375,0.0
29.0,61.0,0.9987762999999177,2.5,648.08984375,0.0
29.0,62.0,1.5759567989998686,2.5,648.08984375,0.0
29.0,63.0,1.1184620329995596,2.7,648.08984375,0.0
29.0,64.0,2.5937309769997228,1.5,648.08984375,0.0
29.0,65.0,1.6648745969996526,47.1,648.08984375,0.0
29.0,66.0,1.0777803790006146,10.7,648.08984375,0.0
29.0,67.0,1.884641511999689,2.7,648.08984375,0.0
29.0,68.0,0.8955063829998835,2.8,648.08984375,0.0
29.0,69.0,1.4106110159991658,1.8,648.08984375,0.0
29.0,70.0,1.2297829809995164,1.6,648.08984375,0.0
29.0,71.0,1.2606949500004703,2.4,648.08984375,0.0
29.0,72.0,3.910752059000515,23.2,648.08984375,0.0
29.0,73.0,1.4180554490003487,3.9,648.08984375,0.0
29.0,74.0,1.5368864510001004,1.9,648.08984375,0.0
29.0,75.0,3.172626245000174,1.9,648.08984375,0.0
29.0,76.0,1.1734096499994848,2.1,648.08984375,0.0
29.0,77.0,3.0912203689995295,8.6,648.08984375,0.0
29.0,78.0,1.120718904999194,55.2,648.08984375,0.0
29.0,79.0,1.5233020179994128,4.9,648.08984375,0.0
29.0,80.0,0.9110206949999338,2.7,648.08984375,0.0
29.0,81.0,0.9922153640000033,2.5,648.08984375,0.0
29.0,82.0,1.0246033089997582,2.0,648.08984375,0.0
29.0,83.0,2.5116223740005807,2.0,648.08984375,0.0
29.0,84.0,2.591955468999913,1.9,648.08984375,0.0
29.0,85.0,1.087823701999696,30.6,648.08984375,0.0
29.0,86.0,1.6890729059996374,34.9,648.08984375,0.0
29.0,87.0,1.2128786310004216,2.5,648.08984375,0.0
29.0,88.0,0.7939712950001194,2.5,648.08984375,0.0
29.0,89.0,1.280803010999989,2.7,648.08984375,0.0
29.0,90.0,1.6632614629997988,3.3,648.08984375,0.0
29.0,91.0,1.5008666280000398,2.3,648.08984375,0.0
29.0,92.0,1.3866274419997353,2.2,648.08984375,0.0
29.0,93.0,1.3204659840002932,2.7,648.08984375,0.0
29.0,94.0,1.6947525159994257,50.0,648.08984375,0.0
29.0,95.0,0.9478565250001338,4.8,648.08984375,0.0
29.0,96.0,0.8532379180005591,2.4,648.08984375,0.0
29.0,97.0,1.9516548280007555,2.3,648.08984375,0.0
29.0,98.0,0.8697297689996049,2.3,648.08984375,0.0
29.0,99.0,1.0218153530004201,2.5,648.08984375,0.0
29.0,100.0,1.076309203999699,1.9,648.08984375,0.0
30.0,1.0,0.9112923180000507,2.7,648.08984375,0.0
30.0,2.0,1.7209946259999924,1.7,648.08984375,0.0
30.0,3.0,1.4045099120003215,30.6,648.08984375,0.0
30.0,4.0,1.2831583830002273,37.1,648.08984375,0.0
30.0,5.0,1.3405173080000168,1.9,648.08984375,0.0
30.0,6.0,1.5417210010000417,2.3,648.08984375,0.0
30.0,7.0,1.2777746609999667,2.0,648.08984375,0.0
30.0,8.0,1.158402959000341,2.2,648.08984375,0.0
30.0,9.0,1.0098768489997383,2.5,648.08984375,0.0
30.0,10.0,1.964709879000111,1.8,648.08984375,0.0
30.0,11.0,1.8696252460003961,19.6,648.08984375,0.0
30.0,12.0,1.158771309000258,46.8,648.08984375,0.0
30.0,13.0,0.849969666999641,6.5,648.08984375,0.0
30.0,14.0,2.3350291890001245,1.7,648.08984375,0.0
30.0,15.0,0.7911385279994647,3.2,648.08984375,0.0
30.0,16.0,1.0007475769998564,2.5,648.08984375,0.0
30.0,17.0,0.7044475579996288,2.1,648.08984375,0.0
30.0,18.0,1.2396899129998928,2.0,648.08984375,0.0
30.0,19.0,1.6435258629999225,2.4,648.08984375,0.0
30.0,20.0,1.757146038999963,17.8,648.08984375,0.0
30.0,21.0,1.0955424410003616,53.6,648.08984375,0.0
30.0,22.0,1.7351129939997918,2.0,648.08984375,0.0
30.0,23.0,2.814018508999652,1.8,648.08984375,0.0
30.0,24.0,1.3423060900004202,2.2,648.08984375,0.0
30.0,25.0,1.3504371310000352,2.6,648.08984375,0.0
30.0,26.0,1.6366541179995693,2.2,648.08984375,0.0
30.0,27.0,1.9567554280001787,25.3,648.08984375,0.0
30.0,28.0,1.133729898000638,35.7,648.08984375,0.0
30.0,29.0,1.3380605600004856,1.9,648.08984375,0.0
30.0,30.0,1.3277976319996014,3.0,648.08984375,0.0
30.0,31.0,0.9114131169999382,2.7,648.08984375,0.0
30.0,32.0,1.0485659850000957,2.9,648.08984375,0.0
30.0,33.0,3.6680507840001155,2.2,648.08984375,0.0
30.0,34.0,1.6644755830002396,15.7,648.08984375,0.0
30.0,35.0,1.3789871590006442,47.1,648.08984375,0.0
30.0,36.0,0.6568476100001135,3.1,648.08984375,0.0
30.0,37.0,1.2752298469995367,2.0,648.08984375,0.0
30.0,38.0,1.6243896169999061,2.8,648.08984375,0.0
30.0,39.0,0.9791379700000107,2.1,648.08984375,0.0
30.0,40.0,1.2026201119997495,2.1,648.08984375,0.0
30.0,41.0,1.1291839550003715,2.2,648.08984375,0.0
30.0,42.0,1.6962774560006437,2.4,648.08984375,0.0
30.0,43.0,0.9741844199998013,1.0,648.08984375,0.0
30.0,44.0,0.8149395569998887,40.1,648.08984375,0.0
30.0,45.0,1.6384479079997618,35.0,648.08984375,0.0
30.0,46.0,1.4137076409997462,1.8,648.08984375,0.0
30.0,47.0,1.412489338999876,2.8,648.08984375,0.0
30.0,48.0,0.688770796999961,0.7,648.08984375,0.0
30.0,49.0,1.3438535379991663,3.0,648.08984375,0.0
30.0,50.0,5.070180532999984,7.9,648.08984375,0.0
30.0,51.0,1.5617430620004598,35.5,648.08984375,0.0
30.0,52.0,1.6769454739996945,2.1,648.08984375,0.0
30.0,53.0,1.001225732000421,5.5,648.08984375,0.0
30.0,54.0,2.382937229000163,1.9,648.08984375,0.0
30.0,55.0,0.9006385549992046,2.8,648.08984375,0.0
30.0,56.0,1.7294710499991197,2.0,648.08984375,0.0
30.0,57.0,5.297795715000575,17.6,648.08984375,0.0
30.0,58.0,0.6765747580002426,2.9,648.08984375,0.0
30.0,59.0,1.6246211209991088,1.9,648.08984375,0.0
30.0,60.0,1.2198447589998977,2.5,648.08984375,0.0
30.0,61.0,0.8022940990003917,1.9,648.08984375,0.0
30.0,62.0,4.3465790729997025,9.9,648.08984375,0.0
30.0,63.0,1.2957672259999526,40.1,648.08984375,0.0
30.0,64.0,2.496851996999794,1.6,648.08984375,0.0
30.0,65.0,1.6796279119998871,2.4,648.08984375,0.0
30.0,66.0,1.4990202730004967,2.0,648.08984375,0.0
30.0,67.0,1.035734629000217,2.4,648.09765625,0.0
30.0,68.0,1.7313987160005126,2.6,648.109375,0.0
30.0,69.0,1.77859951299979,22.8,648.12890625,0.0
30.0,70.0,1.3988819889991646,40.5,648.12890625,0.0
30.0,71.0,2.463262848999875,1.6,648.12890625,0.0
30.0,72.0,1.5212825730004624,2.6,648.12890625,0.0
30.0,73.0,1.3839803960008794,1.8,648.12890625,0.0
30.0,74.0,1.7485138109996115,2.3,648.12890625,0.0
30.0,75.0,1.4464685590000954,2.1,648.12890625,0.0
30.0,76.0,1.7361184909996155,23.7,648.12890625,0.0
30.0,77.0,1.5606571909993363,32.6,648.12890625,0.0
30.0,78.0,1.452515093999864,1.7,648.12890625,0.0
30.0,79.0,1.638884949000385,2.8,648.12890625,0.0
30.0,80.0,2.2911221980002665,1.5,648.12890625,0.0
30.0,81.0,1.3410832099998515,2.2,648.12890625,0.0
30.0,82.0,0.9701209539998672,3.1,648.12890625,0.0
30.0,83.0,0.9566279290002058,2.1,648.12890625,0.0
30.0,84.0,3.3560008140002537,26.4,648.12890625,0.0
30.0,85.0,1.2805716670000038,2.7,648.12890625,0.0
30.0,86.0,1.085219737999978,2.3,648.12890625,0.0
30.0,87.0,1.3655686900001456,1.8,648.12890625,0.0
30.0,88.0,0.9478233200006798,5.8,648.12890625,0.0
30.0,89.0,1.9937483100002282,2.0,648.21484375,0.0
30.0,90.0,0.8239012029998776,2.4,648.21484375,0.0
30.0,91.0,1.5707027280004695,9.6,648.21875,0.0
30.0,92.0,1.5922670910003944,48.6,648.21875,0.0
30.0,93.0,1.5033326080001643,1.7,648.21875,0.0
30.0,94.0,4.127857059999769,1.8,648.21875,0.0
30.0,95.0,2.161138791000667,2.3,648.22265625,0.0
30.0,96.0,1.9613742629999251,2.0,648.22265625,0.0
30.0,97.0,1.0956841000006534,53.9,648.22265625,0.0
30.0,98.0,1.6503561030003766,19.1,648.22265625,0.0
30.0,99.0,1.0804102279998915,1.4,648.22265625,0.0
30.0,100.0,2.0729297979996772,2.2,648.22265625,0.0
31.0,1.0,1.373868255999696,5.8,652.40625,0.0
31.0,2.0,1.417174119000265,2.1,652.40625,0.0
31.0,3.0,0.8972965749999275,2.8,652.40625,0.0
31.0,4.0,0.9937975089997053,2.0,652.40625,0.0
31.0,5.0,1.2370253199997023,16.7,652.40625,0.0
31.0,6.0,1.8845142239997585,36.8,652.40625,0.0
31.0,7.0,3.889166335000482,2.6,652.40625,0.0
31.0,8.0,1.8300771499998518,2.2,652.40625,0.0
31.0,9.0,2.379670827999689,2.1,652.40625,0.0
31.0,10.0,2.1485486219999075,24.3,652.40625,0.0
31.0,11.0,1.7517308930000581,23.3,652.40625,0.0
31.0,12.0,1.194425759999831,2.1,652.40625,0.0
31.0,13.0,0.9447961120004038,2.1,652.40625,0.0
31.0,14.0,1.1464459640001223,2.2,652.40625,0.0
31.0,15.0,0.9547219030000633,2.6,652.40625,0.0
31.0,16.0,0.8069838100000197,2.5,652.40625,0.0
31.0,17.0,1.2844472690003386,2.3,652.40625,0.0
31.0,18.0,1.9937894929998947,1.8,652.40625,0.0
31.0,19.0,1.3995769850007491,31.5,652.40625,0.0
31.0,20.0,1.3373310659999333,35.0,652.40625,0.0
31.0,21.0,0.9317182980003054,2.7,652.40625,0.0
31.0,22.0,1.1970009259994185,3.3,652.40625,0.0
31.0,23.0,0.9849131560004025,2.5,652.40625,0.0
31.0,24.0,1.0805592639999304,2.3,652.40625,0.0
31.0,25.0,1.5074354170001243,1.7,652.40625,0.0
31.0,26.0,1.1660336790000656,2.6,652.40625,0.0
31.0,27.0,0.7801006609997785,5.2,652.40625,0.0
31.0,28.0,0.9525061069998628,3.1,652.40625,0.0
31.0,29.0,0.9445287749995259,8.5,652.40625,0.0
31.0,30.0,1.3592851610001162,54.6,652.40625,0.0
31.0,31.0,1.0757217230002425,8.8,652.40625,0.0
31.0,32.0,0.9655377559993212,2.6,652.40625,0.0
31.0,33.0,1.1086063190005007,2.3,652.40625,0.0
31.0,34.0,1.9401409609999973,2.1,652.40625,0.0
31.0,35.0,1.3507622590004758,1.9,652.40625,0.0
31.0,36.0,0.8492421229993852,2.4,652.40625,0.0
31.0,37.0,0.9888732059998802,2.0,652.40625,0.0
31.0,38.0,1.4010041840001577,2.5,652.40625,0.0
31.0,39.0,0.7232259510001313,23.4,652.40625,0.0
31.0,40.0,1.1474499070000093,54.6,652.40625,0.0
31.0,41.0,0.7581513029999769,14.5,652.40625,0.0
31.0,42.0,1.369660076999935,2.2,652.40625,0.0
31.0,43.0,1.4591412979998495,2.1,652.40625,0.0
31.0,44.0,3.37542154699986,1.9,652.40625,0.0
31.0,45.0,1.4943734010003027,2.7,652.40625,0.0
31.0,46.0,1.485490428999583,1.7,652.40625,0.0
31.0,47.0,1.3975024450001001,47.7,652.40625,0.0
31.0,48.0,1.1624789520001286,21.2,652.40625,0.0
31.0,49.0,0.9515963949997968,2.6,652.40625,0.0
31.0,50.0,0.9741059919997497,2.1,652.40625,0.0
31.0,51.0,1.4123138779996225,4.2,652.40625,0.0
31.0,52.0,1.0738546329994278,1.9,652.40625,0.0
31.0,53.0,1.7508746060002522,2.0,652.40625,0.0
31.0,54.0,4.359678368999994,17.5,652.40625,0.0
31.0,55.0,1.8442064999999275,9.8,652.40625,0.0
31.0,56.0,1.450442808999469,1.4,652.40625,0.0
31.0,57.0,1.4781538189999992,2.7,652.40625,0.0
31.0,58.0,1.0508709800005818,2.8,652.40625,0.0
31.0,59.0,1.2404876990003686,2.4,652.40625,0.0
31.0,60.0,2.0706715090000216,1.9,652.40625,0.0
31.0,61.0,1.4860329899993303,15.9,652.40625,0.0
31.0,62.0,1.571839627999907,42.5,652.40625,0.0
31.0,63.0,1.3269323490003444,2.3,652.40625,0.0
31.0,64.0,0.8052059029996599,1.9,652.40625,0.0
31.0,65.0,1.1261240049998378,2.7,652.40625,0.0
31.0,66.0,1.212829248000162,2.1,652.40625,0.0
31.0,67.0,1.3343119600003774,2.6,652.40625,0.0
31.0,68.0,1.4428094409995538,1.7,652.40625,0.0
31.0,69.0,1.6988203220007563,2.4,652.40625,0.0
31.0,70.0,1.5845101329996396,34.2,652.40625,0.0
31.0,71.0,1.5505026679993534,26.0,652.40625,0.0
31.0,72.0,1.5607045850001668,1.6,652.40625,0.0
31.0,73.0,1.4649878550007998,3.1,652.40625,0.0
31.0,74.0,1.4750106270003016,1.7,652.40625,0.0
31.0,75.0,1.2082550950008226,2.1,652.40625,0.0
31.0,76.0,1.5699884670002575,2.5,652.40625,0.0
31.0,77.0,1.8008939470000769,1.7,652.40625,0.0
31.0,78.0,1.319161866000286,53.0,652.40625,0.0
31.0,79.0,1.5060061099993618,12.4,652.40625,0.0
31.0,80.0,1.335261674999856,2.6,652.40625,0.0
31.0,81.0,1.198382412000683,2.5,652.40625,0.0
31.0,82.0,2.2185183129995494,1.8,652.40625,0.0
31.0,83.0,0.9004829909999899,2.2,652.40625,0.0
31.0,84.0,2.059048222000456,2.2,652.40625,0.0
31.0,85.0,1.7901748229996883,24.1,652.40625,0.0
31.0,86.0,2.2367539470005795,21.5,652.40625,0.0
31.0,87.0,3.2739521650000825,2.3,652.40625,0.0
31.0,88.0,1.602468759999283,4.4,652.40625,0.0
31.0,89.0,1.2819945649998772,1.9,652.40625,0.0
31.0,90.0,1.5764457099994615,2.2,652.40625,0.0
31.0,91.0,1.3676014120001128,22.3,652.40625,0.0
31.0,92.0,1.5056188030002886,40.0,652.40625,0.0
31.0,93.0,1.1687807420003082,2.6,652.40625,0.0
31.0,94.0,1.9182041539997954,1.8,652.40625,0.0
31.0,95.0,1.062044228000559,2.3,652.40625,0.0
31.0,96.0,1.9646925459992417,1.8,652.40625,0.0
31.0,97.0,1.533002457999828,2.3,652.40625,0.0
31.0,98.0,2.572109656000066,15.6,652.40625,0.0
31.0,99.0,1.802735236999979,28.7,652.40625,0.0
31.0,100.0,0.997877862999303,2.5,652.40625,0.0
32.0,1.0,1.5118402429998241,2.6,652.40625,0.0
32.0,2.0,0.9259082750004382,2.7,652.40625,0.0
32.0,3.0,0.8119874409994736,0.6,652.40625,0.0
32.0,4.0,2.564897084000222,2.1,652.40625,0.0
32.0,5.0,0.6316226859999006,1.6,652.40625,0.0
32.0,6.0,1.308123176000663,2.7,652.40625,0.0
32.0,7.0,1.0823813560000417,39.1,652.40625,0.0
32.0,8.0,0.8256442020001487,56.4,652.40625,0.0
32.0,9.0,1.91810993099989,3.4,652.40625,0.0
32.0,10.0,1.541549839000254,2.9,652.40625,0.0
32.0,11.0,1.3406277340000088,1.9,652.40625,0.0
32.0,12.0,1.623126417000094,2.5,652.40625,0.0
32.0,13.0,0.7735742629993183,1.9,652.40625,0.0
32.0,14.0,1.222483550999641,2.4,652.40625,0.0
32.0,15.0,1.759114739999859,8.3,652.40625,0.0
32.0,16.0,2.0187937499995314,38.2,652.40625,0.0
32.0,17.0,1.1961575049999738,2.1,652.40625,0.0
32.0,18.0,1.498767664999832,2.0,652.40625,0.0
32.0,19.0,1.0672360400003527,2.3,652.40625,0.0
32.0,20.0,1.3291385849997823,3.0,652.40625,0.0
32.0,21.0,1.2950708210000812,1.9,652.40625,0.0
32.0,22.0,1.6554020530002163,1.8,652.40625,0.0
32.0,23.0,1.987962264000089,20.0,652.40625,0.0
32.0,24.0,1.544150730000183,33.7,652.40625,0.0
32.0,25.0,1.7356089040004008,2.0,652.40625,0.0
32.0,26.0,2.1532746780003436,2.3,652.40625,0.0
32.0,27.0,1.4512506040000517,1.7,652.40625,0.0
32.0,28.0,3.0882022430005236,3.1,652.40625,0.0
32.0,29.0,1.3305172430000312,19.2,652.40625,0.0
32.0,30.0,1.3120740770000339,49.0,652.40625,0.0
32.0,31.0,1.5768440579995513,2.2,652.40625,0.0
32.0,32.0,1.5042147059994022,2.7,652.40625,0.0
32.0,33.0,6.596166057999653,1.6,652.40625,0.0
32.0,34.0,1.7600071490005575,50.4,652.40625,0.0
32.0,35.0,1.2179451590000099,2.0,652.40625,0.0
32.0,36.0,1.264290494999841,2.0,652.40625,0.0
32.0,37.0,1.4729377860003297,2.4,652.40625,0.0
32.0,38.0,1.721502216000772,2.0,652.40625,0.0
32.0,39.0,1.8928726519998236,2.1,652.40625,0.0
32.0,40.0,1.7508780829994066,2.0,652.40625,0.0
32.0,41.0,1.1595085569997536,25.7,652.40625,0.0
32.0,42.0,1.5255970580001303,38.5,652.40625,0.0
32.0,43.0,1.0221794600001886,2.5,652.40625,0.0
32.0,44.0,0.8555992620003963,2.9,652.40625,0.0
32.0,45.0,1.6211929860000964,3.1,652.40625,0.0
32.0,46.0,1.2961876049994316,2.3,652.40625,0.0
32.0,47.0,0.8021404709998023,2.5,652.40625,0.0
32.0,48.0,1.0418850139994902,1.9,652.40625,0.0
32.0,49.0,0.8141703619994587,3.7,652.40625,0.0
32.0,50.0,1.177148605000184,2.1,652.40625,0.0
32.0,51.0,1.5597686340006476,25.6,652.40625,0.0
32.0,52.0,0.8531474130004426,55.6,652.40625,0.0
32.0,53.0,1.579987837999397,3.8,652.40625,0.0
32.0,54.0,0.8984727949991793,2.2,652.40625,0.0
32.0,55.0,0.8899335979995158,2.8,652.40625,0.0
32.0,56.0,1.5785737379992497,1.9,652.40625,0.0
32.0,57.0,1.668116385999383,2.4,652.40625,0.0
32.0,58.0,1.262010360000204,2.0,652.40625,0.0
32.0,59.0,1.503634343000158,2.3,652.40625,0.0
32.0,60.0,1.1502284029993461,24.5,652.40625,0.0
32.0,61.0,1.3724153970006228,44.4,652.40625,0.0
32.0,62.0,1.1924507080002513,1.7,652.40625,0.0
32.0,63.0,1.0414697740006886,1.9,652.40625,0.0
32.0,64.0,1.1598914149999473,3.0,652.40625,0.0
32.0,65.0,2.994327425000847,1.8,652.40625,0.0
32.0,66.0,0.760064297000099,2.6,652.40625,0.0
32.0,67.0,2.773251393999999,6.2,652.40625,0.0
32.0,68.0,0.6998202740005581,59.0,652.40625,0.0
32.0,69.0,0.9401597339992804,42.2,652.40625,0.0
32.0,70.0,1.5520847810003033,2.3,652.40625,0.0
32.0,71.0,1.1193878880003467,2.2,652.40625,0.0
32.0,72.0,1.7673754470006315,2.8,652.40625,0.0
32.0,73.0,1.394434726000327,1.4,652.40625,0.0
32.0,74.0,1.0322542949998024,3.4,652.40625,0.0
32.0,75.0,1.0158898529998623,1.5,652.40625,0.0
32.0,76.0,1.9479428599997846,4.6,652.40625,0.0
32.0,77.0,1.033176420000018,54.9,652.40625,0.0
32.0,78.0,1.0626518730005046,26.4,652.40625,0.0
32.0,79.0,1.2082347449995723,2.1,652.40625,0.0
32.0,80.0,1.2517799829993237,3.2,652.40625,0.0
32.0,81.0,1.2464690990000236,2.0,652.40625,0.0
32.0,82.0,1.2456690680000975,2.0,652.40625,0.0
32.0,83.0,0.980942275000416,2.5,652.40625,0.0
32.0,84.0,1.170903487999567,1.7,652.40625,0.0
32.0,85.0,1.5213059289999364,2.6,652.40625,0.0
32.0,86.0,0.7573979720000352,0.7,652.40625,0.0
32.0,87.0,1.4807155320004313,56.5,652.40625,0.0
32.0,88.0,4.075172787999691,3.3,652.40625,0.0
32.0,89.0,2.19234225999935,2.1,652.40625,0.0
32.0,90.0,1.79024698899957,3.6,652.40625,0.0
32.0,91.0,1.1307596019996708,2.2,652.40625,0.0
32.0,92.0,1.3561318160000155,19.6,652.40625,0.0
32.0,93.0,1.3773617629994988,46.9,652.40625,0.0
32.0,94.0,1.2477852370002438,2.0,652.40625,0.0
32.0,95.0,1.3330880060002528,1.9,652.40625,0.0
32.0,96.0,1.4245413219996408,1.8,652.40625,0.0
32.0,97.0,1.6568662510007925,2.4,652.40625,0.0
32.0,98.0,1.944861385999502,1.8,652.40625,0.0
32.0,99.0,2.60088364800049,11.6,652.41015625,0.0
32.0,100.0,1.5080608870002834,41.2,652.41015625,0.0
33.0,1.0,1.2320647380001901,2.4,652.41015625,0.0
33.0,2.0,1.3577619400002732,3.0,652.41015625,0.0
33.0,3.0,1.23360763600067,2.0,652.41015625,0.0
33.0,4.0,1.3591110899997147,1.9,652.41015625,0.0
33.0,5.0,2.940999035999994,1.9,652.41015625,0.0
33.0,6.0,1.6644608079996033,9.0,652.41015625,0.0
33.0,7.0,1.5492259630000262,49.0,652.41015625,0.0
33.0,8.0,1.2349076669997885,2.0,652.41015625,0.0
33.0,9.0,7.0937298210001245,2.3,652.41015625,0.0
33.0,10.0,3.5224288649997106,25.2,652.41015625,0.0
33.0,11.0,1.019722338000065,2.5,652.41796875,0.0
33.0,12.0,0.9937841479995768,2.0,652.41796875,0.0
33.0,13.0,2.2358646619995852,2.0,652.41796875,0.0
33.0,14.0,1.847360579999986,2.4,652.41796875,0.0
33.0,15.0,2.2460267779997594,1.8,652.41796875,0.0
33.0,16.0,1.7400277169999754,19.8,652.41796875,0.0
33.0,17.0,1.0957304639996437,51.4,652.41796875,0.0
33.0,18.0,1.458439553000062,2.1,652.41796875,0.0
33.0,19.0,2.048108543000126,2.2,652.41796875,0.0
33.0,20.0,1.8009879789997285,1.7,652.41796875,0.0
33.0,21.0,2.0061040139999022,2.2,652.41796875,0.0
33.0,22.0,1.686285343000236,3.6,652.41796875,0.0
33.0,23.0,1.1436371350000627,13.7,652.41796875,0.0
33.0,24.0,1.8545006809999904,40.5,652.41796875,0.0
33.0,25.0,1.300988777999919,2.3,652.41796875,0.0
33.0,26.0,1.3172937780000211,3.0,652.41796875,0.0
33.0,27.0,1.266401396999754,2.0,652.41796875,0.0
33.0,28.0,0.993492595999669,2.0,652.41796875,0.0
33.0,29.0,0.8556939830004922,2.9,652.41796875,0.0
33.0,30.0,1.5288691840005413,2.6,652.41796875,0.0
33.0,31.0,1.274205217000599,2.0,652.41796875,0.0
33.0,32.0,1.3516002970000045,17.5,652.41796875,0.0
33.0,33.0,1.4647183490005773,46.2,652.41796875,0.0
33.0,34.0,3.258179946999917,2.1,652.41796875,0.0
33.0,35.0,2.5810648070000752,1.4,652.41796875,0.0
33.0,36.0,1.839329004999854,2.5,652.41796875,0.0
33.0,37.0,1.304922329000874,1.9,652.41796875,0.0
33.0,38.0,1.5944604820006134,30.6,652.41796875,0.0
33.0,39.0,1.2857891110006676,33.5,652.41796875,0.0
33.0,40.0,1.3083435389999067,1.9,652.41796875,0.0
33.0,41.0,4.050747532000059,2.4,652.41796875,0.0
33.0,42.0,1.2628536069996699,3.6,652.41796875,0.0
33.0,43.0,2.333736614999907,1.9,652.41796875,0.0
33.0,44.0,1.5795725940006378,37.9,652.41796875,0.0
33.0,45.0,1.230204206000053,25.0,652.41796875,0.0
33.0,46.0,1.2534511320000092,1.6,652.41796875,0.0
33.0,47.0,2.038314652999361,2.0,652.41796875,0.0
33.0,48.0,1.2168831429999045,2.1,652.41796875,0.0
33.0,49.0,1.3995945490005397,2.5,652.41796875,0.0
33.0,50.0,0.8517083320002712,2.4,652.41796875,0.0
33.0,51.0,1.304794018999928,2.7,652.41796875,0.0
33.0,52.0,2.503145828000015,29.4,652.41796875,0.0
33.0,53.0,0.9314145389998885,16.2,652.41796875,0.0
33.0,54.0,2.8514635359997555,1.9,652.41796875,0.0
33.0,55.0,1.532892281000386,2.0,652.41796875,0.0
33.0,56.0,2.220541572000002,2.0,652.41796875,0.0
33.0,57.0,1.4993273820000468,2.3,652.41796875,0.0
33.0,58.0,0.970261099999334,2.6,652.41796875,0.0
33.0,59.0,1.803557524000098,50.6,652.41796875,0.0
33.0,60.0,1.537471927000297,2.6,652.41796875,0.0
33.0,61.0,1.7493959029998223,2.3,652.41796875,0.0
33.0,62.0,1.159079832000316,2.6,652.41796875,0.0
33.0,63.0,0.8525869779996356,2.4,652.41796875,0.0
33.0,64.0,0.7362937679999959,2.7,652.41796875,0.0
33.0,65.0,0.8912278899997546,1.1,652.41796875,0.0
33.0,66.0,0.8112568639999154,3.0,652.41796875,0.0
33.0,67.0,1.4553901989993392,2.8,652.41796875,0.0
33.0,68.0,2.0166107590002866,33.1,652.41796875,0.0
33.0,69.0,1.3002116790003129,17.2,652.41796875,0.0
33.0,70.0,1.6244383840003138,1.5,652.41796875,0.0
33.0,71.0,1.3828041159995337,3.6,652.41796875,0.0
33.0,72.0,2.1761858279996886,2.3,652.41796875,0.0
33.0,73.0,1.4437222520000432,1.4,652.41796875,0.0
33.0,74.0,1.377640249000251,3.3,652.41796875,0.0
33.0,75.0,1.4083700560004218,15.3,652.41796875,0.0
33.0,76.0,1.4586667979992853,46.0,652.41796875,0.0
33.0,77.0,2.10524597299991,2.4,652.41796875,0.0
33.0,78.0,1.9558511300001555,1.5,652.41796875,0.0
33.0,79.0,1.5160860980004145,2.6,652.41796875,0.0
33.0,80.0,2.541020421000212,3.0,652.41796875,0.0
33.0,81.0,1.7836771900001622,7.3,652.41796875,0.0
33.0,82.0,0.8808892490005746,53.7,652.41796875,0.0
33.0,83.0,1.7485156439997809,19.3,652.41796875,0.0
33.0,84.0,1.0333885029995145,1.9,652.41796875,0.0
33.0,85.0,2.0434657469995727,2.2,652.41796875,0.0
33.0,86.0,1.1724699939995844,2.1,652.41796875,0.0
33.0,87.0,1.4208123970001907,2.1,652.41796875,0.0
33.0,88.0,2.039139785999396,2.2,652.41796875,0.0
33.0,89.0,2.353738744999646,30.8,652.41796875,0.0
33.0,90.0,1.2141409899995779,15.3,652.41796875,0.0
33.0,91.0,1.2898629480005184,2.3,652.41796875,0.0
33.0,92.0,1.788427734999459,2.5,652.41796875,0.0
33.0,93.0,1.8186662119996981,1.9,652.41796875,0.0
33.0,94.0,1.0736567439998908,2.3,652.41796875,0.0
33.0,95.0,1.7453956319995996,1.7,652.41796875,0.0
33.0,96.0,0.7201739360007196,2.8,652.41796875,0.0
33.0,97.0,3.141044736999902,28.0,652.41796875,0.0
33.0,98.0,1.9251153550003437,3.4,652.41796875,0.0
33.0,99.0,1.455636929999855,2.1,652.41796875,0.0
33.0,100.0,1.6478475690000778,2.4,652.41796875,0.0
34.0,1.0,1.568401730000005,2.6,652.41796875,0.0
34.0,2.0,1.9246282940002857,1.8,652.41796875,0.0
34.0,3.0,1.6130031940001572,37.7,652.41796875,0.0
34.0,4.0,1.2183733780002513,23.0,652.41796875,0.0
34.0,5.0,1.3383565739995902,2.6,652.41796875,0.0
34.0,6.0,2.423962300000312,1.9,652.41796875,0.0
34.0,7.0,1.1652784019997853,2.6,652.41796875,0.0
34.0,8.0,1.4863785770003233,2.7,652.41796875,0.0
34.0,9.0,2.3267490819998784,1.7,652.41796875,0.0
34.0,10.0,1.4497505569997884,36.2,652.41796875,0.0
34.0,11.0,0.9541101500008153,39.2,652.41796875,0.0
34.0,12.0,1.8929431800006569,2.1,652.41796875,0.0
34.0,13.0,1.2730085849998432,2.0,652.41796875,0.0
34.0,14.0,2.0398396840000714,2.5,652.41796875,0.0
34.0,15.0,0.8576183960003618,2.3,652.41796875,0.0
34.0,16.0,1.874156411000513,1.9,652.41796875,0.0
34.0,17.0,1.263352952000787,4.3,652.41796875,0.0
34.0,18.0,1.532558622999204,38.8,652.41796875,0.0
34.0,19.0,1.3212324739997712,23.2,652.41796875,0.0
34.0,20.0,1.212305285000184,2.5,652.41796875,0.0
34.0,21.0,2.6076521629993294,2.3,652.41796875,0.0
34.0,22.0,1.7286271200000556,1.7,652.41796875,0.0
34.0,23.0,1.398953062000146,3.2,652.41796875,0.0
34.0,24.0,1.2227113060007468,2.0,652.41796875,0.0
34.0,25.0,2.3275722469998072,31.3,652.41796875,0.0
34.0,26.0,1.853405001000283,10.0,652.41796875,0.0
34.0,27.0,1.0954050870004721,1.8,652.41796875,0.0
34.0,28.0,1.0501015750005536,1.9,652.41796875,0.0
34.0,29.0,2.1275922830000127,1.9,652.41796875,0.0
34.0,30.0,1.8205290850000893,2.7,652.41796875,0.0
34.0,31.0,1.661396079000042,3.0,652.421875,0.0
34.0,32.0,1.9088069680001354,37.4,652.42578125,0.0
34.0,33.0,1.3708304889996725,14.3,652.42578125,0.0
34.0,34.0,1.5466998080000849,1.9,652.42578125,0.0
34.0,35.0,1.7878777850000915,2.2,652.42578125,0.0
34.0,36.0,1.1967448929999591,4.6,652.42578125,0.0
34.0,37.0,0.9756221229999937,2.1,652.42578125,0.0
34.0,38.0,2.0122073450002063,2.2,652.42578125,0.0
34.0,39.0,1.0873376320005264,2.7,652.42578125,0.0
34.0,40.0,1.401076500000272,43.5,652.42578125,0.0
34.0,41.0,1.046368252999855,26.9,652.42578125,0.0
34.0,42.0,1.5284142479995353,1.6,652.42578125,0.0
34.0,43.0,1.2275962399999116,2.0,652.42578125,0.0
34.0,44.0,2.688743049999175,2.0,652.42578125,0.0
34.0,45.0,1.4461239020001813,2.8,652.42578125,0.0
34.0,46.0,0.9291542490000211,1.6,652.42578125,0.0
34.0,47.0,2.002587881999716,12.8,652.42578125,0.0
34.0,48.0,2.587851889999911,25.7,652.42578125,0.0
34.0,49.0,1.8439278440000635,2.4,652.42578125,0.0
34.0,50.0,2.1520557469993946,1.9,652.42578125,0.0
34.0,51.0,1.4201767080003265,2.1,652.42578125,0.0
34.0,52.0,0.9937342739995074,2.5,652.42578125,0.0
34.0,53.0,1.2328307730003871,1.6,652.42578125,0.0
34.0,54.0,1.468828510000094,22.5,652.42578125,0.0
34.0,55.0,1.6560484749998068,36.7,652.42578125,0.0
34.0,56.0,1.6412527849997787,2.4,652.42578125,0.0
34.0,57.0,1.4234303459998046,2.1,652.42578125,0.0
34.0,58.0,1.85495844199977,2.2,652.42578125,0.0
34.0,59.0,2.5973714130004737,2.1,652.42578125,0.0
34.0,60.0,2.2581913639996856,12.2,652.42578125,0.0
34.0,61.0,1.507741458000055,43.7,652.42578125,0.0
34.0,62.0,1.7313432700002522,2.0,652.42578125,0.0
34.0,63.0,2.472276168999997,2.0,652.42578125,0.0
34.0,64.0,1.5465181609997671,1.9,652.42578125,0.0
34.0,65.0,2.076797577999969,1.7,652.42578125,0.0
34.0,66.0,1.981219952000174,6.6,652.42578125,0.0
34.0,67.0,1.2335013160000017,54.3,652.42578125,0.0
34.0,68.0,1.7365616090000913,8.9,652.42578125,0.0
34.0,69.0,1.7179815569998027,2.6,652.42578125,0.0
34.0,70.0,1.4128832000005787,1.4,652.42578125,0.0
34.0,71.0,1.0722822940006154,2.8,652.42578125,0.0
34.0,72.0,1.461521373999858,2.7,652.42578125,0.0
34.0,73.0,1.655875620000188,3.3,652.42578125,0.0
34.0,74.0,1.6839892709995183,20.0,652.42578125,0.0
34.0,75.0,1.3617554579996067,41.0,652.42578125,0.0
34.0,76.0,1.2083967100006703,1.7,652.42578125,0.0
34.0,77.0,3.2844537270002547,2.1,652.42578125,0.0
34.0,78.0,1.408919703999345,2.1,652.42578125,0.0
34.0,79.0,1.3944794409999304,2.2,652.42578125,0.0
34.0,80.0,1.0752034820006884,1.4,652.42578125,0.0
34.0,81.0,1.4864913290002733,11.1,652.42578125,0.0
34.0,82.0,2.3331857969997145,32.0,652.42578125,0.0
34.0,83.0,2.151485908999348,2.1,652.42578125,0.0
34.0,84.0,1.4630610330004856,2.7,652.42578125,0.0
34.0,85.0,1.984981190000326,1.5,652.42578125,0.0
34.0,86.0,2.0293968969999696,2.7,652.42578125,0.0
34.0,87.0,1.5755253169991192,9.3,652.42578125,0.0
34.0,88.0,1.3571997779999947,55.9,652.42578125,0.0
34.0,89.0,1.6110720890001176,1.9,652.42578125,0.0
34.0,90.0,0.9194948909998857,2.2,652.42578125,0.0
34.0,91.0,1.6287271959999998,4.0,652.42578125,0.0
34.0,92.0,1.9378595580001274,2.3,652.42578125,0.0
34.0,93.0,1.0587818690000859,2.8,652.42578125,0.0
34.0,94.0,1.3352275609995559,2.6,652.42578125,0.0
34.0,95.0,1.347984844000166,1.9,652.42578125,0.0
34.0,96.0,1.4574336329997095,49.0,652.42578125,0.0
34.0,97.0,1.656418032000147,11.9,652.42578125,0.0
34.0,98.0,1.0935084870006904,1.8,652.42578125,0.0
34.0,99.0,1.4419763029991373,2.8,652.42578125,0.0
34.0,100.0,0.9871188089991847,2.5,652.42578125,0.0
35.0,1.0,1.7408330240004943,1.7,652.42578125,0.0
35.0,2.0,2.907679095000276,1.9,652.42578125,0.0
35.0,3.0,2.7390948689999277,31.8,652.42578125,0.0
35.0,4.0,1.4600635609995152,1.7,652.42578125,0.0
35.0,5.0,1.968887199999699,2.5,652.42578125,0.0
35.0,6.0,1.5166639540002507,2.3,652.42578125,0.0
35.0,7.0,2.1860877720000644,1.8,652.42578125,0.0
35.0,8.0,2.501324640999883,11.0,652.42578125,0.0
35.0,9.0,4.17479603099946,16.8,652.42578125,0.0
35.0,10.0,2.1525503120001304,2.6,652.42578125,0.0
35.0,11.0,1.853315783000653,1.4,652.42578125,0.0
35.0,12.0,1.7252325600002223,2.3,652.42578125,0.0
35.0,13.0,1.4041578110000046,6.8,652.42578125,0.0
35.0,14.0,1.5464134780004315,52.4,652.42578125,0.0
35.0,15.0,1.4048009379994255,1.4,652.42578125,0.0
35.0,16.0,3.202173147999929,2.3,652.42578125,0.0
35.0,17.0,1.2391328960002284,2.4,652.42578125,0.0
35.0,18.0,1.2476735729997017,1.6,652.42578125,0.0
35.0,19.0,2.6583136549998017,1.9,652.42578125,0.0
35.0,20.0,5.047425570000087,18.4,652.42578125,0.0
35.0,21.0,2.133527832999789,4.0,652.42578125,0.0
35.0,22.0,3.531319359999543,1.8,652.42578125,0.0
35.0,23.0,1.4801493519998985,19.3,652.42578125,0.0
35.0,24.0,1.984232296999835,30.6,652.42578125,0.0
35.0,25.0,1.9004627570002413,2.4,652.42578125,0.0
35.0,26.0,1.5449737170001754,2.6,652.42578125,0.0
35.0,27.0,1.953750914000011,2.1,652.42578125,0.0
35.0,28.0,1.6227870100001383,1.9,652.42578125,0.0
35.0,29.0,1.3417642730000807,2.2,652.42578125,0.0
35.0,30.0,2.5141692830002285,34.9,652.42578125,0.0
35.0,31.0,1.820466099999976,1.9,652.42578125,0.0
35.0,32.0,1.3028575939997609,1.9,652.42578125,0.0
35.0,33.0,1.677295827999842,2.7,652.42578125,0.0
35.0,34.0,1.8128041769996344,1.9,652.42578125,0.0
35.0,35.0,1.8752006599997912,1.3,652.42578125,0.0
35.0,36.0,1.8525758209998457,19.0,652.42578125,0.0
35.0,37.0,2.22590733800007,26.5,652.42578125,0.0
35.0,38.0,1.6868865309998,2.4,652.42578125,0.0
35.0,39.0,1.948933940000643,2.1,652.42578125,0.0
35.0,40.0,1.2927276259997598,1.9,652.42578125,0.0
35.0,41.0,2.0292580109999108,2.0,652.42578125,0.0
35.0,42.0,1.2986096269996779,1.9,652.42578125,0.0
35.0,43.0,1.0760119970000233,32.5,652.42578125,0.0
35.0,44.0,1.6501009220000924,32.8,652.42578125,0.0
35.0,45.0,1.189374325999779,2.1,652.42578125,0.0
35.0,46.0,1.3381601549999687,3.0,652.42578125,0.0
35.0,47.0,1.0627432130004308,1.9,652.42578125,0.0
35.0,48.0,1.6525480460004474,2.1,652.42578125,0.0
35.0,49.0,1.3772279750000962,2.2,652.4296875,0.0
35.0,50.0,1.2836582110003292,1.9,652.4296875,0.0
35.0,51.0,1.2240669590000834,2.5,652.4296875,0.0
35.0,52.0,1.3443519880001986,47.2,652.4296875,0.0
35.0,53.0,1.2298277959998813,21.5,652.4296875,0.0
35.0,54.0,1.267839286000708,2.7,652.4296875,0.0
35.0,55.0,0.8716218549998302,2.3,652.4296875,0.0
35.0,56.0,1.432157436000125,2.4,652.4296875,0.0
35.0,57.0,1.3723206409995328,1.5,652.4296875,0.0
35.0,58.0,1.11080532699998,3.6,652.4296875,0.0
35.0,59.0,0.9490547660006996,4.2,652.4296875,0.0
35.0,60.0,1.2218233319999854,2.9,652.4296875,0.0
35.0,61.0,1.2141513039996426,14.1,652.4296875,0.0
35.0,62.0,1.322638692999135,54.6,652.4296875,0.0
35.0,63.0,1.0499657869995644,2.9,652.4296875,0.0
35.0,64.0,0.9051800440001898,2.2,652.4296875,0.0
35.0,65.0,1.1584078240002782,2.6,652.4296875,0.0
35.0,66.0,1.2044762989999072,2.1,652.4296875,0.0
35.0,67.0,0.7927234660000977,2.5,652.4296875,0.0
35.0,68.0,0.7912182080008279,2.5,652.4296875,0.0
35.0,69.0,1.3322683530004724,2.6,652.4296875,0.0
35.0,70.0,1.4060504170001877,2.5,652.4296875,0.0
35.0,71.0,0.9377307790000486,3.2,652.4296875,0.0
35.0,72.0,1.2142468840002039,38.1,652.4296875,0.0
35.0,73.0,1.3207456939999247,32.7,652.4296875,0.0
35.0,74.0,1.2326874230002431,2.0,652.4296875,0.0
35.0,75.0,0.6195924069998,4.1,652.4296875,0.0
35.0,76.0,1.4578838290008207,1.7,652.4296875,0.0
35.0,77.0,1.0569893140000204,2.4,652.4296875,0.0
35.0,78.0,1.3768041270004687,3.6,652.4296875,0.0
35.0,79.0,0.9260932240003967,2.2,652.4296875,0.0
35.0,80.0,1.0133033729998715,2.0,652.4296875,0.0
35.0,81.0,0.8230896590002885,2.4,652.4296875,0.0
35.0,82.0,1.0017575120000402,6.5,652.4296875,0.0
35.0,83.0,0.6968289719998211,55.1,652.4296875,0.0
35.0,84.0,1.163483809000354,39.4,652.4296875,0.0
35.0,85.0,0.7633534979995602,2.6,652.4296875,0.0
35.0,86.0,0.9920132880006349,2.0,652.4296875,0.0
35.0,87.0,1.8264575619996322,4.1,652.4296875,0.0
35.0,88.0,1.982679876000475,2.5,652.4296875,0.0
35.0,89.0,1.3298506159999306,1.5,652.4296875,0.0
35.0,90.0,3.2574081269995077,10.5,652.4296875,0.0
35.0,91.0,0.9659903790006865,55.2,652.4296875,0.0
35.0,92.0,1.2434914679997746,5.6,652.4296875,0.0
35.0,93.0,0.9286452970000028,2.2,652.4296875,0.0
35.0,94.0,1.4398345110002992,2.8,652.4296875,0.0
35.0,95.0,0.9398875299993961,3.2,652.4296875,0.0
35.0,96.0,1.8773699220000708,2.1,652.4296875,0.0
35.0,97.0,1.2626531600008093,2.4,652.4296875,0.0
35.0,98.0,1.6061721209998723,2.2,652.4296875,0.0
35.0,99.0,1.64889643800052,30.3,652.4296875,0.0
35.0,100.0,1.0114369849998184,39.3,652.4296875,0.0
36.0,1.0,1.221280724999815,2.5,652.4296875,0.0
36.0,2.0,1.5685805100001744,2.9,652.4296875,0.0
36.0,3.0,0.8417923289998726,2.4,652.4296875,0.0
36.0,4.0,1.0822121820001485,2.3,652.4296875,0.0
36.0,5.0,1.066904796000017,2.3,652.4296875,0.0
36.0,6.0,1.1483514249994187,2.6,652.4296875,0.0
36.0,7.0,1.3716113580003366,2.2,652.4296875,0.0
36.0,8.0,0.7332164839999677,2.7,652.4296875,0.0
36.0,9.0,1.3100770379996902,31.8,652.4296875,0.0
36.0,10.0,2.938577271000213,19.3,652.4296875,0.0
36.0,11.0,1.2720281439997052,2.4,652.4296875,0.0
36.0,12.0,1.1294970230001127,2.2,652.4296875,0.0
36.0,13.0,0.9837952529996983,2.5,652.4296875,0.0
36.0,14.0,1.0815240010006164,1.9,652.4296875,0.0
36.0,15.0,1.2505314039999575,2.0,652.4296875,0.0
36.0,16.0,0.6730469370004357,3.0,652.4296875,0.0
36.0,17.0,0.6827064899998732,2.9,652.4296875,0.0
36.0,18.0,0.9887480100005632,7.1,652.4296875,0.0
36.0,19.0,1.3008641100004752,54.9,652.4296875,0.0
36.0,20.0,1.489182888999494,9.1,652.4296875,0.0
36.0,21.0,1.3048486480001884,2.7,652.4296875,0.0
36.0,22.0,0.8638732050003455,2.3,652.4296875,0.0
36.0,23.0,1.0413855999995576,2.4,652.4296875,0.0
36.0,24.0,1.3745774429999074,2.2,652.4296875,0.0
36.0,25.0,2.4262335989997155,1.4,652.4296875,0.0
36.0,26.0,0.9973386319998099,2.0,652.4296875,0.0
36.0,27.0,1.9538106130003143,36.3,652.4296875,0.0
36.0,28.0,1.2308500859999185,16.3,652.4296875,0.0
36.0,29.0,0.9297146150001936,2.2,652.4296875,0.0
36.0,30.0,0.7046083229997748,3.5,652.4296875,0.0
36.0,31.0,1.4266426109998065,1.8,652.4296875,0.0
36.0,32.0,1.3769227650000175,2.5,652.4296875,0.0
36.0,33.0,2.7155405729999984,2.6,652.4296875,0.0
36.0,34.0,3.01195197800007,21.0,652.4296875,0.0
36.0,35.0,3.5577886709997983,9.5,652.4296875,0.0
36.0,36.0,1.3997567449996495,2.1,652.4296875,0.0
36.0,37.0,1.9745630819998041,2.3,652.4296875,0.0
36.0,38.0,1.009797924999475,2.5,652.4296875,0.0
36.0,39.0,1.0952460100006647,2.3,652.4296875,0.0
36.0,40.0,0.8729325180001979,2.3,652.4296875,0.0
36.0,41.0,0.7449947459999748,17.4,652.4296875,0.0
36.0,42.0,1.0795673329994315,54.0,652.4296875,0.0
36.0,43.0,3.4836188230001426,6.6,652.4296875,0.0
36.0,44.0,1.6291508590002195,2.5,652.4296875,0.0
36.0,45.0,0.8428305500001443,3.6,652.4296875,0.0
36.0,46.0,1.282445634999931,2.3,652.4296875,0.0
36.0,47.0,1.2959595239999544,1.6,652.4296875,0.0
36.0,48.0,0.961898719000601,2.6,652.4296875,0.0
36.0,49.0,1.0891643650002152,17.0,652.4296875,0.0
36.0,50.0,1.4756468030000178,49.0,652.4296875,0.0
36.0,51.0,1.2292013870001028,4.9,652.4296875,0.0
36.0,52.0,1.6042791800000487,2.2,652.4296875,0.0
36.0,53.0,1.1642268650002734,3.0,652.4296875,0.0
36.0,54.0,1.4527130209999086,1.7,652.4296875,0.0
36.0,55.0,0.8800196729998788,2.8,652.4296875,0.0
36.0,56.0,1.3409652839991395,1.9,652.4296875,0.0
36.0,57.0,1.4907621909997033,2.7,652.4296875,0.0
36.0,58.0,2.186936617000356,39.8,652.4296875,0.0
36.0,59.0,1.4335496430003332,2.8,652.4296875,0.0
36.0,60.0,1.0001997300005314,3.0,652.4296875,0.0
36.0,61.0,1.47651109599974,2.4,652.4296875,0.0
36.0,62.0,1.5542279650007913,1.6,652.4296875,0.0
36.0,63.0,4.260725179000474,2.1,652.4296875,0.0
36.0,64.0,1.1846838619994742,42.1,652.4296875,0.0
36.0,65.0,1.1502077300001474,35.4,652.4296875,0.0
36.0,66.0,0.8075673920002373,1.2,652.4296875,0.0
36.0,67.0,1.0924475470001198,2.8,652.4296875,0.0
36.0,68.0,2.0004034200001115,2.3,652.4296875,0.0
36.0,69.0,3.247511601000042,1.9,652.4296875,0.0
36.0,70.0,1.5306515950005632,4.6,652.4296875,0.0
36.0,71.0,0.755351908999728,2.6,652.4296875,0.0
36.0,72.0,1.2679314030001478,51.4,652.4296875,0.0
36.0,73.0,1.1695948179994957,20.7,652.4296875,0.0
36.0,74.0,1.1165679959995032,2.2,652.4296875,0.0
36.0,75.0,0.9268671879999602,2.2,652.4296875,0.0
36.0,76.0,1.1764258860002883,2.1,652.4296875,0.0
36.0,77.0,1.3201564019991565,3.0,652.4296875,0.0
36.0,78.0,1.6128857000003336,1.9,652.4296875,0.0
36.0,79.0,1.0752928520005298,2.3,652.4296875,0.0
36.0,80.0,1.2450623350005117,2.8,652.4296875,0.0
36.0,81.0,0.9531426940002348,14.6,652.4296875,0.0
36.0,82.0,0.8039871259998108,54.1,652.4296875,0.0
36.0,83.0,1.2129470320005566,27.8,652.4296875,0.0
36.0,84.0,1.2254594940004608,2.9,652.4296875,0.0
36.0,85.0,1.2477127829997698,2.4,652.4296875,0.0
36.0,86.0,0.7933638610002163,2.5,652.4296875,0.0
36.0,87.0,1.023651043999962,3.4,652.4296875,0.0
36.0,88.0,0.6768526850000853,0.7,652.4296875,0.0
36.0,89.0,1.067112071000338,2.3,652.4296875,0.0
36.0,90.0,1.1822393829997964,3.8,652.4296875,0.0
36.0,91.0,1.3201013300003979,1.9,652.4296875,0.0
36.0,92.0,1.0004845150006076,12.6,652.4296875,0.0
36.0,93.0,1.247183583000151,54.7,652.4296875,0.0
36.0,94.0,1.049646507000034,9.1,652.4296875,0.0
36.0,95.0,1.1765373509997517,2.1,652.4296875,0.0
36.0,96.0,2.4668193759998758,3.9,652.4296875,0.0
36.0,97.0,2.9641178049996597,1.9,652.4296875,0.0
36.0,98.0,1.4744014849993619,2.0,652.4296875,0.0
36.0,99.0,1.555788628999835,21.9,652.4296875,0.0
36.0,100.0,1.5537395809997179,36.1,652.4296875,0.0
37.0,1.0,1.391419080999185,1.8,652.4296875,0.0
37.0,2.0,2.613670094000554,2.5,652.4296875,0.0
37.0,3.0,1.4711794500008182,1.7,652.4296875,0.0
37.0,4.0,0.9451181640006325,2.1,652.4296875,0.0
37.0,5.0,1.2228692949993274,2.9,652.4296875,0.0
37.0,6.0,1.0643964869996125,1.9,652.4296875,0.0
37.0,7.0,1.434390434999841,28.7,652.4296875,0.0
37.0,8.0,0.9826100840000436,50.3,652.4296875,0.0
37.0,9.0,1.223640661999525,2.9,652.4296875,0.0
37.0,10.0,1.660641296999529,2.4,652.4296875,0.0
37.0,11.0,0.8659704860001511,2.3,652.4296875,0.0
37.0,12.0,1.5334498759993949,2.0,652.4296875,0.0
37.0,13.0,1.7369741490001616,2.3,652.4296875,0.0
37.0,14.0,1.1355833710003935,2.7,652.4296875,0.0
37.0,15.0,1.2821552489995156,2.0,652.4296875,0.0
37.0,16.0,1.3540042140002697,41.2,652.4296875,0.0
37.0,17.0,1.4818232979996537,28.8,652.4296875,0.0
37.0,18.0,1.6138829259998602,2.5,652.4296875,0.0
37.0,19.0,1.03111405799973,1.9,652.4296875,0.0
37.0,20.0,3.0506469980000475,2.0,652.4296875,0.0
37.0,21.0,1.0916838349994578,1.8,652.4296875,0.0
37.0,22.0,1.4103294599999572,1.8,652.4296875,0.0
37.0,23.0,1.2065067200001067,10.0,652.4296875,0.0
37.0,24.0,1.8322447580003427,43.4,652.4296875,0.0
37.0,25.0,3.8833812390003004,2.1,652.4296875,0.0
37.0,26.0,2.6212012639998648,1.7,652.4296875,0.0
37.0,27.0,4.026917004000097,14.3,652.4296875,0.0
37.0,28.0,0.9896250150004562,38.5,652.4296875,0.0
37.0,29.0,1.3390243939993525,2.6,652.4296875,0.0
37.0,30.0,3.1727768390001074,1.9,652.4296875,0.0
37.0,31.0,1.5330720450001536,3.9,652.4296875,0.0
37.0,32.0,1.943100632000096,2.3,652.4296875,0.0
37.0,33.0,1.7239555149999433,4.4,652.4296875,0.0
37.0,34.0,1.6312181220000639,51.2,652.4296875,0.0
37.0,35.0,2.1475266190000184,1.6,652.4296875,0.0
37.0,36.0,1.264929767000467,3.2,652.4296875,0.0
37.0,37.0,1.4237013749998368,1.8,652.4296875,0.0
37.0,38.0,1.5267310809995251,2.6,652.4296875,0.0
37.0,39.0,2.479719865000334,1.8,652.4296875,0.0
37.0,40.0,1.2682144930004142,11.9,652.4296875,0.0
37.0,41.0,1.926394318000348,39.2,652.4296875,0.0
37.0,42.0,1.8446807489999628,2.2,652.4296875,0.0
37.0,43.0,1.5573608039994724,2.6,652.4296875,0.0
37.0,44.0,1.9188290660003986,1.8,652.4296875,0.0
37.0,45.0,1.4913716470000509,3.0,652.4296875,0.0
37.0,46.0,1.1933082149998882,2.1,652.4296875,0.0
37.0,47.0,1.469538534000094,4.1,652.4296875,0.0
37.0,48.0,1.9496062019998135,43.6,652.4296875,0.0
37.0,49.0,1.2350061150000329,5.3,652.4296875,0.0
37.0,50.0,1.869579977000285,1.6,652.4296875,0.0
37.0,51.0,1.546717606999664,2.3,652.4296875,0.0
37.0,52.0,1.5302181669994752,2.0,652.4296875,0.0
37.0,53.0,1.5311500939997131,2.3,652.4296875,0.0
37.0,54.0,1.235489898999731,2.0,652.4296875,0.0
37.0,55.0,1.3494386160000431,30.5,652.4296875,0.0
37.0,56.0,2.602054416000101,19.5,652.4296875,0.0
37.0,57.0,0.9136837209998703,3.2,652.4296875,0.0
37.0,58.0,0.9164996340005018,2.7,652.4296875,0.0
37.0,59.0,1.2426665319999302,1.6,652.4296875,0.0
37.0,60.0,3.400188091000018,1.8,652.4296875,0.0
37.0,61.0,1.2831085449997772,2.4,652.4296875,0.0
37.0,62.0,4.646578824999779,19.9,652.4296875,0.0
37.0,63.0,2.40557698900011,2.1,652.4296875,0.0
37.0,64.0,1.4331616129993563,2.5,652.4296875,0.0
37.0,65.0,1.4576499200002218,1.7,652.4296875,0.0
37.0,66.0,1.7534386790002827,4.6,652.4296875,0.0
37.0,67.0,1.3255166360004296,39.5,652.4296875,0.0
37.0,68.0,1.4148209780005345,26.9,652.4296875,0.0
37.0,69.0,1.3535784910000075,1.5,652.4296875,0.0
37.0,70.0,1.5333479720002288,2.6,652.4296875,0.0
37.0,71.0,1.4711730260005424,1.7,652.4296875,0.0
37.0,72.0,1.3732773759993506,1.8,652.4296875,0.0
37.0,73.0,1.3148786510000718,3.4,652.4296875,0.0
37.0,74.0,2.051230717999715,2.2,652.4296875,0.0
37.0,75.0,1.9326963639996393,44.8,652.4296875,0.0
37.0,76.0,2.5244143200006874,1.6,652.4296875,0.0
37.0,77.0,1.1192224650003482,1.8,652.4296875,0.0
37.0,78.0,1.1019252830001278,2.3,652.4296875,0.0
37.0,79.0,1.8804918279993217,2.4,652.4296875,0.0
37.0,80.0,1.6379113299999517,2.4,652.4296875,0.0
37.0,81.0,1.677982035000241,9.0,652.4296875,0.0
37.0,82.0,1.4963611450002645,50.8,652.4296875,0.0
37.0,83.0,1.3622411910000665,2.2,652.4296875,0.0
37.0,84.0,1.8801245160002509,2.1,652.4296875,0.0
37.0,85.0,1.2367855310003506,4.5,652.4296875,0.0
37.0,86.0,1.3977115770003365,2.2,652.4296875,0.0
37.0,87.0,2.254478490999645,2.2,652.4296875,0.0
37.0,88.0,1.4103380090000428,1.8,652.4296875,0.0
37.0,89.0,1.4512362010000288,43.4,652.4296875,0.0
37.0,90.0,1.0652938109997194,25.2,652.4296875,0.0
37.0,91.0,2.051033448000453,2.2,652.4296875,0.0
37.0,92.0,1.3886059299993576,1.8,652.4296875,0.0
37.0,93.0,1.7026124129997697,2.4,652.4296875,0.0
37.0,94.0,1.825165246999859,1.6,652.4296875,0.0
37.0,95.0,1.2566575629998624,2.4,652.4296875,0.0
37.0,96.0,1.4201515939994351,12.4,652.4296875,0.0
37.0,97.0,4.127332027999728,18.4,652.4296875,0.0
37.0,98.0,0.9916832900007648,2.0,652.4296875,0.0
37.0,99.0,1.5946435699997892,1.9,652.4296875,0.0
37.0,100.0,1.3590661600001113,2.2,652.4296875,0.0
38.0,1.0,2.7553894840002613,1.8,652.4296875,0.0
38.0,2.0,1.8790442629997415,43.5,652.4296875,0.0
38.0,3.0,5.207894868000039,3.9,652.4296875,0.0
38.0,4.0,1.2448018360000788,2.4,652.4296875,0.0
38.0,5.0,2.852807882999514,1.9,652.4296875,0.0
38.0,6.0,2.1538583080000535,33.2,652.4296875,0.0
38.0,7.0,1.5072494660007578,13.3,652.4296875,0.0
38.0,8.0,1.2343049430000974,2.0,652.4296875,0.0
38.0,9.0,1.4310142939993966,2.4,652.4296875,0.0
38.0,10.0,1.9256457499996031,1.8,652.4296875,0.0
38.0,11.0,1.4153179800005091,1.8,652.4296875,0.0
38.0,12.0,1.3372739059996093,1.9,652.4296875,0.0
38.0,13.0,1.7519611469997471,11.9,652.4296875,0.0
38.0,14.0,1.7549284090000583,41.5,652.4296875,0.0
38.0,15.0,3.4585203090000505,1.7,652.4296875,0.0
38.0,16.0,1.095191897999939,1.8,652.4296875,0.0
38.0,17.0,2.569981144999474,3.3,652.4296875,0.0
38.0,18.0,1.6782270559997414,1.8,652.4296875,0.0
38.0,19.0,1.3432329930001288,27.2,652.4296875,0.0
38.0,20.0,2.6637717210005576,20.8,652.4296875,0.0
38.0,21.0,1.9608369009993112,2.0,652.4296875,0.0
38.0,22.0,1.1012002730003587,1.8,652.4296875,0.0
38.0,23.0,1.6423837189995538,2.4,652.4296875,0.0
38.0,24.0,1.4512830150006266,1.7,652.4296875,0.0
38.0,25.0,1.3764296519993877,2.9,652.4296875,0.0
38.0,26.0,0.9169265489999816,13.1,652.4296875,0.0
38.0,27.0,1.2102214520000416,54.1,652.4296875,0.0
38.0,28.0,5.530769433000387,4.0,652.4296875,0.0
38.0,29.0,1.5456208759997025,2.6,652.4296875,0.0
38.0,30.0,3.3949340780000057,5.8,652.4296875,0.0
38.0,31.0,1.3077723169999445,55.2,652.4296875,0.0
38.0,32.0,1.7793380009998145,2.8,652.4296875,0.0
38.0,33.0,2.514550832999703,3.4,652.4296875,0.0
38.0,34.0,0.9515090340000825,1.6,652.4296875,0.0
38.0,35.0,3.372190870999475,1.9,652.4296875,0.0
38.0,36.0,1.3726322419997814,1.8,652.4296875,0.0
38.0,37.0,1.4650529440004902,55.7,652.4296875,0.0
38.0,38.0,1.4073577560002377,6.8,652.4296875,0.0
38.0,39.0,1.5371998069995243,2.0,652.4296875,0.0
38.0,40.0,1.3613296349994926,2.6,652.4296875,0.0
38.0,41.0,1.7146410489995105,1.5,652.4296875,0.0
38.0,42.0,1.6744385140000304,2.7,652.4296875,0.0
38.0,43.0,0.969977364999977,2.6,652.4296875,0.0
38.0,44.0,1.4355251039996801,1.4,652.4296875,0.0
38.0,45.0,2.173764893000225,41.2,652.4296875,0.0
38.0,46.0,1.3700712039999416,2.6,652.4296875,0.0
38.0,47.0,1.6850250719999167,2.4,652.4296875,0.0
38.0,48.0,1.6905658710002172,1.5,652.4296875,0.0
38.0,49.0,1.6226106189997154,2.5,652.4296875,0.0
38.0,50.0,5.019948687999204,18.9,652.4296875,0.0
38.0,51.0,2.7046019270001125,1.7,652.4296875,0.0
38.0,52.0,1.132798876000379,1.8,652.4296875,0.0
38.0,53.0,1.588167599999906,2.5,652.4296875,0.0
38.0,54.0,1.3017883090005853,1.9,652.4296875,0.0
38.0,55.0,1.4011775159997342,2.5,652.4296875,0.0
38.0,56.0,1.5024339759993381,4.3,652.4296875,0.0
38.0,57.0,1.1568055269999604,54.8,652.4296875,0.0
38.0,58.0,2.1858793029996377,11.0,652.4296875,0.0
38.0,59.0,1.7141001190002498,2.6,652.4296875,0.0
38.0,60.0,1.6128680539995912,2.5,652.4296875,0.0
38.0,61.0,1.5335635700002967,2.0,652.4296875,0.0
38.0,62.0,1.4881226090001292,3.0,652.4296875,0.0
38.0,63.0,1.509546164999847,1.7,652.4296875,0.0
38.0,64.0,1.770238572999915,45.6,652.4296875,0.0
38.0,65.0,1.177372512999682,8.1,652.4296875,0.0
38.0,66.0,2.195939907000138,1.8,652.4296875,0.0
38.0,67.0,1.4055258319995119,5.0,652.4296875,0.0
38.0,68.0,2.138519482999982,1.9,652.4296875,0.0
38.0,69.0,0.8480584280005132,1.8,652.4296875,0.0
38.0,70.0,1.018035779999991,2.9,652.4296875,0.0
38.0,71.0,1.8957822899992607,17.5,652.4296875,0.0
38.0,72.0,0.9435349260002113,55.6,652.4296875,0.0
38.0,73.0,1.7730701649998082,4.0,652.4296875,0.0
38.0,74.0,1.8974144449994128,2.4,652.4296875,0.0
38.0,75.0,2.8480336570000873,1.8,652.4296875,0.0
38.0,76.0,1.8794967769999857,1.9,652.4296875,0.0
38.0,77.0,0.8787623600001098,2.3,652.4296875,0.0
38.0,78.0,1.5483522810000068,28.9,652.4296875,0.0
38.0,79.0,1.5250414299998738,30.7,652.4296875,0.0
38.0,80.0,1.375331221000124,2.6,652.4296875,0.0
38.0,81.0,1.6181908770004156,1.9,652.4296875,0.0
38.0,82.0,1.1312343919998966,2.7,652.4296875,0.0
38.0,83.0,1.788955258999522,2.5,652.4296875,0.0
38.0,84.0,0.732625000000553,2.7,652.4296875,0.0
38.0,85.0,1.2665296140003193,2.0,652.4296875,0.0
38.0,86.0,1.278673630999947,2.4,652.4296875,0.0
38.0,87.0,1.6300650009998208,54.2,652.4296875,0.0
38.0,88.0,1.370174587999827,4.8,652.4296875,0.0
38.0,89.0,1.0955842440007473,1.8,652.4296875,0.0
38.0,90.0,1.174133282999719,3.4,652.4296875,0.0
38.0,91.0,1.8226371909995578,1.4,652.4296875,0.0
38.0,92.0,1.0660002160002477,2.3,652.4296875,0.0
38.0,93.0,2.9040242720002425,2.1,652.4296875,0.0
38.0,94.0,1.7334531289998267,35.9,652.4296875,0.0
38.0,95.0,1.6601251729998694,18.5,652.4296875,0.0
38.0,96.0,1.3859111980000307,1.8,652.4296875,0.0
38.0,97.0,1.0337279209998087,2.4,652.4296875,0.0
38.0,98.0,2.1671461349997116,1.6,652.4296875,0.0
38.0,99.0,1.3498452010007895,1.5,652.4296875,0.0
38.0,100.0,1.5582510459998957,2.9,652.4296875,0.0
39.0,1.0,1.3254658200003178,3.0,652.4296875,0.0
39.0,2.0,2.6675025539998387,32.8,652.4296875,0.0
39.0,3.0,1.1485736290005661,1.7,652.4296875,0.0
39.0,4.0,0.7639475619998848,2.6,652.4296875,0.0
39.0,5.0,1.3522312570003123,1.9,652.4296875,0.0
39.0,6.0,1.8731597849991886,2.9,652.4296875,0.0
39.0,7.0,1.0556262299996888,4.7,652.4296875,0.0
39.0,8.0,1.2906649699998525,1.9,652.4296875,0.0
39.0,9.0,1.1116146570002456,2.2,652.4296875,0.0
39.0,10.0,1.4852205889992547,45.9,652.4296875,0.0
39.0,11.0,1.4347472020008354,16.1,652.4296875,0.0
39.0,12.0,1.2954847290002363,2.3,652.4296875,0.0
39.0,13.0,1.9211937680001938,2.3,652.4296875,0.0
39.0,14.0,1.185235165999984,1.7,652.4296875,0.0
39.0,15.0,5.281263072999536,9.6,652.4296875,0.0
39.0,16.0,1.5199751430000106,30.4,652.4296875,0.0
39.0,17.0,1.2986053470003753,2.3,652.4296875,0.0
39.0,18.0,1.1633007609998458,1.7,652.4296875,0.0
39.0,19.0,1.6537144490002902,2.4,652.4296875,0.0
39.0,20.0,1.1035750490000282,2.3,652.4296875,0.0
39.0,21.0,1.6261591550000958,2.2,652.4296875,0.0
39.0,22.0,2.6009893750006086,5.0,652.4296875,0.0
39.0,23.0,1.0696437169999626,54.2,652.4296875,0.0
39.0,24.0,1.7813664279992736,13.6,652.4296875,0.0
39.0,25.0,1.0511407610001697,4.3,652.4296875,0.0
39.0,26.0,1.3215191379995304,2.3,652.4296875,0.0
39.0,27.0,0.7595242570005212,3.3,652.4296875,0.0
39.0,28.0,2.294850129999759,1.5,652.4296875,0.0
39.0,29.0,1.129979366999578,2.7,652.4296875,0.0
39.0,30.0,1.2439815190000445,2.4,652.4296875,0.0
39.0,31.0,1.855074443000376,32.7,652.4296875,0.0
39.0,32.0,1.281882379000308,23.1,652.4296875,0.0
39.0,33.0,0.9502149200006897,2.6,652.4296875,0.0
39.0,34.0,1.1919008819995724,1.7,652.4296875,0.0
39.0,35.0,1.3320508020005946,2.2,652.4296875,0.0
39.0,36.0,1.5350567509995017,2.3,652.4296875,0.0
39.0,37.0,1.0796921069995733,2.3,652.4296875,0.0
39.0,38.0,1.7259362360000523,1.7,652.4296875,0.0
39.0,39.0,0.845998955000141,1.8,652.4296875,0.0
39.0,40.0,1.0866933579991382,30.0,652.4296875,0.0
39.0,41.0,2.290622761999657,26.8,652.4296875,0.0
39.0,42.0,1.5763999299997522,1.6,652.4296875,0.0
39.0,43.0,1.9609463799997684,1.8,652.4296875,0.0
39.0,44.0,1.289194239999233,1.9,652.4296875,0.0
39.0,45.0,1.2910701400005564,3.1,652.4296875,0.0
39.0,46.0,1.318974165000327,2.3,652.4296875,0.0
39.0,47.0,1.233108039000399,4.1,652.4296875,0.0
39.0,48.0,1.0747884800002794,51.2,652.4296875,0.0
39.0,49.0,1.2727244970001266,27.8,652.4296875,0.0
39.0,50.0,0.983893911999985,2.0,652.4296875,0.0
39.0,51.0,0.7595893039997463,2.6,652.4296875,0.0
39.0,52.0,1.0274049669997112,2.4,652.4296875,0.0
39.0,53.0,1.1535202400000344,2.2,652.4296875,0.0
39.0,54.0,1.5137090730004275,2.3,652.4296875,0.0
39.0,55.0,1.843487678999736,2.4,652.4296875,0.0
39.0,56.0,1.5683891239996228,1.6,652.4296875,0.0
39.0,57.0,0.860439807000148,28.7,652.4296875,0.0
39.0,58.0,1.405931139999666,46.3,652.4296875,0.0
39.0,59.0,1.3354191239995998,2.6,652.4296875,0.0
39.0,60.0,1.1733723879997342,2.1,652.4296875,0.0
39.0,61.0,1.7476567379999324,1.7,652.4296875,0.0
39.0,62.0,1.2872030520002227,2.7,652.4296875,0.0
39.0,63.0,1.789000441999633,1.4,652.4296875,0.0
39.0,64.0,1.385769782999887,2.5,652.4296875,0.0
39.0,65.0,1.1888890840000386,9.7,652.4296875,0.0
39.0,66.0,1.296757893999711,55.6,652.4296875,0.0
39.0,67.0,1.2180095869998695,7.1,652.4296875,0.0
39.0,68.0,1.011752608000279,2.5,652.4296875,0.0
39.0,69.0,2.7943763470002523,3.6,652.4296875,0.0
39.0,70.0,1.0202897830004076,2.5,652.4296875,0.0
39.0,71.0,3.7002305629994225,1.8,652.4296875,0.0
39.0,72.0,2.7238373769996542,32.1,652.4296875,0.0
39.0,73.0,1.9567239919997519,2.0,652.4296875,0.0
39.0,74.0,1.2176778689999992,2.9,652.4296875,0.0
39.0,75.0,1.1483553899997787,2.6,652.4296875,0.0
39.0,76.0,1.2847619760004818,1.9,652.4296875,0.0
39.0,77.0,1.434203465999417,2.4,652.4296875,0.0
39.0,78.0,1.068936971999392,1.9,652.4296875,0.0
39.0,79.0,1.1564869189996898,6.5,652.4296875,0.0
39.0,80.0,1.2687400830000115,54.0,652.4296875,0.0
39.0,81.0,2.098548209999535,8.2,652.4296875,0.0
39.0,82.0,1.5118642329998693,2.3,652.4296875,0.0
39.0,83.0,1.7886553030002688,2.0,652.4296875,0.0
39.0,84.0,1.1647423920003348,2.6,652.4296875,0.0
39.0,85.0,1.1523369249998723,2.6,652.4296875,0.0
39.0,86.0,3.183483570000135,13.2,652.4296875,0.0
39.0,87.0,1.974395526999615,28.4,652.4296875,0.0
39.0,88.0,1.7535275200007163,2.3,652.4296875,0.0
39.0,89.0,1.527929029999541,2.0,652.4296875,0.0
39.0,90.0,4.02570317899972,1.9,652.4296875,0.0
39.0,91.0,1.5008199220001188,2.6,652.4296875,0.0
39.0,92.0,1.9612757320001037,45.0,652.4296875,0.0
39.0,93.0,1.2477800090000528,2.0,652.4296875,0.0
39.0,94.0,1.5396331779993488,2.3,652.4296875,0.0
39.0,95.0,3.310678437000206,1.8,652.4296875,0.0
39.0,96.0,1.2313892789998135,2.0,652.4296875,0.0
39.0,97.0,3.2672823200000494,16.1,652.4296875,0.0
39.0,98.0,1.1873287610005718,33.2,652.4296875,0.0
39.0,99.0,0.8946125070006019,2.8,652.4296875,0.0
39.0,100.0,1.725269088999994,2.3,652.4296875,0.0
40.0,1.0,1.4744024299998273,2.0,652.4296875,0.0
40.0,2.0,1.4763395560003119,3.0,652.4296875,0.0
40.0,3.0,1.1167626890000975,1.8,652.4296875,0.0
40.0,4.0,1.0178670190007324,4.9,652.4296875,0.0
40.0,5.0,1.3532583060004981,2.2,652.4296875,0.0
40.0,6.0,1.8550856599995313,42.9,652.4296875,0.0
40.0,7.0,1.642476622000686,7.0,652.4296875,0.0
40.0,8.0,1.4355819040001734,1.4,652.4296875,0.0
40.0,9.0,1.062313221000295,2.4,652.4296875,0.0
40.0,10.0,1.3266603619995294,3.0,652.4296875,0.0
40.0,11.0,0.9941338130001895,0.5,652.4296875,0.0
40.0,12.0,1.5387239929996213,2.6,652.4296875,0.0
40.0,13.0,1.6733639309995851,2.4,652.4296875,0.0
40.0,14.0,2.504265774000487,35.3,652.4296875,0.0
40.0,15.0,1.2290453589994286,2.0,652.4296875,0.0
40.0,16.0,1.3375819560005766,3.0,652.4296875,0.0
40.0,17.0,1.032879856999898,1.9,652.4296875,0.0
40.0,18.0,1.6700807100005477,2.4,652.4296875,0.0
40.0,19.0,1.0289716950001093,2.4,652.4296875,0.0
40.0,20.0,1.2973646800001006,2.7,652.4296875,0.0
40.0,21.0,0.7475810349997118,1.3,652.4296875,0.0
40.0,22.0,2.559477112999957,30.8,652.4296875,0.0
40.0,23.0,0.8756115969999883,16.2,652.4296875,0.0
40.0,24.0,1.7550091430002794,2.0,652.4296875,0.0
40.0,25.0,1.3662942210003166,5.1,652.4296875,0.0
40.0,26.0,2.1255644760003634,2.1,652.4296875,0.0
40.0,27.0,1.2885933609995845,1.9,652.4296875,0.0
40.0,28.0,1.4787460070001543,1.7,652.4296875,0.0
40.0,29.0,1.3018755820003207,3.4,652.4296875,0.0
40.0,30.0,1.6868080849999387,51.5,652.4296875,0.0
40.0,31.0,0.9113787810001668,2.2,652.4296875,0.0
40.0,32.0,1.410972159999801,2.8,652.4296875,0.0
40.0,33.0,1.6489572660002523,1.5,652.4296875,0.0
40.0,34.0,1.171409734000008,1.7,652.4296875,0.0
40.0,35.0,1.4663722350005628,2.7,652.4296875,0.0
40.0,36.0,0.8309900040003413,3.0,652.4296875,0.0
40.0,37.0,0.6996167380002589,0.7,652.4296875,0.0
40.0,38.0,1.7324153680001473,2.6,652.4296875,0.0
40.0,39.0,1.1462054170006013,54.6,652.4296875,0.0
40.0,40.0,0.704690520999975,37.1,652.4296875,0.0
40.0,41.0,1.1563477820000116,2.6,652.4296875,0.0
40.0,42.0,1.3008313869995618,1.9,652.4296875,0.0
40.0,43.0,1.7243487280002228,2.3,652.4296875,0.0
40.0,44.0,1.6538701870003933,3.0,652.4296875,0.0
40.0,45.0,3.58549992799999,1.7,652.4296875,0.0
40.0,46.0,1.8577442180003345,48.4,652.4296875,0.0
40.0,47.0,0.9800868550000814,3.1,652.4296875,0.0
40.0,48.0,2.0226653330000772,2.5,652.4296875,0.0
40.0,49.0,1.0448368179995668,1.9,652.4296875,0.0
40.0,50.0,0.7124548150004557,3.5,652.4296875,0.0
40.0,51.0,1.2584434220007097,2.0,652.4296875,0.0
40.0,52.0,1.394023197000024,1.8,652.4296875,0.0
40.0,53.0,1.0752575989999968,1.9,652.4296875,0.0
40.0,54.0,1.393060030000015,2.9,652.4296875,0.0
40.0,55.0,1.072103583000171,48.1,652.4296875,0.0
40.0,56.0,1.046525935000318,34.8,652.4296875,0.0
40.0,57.0,1.533894682999744,2.3,652.4296875,0.0
40.0,58.0,4.050367988000289,1.7,652.4296875,0.0
40.0,59.0,1.1865502519995061,2.5,652.4296875,0.0
40.0,60.0,1.1753734789999726,2.1,652.4296875,0.0
40.0,61.0,1.034952887000145,2.9,652.4296875,0.0
40.0,62.0,3.677638098999523,24.2,652.4296875,0.0
40.0,63.0,1.4446394229998987,3.5,652.4296875,0.0
40.0,64.0,1.0065151709995916,1.5,652.4296875,0.0
40.0,65.0,1.1970267819997389,2.5,652.4296875,0.0
40.0,66.0,2.0003413560007175,3.3,652.4296875,0.0
40.0,67.0,1.3260107530004461,2.6,652.4296875,0.0
40.0,68.0,1.2230716230005783,2.0,652.4296875,0.0
40.0,69.0,1.798695028000111,47.8,652.4296875,0.0
40.0,70.0,1.0068372779996935,4.5,652.4296875,0.0
40.0,71.0,0.7744376690006902,2.6,652.4296875,0.0
40.0,72.0,1.333670790000724,2.3,652.4296875,0.0
40.0,73.0,1.5202508109996415,2.3,652.4296875,0.0
40.0,74.0,2.0071527710006194,2.0,652.4296875,0.0
40.0,75.0,2.3332074059999286,2.2,652.4296875,0.0
40.0,76.0,0.9664419479995559,3.1,652.4296875,0.0
40.0,77.0,2.2089115650005624,39.4,652.4296875,0.0
40.0,78.0,1.4976872240004013,2.3,652.4296875,0.0
40.0,79.0,1.7136484700004075,2.1,652.4296875,0.0
40.0,80.0,1.1847136980004507,2.1,652.4296875,0.0
40.0,81.0,2.08282900300037,2.2,652.4296875,0.0
40.0,82.0,1.4876826159998018,3.0,652.4296875,0.0
40.0,83.0,1.6034999619996597,6.3,652.4296875,0.0
40.0,84.0,1.5833958089997395,50.3,652.4296875,0.0
40.0,85.0,5.338395234000018,2.3,652.4296875,0.0
40.0,86.0,1.3697139070000048,1.8,652.4296875,0.0
40.0,87.0,1.1189175549998254,1.8,652.4296875,0.0
40.0,88.0,1.5774479440005962,2.8,652.4296875,0.0
40.0,89.0,1.091074805000062,33.5,652.4296875,0.0
40.0,90.0,2.0829021760000614,25.7,652.4296875,0.0
40.0,91.0,1.4057950329997766,1.8,652.4296875,0.0
40.0,92.0,0.9093376609998813,2.7,652.4296875,0.0
40.0,93.0,1.8464468599995598,2.2,652.4296875,0.0
40.0,94.0,2.9935042380002415,2.0,652.4296875,0.0
40.0,95.0,1.3373814070000662,2.6,652.4296875,0.0
40.0,96.0,1.593411450999156,43.7,652.4296875,0.0
40.0,97.0,2.813214945999789,7.8,652.4296875,0.0
40.0,98.0,1.3401804390005054,1.5,652.4296875,0.0
40.0,99.0,1.3997168460000466,2.5,652.4296875,0.0
40.0,100.0,1.0379165710000962,2.4,652.4296875,0.0
41.0,1.0,1.8166268219993071,5.7,653.80859375,0.0
41.0,2.0,0.9136948399991525,2.7,653.80859375,0.0
41.0,3.0,1.8565153839999766,31.0,653.80859375,0.0
41.0,4.0,1.1915427229996567,30.1,653.80859375,0.0
41.0,5.0,0.6622657590005474,4.5,653.80859375,0.0
41.0,6.0,0.9916851319994748,2.0,653.80859375,0.0
41.0,7.0,1.1219608589999552,2.2,653.80859375,0.0
41.0,8.0,1.5466740129995742,2.3,653.80859375,0.0
41.0,9.0,1.3627247660006105,2.2,653.80859375,0.0
41.0,10.0,1.5717808910003441,1.9,653.80859375,0.0
41.0,11.0,1.053553527999611,1.9,653.80859375,0.0
41.0,12.0,1.0364922950002438,2.4,653.80859375,0.0
41.0,13.0,1.6407414240002254,54.8,653.80859375,0.0
41.0,14.0,2.2162759390002975,1.8,653.80859375,0.0
41.0,15.0,1.2770778289996088,2.0,653.80859375,0.0
41.0,16.0,1.0523457420003979,1.9,653.80859375,0.0
41.0,17.0,1.425193085000501,2.8,653.80859375,0.0
41.0,18.0,1.5889264109991927,1.6,653.80859375,0.0
41.0,19.0,2.1651633579995178,1.9,653.80859375,0.0
41.0,20.0,1.506571711000106,47.3,653.80859375,0.0
41.0,21.0,1.600855256999239,13.8,653.80859375,0.0
41.0,22.0,1.354898043000503,2.6,653.80859375,0.0
41.0,23.0,1.5386363300003723,1.3,653.80859375,0.0
41.0,24.0,1.5869723810001233,2.5,653.80859375,0.0
41.0,25.0,2.085181415999614,3.1,653.80859375,0.0
41.0,26.0,1.4598986860000878,2.0,653.80859375,0.0
41.0,27.0,1.6969297299992832,33.8,653.80859375,0.0
41.0,28.0,1.3763402249996943,23.7,653.80859375,0.0
41.0,29.0,2.0046093009996184,2.5,653.80859375,0.0
41.0,30.0,1.6039660870001171,2.2,653.80859375,0.0
41.0,31.0,1.6658575660003407,2.4,653.80859375,0.0
41.0,32.0,1.3558969679997972,2.2,653.80859375,0.0
41.0,33.0,3.8907385940001404,20.5,653.80859375,0.0
41.0,34.0,1.3269763140006035,10.6,653.80859375,0.0
41.0,35.0,1.3129048709997733,2.3,653.80859375,0.0
41.0,36.0,1.507102061000296,2.0,653.80859375,0.0
41.0,37.0,1.6333915269997306,2.1,653.80859375,0.0
41.0,38.0,1.0816400089997842,1.9,653.80859375,0.0
41.0,39.0,1.1455515759998889,3.5,653.80859375,0.0
41.0,40.0,1.0736068969999906,2.3,653.80859375,0.0
41.0,41.0,1.2472841839999091,7.7,653.80859375,0.0
41.0,42.0,1.8932234659996539,42.1,653.80859375,0.0
41.0,43.0,1.6857809980001548,1.8,653.8125,0.0
41.0,44.0,1.3401213669994831,4.5,653.8125,0.0
41.0,45.0,1.6069822129993554,1.6,653.8125,0.0
41.0,46.0,1.3860400719995596,2.5,653.8125,0.0
41.0,47.0,1.42061889300021,2.5,653.8125,0.0
41.0,48.0,3.564052695999635,23.7,653.8125,0.0
41.0,49.0,1.124278234000485,7.5,653.8125,0.0
41.0,50.0,0.9466436630000317,1.1,653.8125,0.0
41.0,51.0,1.1783900420005011,3.4,653.8125,0.0
41.0,52.0,0.965616964000219,1.6,653.8125,0.0
41.0,53.0,4.213724567000099,1.8,653.8125,0.0
41.0,54.0,3.649728661000154,24.1,653.8125,0.0
41.0,55.0,1.7700251310006934,2.3,653.8125,0.0
41.0,56.0,1.5406666079998104,3.2,653.8125,0.0
41.0,57.0,0.9598115069993582,1.0,653.8125,0.0
41.0,58.0,4.3438578049999705,1.7,653.8125,0.0
41.0,59.0,1.4169829759994172,22.0,653.8125,0.0
41.0,60.0,0.9277269489994069,54.6,653.8125,0.0
41.0,61.0,1.248791431000427,11.2,653.8125,0.0
41.0,62.0,1.1067342129999815,1.8,653.8125,0.0
41.0,63.0,1.6088924929999848,2.8,653.8125,0.0
41.0,64.0,1.4741314459997739,1.7,653.8125,0.0
41.0,65.0,3.9397004920001564,1.8,653.8125,0.0
41.0,66.0,1.9733256930003336,33.3,653.8125,0.0
41.0,67.0,2.0901390470007755,12.5,653.8125,0.0
41.0,68.0,1.6124979140004143,3.1,653.8125,0.0
41.0,69.0,1.1602026790005766,1.7,653.8125,0.0
41.0,70.0,1.5057879329997377,2.0,653.8125,0.0
41.0,71.0,1.6211686449996705,2.2,653.8125,0.0
41.0,72.0,4.6447512599997935,19.9,653.8125,0.0
41.0,73.0,0.8781582459996571,0.6,653.8125,0.0
41.0,74.0,1.5394840409999233,2.6,653.8125,0.0
41.0,75.0,1.6485415790002662,2.1,653.8125,0.0
41.0,76.0,1.3409000050005488,4.1,653.8125,0.0
41.0,77.0,1.3107174639999357,2.3,653.8125,0.0
41.0,78.0,2.466434177999872,2.0,653.8125,0.0
41.0,79.0,1.3024629479996293,49.6,653.8125,0.0
41.0,80.0,2.1429440419997263,12.4,653.8125,0.0
41.0,81.0,1.2529921909999757,2.4,653.8125,0.0
41.0,82.0,0.7698233640003309,2.6,653.8125,0.0
41.0,83.0,1.7545928559993627,1.7,653.8125,0.0
41.0,84.0,1.0518926960003228,2.4,653.8125,0.0
41.0,85.0,0.9024539709998862,2.2,653.8125,0.0
41.0,86.0,1.0735837629999878,1.9,653.8125,0.0
41.0,87.0,1.0373822259998633,2.4,653.8125,0.0
41.0,88.0,0.8527259640004559,29.9,653.8125,0.0
41.0,89.0,1.202738871999827,52.5,653.8125,0.0
41.0,90.0,2.5894000910002433,1.6,653.8125,0.0
41.0,91.0,1.19230017999962,2.5,653.8125,0.0
41.0,92.0,1.2822595810002895,3.1,653.8125,0.0
41.0,93.0,2.1974886359994343,2.1,653.8125,0.0
41.0,94.0,0.8509941340007572,2.9,653.8125,0.0
41.0,95.0,2.131638130999818,10.4,653.8125,0.0
41.0,96.0,1.422365295000418,48.4,653.8125,0.0
41.0,97.0,1.2046964789997219,4.1,653.8125,0.0
41.0,98.0,1.3267927040005816,3.0,653.8125,0.0
41.0,99.0,1.1251686339992375,1.8,653.8125,0.0
41.0,100.0,1.113190556000518,2.7,653.8125,0.0
42.0,1.0,1.8859804240000813,2.7,653.8125,0.0
42.0,2.0,1.2336443599997438,1.6,653.8125,0.0
42.0,3.0,1.7410260060005385,1.7,653.8125,0.0
42.0,4.0,2.045094129000063,42.6,653.8125,0.0
42.0,5.0,1.4467767050000475,2.1,653.8125,0.0
42.0,6.0,1.3495713289994455,2.2,653.8125,0.0
42.0,7.0,1.095910179999919,2.7,653.8125,0.0
42.0,8.0,1.5615369010001814,2.3,653.8125,0.0
42.0,9.0,1.123451020000175,1.8,653.8125,0.0
42.0,10.0,1.1636935880005694,2.6,653.8125,0.0
42.0,11.0,1.6880888369996683,2.1,653.8125,0.0
42.0,12.0,0.87236839399975,40.2,653.8125,0.0
42.0,13.0,0.9484745559993826,55.9,653.8125,0.0
42.0,14.0,1.3552671300003567,3.0,653.8125,0.0
42.0,15.0,1.19036449000032,2.9,653.8125,0.0
42.0,16.0,1.7735877330005678,2.0,653.8125,0.0
42.0,17.0,1.797610512000574,2.2,653.8125,0.0
42.0,18.0,1.067644841999936,2.4,653.8125,0.0
42.0,19.0,1.4508864649997122,4.1,653.8125,0.0
42.0,20.0,1.6352893630000835,11.1,653.8125,0.0
42.0,21.0,1.189174783999988,54.4,653.8125,0.0
42.0,22.0,1.5800357829994027,7.6,653.8125,0.0
42.0,23.0,1.4414822069993534,2.8,653.8125,0.0
42.0,24.0,1.6476409119995878,1.5,653.8125,0.0
42.0,25.0,1.2196937159997105,2.9,653.8125,0.0
42.0,26.0,0.9008092289996057,2.2,653.8125,0.0
42.0,27.0,1.5134028559996295,2.3,653.8125,0.0
42.0,28.0,1.855301851999684,3.0,653.8125,0.0
42.0,29.0,1.384922424999786,54.5,653.8125,0.0
42.0,30.0,2.765610215000379,5.4,653.8125,0.0
42.0,31.0,1.2377140529997632,2.4,653.8125,0.0
42.0,32.0,0.9255326980000973,2.2,653.8125,0.0
42.0,33.0,1.234495306000099,2.0,653.8125,0.0
42.0,34.0,1.369931725999777,1.8,653.8125,0.0
42.0,35.0,1.2688695269998789,3.1,653.8125,0.0
42.0,36.0,2.0175785520004865,19.7,653.8125,0.0
42.0,37.0,1.7486826499998642,29.3,653.8125,0.0
42.0,38.0,1.5473099370001364,2.9,653.8125,0.0
42.0,39.0,1.4154745549994914,3.9,653.8125,0.0
42.0,40.0,1.4686861999998655,2.4,653.8125,0.0
42.0,41.0,2.3815494020000187,1.7,653.8125,0.0
42.0,42.0,1.7566706839998005,2.3,653.8125,0.0
42.0,43.0,1.290161428999454,31.1,653.8125,0.0
42.0,44.0,0.7642980740001803,56.6,653.8125,0.0
42.0,45.0,1.5701383699997677,5.1,653.8125,0.0
42.0,46.0,2.076058983000621,2.2,653.8125,0.0
42.0,47.0,1.1514127409991488,2.6,653.8125,0.0
42.0,48.0,1.7579833219997454,2.8,653.8125,0.0
42.0,49.0,1.1212746530000004,2.2,653.8125,0.0
42.0,50.0,0.9439508730001762,2.1,653.8125,0.0
42.0,51.0,0.9473627059996943,2.1,653.8125,0.0
42.0,52.0,1.2347271620001266,32.8,653.8125,0.0
42.0,53.0,2.025902896999469,24.7,653.8125,0.0
42.0,54.0,3.3634801280004467,2.1,653.8125,0.0
42.0,55.0,1.4310548570001629,2.8,653.8125,0.0
42.0,56.0,1.2386318460003167,1.2,653.8125,0.0
42.0,57.0,1.0243505110001934,2.4,653.8125,0.0
42.0,58.0,1.9249889230004555,7.0,653.8125,0.0
42.0,59.0,1.0944952609997927,57.1,653.8125,0.0
42.0,60.0,1.57865653799945,14.6,653.8125,0.0
42.0,61.0,1.1191449200005081,2.2,653.8125,0.0
42.0,62.0,1.4977987040001608,1.7,653.8125,0.0
42.0,63.0,1.3888025539999944,2.5,653.8125,0.0
42.0,64.0,1.0566571990002558,2.4,653.8125,0.0
42.0,65.0,1.1434401429996797,2.2,653.8125,0.0
42.0,66.0,1.1675174749998405,2.1,653.8125,0.0
42.0,67.0,1.2134396070005096,1.7,653.8125,0.0
42.0,68.0,0.7143926999997348,45.1,653.8125,0.0
42.0,69.0,1.5778380370002196,36.4,653.8125,0.0
42.0,70.0,2.4263329890000023,2.9,653.8125,0.0
42.0,71.0,2.321674680999422,1.9,653.8125,0.0
42.0,72.0,1.9745197500005816,2.5,653.8125,0.0
42.0,73.0,1.5615289689994825,2.3,653.8125,0.0
42.0,74.0,1.3005354099996111,8.1,653.8125,0.0
42.0,75.0,1.1141583890002948,54.3,653.8125,0.0
42.0,76.0,0.915617005999593,22.5,653.8125,0.0
42.0,77.0,1.3183357690004414,2.3,653.8125,0.0
42.0,78.0,1.372691575999852,1.8,653.8125,0.0
42.0,79.0,0.8692674690000786,2.3,653.8125,0.0
42.0,80.0,1.1805085220003093,2.1,653.8125,0.0
42.0,81.0,1.8038061730003392,3.3,653.8125,0.0
42.0,82.0,1.8409523259997513,2.2,653.8125,0.0
42.0,83.0,1.7285698890000276,24.8,653.8125,0.0
42.0,84.0,1.5746041330003209,30.4,653.8125,0.0
42.0,85.0,1.042091844999959,2.9,653.8125,0.0
42.0,86.0,1.6565470400000777,2.4,653.8125,0.0
42.0,87.0,1.4022681860005832,2.1,653.8125,0.0
42.0,88.0,2.34749290200034,2.3,653.8125,0.0
42.0,89.0,1.230941169000289,2.0,653.8125,0.0
42.0,90.0,1.901311521000025,10.8,653.8125,0.0
42.0,91.0,0.9387878220004495,54.3,653.8125,0.0
42.0,92.0,1.4665150230002837,14.4,653.8125,0.0
42.0,93.0,1.8407207679993007,2.4,653.8125,0.0
42.0,94.0,1.3798865750004552,2.5,653.8125,0.0
42.0,95.0,1.9244868440000573,2.3,653.8125,0.0
42.0,96.0,0.8862555040004736,2.3,653.8125,0.0
42.0,97.0,1.6966412120000314,2.4,653.8125,0.0
42.0,98.0,1.2945270809996146,9.3,653.8125,0.0
42.0,99.0,0.9806011150003542,54.4,653.8125,0.0
42.0,100.0,1.250182476000191,20.8,653.8125,0.0
43.0,1.0,1.1675363860003927,5.2,653.8125,0.0
43.0,2.0,1.2221156769992376,2.0,653.8125,0.0
43.0,3.0,1.0635560140008238,2.4,653.8125,0.0
43.0,4.0,1.472357885000747,2.7,653.8125,0.0
43.0,5.0,1.1735597730003064,1.7,653.8125,0.0
43.0,6.0,3.491454958999384,8.2,653.8125,0.0
43.0,7.0,0.8376132220000727,54.2,653.8125,0.0
43.0,8.0,1.0771093289995406,18.2,653.8125,0.0
43.0,9.0,1.1398560219995488,2.2,653.8125,0.0
43.0,10.0,0.8427197060000253,2.4,653.8125,0.0
43.0,11.0,1.2583830169996872,2.4,653.8125,0.0
43.0,12.0,1.4936506639996878,2.3,653.8125,0.0
43.0,13.0,0.9733328809998056,2.6,653.8125,0.0
43.0,14.0,0.7701866610004799,2.6,653.8125,0.0
43.0,15.0,1.4695876750001844,2.0,653.8125,0.0
43.0,16.0,1.3734219099997063,6.2,653.8125,0.0
43.0,17.0,1.1254831530004594,54.7,653.8125,0.0
43.0,18.0,0.8669238439997571,25.0,653.8125,0.0
43.0,19.0,2.463872008999715,2.2,653.8125,0.0
43.0,20.0,2.1959967319999123,2.1,653.8125,0.0
43.0,21.0,1.0752901480000219,1.4,653.8125,0.0
43.0,22.0,1.435123233000013,2.1,653.8125,0.0
43.0,23.0,1.5746878410000136,4.4,653.8125,0.0
43.0,24.0,0.7513086070002828,3.4,653.8125,0.0
43.0,25.0,2.7162598570002956,32.3,653.8125,0.0
43.0,26.0,1.2601903769991623,2.8,653.8125,0.0
43.0,27.0,1.3582236450001801,1.8,653.8125,0.0
43.0,28.0,1.1561111229993912,2.2,653.8125,0.0
43.0,29.0,1.3927238650003346,1.8,653.8125,0.0
43.0,30.0,1.0732556670000122,1.9,653.8125,0.0
43.0,31.0,1.3932775919993219,2.5,653.8125,0.0
43.0,32.0,2.3133788340001047,27.5,653.8125,0.0
43.0,33.0,0.9193894039999577,30.4,653.8125,0.0
43.0,34.0,1.995831869999165,2.0,653.8125,0.0
43.0,35.0,2.6264302709996628,1.7,653.8125,0.0
43.0,36.0,1.529170970999985,3.6,653.8125,0.0
43.0,37.0,1.4105577350001113,1.8,653.8125,0.0
43.0,38.0,2.1793672919993696,7.6,653.8125,0.0
43.0,39.0,1.3068843620003463,55.4,653.8125,0.0
43.0,40.0,1.867241040999943,3.5,653.8125,0.0
43.0,41.0,1.629317089000324,2.2,653.8125,0.0
43.0,42.0,1.4397611579997829,4.2,653.8125,0.0
43.0,43.0,0.8578695349997361,0.6,653.8125,0.0
43.0,44.0,1.7319618890005586,2.6,653.8125,0.0
43.0,45.0,1.5377786310000374,2.9,653.8125,0.0
43.0,46.0,0.8730921830001535,2.9,653.8125,0.0
43.0,47.0,1.1481181239996658,49.3,653.8125,0.0
43.0,48.0,2.0066057050007657,16.3,653.8125,0.0
43.0,49.0,0.7917846760001339,1.9,653.8125,0.0
43.0,50.0,2.2927919550002116,2.0,653.8125,0.0
43.0,51.0,1.5861716139997952,1.6,653.8125,0.0
43.0,52.0,1.3399509119999493,3.0,653.8125,0.0
43.0,53.0,1.3861493249996784,2.2,653.8125,0.0
43.0,54.0,1.7224297909997404,21.8,653.8125,0.0
43.0,55.0,1.7526261009998052,31.1,653.8125,0.0
43.0,56.0,0.9108171810003114,2.2,653.8125,0.0
43.0,57.0,1.1180587770004422,2.2,653.8125,0.0
43.0,58.0,1.5431838240001525,2.6,653.8125,0.0
43.0,59.0,1.3857592280000972,1.8,653.8125,0.0
43.0,60.0,3.2975188069995056,2.1,653.8125,0.0
43.0,61.0,1.680581691000043,25.7,653.8125,0.0
43.0,62.0,1.470020724999813,34.6,653.8125,0.0
43.0,63.0,1.7464280599997437,2.6,653.8125,0.0
43.0,64.0,1.1829936880003515,2.1,653.8125,0.0
43.0,65.0,2.063159276999613,2.4,653.8125,0.0
43.0,66.0,2.155690224000864,1.9,653.8125,0.0
43.0,67.0,1.057174634999683,2.4,653.8125,0.0
43.0,68.0,1.7872407179993388,20.4,653.8125,0.0
43.0,69.0,1.2746374460002698,41.8,653.8125,0.0
43.0,70.0,2.167655102000026,2.5,653.8125,0.0
43.0,71.0,2.1629668800005675,2.3,653.8125,0.0
43.0,72.0,1.641815910999867,1.8,653.8125,0.0
43.0,73.0,1.4386382909997337,3.1,653.8125,0.0
43.0,74.0,1.5128024390005521,2.0,653.8125,0.0
43.0,75.0,1.169238824999411,21.8,653.8125,0.0
43.0,76.0,1.171844219000377,53.9,653.8125,0.0
43.0,77.0,1.4415146719993572,2.4,653.8125,0.0
43.0,78.0,1.7757784519999404,2.3,653.8125,0.0
43.0,79.0,1.3359119039996585,1.5,653.8125,0.0
43.0,80.0,2.1402358449995518,3.3,653.8125,0.0
43.0,81.0,0.9330101790001208,2.2,653.8125,0.0
43.0,82.0,1.6209425040005954,2.8,653.8125,0.0
43.0,83.0,1.493615253999451,29.3,653.8125,0.0
43.0,84.0,1.3319686170007117,34.6,653.8125,0.0
43.0,85.0,1.1991194550000728,2.9,653.81640625,0.0
43.0,86.0,1.4235577690005812,2.1,653.81640625,0.0
43.0,87.0,2.25160740299998,2.0,653.81640625,0.0
43.0,88.0,2.5115249340005903,2.4,653.81640625,0.0
43.0,89.0,2.0625039269998524,1.7,653.81640625,0.0
43.0,90.0,1.9147973680001087,45.0,653.81640625,0.0
43.0,91.0,1.1410047379995376,3.1,653.81640625,0.0
43.0,92.0,2.2581803690000015,2.0,653.81640625,0.0
43.0,93.0,1.6543749539996497,1.8,653.81640625,0.0
43.0,94.0,1.082944795000003,3.2,653.81640625,0.0
43.0,95.0,1.4028921049994096,2.1,653.81640625,0.0
43.0,96.0,1.2254858870001044,2.4,653.81640625,0.0
43.0,97.0,3.1768157450005674,27.9,653.81640625,0.0
43.0,98.0,1.4302740799994353,4.2,653.81640625,0.0
43.0,99.0,0.9747462209998048,3.1,653.81640625,0.0
43.0,100.0,1.82640087999971,1.6,653.81640625,0.0
44.0,1.0,1.7043419090005045,2.4,653.81640625,0.0
44.0,2.0,1.115555196999594,2.2,653.81640625,0.0
44.0,3.0,1.7368113299999095,2.3,653.81640625,0.0
44.0,4.0,1.2200878000003286,34.6,653.81640625,0.0
44.0,5.0,1.6870836649995908,28.7,653.81640625,0.0
44.0,6.0,0.989973880999969,2.5,653.81640625,0.0
44.0,7.0,1.1847138759994778,2.1,653.81640625,0.0
44.0,8.0,1.6063959590001105,2.2,653.81640625,0.0
44.0,9.0,2.9438430560003326,1.9,653.81640625,0.0
44.0,10.0,1.6633416120002948,2.7,653.81640625,0.0
44.0,11.0,3.1167810619999727,28.3,653.81640625,0.0
44.0,12.0,1.3777501089998623,1.8,653.81640625,0.0
44.0,13.0,1.1243421350000062,2.2,653.81640625,0.0
44.0,14.0,1.1840980470005888,3.4,653.81640625,0.0
44.0,15.0,4.033269939000093,1.7,653.81640625,0.0
44.0,16.0,0.7984337150001011,5.1,653.81640625,0.0
44.0,17.0,1.4605928000000858,32.0,653.81640625,0.0
44.0,18.0,1.2588057680004567,35.6,653.81640625,0.0
44.0,19.0,1.1854061839994756,2.1,653.81640625,0.0
44.0,20.0,4.458855791999667,1.8,653.81640625,0.0
44.0,21.0,1.1380902480004806,2.6,653.81640625,0.0
44.0,22.0,1.045265167999787,2.4,653.81640625,0.0
44.0,23.0,1.0655878200004736,1.9,653.81640625,0.0
44.0,24.0,1.4094189659999756,31.2,653.81640625,0.0
44.0,25.0,1.3321705629996359,35.0,653.81640625,0.0
44.0,26.0,1.8190737519998947,1.9,653.81640625,0.0
44.0,27.0,1.3684110140002304,2.2,653.81640625,0.0
44.0,28.0,1.259154295999906,3.2,653.81640625,0.0
44.0,29.0,1.4953666450001037,2.3,653.81640625,0.0
44.0,30.0,1.3426946110002973,1.5,653.81640625,0.0
44.0,31.0,1.2162664510005925,3.3,653.81640625,0.0
44.0,32.0,1.3837823370004116,18.8,653.81640625,0.0
44.0,33.0,0.9733054199996332,54.1,653.81640625,0.0
44.0,34.0,4.347014406999733,4.0,653.81640625,0.0
44.0,35.0,0.9147965499996644,5.4,653.81640625,0.0
44.0,36.0,1.5374404640006105,2.3,653.81640625,0.0
44.0,37.0,1.4699118739999903,2.0,653.81640625,0.0
44.0,38.0,1.8302872020003633,2.2,653.81640625,0.0
44.0,39.0,1.504882897999778,52.8,653.81640625,0.0
44.0,40.0,1.22649216300033,8.6,653.81640625,0.0
44.0,41.0,1.4591949129999193,1.7,653.81640625,0.0
44.0,42.0,3.3199697740001284,2.1,653.81640625,0.0
44.0,43.0,3.3182432949997747,2.1,653.81640625,0.0
44.0,44.0,3.2539662379995207,28.0,653.81640625,0.0
44.0,45.0,1.4054781060003734,1.8,653.81640625,0.0
44.0,46.0,0.915820100000019,2.7,653.81640625,0.0
44.0,47.0,3.289677128999756,1.7,653.81640625,0.0
44.0,48.0,1.8537034890005089,2.4,653.81640625,0.0
44.0,49.0,2.0706793830004244,13.5,653.81640625,0.0
44.0,50.0,2.6870853939999506,25.3,653.81640625,0.0
44.0,51.0,1.5072843890002332,2.0,653.81640625,0.0
44.0,52.0,2.4506824769996456,2.4,653.81640625,0.0
44.0,53.0,1.7491049379996184,1.7,653.81640625,0.0
44.0,54.0,1.2162681470008465,2.1,653.81640625,0.0
44.0,55.0,1.6417539909998595,6.7,653.81640625,0.0
44.0,56.0,1.6789543120003145,48.2,653.81640625,0.0
44.0,57.0,1.0984747130005417,1.8,653.81640625,0.0
44.0,58.0,1.1699217069999577,2.1,653.81640625,0.0
44.0,59.0,1.1273316329998124,2.2,653.81640625,0.0
44.0,60.0,0.7851071840004806,3.2,653.81640625,0.0
44.0,61.0,1.262694652999926,2.0,653.81640625,0.0
44.0,62.0,0.9698106169998937,2.1,653.81640625,0.0
44.0,63.0,1.8239343770001142,2.2,653.81640625,0.0
44.0,64.0,0.8833975449997524,2.3,653.81640625,0.0
44.0,65.0,1.7351271229999838,34.7,653.81640625,0.0
44.0,66.0,1.0599402609996105,26.8,653.81640625,0.0
44.0,67.0,2.193914925000172,2.3,653.81640625,0.0
44.0,68.0,1.1717500770000697,2.6,653.81640625,0.0
44.0,69.0,0.9606375769999431,2.6,653.81640625,0.0
44.0,70.0,1.611626234999676,2.2,653.81640625,0.0
44.0,71.0,1.5465856230002828,4.2,653.81640625,0.0
44.0,72.0,1.0479845059999207,2.9,653.81640625,0.0
44.0,73.0,1.8022213410004042,29.2,653.81640625,0.0
44.0,74.0,1.447949804000018,26.0,653.81640625,0.0
44.0,75.0,2.209530076000192,1.8,653.81640625,0.0
44.0,76.0,0.8118693149999672,3.1,653.81640625,0.0
44.0,77.0,1.2254250710002452,2.0,653.81640625,0.0
44.0,78.0,0.9233942370001387,2.7,653.81640625,0.0
44.0,79.0,1.386378173000594,1.8,653.8203125,0.0
44.0,80.0,1.4233473929998581,2.8,653.8203125,0.0
44.0,81.0,1.5154777890002151,13.6,653.8203125,0.0
44.0,82.0,1.5634609620001356,44.7,653.8203125,0.0
44.0,83.0,1.1669870789992274,2.2,653.8203125,0.0
44.0,84.0,2.2187247259998912,2.3,653.8203125,0.0
44.0,85.0,1.2703833590003342,2.0,653.8203125,0.0
44.0,86.0,1.1294743640000888,2.2,653.8203125,0.0
44.0,87.0,0.9152863829995113,3.3,653.8203125,0.0
44.0,88.0,1.443195365000065,2.4,653.8203125,0.0
44.0,89.0,1.4801799639999444,1.7,653.8203125,0.0
44.0,90.0,1.0757611449998876,52.6,653.8203125,0.0
44.0,91.0,0.9834159100000761,33.3,653.8203125,0.0
44.0,92.0,1.1381211630005055,2.2,653.8203125,0.0
44.0,93.0,1.042179768999631,4.8,653.8203125,0.0
44.0,94.0,1.6237403209997865,2.8,653.8203125,0.0
44.0,95.0,1.8893419340001856,2.1,653.8203125,0.0
44.0,96.0,1.0996053489998303,2.3,653.8203125,0.0
44.0,97.0,1.3264179289999447,2.3,653.8203125,0.0
44.0,98.0,1.8273697700005869,13.8,653.8203125,0.0
44.0,99.0,1.2608460929996,51.6,653.8203125,0.0
44.0,100.0,0.9207262090003496,2.7,653.8203125,0.0
45.0,1.0,1.3589382129994192,2.2,653.8203125,0.0
45.0,2.0,0.7427641289996245,3.4,653.8203125,0.0
45.0,3.0,0.6780648660005681,2.2,653.8203125,0.0
45.0,4.0,1.8263842189999195,3.0,653.8203125,0.0
45.0,5.0,1.3073476669997035,2.3,653.8203125,0.0
45.0,6.0,2.75441415899968,2.4,653.8203125,0.0
45.0,7.0,3.105448907999744,29.5,653.8203125,0.0
45.0,8.0,1.518093609999596,2.0,653.8203125,0.0
45.0,9.0,1.2445667140000296,2.8,653.8203125,0.0
45.0,10.0,1.4596616870003345,2.8,653.8203125,0.0
45.0,11.0,1.2127482750001946,2.5,653.8203125,0.0
45.0,12.0,1.3389489989995127,2.6,653.8203125,0.0
45.0,13.0,1.0110179769999377,2.5,653.8203125,0.0
45.0,14.0,1.5598910329999853,20.6,653.8203125,0.0
45.0,15.0,1.5680182670002978,40.1,653.8203125,0.0
45.0,16.0,2.222172011999646,1.8,653.8203125,0.0
45.0,17.0,1.0591021580003144,5.7,653.8203125,0.0
45.0,18.0,1.1306866630002332,2.2,653.8203125,0.0
45.0,19.0,2.724398242999996,1.8,653.8203125,0.0
45.0,20.0,1.30995983000048,2.7,653.8203125,0.0
45.0,21.0,1.6042539740001303,19.7,653.8203125,0.0
45.0,22.0,1.3696298329996353,43.2,653.8203125,0.0
45.0,23.0,1.5945337760003895,1.6,653.8203125,0.0
45.0,24.0,3.175935414000378,2.0,653.8203125,0.0
45.0,25.0,1.1564249639995978,2.6,653.8203125,0.0
45.0,26.0,1.1622310900002049,2.2,653.8203125,0.0
45.0,27.0,0.7678678080001191,2.6,653.8203125,0.0
45.0,28.0,1.8468362530002196,3.5,653.8203125,0.0
45.0,29.0,3.0661885919998895,28.4,653.8203125,0.0
45.0,30.0,1.4198393750002651,1.8,653.8203125,0.0
45.0,31.0,0.9653778230003809,2.1,653.8203125,0.0
45.0,32.0,1.0056434829994032,2.5,653.8203125,0.0
45.0,33.0,1.2961701139993238,3.1,653.8203125,0.0
45.0,34.0,1.3726563560003342,2.5,653.8203125,0.0
45.0,35.0,1.1009661140005846,1.8,653.8203125,0.0
45.0,36.0,1.563796659000218,12.2,653.8203125,0.0
45.0,37.0,1.1798752939994301,57.0,653.8203125,0.0
45.0,38.0,1.582447573000536,7.6,653.8203125,0.0
45.0,39.0,3.452187351000248,1.9,653.8203125,0.0
45.0,40.0,1.928328459000113,2.1,653.8203125,0.0
45.0,41.0,1.4215594879997298,2.1,653.8203125,0.0
45.0,42.0,1.1041442619998634,2.7,653.8203125,0.0
45.0,43.0,0.9724017499993352,19.7,653.8203125,0.0
45.0,44.0,1.2262565659993925,55.9,653.8203125,0.0
45.0,45.0,3.2833740810001473,2.8,653.8203125,0.0
45.0,46.0,1.3971214939992933,3.2,653.8203125,0.0
45.0,47.0,1.7219846300004065,1.7,653.8203125,0.0
45.0,48.0,1.0265915469999527,2.4,653.8203125,0.0
45.0,49.0,0.9010054880000098,3.3,653.8203125,0.0
45.0,50.0,1.41352341899983,2.5,653.8203125,0.0
45.0,51.0,1.2353712039994207,41.6,653.8203125,0.0
45.0,52.0,0.712940473999879,56.0,653.8203125,0.0
45.0,53.0,0.8836384410005849,1.7,653.8203125,0.0
45.0,54.0,1.0852949549998812,3.7,653.8203125,0.0
45.0,55.0,1.9368466509995415,1.3,653.8203125,0.0
45.0,56.0,1.0105693649993555,2.5,653.8203125,0.0
45.0,57.0,1.4472891969999182,3.1,653.8203125,0.0
45.0,58.0,1.2004370209997433,2.5,653.8203125,0.0
45.0,59.0,1.0112293369993495,3.0,653.8203125,0.0
45.0,60.0,1.3020098409997445,2.3,653.8203125,0.0
45.0,61.0,2.798820319000697,32.9,653.8203125,0.0
45.0,62.0,3.930346797999846,2.8,653.8203125,0.0
45.0,63.0,1.3044641799997407,2.7,653.8203125,0.0
45.0,64.0,0.815926027000387,3.1,653.8203125,0.0
45.0,65.0,1.4775743129994225,1.7,653.8203125,0.0
45.0,66.0,0.6462200740006665,3.8,653.8203125,0.0
45.0,67.0,1.3263642800002344,26.3,653.8203125,0.0
45.0,68.0,0.9450064610000481,56.1,653.8203125,0.0
45.0,69.0,0.9820870819994525,5.6,653.8203125,0.0
45.0,70.0,0.5806817559996489,4.3,653.8203125,0.0
45.0,71.0,1.545445982000274,2.3,653.8203125,0.0
45.0,72.0,1.0216812540002138,2.5,653.8203125,0.0
45.0,73.0,1.3338377200007017,3.0,653.8203125,0.0
45.0,74.0,1.1488816850005605,2.6,653.8203125,0.0
45.0,75.0,1.0107411409999258,2.5,653.8203125,0.0
45.0,76.0,0.9672364569996716,2.6,653.8203125,0.0
45.0,77.0,0.9638261119998788,2.6,653.8203125,0.0
45.0,78.0,1.301527673000237,34.7,653.8203125,0.0
45.0,79.0,0.8708330889994613,52.3,653.8203125,0.0
45.0,80.0,1.1859347469999193,2.9,653.8203125,0.0
45.0,81.0,1.518719067999882,2.0,653.8203125,0.0
45.0,82.0,1.3045789739999236,2.7,653.8203125,0.0
45.0,83.0,6.209406185000262,5.0,653.8203125,0.0
45.0,84.0,1.5939732870001535,44.0,653.8203125,0.0
45.0,85.0,1.254250986000443,3.6,653.8203125,0.0
45.0,86.0,1.2160840559999997,2.5,653.8203125,0.0
45.0,87.0,2.5130495410003277,2.2,653.8203125,0.0
45.0,88.0,0.8028763980000804,2.5,653.8203125,0.0
45.0,89.0,0.7122630869998829,3.5,653.8203125,0.0
45.0,90.0,1.0250738249997084,2.5,653.8203125,0.0
45.0,91.0,3.379848653999943,20.7,653.8203125,0.0
45.0,92.0,1.7030149170004734,13.3,653.8203125,0.0
45.0,93.0,1.4976787790001254,2.3,653.8203125,0.0
45.0,94.0,1.3381414719997338,2.6,653.8203125,0.0
45.0,95.0,1.1131345089997922,3.1,653.8203125,0.0
45.0,96.0,1.2689975809998941,2.0,653.8203125,0.0
45.0,97.0,1.277787132999947,2.3,653.8203125,0.0
45.0,98.0,0.9267122890005339,2.7,653.8203125,0.0
45.0,99.0,0.9454380389997823,1.6,653.8203125,0.0
45.0,100.0,0.9609481429997686,42.2,653.8203125,0.0
46.0,1.0,1.259079911000299,38.8,653.8203125,0.0
46.0,2.0,1.5813653870000053,2.5,653.8203125,0.0
46.0,3.0,0.9933573019998221,3.5,653.8203125,0.0
46.0,4.0,1.53676779000034,3.9,653.8203125,0.0
46.0,5.0,1.0407707000003938,2.4,653.8203125,0.0
46.0,6.0,0.6848010869998689,2.9,653.8203125,0.0
46.0,7.0,0.7039015970003675,0.7,653.8203125,0.0
46.0,8.0,1.9866418530000374,2.5,653.8203125,0.0
46.0,9.0,0.9146256069998344,2.7,653.8203125,0.0
46.0,10.0,1.3471934740000506,49.8,653.8203125,0.0
46.0,11.0,0.8699868870007776,24.3,653.8203125,0.0
46.0,12.0,1.0826523360001374,3.3,653.8203125,0.0
46.0,13.0,1.3155943179999667,1.9,653.8203125,0.0
46.0,14.0,1.2278544199998578,2.0,653.8203125,0.0
46.0,15.0,1.1631268589999308,2.1,653.8203125,0.0
46.0,16.0,2.678227291999974,2.4,653.8203125,0.0
46.0,17.0,1.4701853420001498,2.0,653.8203125,0.0
46.0,18.0,0.9394960439994975,25.3,653.8203125,0.0
46.0,19.0,1.228476932000376,53.5,653.8203125,0.0
46.0,20.0,1.3872586850002335,2.5,653.8203125,0.0
46.0,21.0,1.451178799000445,1.7,653.8203125,0.0
46.0,22.0,1.240407213999788,2.0,653.8203125,0.0
46.0,23.0,3.2577029290005157,2.2,653.8203125,0.0
46.0,24.0,1.2945092009995278,2.3,653.8203125,0.0
46.0,25.0,1.1010921119996055,2.3,653.8203125,0.0
46.0,26.0,0.9586002799997004,43.5,653.8203125,0.0
46.0,27.0,0.9510525289997531,55.0,653.8203125,0.0
46.0,28.0,5.985101317000044,1.8,653.8203125,0.0
46.0,29.0,0.8022992639998847,1.2,653.8203125,0.0
46.0,30.0,1.2932553629998438,2.7,653.8203125,0.0
46.0,31.0,1.1755767160002506,2.1,653.8203125,0.0
46.0,32.0,0.8518016409998381,14.8,653.8203125,0.0
46.0,33.0,0.7462313149999318,53.0,653.8203125,0.0
46.0,34.0,1.164260505999664,32.5,653.8203125,0.0
46.0,35.0,3.1326928939997742,1.8,653.8203125,0.0
46.0,36.0,1.7997082289994069,1.7,653.8203125,0.0
46.0,37.0,1.0025595849992897,3.0,653.8203125,0.0
46.0,38.0,0.7450553270000455,2.7,653.8203125,0.0
46.0,39.0,3.373447693000344,11.4,653.8203125,0.0
46.0,40.0,1.604074503999982,34.3,653.8203125,0.0
46.0,41.0,1.22942613000032,2.4,653.8203125,0.0
46.0,42.0,0.6181494309994378,3.2,653.8203125,0.0
46.0,43.0,1.5759711869995954,2.2,653.8203125,0.0
46.0,44.0,3.006774526999834,3.2,653.8203125,0.0
46.0,45.0,0.9597486479997315,2.6,653.8203125,0.0
46.0,46.0,0.9540852319996702,1.6,653.8203125,0.0
46.0,47.0,2.276208647000203,31.5,653.8203125,0.0
46.0,48.0,1.0408636450001723,20.7,653.8203125,0.0
46.0,49.0,0.9255883289997655,2.2,653.8203125,0.0
46.0,50.0,1.1251013109995256,2.7,653.8203125,0.0
46.0,51.0,0.9415031170001384,3.2,653.8203125,0.0
46.0,52.0,1.1722204620000412,2.1,653.8203125,0.0
46.0,53.0,1.3315328389999195,3.0,653.8203125,0.0
46.0,54.0,0.6159459539994714,0.8,653.8203125,0.0
46.0,55.0,1.2643923030000224,2.8,653.8203125,0.0
46.0,56.0,0.939850889999434,2.1,653.8203125,0.0
46.0,57.0,0.9131632459993853,1.6,653.8203125,0.0
46.0,58.0,0.6670023510005194,53.4,653.8203125,0.0
46.0,59.0,1.5649024499998632,34.3,653.8203125,0.0
46.0,60.0,1.1133847389992297,2.2,653.8203125,0.0
46.0,61.0,2.2497764709996773,1.8,653.8203125,0.0
46.0,62.0,1.122315291000632,2.2,653.8203125,0.0
46.0,63.0,1.5522930369997994,2.6,653.8203125,0.0
46.0,64.0,1.1292741010001919,2.2,653.8203125,0.0
46.0,65.0,1.9016903229994568,1.3,653.8203125,0.0
46.0,66.0,1.2496900960004496,43.4,653.8203125,0.0
46.0,67.0,1.349099763000595,26.7,653.8203125,0.0
46.0,68.0,1.1351554180000676,5.7,653.8203125,0.0
46.0,69.0,1.400351631000376,2.9,653.8203125,0.0
46.0,70.0,1.1269821120004053,2.2,653.8203125,0.0
46.0,71.0,1.059022159000051,2.4,653.8203125,0.0
46.0,72.0,1.4693172160004906,2.0,653.8203125,0.0
46.0,73.0,1.4077237749997948,2.1,653.8203125,0.0
46.0,74.0,3.141143791000104,27.4,653.8203125,0.0
46.0,75.0,1.358725575999415,5.9,653.8203125,0.0
46.0,76.0,0.9301863529999537,2.2,653.8203125,0.0
46.0,77.0,0.6910861899996235,2.9,653.8203125,0.0
46.0,78.0,0.9886314870000206,2.0,653.8203125,0.0
46.0,79.0,1.3325755269997899,3.4,653.8203125,0.0
46.0,80.0,1.3501352090006549,1.9,653.8203125,0.0
46.0,81.0,1.3437218119997851,1.5,653.8203125,0.0
46.0,82.0,0.9154698649999773,3.8,653.8203125,0.0
46.0,83.0,1.5173452159997396,14.6,653.8203125,0.0
46.0,84.0,1.25264072400023,54.8,653.8203125,0.0
46.0,85.0,1.1345341289998032,1.8,653.8203125,0.0
46.0,86.0,1.124835317000361,2.2,653.8203125,0.0
46.0,87.0,1.0325870879996728,2.4,653.8203125,0.0
46.0,88.0,0.9718705390005198,3.1,653.8203125,0.0
46.0,89.0,1.1129682099999627,2.7,653.8203125,0.0
46.0,90.0,0.9450857319998249,2.1,653.8203125,0.0
46.0,91.0,1.504039118000037,3.0,653.8203125,0.0
46.0,92.0,0.969747594999717,4.6,653.8203125,0.0
46.0,93.0,0.9105295360004675,2.8,653.8203125,0.0
46.0,94.0,1.582749380999303,44.9,653.8203125,0.0
46.0,95.0,1.1371713259995886,15.7,653.8203125,0.0
46.0,96.0,1.897901893999915,2.4,653.8203125,0.0
46.0,97.0,1.1108789139998407,2.7,653.8203125,0.0
46.0,98.0,1.023577472999932,2.0,653.8203125,0.0
46.0,99.0,0.8160089929997412,3.1,653.8203125,0.0
46.0,100.0,3.89945584599991,2.1,653.8203125,0.0
47.0,1.0,1.1633498320006765,39.2,653.8203125,0.0
47.0,2.0,1.0291038529994694,42.6,653.8203125,0.0
47.0,3.0,0.9985087320001185,2.0,653.8203125,0.0
47.0,4.0,1.2273915979994854,2.0,653.8203125,0.0
47.0,5.0,1.2901405870006784,2.3,653.8203125,0.0
47.0,6.0,1.0379013009996925,2.4,653.8203125,0.0
47.0,7.0,0.6938018770006238,2.9,653.8203125,0.0
47.0,8.0,1.5459966549997262,2.9,653.8203125,0.0
47.0,9.0,1.0247938920001616,2.0,653.8203125,0.0
47.0,10.0,1.453248660999634,2.1,653.8203125,0.0
47.0,11.0,0.6147067259998948,16.5,653.8203125,0.0
47.0,12.0,1.220865797999977,54.1,653.8203125,0.0
47.0,13.0,1.205719505000161,12.4,653.8203125,0.0
47.0,14.0,0.7209495259994583,2.8,653.8203125,0.0
47.0,15.0,1.0268465929993909,2.0,653.8203125,0.0
47.0,16.0,0.8629675570000472,2.9,653.8203125,0.0
47.0,17.0,2.1055825299999924,3.3,653.8203125,0.0
47.0,18.0,1.2390729230000943,2.0,653.8203125,0.0
47.0,19.0,0.9814665690000766,2.6,653.8203125,0.0
47.0,20.0,1.8507092800000464,2.2,653.8203125,0.0
47.0,21.0,1.3686211920003188,47.1,653.8203125,0.0
47.0,22.0,1.0441910709996591,23.1,653.8203125,0.0
47.0,23.0,1.0967189669991058,2.3,653.8203125,0.0
47.0,24.0,1.3395600249996278,1.5,653.8203125,0.0
47.0,25.0,0.8059020330001658,3.1,653.8203125,0.0
47.0,26.0,1.4128737580003872,2.1,653.8203125,0.0
47.0,27.0,2.2956689210004697,2.2,653.8203125,0.0
47.0,28.0,2.7888587339994046,9.4,653.8203125,0.0
47.0,29.0,2.418098531999931,28.7,653.8203125,0.0
47.0,30.0,1.474615748999895,2.0,653.8203125,0.0
47.0,31.0,0.6450039809997179,3.8,653.8203125,0.0
47.0,32.0,1.0438999120005974,2.9,653.8203125,0.0
47.0,33.0,0.7287427709998155,2.1,653.8203125,0.0
47.0,34.0,1.406022486999973,2.1,653.8203125,0.0
47.0,35.0,2.704477121999844,2.0,653.8203125,0.0
47.0,36.0,1.1078944220007543,18.9,653.8203125,0.0
47.0,37.0,5.0985314219997235,15.9,653.8203125,0.0
47.0,38.0,1.6366826630001015,1.8,653.8203125,0.0
47.0,39.0,0.9675365449993478,2.1,653.8203125,0.0
47.0,40.0,1.0480494579996957,2.9,653.8203125,0.0
47.0,41.0,1.5449378459998115,2.6,653.8203125,0.0
47.0,42.0,1.2324586710001313,12.3,653.8203125,0.0
47.0,43.0,0.9023246599999766,55.0,653.8203125,0.0
47.0,44.0,1.101578550999875,23.2,653.8203125,0.0
47.0,45.0,1.1911827750000157,2.1,653.8203125,0.0
47.0,46.0,1.3983237449992885,3.2,653.8203125,0.0
47.0,47.0,1.016380713000217,2.0,653.8203125,0.0
47.0,48.0,1.1852386199998364,2.1,653.8203125,0.0
47.0,49.0,1.4343137910000223,1.7,653.8203125,0.0
47.0,50.0,4.1084401130001424,14.9,653.8203125,0.0
47.0,51.0,1.1973209039997528,27.1,653.8203125,0.0
47.0,52.0,0.8407766989994343,2.4,653.8203125,0.0
47.0,53.0,1.118784582000444,1.8,653.8203125,0.0
47.0,54.0,5.218811767999796,2.3,653.8203125,0.0
47.0,55.0,1.0804103890004626,2.3,653.8203125,0.0
47.0,56.0,1.6934409460000097,21.4,653.8203125,0.0
47.0,57.0,1.4876226729993505,37.2,653.8203125,0.0
47.0,58.0,2.139340939000249,2.1,653.8203125,0.0
47.0,59.0,1.8211135550000108,1.9,653.8203125,0.0
47.0,60.0,2.5801429160001135,2.1,653.8203125,0.0
47.0,61.0,1.8599364379997496,1.9,653.8203125,0.0
47.0,62.0,3.1014651429995865,28.5,653.8203125,0.0
47.0,63.0,1.04700434499955,2.9,653.8203125,0.0
47.0,64.0,1.2526161589994445,1.6,653.8203125,0.0
47.0,65.0,1.2611799120004434,2.0,653.8203125,0.0
47.0,66.0,1.1306687420001253,2.2,653.8203125,0.0
47.0,67.0,0.9144577429997298,2.7,653.8203125,0.0
47.0,68.0,0.9632586730003823,2.1,653.8203125,0.0
47.0,69.0,0.7547009410000101,3.3,653.8203125,0.0
47.0,70.0,0.9998560069998348,2.0,653.8203125,0.0
47.0,71.0,1.3897324020008455,9.8,653.8203125,0.0
47.0,72.0,0.797915070000272,54.4,653.8203125,0.0
47.0,73.0,1.1507719400005954,30.4,653.8203125,0.0
47.0,74.0,1.2217912819996855,2.5,653.8203125,0.0
47.0,75.0,0.850394459999734,5.3,653.8203125,0.0
47.0,76.0,1.5560775439998906,2.9,653.8203125,0.0
47.0,77.0,2.039682654999524,2.2,653.8203125,0.0
47.0,78.0,1.395609178000086,2.2,653.8203125,0.0
47.0,79.0,1.284922703999655,2.0,653.8203125,0.0
47.0,80.0,1.6813799749997997,21.7,653.8203125,0.0
47.0,81.0,1.233033682000496,43.4,653.8203125,0.0
47.0,82.0,1.332704446000207,3.0,653.8203125,0.0
47.0,83.0,1.6053843489999053,1.9,653.8203125,0.0
47.0,84.0,2.4134282489994803,1.7,653.8203125,0.0
47.0,85.0,1.2163123999998788,3.3,653.8203125,0.0
47.0,86.0,1.2427320099995995,2.0,653.8203125,0.0
47.0,87.0,1.1514616380000007,2.2,653.8203125,0.0
47.0,88.0,1.1710053209999387,22.1,653.8203125,0.0
47.0,89.0,1.1497838719997162,54.8,653.8203125,0.0
47.0,90.0,3.0410277579994727,1.7,653.8203125,0.0
47.0,91.0,0.7408094900001743,4.0,653.8203125,0.0
47.0,92.0,1.5248261670003558,2.3,653.8203125,0.0
47.0,93.0,1.6144479729991872,2.2,653.8203125,0.0
47.0,94.0,0.9629467889999432,2.6,653.8203125,0.0
47.0,95.0,1.1989735300003304,2.5,653.8203125,0.0
47.0,96.0,1.054478521999954,12.4,653.8203125,0.0
47.0,97.0,3.144960541999353,25.6,653.8203125,0.0
47.0,98.0,1.0934124270006578,1.8,653.8203125,0.0
47.0,99.0,0.739768453000579,3.4,653.8203125,0.0
47.0,100.0,0.9636652409999442,2.6,653.8203125,0.0
48.0,1.0,1.1539503570002125,2.6,653.8203125,0.0
48.0,2.0,1.0812613999996756,2.8,653.8203125,0.0
48.0,3.0,1.5060478590003186,2.3,653.8203125,0.0
48.0,4.0,3.123297055999501,25.0,653.8203125,0.0
48.0,5.0,1.3761654539994197,9.8,653.8203125,0.0
48.0,6.0,1.6130628729997625,2.2,653.8203125,0.0
48.0,7.0,1.241042849999758,2.0,653.8203125,0.0
48.0,8.0,1.6346051589998751,2.8,653.8203125,0.0
48.0,9.0,0.9650534120000884,1.6,653.8203125,0.0
48.0,10.0,1.6718880839998747,2.4,653.8203125,0.0
48.0,11.0,0.9480340390000492,2.1,653.8203125,0.0
48.0,12.0,3.4554002519998903,25.9,653.8203125,0.0
48.0,13.0,0.9108381080004619,2.2,653.8203125,0.0
48.0,14.0,0.8672432890007258,3.4,653.8203125,0.0
48.0,15.0,1.2080384769997181,2.5,653.8203125,0.0
48.0,16.0,1.4180271060004088,4.3,653.8203125,0.0
48.0,17.0,1.065391064999858,2.3,653.8203125,0.0
48.0,18.0,0.7310800299992479,3.4,653.8203125,0.0
48.0,19.0,1.2031885349997538,2.1,653.8203125,0.0
48.0,20.0,1.1418187600002057,2.6,653.8203125,0.0
48.0,21.0,0.8335536049999064,38.8,653.8203125,0.0
48.0,22.0,2.648445487000572,22.3,653.8203125,0.0
48.0,23.0,0.8583728829999018,2.3,653.8203125,0.0
48.0,24.0,1.1326407600008679,2.7,653.8203125,0.0
48.0,25.0,1.3238753770001495,1.9,653.8203125,0.0
48.0,26.0,1.333965124000315,3.0,653.8203125,0.0
48.0,27.0,1.1236066940000455,2.2,653.8203125,0.0
48.0,28.0,1.9835702210002637,2.0,653.8203125,0.0
48.0,29.0,0.976207212999725,23.6,653.8203125,0.0
48.0,30.0,2.177080845999626,31.4,653.8203125,0.0
48.0,31.0,1.2074952689999918,1.7,653.8203125,0.0
48.0,32.0,1.277287251999951,2.7,653.8203125,0.0
48.0,33.0,1.131121594000433,1.8,653.8203125,0.0
48.0,34.0,1.2361780159999398,2.8,653.8203125,0.0
48.0,35.0,1.3857154309998805,2.2,653.8203125,0.0
48.0,36.0,1.0438217730006727,2.4,653.8203125,0.0
48.0,37.0,1.5217600840005616,2.3,653.8203125,0.0
48.0,38.0,1.0830449340000996,45.1,653.8203125,0.0
48.0,39.0,0.9743627930001821,43.2,653.8203125,0.0
48.0,40.0,1.2898257440001544,2.3,653.8203125,0.0
48.0,41.0,1.1841536619995168,2.1,653.8203125,0.0
48.0,42.0,1.6498843230001512,2.4,653.8203125,0.0
48.0,43.0,1.2763545380003052,4.3,653.8203125,0.0
48.0,44.0,1.238449849999597,3.3,653.8203125,0.0
48.0,45.0,1.2416187289991285,2.4,653.8203125,0.0
48.0,46.0,0.7844810019996658,3.2,653.8203125,0.0
48.0,47.0,1.7410464190006678,23.6,653.8203125,0.0
48.0,48.0,0.9091415960001541,55.2,653.8203125,0.0
48.0,49.0,1.3905559429995265,45.8,653.8203125,0.0
48.0,50.0,1.3136031100002583,16.8,653.8203125,0.0
48.0,51.0,1.4527238440005021,4.2,653.8203125,0.0
48.0,52.0,1.2482427260001714,4.0,653.8203125,0.0
48.0,53.0,1.7301061090001895,2.3,653.8203125,0.0
48.0,54.0,1.9354661950001173,2.1,653.8203125,0.0
48.0,55.0,1.2180850229997304,16.7,653.8203125,0.0
48.0,56.0,1.2370329699997455,55.3,653.8203125,0.0
48.0,57.0,1.0401577220000036,4.8,653.8203125,0.0
48.0,58.0,1.1605232329993669,2.6,653.8203125,0.0
48.0,59.0,0.8906770269995832,7.3,653.8203125,0.0
48.0,60.0,1.784195107999949,2.5,653.8203125,0.0
48.0,61.0,0.849408138000399,1.8,653.8203125,0.0
48.0,62.0,1.4313748109998414,10.8,653.8203125,0.0
48.0,63.0,1.5148629360000996,3.0,653.8203125,0.0
48.0,64.0,2.604444599999624,27.1,653.8203125,0.0
48.0,65.0,1.3244548430002396,17.6,653.8203125,0.0
48.0,66.0,0.8500037429994336,2.4,653.8203125,0.0
48.0,67.0,0.7377732810000452,2.7,653.8203125,0.0
48.0,68.0,1.445277840000017,1.7,653.8203125,0.0
48.0,69.0,0.8684633479997501,3.4,653.8203125,0.0
48.0,70.0,1.041159074999996,2.4,653.8203125,0.0
48.0,71.0,1.04790115600008,2.4,653.8203125,0.0
48.0,72.0,1.4909498580000218,2.0,653.8203125,0.0
48.0,73.0,1.370948703999602,2.9,653.8203125,0.0
48.0,74.0,0.8838471580002079,45.7,653.8203125,0.0
48.0,75.0,1.444302930000049,36.0,653.8203125,0.0
48.0,76.0,1.0162446900003488,2.5,653.8203125,0.0
48.0,77.0,0.6219687960001465,4.8,653.8203125,0.0
48.0,78.0,0.9921212520002882,2.0,653.8203125,0.0
48.0,79.0,0.7583768269996654,1.3,653.8203125,0.0
48.0,80.0,0.9725581680004325,2.6,653.8203125,0.0
48.0,81.0,3.2317669599997316,2.0,653.8203125,0.0
48.0,82.0,1.454629907000708,2.1,653.8203125,0.0
48.0,83.0,0.7693013019998034,27.5,653.8203125,0.0
48.0,84.0,1.3748170810004012,50.5,653.8203125,0.0
48.0,85.0,0.7687040939999861,2.0,653.8203125,0.0
48.0,86.0,1.2189509159998124,2.5,653.8203125,0.0
48.0,87.0,0.9604628570004934,2.6,653.8203125,0.0
48.0,88.0,0.6924222879997615,3.6,653.8203125,0.0
48.0,89.0,1.1758530839997547,4.3,653.8203125,0.0
48.0,90.0,0.845899351999833,3.0,653.8203125,0.0
48.0,91.0,3.879729027000394,1.6,653.8203125,0.0
48.0,92.0,1.1658813300000475,41.2,653.8203125,0.0
48.0,93.0,1.3247726929994315,33.5,653.8203125,0.0
48.0,94.0,0.7409787880005752,3.4,653.8203125,0.0
48.0,95.0,1.671452821999992,1.5,653.8203125,0.0
48.0,96.0,1.6420187550002083,2.4,653.8203125,0.0
48.0,97.0,1.3583076759996402,2.2,653.8203125,0.0
48.0,98.0,0.7129135530003623,2.8,653.8203125,0.0
48.0,99.0,1.1238326900001994,1.8,653.8203125,0.0
48.0,100.0,1.8912055809996673,2.1,653.8203125,0.0
49.0,1.0,1.0527147480006533,40.7,653.8203125,0.0
49.0,2.0,1.3226643360003436,36.6,653.8203125,0.0
49.0,3.0,0.8989663840002322,2.2,653.8203125,0.0
49.0,4.0,1.4536981740002375,2.7,653.8203125,0.0
49.0,5.0,1.1250245399996857,3.1,653.8203125,0.0
49.0,6.0,2.2089405399992756,1.8,653.8203125,0.0
49.0,7.0,1.7282675079995897,2.0,653.8203125,0.0
49.0,8.0,1.5242479019998427,2.3,653.8203125,0.0
49.0,9.0,2.7996779269997205,32.7,653.8203125,0.0
49.0,10.0,2.554341002000001,2.0,653.8203125,0.0
49.0,11.0,1.231591587999901,2.0,653.8203125,0.0
49.0,12.0,1.301882284000385,3.1,653.8203125,0.0
49.0,13.0,0.8329617879999205,1.8,653.8203125,0.0
49.0,14.0,1.9707221019998542,1.8,653.8203125,0.0
49.0,15.0,1.8299631720001344,13.9,653.8203125,0.0
49.0,16.0,1.1840538830001606,54.7,653.8203125,0.0
49.0,17.0,1.1171906999989005,2.2,653.8203125,0.0
49.0,18.0,1.8120436259996495,1.9,653.8203125,0.0
49.0,19.0,1.951409216000684,2.3,653.8203125,0.0
49.0,20.0,5.642472266001278,7.4,653.8203125,0.0
49.0,21.0,0.9367375239999092,55.1,653.8203125,0.0
49.0,22.0,0.9604253609995794,9.9,653.8203125,0.0
49.0,23.0,0.9726518999996188,2.1,653.8203125,0.0
49.0,24.0,1.3191697120000754,2.7,653.8203125,0.0
49.0,25.0,1.6434911979995377,2.1,653.8203125,0.0
49.0,26.0,1.0251042749987391,2.5,653.8203125,0.0
49.0,27.0,0.7648865380015195,2.0,653.8203125,0.0
49.0,28.0,0.9657790299988847,5.2,653.8203125,0.0
49.0,29.0,1.6650492799999483,2.4,653.8203125,0.0
49.0,30.0,1.518767289000607,26.8,653.8203125,0.0
49.0,31.0,0.874789100000271,56.3,653.8203125,0.0
49.0,32.0,2.542466136001167,2.6,653.8203125,0.0
49.0,33.0,1.1667159170010564,2.2,653.8203125,0.0
49.0,34.0,1.5673319910001737,1.6,653.8203125,0.0
49.0,35.0,1.0674397080001654,2.4,653.8203125,0.0
49.0,36.0,0.8278409820013621,2.4,653.8203125,0.0
49.0,37.0,4.077349025999865,18.2,653.8203125,0.0
49.0,38.0,1.0981246960000135,18.8,653.8203125,0.0
49.0,39.0,1.787230386000374,2.0,653.8203125,0.0
49.0,40.0,0.8477242949993524,2.4,653.8203125,0.0
49.0,41.0,0.6968057779995434,2.1,653.8203125,0.0
49.0,42.0,1.9094931829986308,2.4,653.8203125,0.0
49.0,43.0,1.4284171140006947,2.5,653.8203125,0.0
49.0,44.0,1.1749905929991655,3.0,653.8203125,0.0
49.0,45.0,2.165197755000918,21.4,653.8203125,0.0
49.0,46.0,2.0582923750007467,22.7,653.8203125,0.0
49.0,47.0,1.1991159940007492,2.5,653.8203125,0.0
49.0,48.0,1.416047405999052,5.3,653.8203125,0.0
49.0,49.0,1.108974961000058,2.3,653.8203125,0.0
49.0,50.0,1.1964896760000556,2.1,653.8203125,0.0
49.0,51.0,0.8438459550015978,2.9,653.8203125,0.0
49.0,52.0,0.8549284270011412,0.6,653.8203125,0.0
49.0,53.0,1.5240884180002467,3.3,653.8203125,0.0
49.0,54.0,1.6691040200003044,36.1,653.8203125,0.0
49.0,55.0,1.1588167620011518,25.7,653.8203125,0.0
49.0,56.0,0.6592295109985571,1.5,653.8203125,0.0
49.0,57.0,1.2588461699997424,3.2,653.8203125,0.0
49.0,58.0,0.8900431769998249,1.7,653.8203125,0.0
49.0,59.0,1.221941133000655,2.9,653.8203125,0.0
49.0,60.0,1.3423260370000207,2.2,653.8203125,0.0
49.0,61.0,1.3288806450000266,1.9,653.8203125,0.0
49.0,62.0,1.541773306000323,2.6,653.8203125,0.0
49.0,63.0,2.115763895000782,27.6,653.8203125,0.0
49.0,64.0,1.314131004999581,24.9,653.8203125,0.0
49.0,65.0,1.5430315149988019,2.9,653.8203125,0.0
49.0,66.0,1.2520895639991068,2.0,653.8203125,0.0
49.0,67.0,1.4659261199994944,2.1,653.8203125,0.0
49.0,68.0,1.171977608000816,2.1,653.8203125,0.0
49.0,69.0,0.9156595879994711,2.7,653.8203125,0.0
49.0,70.0,1.5685989689991402,2.5,653.8203125,0.0
49.0,71.0,1.7258594180002547,17.3,653.8203125,0.0
49.0,72.0,1.3995664470003248,45.5,653.8203125,0.0
49.0,73.0,0.9052032020008483,3.3,653.8203125,0.0
49.0,74.0,1.0652999519988953,1.4,653.8203125,0.0
49.0,75.0,0.9722304139995686,2.6,653.8203125,0.0
49.0,76.0,1.7434195499990892,2.6,653.8203125,0.0
49.0,77.0,1.2002542130012444,2.5,653.8203125,0.0
49.0,78.0,1.3226698540001962,2.3,653.8203125,0.0
49.0,79.0,0.9710482999998931,2.1,653.8203125,0.0
49.0,80.0,1.3918024089998653,2.2,653.8203125,0.0
49.0,81.0,1.4326553979990422,48.4,653.8203125,0.0
49.0,82.0,1.0375210289985262,19.7,653.8203125,0.0
49.0,83.0,1.287438266999743,2.0,653.8203125,0.0
49.0,84.0,2.1595324629997776,1.9,653.8203125,0.0
49.0,85.0,0.9534236979998241,2.6,653.8203125,0.0
49.0,86.0,1.4826676939992467,2.7,653.8203125,0.0
49.0,87.0,1.2951591740002186,2.3,653.8203125,0.0
49.0,88.0,2.113383530999272,2.6,653.8203125,0.0
49.0,89.0,0.904501351998988,54.7,653.8203125,0.0
49.0,90.0,2.0789766580001015,18.6,653.8203125,0.0
49.0,91.0,1.252242868000394,2.0,653.8203125,0.0
49.0,92.0,0.7663884960002179,2.6,653.8203125,0.0
49.0,93.0,1.2101928259999113,2.9,653.8203125,0.0
49.0,94.0,1.0941732699993736,6.0,653.8203125,0.0
49.0,95.0,0.9738514769996982,2.1,653.8203125,0.0
49.0,96.0,1.1409716400012258,2.2,653.8203125,0.0
49.0,97.0,0.934400464000646,2.7,653.8203125,0.0
49.0,98.0,1.4103499140001077,11.0,653.8203125,0.0
49.0,99.0,0.9913117550004245,54.8,653.8203125,0.0
49.0,100.0,1.0432437180006673,20.3,653.8203125,0.0
50.0,1.0,1.0867594970004575,6.5,653.8203125,0.0
50.0,2.0,1.4352076100003615,2.8,653.8203125,0.0
50.0,3.0,1.3405152470004396,1.5,653.8203125,0.0
50.0,4.0,1.1320586879992334,2.2,653.8203125,0.0
50.0,5.0,1.35434666600122,3.0,653.8203125,0.0
50.0,6.0,1.0567316349988687,2.8,653.8203125,0.0
50.0,7.0,0.6867489659998682,5.1,653.8203125,0.0
50.0,8.0,1.4249794370007294,76.3,653.8203125,0.0
50.0,9.0,2.054344593001588,99.5,653.8203125,0.0
50.0,10.0,2.1869742670005508,56.8,653.8203125,0.0
50.0,11.0,0.9475571860002674,2.6,653.8203125,0.0
50.0,12.0,1.193353283999386,2.1,653.8203125,0.0
50.0,13.0,4.320871500998692,1.6,653.8203125,0.0
50.0,14.0,0.9161240350003936,7.1,653.8203125,0.0
50.0,15.0,0.8895408200005477,2.8,653.8203125,0.0
50.0,16.0,1.248727742000483,51.6,653.8203125,0.0
50.0,17.0,1.0202470990006987,32.3,653.8203125,0.0
50.0,18.0,0.8546843149997585,2.3,653.8203125,0.0
50.0,19.0,0.9277641240005323,2.7,653.8203125,0.0
50.0,20.0,1.9564302639992093,2.3,653.8203125,0.0
50.0,21.0,0.8988911109991022,2.8,653.8203125,0.0
50.0,22.0,1.277185079999981,2.3,653.8203125,0.0
50.0,23.0,0.9838762449999194,7.1,653.8203125,0.0
50.0,24.0,1.0872400059997744,2.3,653.8203125,0.0
50.0,25.0,0.8323325479996129,2.4,653.8203125,0.0
50.0,26.0,0.5706960509996861,1.8,653.8203125,0.0
50.0,27.0,0.7002655020005477,46.7,653.8203125,0.0
50.0,28.0,1.994029165000029,30.5,653.8203125,0.0
50.0,29.0,0.8926249910000479,2.8,653.8203125,0.0
50.0,30.0,1.7619058809996204,2.0,653.8203125,0.0
50.0,31.0,0.8554236769996351,2.4,653.8203125,0.0
50.0,32.0,1.1351087570001255,4.8,653.8203125,0.0
50.0,33.0,1.0710421799994947,3.7,653.8203125,0.0
50.0,34.0,1.0271964840012515,2.9,653.8203125,0.0
50.0,35.0,0.7807573649988626,2.5,653.8203125,0.0
50.0,36.0,0.9367318479999085,10.8,653.8203125,0.0
50.0,37.0,1.6088502640013758,42.2,653.8203125,0.0
50.0,38.0,1.0333960130010382,36.1,653.8203125,0.0
50.0,39.0,0.9441220349999639,2.1,653.8203125,0.0
50.0,40.0,1.2038324959994497,2.5,653.8203125,0.0
50.0,41.0,1.0888089689997287,2.3,653.8203125,0.0
50.0,42.0,1.0958456949992978,6.4,653.8203125,0.0
50.0,43.0,1.1355189999994764,1.8,653.8203125,0.0
50.0,44.0,0.8199064089985768,6.1,653.8203125,0.0
50.0,45.0,1.1240690590002487,2.2,653.8203125,0.0
50.0,46.0,1.0707885189985973,1.9,653.8203125,0.0
50.0,47.0,0.7787581960001262,2.6,653.8203125,0.0
50.0,48.0,2.168852700999196,42.8,653.8203125,0.0
50.0,49.0,0.9657765410011052,3.1,653.8203125,0.0
50.0,50.0,1.1448268730000564,33.0,653.8203125,0.0
50.0,51.0,0.8423448169996846,95.3,653.8203125,0.0
50.0,52.0,1.000419891999627,94.5,653.8203125,0.0
50.0,53.0,0.853113735000079,49.7,653.8203125,0.0
50.0,54.0,1.0382387630015728,32.9,653.8203125,0.0
50.0,55.0,0.6816100970008847,92.6,653.8203125,0.0
50.0,56.0,1.1837765349991969,15.3,653.8203125,0.0
50.0,57.0,1.7209519230000296,2.0,653.8203125,0.0
50.0,58.0,1.9256558419983776,46.5,653.8203125,0.0
50.0,59.0,1.031748430999869,8.2,653.8203125,0.0
50.0,60.0,0.8564566850000119,3.5,653.8203125,0.0
50.0,61.0,1.9551175409997086,2.1,653.8203125,0.0
50.0,62.0,2.0739385739998397,1.9,653.8203125,0.0
50.0,63.0,0.654789289999826,41.5,653.8203125,0.0
50.0,64.0,1.0442561119998572,2.9,653.8203125,0.0
50.0,65.0,1.430713168998409,2.5,653.8203125,0.0
50.0,66.0,1.1152377510006772,8.5,653.8203125,0.0
50.0,67.0,0.967302187000314,57.6,653.8203125,0.0
50.0,68.0,0.8934758260002127,45.5,653.8203125,0.0
50.0,69.0,0.9028283469997405,2.2,653.8203125,0.0
50.0,70.0,0.8333132949992432,6.0,653.8203125,0.0
50.0,71.0,1.2036195360014972,3.7,653.8203125,0.0
50.0,72.0,0.6404446399992594,0.8,653.8203125,0.0
50.0,73.0,1.921112764001009,2.1,653.8203125,0.0
50.0,74.0,0.988743276000605,3.0,653.8203125,0.0
50.0,75.0,1.1542703150007583,1.7,653.8203125,0.0
50.0,76.0,0.9675516870011052,2.6,653.8203125,0.0
50.0,77.0,1.2361262900012662,9.4,653.8203125,0.0
50.0,78.0,0.6599877080006991,55.0,653.8203125,0.0
50.0,79.0,0.8935878160009452,57.3,653.8203125,0.0
50.0,80.0,0.90484861799996,3.9,653.8203125,0.0
50.0,81.0,1.0509358999988763,2.4,653.8203125,0.0
50.0,82.0,0.893048201000056,2.8,653.8203125,0.0
50.0,83.0,0.6466200060003757,2.3,653.8203125,0.0
50.0,84.0,0.6498852589993476,3.1,653.8203125,0.0
50.0,85.0,0.9095631039999716,2.2,653.8203125,0.0
50.0,86.0,0.9178903479987639,2.7,653.8203125,0.0
50.0,87.0,0.9192425700002786,2.2,653.8203125,0.0
50.0,88.0,1.5266169420010556,4.3,653.8203125,0.0
50.0,89.0,1.6863733070003946,5.7,653.8203125,0.0
50.0,90.0,0.7918199790001381,55.1,653.8203125,0.0
50.0,91.0,1.0833657969997148,42.3,653.8203125,0.0
50.0,92.0,1.0305316839985608,2.4,653.8203125,0.0
50.0,93.0,0.9718213660016772,2.6,653.8203125,0.0
50.0,94.0,0.8003260899986344,1.9,653.8203125,0.0
50.0,95.0,0.6317474620009307,3.2,653.8203125,0.0
50.0,96.0,1.360188554999695,2.9,653.8203125,0.0
50.0,97.0,0.5807543230002921,3.4,653.8203125,0.0
50.0,98.0,1.1142611720006244,2.7,653.8203125,0.0
50.0,99.0,0.780377564000446,3.2,653.8203125,0.0
50.0,100.0,0.8614697150005668,5.8,653.8203125,0.0
