Epoch,Episodio,Tiempo(s),CPU(%),RAM(MB),GPU_mem(MB)
1.0,1.0,0.004889090000233409,56.1,581.70703125,0.0
1.0,2.0,0.003486198000246077,50.0,585.54296875,0.0
1.0,3.0,0.003924060999906942,50.0,585.5625,0.0
1.0,4.0,0.003125986000213743,0.0,585.56640625,0.0
1.0,5.0,0.003249110000069777,50.0,585.57421875,0.0
1.0,6.0,0.0038957660003688943,0.0,585.58203125,0.0
1.0,7.0,0.0040679640001144435,0.0,585.58984375,0.0
1.0,8.0,0.0023506960001213884,100.0,585.609375,0.0
1.0,9.0,0.003163027000027796,0.0,585.62109375,0.0
1.0,10.0,0.003170293000039237,0.0,585.640625,0.0
1.0,11.0,0.003932148000330926,100.0,585.66015625,0.0
1.0,12.0,0.0032282239999403828,0.0,585.66796875,0.0
1.0,13.0,0.0031324199999289704,100.0,585.68359375,0.0
1.0,14.0,0.003405182000278728,0.0,585.70703125,0.0
1.0,15.0,0.004111829000066791,50.0,585.7265625,0.0
1.0,16.0,0.003905843999746139,0.0,585.75390625,0.0
1.0,17.0,0.0023531529996034806,0.0,585.76953125,0.0
1.0,18.0,0.0024786839999251242,100.0,585.79296875,0.0
1.0,19.0,0.003289238999968802,0.0,585.81640625,0.0
1.0,20.0,0.00315929899988987,0.0,585.8359375,0.0
1.0,21.0,0.003888160999849788,100.0,585.85546875,0.0
1.0,22.0,0.004024106000088068,0.0,585.88671875,0.0
1.0,23.0,0.004189796999980899,100.0,585.91796875,0.0
1.0,24.0,0.002408807999927376,0.0,585.94921875,0.0
1.0,25.0,0.0032300570001098095,50.0,585.98046875,0.0
1.0,26.0,0.0031213790002766473,100.0,585.99609375,0.0
1.0,27.0,0.0031429569999090745,0.0,586.0234375,0.0
1.0,28.0,0.0039003689998935442,100.0,586.05078125,0.0
1.0,29.0,0.002385693000178435,0.0,586.07421875,0.0
1.0,30.0,0.003211626000393153,0.0,586.1015625,0.0
1.0,31.0,0.0032288559996231925,100.0,586.12890625,0.0
1.0,32.0,0.0033207659998879535,0.0,586.12890625,0.0
1.0,33.0,0.0031099939997147885,0.0,586.13671875,0.0
1.0,34.0,0.002302407000115636,100.0,586.140625,0.0
1.0,35.0,0.0031024599998090707,0.0,586.140625,0.0
1.0,36.0,0.003982940999776474,100.0,586.1484375,0.0
1.0,37.0,0.0023111919999792008,0.0,586.15625,0.0
1.0,38.0,0.002306912000221928,0.0,586.16015625,0.0
1.0,39.0,0.003131475999907707,100.0,586.1640625,0.0
1.0,40.0,0.003397950999897148,0.0,586.1640625,0.0
1.0,41.0,0.004909441000108927,50.0,586.16796875,0.0
1.0,42.0,0.004138557999795012,0.0,586.171875,0.0
1.0,43.0,0.004350907999651099,50.0,586.17578125,0.0
1.0,44.0,0.0025302050003119803,0.0,586.1796875,0.0
1.0,45.0,0.002426872000341973,0.0,586.1875,0.0
1.0,46.0,0.003906452000137506,50.0,586.19140625,0.0
1.0,47.0,0.0031448370000362047,0.0,586.1953125,0.0
1.0,48.0,0.003155071000037424,100.0,586.20703125,0.0
1.0,49.0,0.003151734999846667,0.0,586.2109375,0.0
1.0,50.0,0.0031351459997495112,0.0,586.2109375,0.0
1.0,51.0,0.003971681999701104,50.0,586.21875,0.0
1.0,52.0,0.004124100999888469,0.0,586.22265625,0.0
1.0,53.0,0.003893367000273429,100.0,586.2265625,0.0
1.0,54.0,0.0031991790001484333,0.0,586.2265625,0.0
1.0,55.0,0.003135607999865897,0.0,586.234375,0.0
1.0,56.0,0.004111397000087891,50.0,586.234375,0.0
1.0,57.0,0.0031718149998596346,0.0,586.23828125,0.0
1.0,58.0,0.0032285990000673337,100.0,586.24609375,0.0
1.0,59.0,0.002668560000074649,0.0,586.25390625,0.0
1.0,60.0,0.0038851710000926687,0.0,586.25390625,0.0
1.0,61.0,0.00331048699990788,50.0,586.2578125,0.0
1.0,62.0,0.0031723319998491206,0.0,586.2734375,0.0
1.0,63.0,0.002379670000209444,100.0,586.28125,0.0
1.0,64.0,0.0033313129997623037,0.0,586.28125,0.0
1.0,65.0,0.0031859089999670687,0.0,586.2890625,0.0
1.0,66.0,0.003925755000182107,50.0,586.2890625,0.0
1.0,67.0,0.0031597500001225853,0.0,586.296875,0.0
1.0,68.0,0.004119834999983141,100.0,586.296875,0.0
1.0,69.0,0.0041299300000900985,0.0,586.3046875,0.0
1.0,70.0,0.0033471080000708753,0.0,586.3046875,0.0
1.0,71.0,0.004210194000279444,50.0,586.31640625,0.0
1.0,72.0,0.0038908599999558646,0.0,586.3203125,0.0
1.0,73.0,0.0032995739998114004,50.0,586.32421875,0.0
1.0,74.0,0.003991460000179359,0.0,586.3359375,0.0
1.0,75.0,0.004175283000222407,50.0,586.34375,0.0
1.0,76.0,0.0033400239999537007,0.0,586.34375,0.0
1.0,77.0,0.003285421999862592,100.0,586.3515625,0.0
1.0,78.0,0.0033259380002164107,0.0,586.3515625,0.0
1.0,79.0,0.0031728070002827735,0.0,586.3671875,0.0
1.0,80.0,0.00391038199995819,50.0,586.37109375,0.0
1.0,81.0,0.004218146999846795,0.0,586.375,0.0
1.0,82.0,0.0034778550002556585,50.0,586.37890625,0.0
1.0,83.0,0.0030937189999349357,0.0,586.37890625,0.0
1.0,84.0,0.004125376000047254,100.0,586.38671875,0.0
1.0,85.0,0.0030794320000495645,0.0,586.390625,0.0
1.0,86.0,0.0041924839997591334,0.0,586.390625,0.0
1.0,87.0,0.004073997999967105,100.0,586.3984375,0.0
1.0,88.0,0.002444149999973888,0.0,586.40625,0.0
1.0,89.0,0.005122694999954547,100.0,586.40625,0.0
1.0,90.0,0.004907773000013549,100.0,586.41796875,0.0
1.0,91.0,0.006488740999884612,100.0,586.41796875,0.0
1.0,92.0,0.003756125000109023,100.0,586.421875,0.0
1.0,93.0,0.006573289000243676,100.0,586.4296875,0.0
1.0,94.0,0.003935812000236183,100.0,586.4296875,0.0
1.0,95.0,0.0033844650001810805,0.0,586.4375,0.0
1.0,96.0,0.0025565610003468464,100.0,586.44140625,0.0
1.0,97.0,0.0032735170002524683,0.0,586.44921875,0.0
1.0,98.0,0.0024620619997222093,0.0,586.453125,0.0
1.0,99.0,0.003170888999648014,100.0,586.45703125,0.0
1.0,100.0,0.0031868450000729354,0.0,586.4609375,0.0
2.0,1.0,0.0042235079999954905,50.0,586.46875,0.0
2.0,2.0,0.004162027999882412,0.0,586.4765625,0.0
2.0,3.0,0.004010372999800893,50.0,586.4765625,0.0
2.0,4.0,0.003993606999756594,0.0,586.4765625,0.0
2.0,5.0,0.004142977999890718,50.0,586.484375,0.0
2.0,6.0,0.00332618700031162,0.0,586.48828125,0.0
2.0,7.0,0.0033254770000894496,0.0,586.48828125,0.0
2.0,8.0,0.0040044739998847945,100.0,586.48828125,0.0
2.0,9.0,0.0040040889998635976,0.0,586.49609375,0.0
2.0,10.0,0.002713605999815627,100.0,586.49609375,0.0
2.0,11.0,0.0034672580000005837,0.0,586.546875,0.0
2.0,12.0,0.003959474000112095,0.0,586.546875,0.0
2.0,13.0,0.0023930669999572274,100.0,586.55078125,0.0
2.0,14.0,0.003940817000056995,0.0,586.55078125,0.0
2.0,15.0,0.0031847640002524713,50.0,586.55078125,0.0
2.0,16.0,0.0024119280001286825,0.0,586.5546875,0.0
2.0,17.0,0.0026947540000037407,0.0,586.55859375,0.0
2.0,18.0,0.00311024400025417,100.0,586.56640625,0.0
2.0,19.0,0.0030917200001567835,0.0,586.56640625,0.0
2.0,20.0,0.004117050999866478,50.0,586.5703125,0.0
2.0,21.0,0.003910598999937065,0.0,586.5703125,0.0
2.0,22.0,0.0023238430003402755,50.0,586.5703125,0.0
2.0,23.0,0.0039203180003823945,100.0,586.57421875,0.0
2.0,24.0,0.003899060000094323,0.0,586.57421875,0.0
2.0,25.0,0.003928774000087287,0.0,586.578125,0.0
2.0,26.0,0.004016957999738224,100.0,586.578125,0.0
2.0,27.0,0.003982493999956205,0.0,586.58984375,0.0
2.0,28.0,0.0033848419998321333,100.0,586.58984375,0.0
2.0,29.0,0.0024459730002490687,0.0,586.59375,0.0
2.0,30.0,0.0026306869999643823,0.0,586.59375,0.0
2.0,31.0,0.005303612999796314,100.0,586.59765625,0.0
2.0,32.0,0.005525015999864991,50.0,586.6015625,0.0
2.0,33.0,0.004162190999977611,0.0,586.60546875,0.0
2.0,34.0,0.0033222840002054,100.0,586.60546875,0.0
2.0,35.0,0.0031780009999238246,0.0,586.609375,0.0
2.0,36.0,0.004138267000143969,0.0,586.609375,0.0
2.0,37.0,0.0033400629999960074,100.0,586.609375,0.0
2.0,38.0,0.003208579999864014,0.0,586.61328125,0.0
2.0,39.0,0.0033129680000456574,100.0,586.61328125,0.0
2.0,40.0,0.003967622999880405,0.0,586.6171875,0.0
2.0,41.0,0.0031327940000664967,0.0,586.6171875,0.0
2.0,42.0,0.003908246999799303,100.0,586.62109375,0.0
2.0,43.0,0.003135836999717867,0.0,586.62109375,0.0
2.0,44.0,0.003279050999935862,100.0,586.625,0.0
2.0,45.0,0.0031593960002282984,0.0,586.62890625,0.0
2.0,46.0,0.0031660009999541217,0.0,586.6328125,0.0
2.0,47.0,0.003925820999938878,100.0,586.6328125,0.0
2.0,48.0,0.003183902999808197,0.0,586.63671875,0.0
2.0,49.0,0.004734148999887111,100.0,586.63671875,0.0
2.0,50.0,0.004008671000065078,50.0,586.640625,0.0
2.0,51.0,0.0031568859999424603,0.0,586.64453125,0.0
2.0,52.0,0.003206397000212746,0.0,586.64453125,0.0
2.0,53.0,0.0034025790000669076,50.0,586.6484375,0.0
2.0,54.0,0.003924705999907019,0.0,586.65625,0.0
2.0,55.0,0.004175782999936928,50.0,586.6640625,0.0
2.0,56.0,0.0031167770002866746,0.0,586.6640625,0.0
2.0,57.0,0.003917051999906107,50.0,586.671875,0.0
2.0,58.0,0.003935189000003447,0.0,586.671875,0.0
2.0,59.0,0.003904035999767075,100.0,586.671875,0.0
2.0,60.0,0.00397581800007174,0.0,586.671875,0.0
2.0,61.0,0.0031558000000586617,0.0,586.6796875,0.0
2.0,62.0,0.00417195999989417,50.0,586.6796875,0.0
2.0,63.0,0.0031986089998099487,0.0,586.6796875,0.0
2.0,64.0,0.0031762359999447654,50.0,586.6796875,0.0
2.0,65.0,0.0031362159998025163,0.0,586.6796875,0.0
2.0,66.0,0.0031415169996762415,0.0,586.6875,0.0
2.0,67.0,0.0023200149998956476,50.0,586.69140625,0.0
2.0,68.0,0.0030876410000928445,0.0,586.69140625,0.0
2.0,69.0,0.004082415000084438,100.0,586.6953125,0.0
2.0,70.0,0.003216841000266868,0.0,586.703125,0.0
2.0,71.0,0.003959527999995771,0.0,586.703125,0.0
2.0,72.0,0.0031483870002375625,50.0,586.703125,0.0
2.0,73.0,0.0037156859998503933,0.0,586.703125,0.0
2.0,74.0,0.003997343999799341,50.0,586.71484375,0.0
2.0,75.0,0.00316642600000705,0.0,586.72265625,0.0
2.0,76.0,0.0032125830002769362,0.0,586.7265625,0.0
2.0,77.0,0.003199456999936956,50.0,586.7265625,0.0
2.0,78.0,0.0036592820001715154,0.0,586.73046875,0.0
2.0,79.0,0.002415715000097407,100.0,586.73046875,0.0
2.0,80.0,0.002511756999865611,0.0,586.734375,0.0
2.0,81.0,0.0032515319999220083,0.0,586.734375,0.0
2.0,82.0,0.00328733900005318,50.0,586.734375,0.0
2.0,83.0,0.004037752999920485,0.0,586.74609375,0.0
2.0,84.0,0.004122392000226682,50.0,586.74609375,0.0
2.0,85.0,0.002379517000008491,0.0,586.74609375,0.0
2.0,86.0,0.003968037000049662,0.0,586.75,0.0
2.0,87.0,0.0023896200000308454,50.0,586.75390625,0.0
2.0,88.0,0.003957132999858004,0.0,586.76171875,0.0
2.0,89.0,0.003262998000082007,100.0,586.76953125,0.0
2.0,90.0,0.0031886279998616374,0.0,586.76953125,0.0
2.0,91.0,0.0033129299999927753,0.0,586.77734375,0.0
2.0,92.0,0.00396886499993343,50.0,586.77734375,0.0
2.0,93.0,0.00402481799983434,0.0,586.78125,0.0
2.0,94.0,0.0032892110002649133,50.0,586.78125,0.0
2.0,95.0,0.0024194110001189983,0.0,586.78515625,0.0
2.0,96.0,0.0031937509997987945,0.0,586.79296875,0.0
2.0,97.0,0.002385553999829426,50.0,586.796875,0.0
2.0,98.0,0.004294633999961661,0.0,586.80078125,0.0
2.0,99.0,0.003170123000018066,100.0,586.8046875,0.0
2.0,100.0,0.003988080999988597,0.0,586.8046875,0.0
3.0,1.0,0.0032799460000205727,0.0,586.8046875,0.0
3.0,2.0,0.0040413960000478255,50.0,586.81640625,0.0
3.0,3.0,0.00345182000000932,0.0,586.82421875,0.0
3.0,4.0,0.002531120000185183,100.0,586.828125,0.0
3.0,5.0,0.0031860819999565138,0.0,586.828125,0.0
3.0,6.0,0.003198588000032032,0.0,586.828125,0.0
3.0,7.0,0.0036286829999880865,50.0,586.83203125,0.0
3.0,8.0,0.003975072000230284,0.0,586.83984375,0.0
3.0,9.0,0.003490203000183101,50.0,586.84375,0.0
3.0,10.0,0.003211574000033579,0.0,586.84375,0.0
3.0,11.0,0.003950183999677392,100.0,586.84375,0.0
3.0,12.0,0.003231006000078196,0.0,586.8515625,0.0
3.0,13.0,0.0040840020001269295,0.0,586.87109375,0.0
3.0,14.0,0.004020644999854994,50.0,586.87109375,0.0
3.0,15.0,0.004145016000165924,0.0,586.87109375,0.0
3.0,16.0,0.0032343960001526284,50.0,586.87109375,0.0
3.0,17.0,0.0040755640002316795,0.0,586.87890625,0.0
3.0,18.0,0.002380159999574971,0.0,586.8828125,0.0
3.0,19.0,0.0031721459999971557,50.0,586.8828125,0.0
3.0,20.0,0.0023283420000552724,0.0,586.8828125,0.0
3.0,21.0,0.0023872100000517094,0.0,586.8828125,0.0
3.0,22.0,0.0035455419997560966,50.0,586.890625,0.0
3.0,23.0,0.003998065999894607,0.0,586.89453125,0.0
3.0,24.0,0.004028603000278963,50.0,586.89453125,0.0
3.0,25.0,0.004011474999970233,0.0,586.89453125,0.0
3.0,26.0,0.0032535239997741883,50.0,586.89453125,0.0
3.0,27.0,0.004019024000172067,0.0,586.90234375,0.0
3.0,28.0,0.0039828869998927985,100.0,586.91015625,0.0
3.0,29.0,0.003210436000244954,0.0,586.91015625,0.0
3.0,30.0,0.0031414520003636426,100.0,586.91015625,0.0
3.0,31.0,0.004137122999964049,0.0,586.91796875,0.0
3.0,32.0,0.004029332999834878,0.0,586.91796875,0.0
3.0,33.0,0.0024468289998367254,100.0,586.91796875,0.0
3.0,34.0,0.003948514000057912,0.0,586.921875,0.0
3.0,35.0,0.002621752999857563,100.0,586.921875,0.0
3.0,36.0,0.003262616000029084,0.0,586.9296875,0.0
3.0,37.0,0.00285673799999131,0.0,586.9296875,0.0
3.0,38.0,0.0037092170000505575,100.0,586.93359375,0.0
3.0,39.0,0.003463561000444315,0.0,586.93359375,0.0
3.0,40.0,0.0024375319999307976,100.0,586.93359375,0.0
3.0,41.0,0.0032491110000592016,0.0,586.93359375,0.0
3.0,42.0,0.0024805689999993774,0.0,586.9453125,0.0
3.0,43.0,0.0032063650000964117,100.0,586.94921875,0.0
3.0,44.0,0.0032454790002702794,0.0,586.94921875,0.0
3.0,45.0,0.0023860319997766055,0.0,586.94921875,0.0
3.0,46.0,0.004016116000002512,100.0,586.953125,0.0
3.0,47.0,0.0031937919998199504,0.0,586.95703125,0.0
3.0,48.0,0.003114119000201754,100.0,586.95703125,0.0
3.0,49.0,0.00313724599982379,0.0,586.95703125,0.0
3.0,50.0,0.003946081999856688,50.0,586.95703125,0.0
3.0,51.0,0.002519745999961742,0.0,586.95703125,0.0
3.0,52.0,0.0043001170001844,0.0,586.96484375,0.0
3.0,53.0,0.00413780200005931,100.0,586.96484375,0.0
3.0,54.0,0.0033127130000139005,0.0,586.96484375,0.0
3.0,55.0,0.003155145999699016,100.0,586.96875,0.0
3.0,56.0,0.0031780320000507345,0.0,586.96875,0.0
3.0,57.0,0.0032909819997257728,100.0,586.97265625,0.0
3.0,58.0,0.003233120000004419,0.0,586.9765625,0.0
3.0,59.0,0.004000885000095877,0.0,586.9765625,0.0
3.0,60.0,0.004146492000018043,100.0,586.9765625,0.0
3.0,61.0,0.004023214999961056,0.0,586.9765625,0.0
3.0,62.0,0.0040871840001273085,100.0,586.98046875,0.0
3.0,63.0,0.0024741720003476075,0.0,586.984375,0.0
3.0,64.0,0.0023715889997220074,0.0,586.984375,0.0
3.0,65.0,0.0032459340000059456,100.0,586.984375,0.0
3.0,66.0,0.0024442470003123162,0.0,586.984375,0.0
3.0,67.0,0.0033356419999108766,100.0,586.984375,0.0
3.0,68.0,0.004051514000366296,0.0,586.99609375,0.0
3.0,69.0,0.003176556999733293,0.0,586.99609375,0.0
3.0,70.0,0.003988837000179046,100.0,586.99609375,0.0
3.0,71.0,0.005230033000316325,50.0,586.99609375,0.0
3.0,72.0,0.003962935999879846,0.0,586.99609375,0.0
3.0,73.0,0.002555772000050638,50.0,587.0078125,0.0
3.0,74.0,0.004119452999930218,0.0,587.015625,0.0
3.0,75.0,0.0033749539998098044,0.0,587.015625,0.0
3.0,76.0,0.0040681640002731,50.0,587.015625,0.0
3.0,77.0,0.003324583999983588,0.0,587.01953125,0.0
3.0,78.0,0.00310879600010594,100.0,587.01953125,0.0
3.0,79.0,0.0037142279998079175,0.0,587.01953125,0.0
3.0,80.0,0.004203161000077671,100.0,587.0234375,0.0
3.0,81.0,0.0024096050001389813,0.0,587.02734375,0.0
3.0,82.0,0.003270634000273276,0.0,587.02734375,0.0
3.0,83.0,0.004004036999958771,100.0,587.03125,0.0
3.0,84.0,0.0033632039999247354,0.0,587.03515625,0.0
3.0,85.0,0.002446494000196253,0.0,587.03515625,0.0
3.0,86.0,0.002418248000140011,100.0,587.03515625,0.0
3.0,87.0,0.0031887860000097135,0.0,587.0390625,0.0
3.0,88.0,0.0039980290002858965,100.0,587.0390625,0.0
3.0,89.0,0.002534601999741426,0.0,587.0390625,0.0
3.0,90.0,0.004155789999913395,0.0,587.09765625,0.0
3.0,91.0,0.0031982760001483257,100.0,587.09765625,0.0
3.0,92.0,0.00238635499999873,0.0,587.109375,0.0
3.0,93.0,0.003206633999980113,0.0,587.109375,0.0
3.0,94.0,0.0032476719998157932,50.0,587.1171875,0.0
3.0,95.0,0.002413918999991438,0.0,587.1171875,0.0
3.0,96.0,0.004010128000118129,100.0,587.125,0.0
3.0,97.0,0.0023966490002749197,0.0,587.125,0.0
3.0,98.0,0.002412047999769129,0.0,587.12890625,0.0
3.0,99.0,0.003201248000095802,100.0,587.12890625,0.0
3.0,100.0,0.0040161940000871255,0.0,587.13671875,0.0
4.0,1.0,0.004211287000089214,100.0,587.13671875,0.0
4.0,2.0,0.004303337000237661,0.0,587.140625,0.0
4.0,3.0,0.0031605409999428957,100.0,587.15234375,0.0
4.0,4.0,0.003224813999622711,0.0,587.15625,0.0
4.0,5.0,0.002407539000159886,0.0,587.15625,0.0
4.0,6.0,0.00236210499997469,100.0,587.16015625,0.0
4.0,7.0,0.0023467390001314925,0.0,587.16015625,0.0
4.0,8.0,0.004006548999768711,0.0,587.16796875,0.0
4.0,9.0,0.002348272999824985,100.0,587.171875,0.0
4.0,10.0,0.0033797199998844007,0.0,587.171875,0.0
4.0,11.0,0.003206421999948361,0.0,587.17578125,0.0
4.0,12.0,0.0032782140001472726,100.0,587.1796875,0.0
4.0,13.0,0.0031895070001155545,0.0,587.18359375,0.0
4.0,14.0,0.003303003999917564,100.0,587.18359375,0.0
4.0,15.0,0.0024115469996104366,0.0,587.1875,0.0
4.0,16.0,0.0031755790000715933,0.0,587.1875,0.0
4.0,17.0,0.0024836620000314724,100.0,587.1875,0.0
4.0,18.0,0.004002157000286388,0.0,587.1953125,0.0
4.0,19.0,0.0040110830000230635,100.0,587.19921875,0.0
4.0,20.0,0.004117481999855954,0.0,587.203125,0.0
4.0,21.0,0.0042758929998854,100.0,587.203125,0.0
4.0,22.0,0.002479196999956912,0.0,587.203125,0.0
4.0,23.0,0.0024377210002057836,0.0,587.20703125,0.0
4.0,24.0,0.004143513000144594,100.0,587.21875,0.0
4.0,25.0,0.0032599599999230122,0.0,587.22265625,0.0
4.0,26.0,0.0027409700001044257,100.0,587.2265625,0.0
4.0,27.0,0.0023782159996699193,0.0,587.2265625,0.0
4.0,28.0,0.003166485999827273,0.0,587.2265625,0.0
4.0,29.0,0.002364599999964412,100.0,587.23046875,0.0
4.0,30.0,0.003999128000032215,0.0,587.23046875,0.0
4.0,31.0,0.003301551000276959,50.0,587.23046875,0.0
4.0,32.0,0.00400015400009579,0.0,587.234375,0.0
4.0,33.0,0.002408516000286909,0.0,587.234375,0.0
4.0,34.0,0.004211735999888333,100.0,587.2421875,0.0
4.0,35.0,0.0032099370000651106,0.0,587.24609375,0.0
4.0,36.0,0.0039682629999333585,50.0,587.24609375,0.0
4.0,37.0,0.004742278000321676,0.0,587.24609375,0.0
4.0,38.0,0.004908745999728126,100.0,587.24609375,0.0
4.0,39.0,0.004744926000057603,100.0,587.24609375,0.0
4.0,40.0,0.004770380000081786,100.0,587.25390625,0.0
4.0,41.0,0.008407719999922847,100.0,587.25390625,0.0
4.0,42.0,0.00522877299999891,100.0,587.25390625,0.0
4.0,43.0,0.0054124369999044575,100.0,587.25390625,0.0
4.0,44.0,0.0033198920000359067,50.0,587.25390625,0.0
4.0,45.0,0.0042557090000627795,0.0,587.2734375,0.0
4.0,46.0,0.004279102000054991,100.0,587.28125,0.0
4.0,47.0,0.0025711809998938406,0.0,587.28125,0.0
4.0,48.0,0.00329022799996892,0.0,587.28125,0.0
4.0,49.0,0.00250119900010759,50.0,587.28125,0.0
4.0,50.0,0.004091579000032652,0.0,587.28125,0.0
4.0,51.0,0.0032188270001825003,100.0,587.28515625,0.0
4.0,52.0,0.002430072000151995,0.0,587.28515625,0.0
4.0,53.0,0.0032402269998783595,0.0,587.2890625,0.0
4.0,54.0,0.0035570280001593346,100.0,587.2890625,0.0
4.0,55.0,0.002511118999791506,0.0,587.29296875,0.0
4.0,56.0,0.004086168999947404,100.0,587.29296875,0.0
4.0,57.0,0.0025046829996426823,0.0,587.296875,0.0
4.0,58.0,0.003176912000071752,0.0,587.30078125,0.0
4.0,59.0,0.00317241400034618,100.0,587.30078125,0.0
4.0,60.0,0.003166748999774427,0.0,587.30078125,0.0
4.0,61.0,0.003182052999818552,0.0,587.3046875,0.0
4.0,62.0,0.004055994999816903,50.0,587.30859375,0.0
4.0,63.0,0.0032490539997525048,0.0,587.3125,0.0
4.0,64.0,0.003248679000080301,100.0,587.3125,0.0
4.0,65.0,0.0023643029999220744,0.0,587.3125,0.0
4.0,66.0,0.004044394000175089,0.0,587.3125,0.0
4.0,67.0,0.004337450000093668,100.0,587.3125,0.0
4.0,68.0,0.0043860260002475115,50.0,587.3125,0.0
4.0,69.0,0.00527861299997312,0.0,587.3125,0.0
4.0,70.0,0.004246014000273135,50.0,587.3125,0.0
4.0,71.0,0.004208493999612983,0.0,587.31640625,0.0
4.0,72.0,0.004440774000158854,100.0,587.31640625,0.0
4.0,73.0,0.0032646360000399,0.0,587.3203125,0.0
4.0,74.0,0.004347990000042046,50.0,587.3203125,0.0
4.0,75.0,0.00403460500001529,0.0,587.3203125,0.0
4.0,76.0,0.004166838999935862,50.0,587.33203125,0.0
4.0,77.0,0.003226448000077653,0.0,587.33203125,0.0
4.0,78.0,0.00493778400004885,50.0,587.3359375,0.0
4.0,79.0,0.0025191980003000936,0.0,587.3359375,0.0
4.0,80.0,0.002518002000215347,0.0,587.35546875,0.0
4.0,81.0,0.0024166869998225593,100.0,587.390625,0.0
4.0,82.0,0.004159667999829253,0.0,587.390625,0.0
4.0,83.0,0.004730969000320329,50.0,587.390625,0.0
4.0,84.0,0.00458662099981666,0.0,587.39453125,0.0
4.0,85.0,0.002971027000057802,50.0,587.39453125,0.0
4.0,86.0,0.005011205999835511,0.0,587.3984375,0.0
4.0,87.0,0.004090808999990259,50.0,587.40234375,0.0
4.0,88.0,0.0025789259998418856,0.0,587.40234375,0.0
4.0,89.0,0.0024529420002181723,0.0,587.40234375,0.0
4.0,90.0,0.004048167999826546,100.0,587.40234375,0.0
4.0,91.0,0.004068818000177998,0.0,587.41015625,0.0
4.0,92.0,0.004136986000048637,50.0,587.41015625,0.0
4.0,93.0,0.00439274700011083,0.0,587.41796875,0.0
4.0,94.0,0.002550088000134565,50.0,587.41796875,0.0
4.0,95.0,0.003266478000114148,0.0,587.41796875,0.0
4.0,96.0,0.004077135999978054,50.0,587.41796875,0.0
4.0,97.0,0.0024831589998939307,0.0,587.41796875,0.0
4.0,98.0,0.0032603700001345715,0.0,587.41796875,0.0
4.0,99.0,0.003282968000348774,50.0,587.421875,0.0
4.0,100.0,0.002465868999934173,0.0,587.421875,0.0
5.0,1.0,0.0041810569996414415,0.0,587.42578125,0.0
5.0,2.0,0.0024600839997219737,100.0,587.42578125,0.0
5.0,3.0,0.0032479589999638847,0.0,587.42578125,0.0
5.0,4.0,0.004239387000325223,50.0,587.42578125,0.0
5.0,5.0,0.004209145000004355,0.0,587.4296875,0.0
5.0,6.0,0.004150819999722444,50.0,587.4296875,0.0
5.0,7.0,0.0034677050002756005,0.0,587.4296875,0.0
5.0,8.0,0.00412961100028042,50.0,587.4296875,0.0
5.0,9.0,0.0042029430001093715,0.0,587.43359375,0.0
5.0,10.0,0.00417110699982004,50.0,587.44921875,0.0
5.0,11.0,0.003432951999911893,0.0,587.45703125,0.0
5.0,12.0,0.0034269729999323317,100.0,587.45703125,0.0
5.0,13.0,0.0036472249998951156,0.0,587.4609375,0.0
5.0,14.0,0.004352369000116596,100.0,587.4609375,0.0
5.0,15.0,0.003435650000028545,0.0,587.46484375,0.0
5.0,16.0,0.004186304000086238,0.0,587.46484375,0.0
5.0,17.0,0.002719322999837459,100.0,587.47265625,0.0
5.0,18.0,0.0032430009996460285,0.0,587.4765625,0.0
5.0,19.0,0.00248076099978789,0.0,587.4765625,0.0
5.0,20.0,0.0024126869998326583,50.0,587.4765625,0.0
5.0,21.0,0.0025214840002263372,0.0,587.484375,0.0
5.0,22.0,0.003256932000113011,0.0,587.484375,0.0
5.0,23.0,0.0032768460000625055,50.0,587.484375,0.0
5.0,24.0,0.004381358999580698,0.0,587.48828125,0.0
5.0,25.0,0.0033630959997026366,50.0,587.48828125,0.0
5.0,26.0,0.004138271000101668,0.0,587.4921875,0.0
5.0,27.0,0.002567187999829912,100.0,587.49609375,0.0
5.0,28.0,0.0032695210002202657,0.0,587.5,0.0
5.0,29.0,0.0026643669998520636,100.0,587.5078125,0.0
5.0,30.0,0.004345679999914864,50.0,587.5078125,0.0
5.0,31.0,0.0034642450000319513,0.0,587.51171875,0.0
5.0,32.0,0.0042365189997326524,100.0,587.52734375,0.0
5.0,33.0,0.0023810989996491116,0.0,587.52734375,0.0
5.0,34.0,0.004190916999959882,0.0,587.52734375,0.0
5.0,35.0,0.003377869999894756,50.0,587.53125,0.0
5.0,36.0,0.0025535750000926782,0.0,587.53125,0.0
5.0,37.0,0.004435564000232262,100.0,587.53125,0.0
5.0,38.0,0.0041079990000980615,0.0,587.53515625,0.0
5.0,39.0,0.0025036130000444246,0.0,587.53515625,0.0
5.0,40.0,0.004046629000185931,50.0,587.53515625,0.0
5.0,41.0,0.002637191999838251,0.0,587.53515625,0.0
5.0,42.0,0.004302144999655866,50.0,587.53515625,0.0
5.0,43.0,0.0041065539999181055,0.0,587.5390625,0.0
5.0,44.0,0.0040954279998004495,100.0,587.5390625,0.0
5.0,45.0,0.0032757920002950414,0.0,587.5390625,0.0
5.0,46.0,0.004077085000062652,0.0,587.5390625,0.0
5.0,47.0,0.004160265999871626,50.0,587.546875,0.0
5.0,48.0,0.00414643799967962,0.0,587.5625,0.0
5.0,49.0,0.003314750000299682,50.0,587.5625,0.0
5.0,50.0,0.0034119500000997505,0.0,587.5625,0.0
5.0,51.0,0.004326541999944311,50.0,587.5625,0.0
5.0,52.0,0.002609644000131084,0.0,587.56640625,0.0
5.0,53.0,0.0024672489998920355,0.0,587.5703125,0.0
5.0,54.0,0.0041064539996114036,50.0,587.5703125,0.0
5.0,55.0,0.003631686000062473,0.0,587.5859375,0.0
5.0,56.0,0.0032897810001486505,50.0,587.58984375,0.0
5.0,57.0,0.003263847999733116,0.0,587.58984375,0.0
5.0,58.0,0.004214868999952159,100.0,587.58984375,0.0
5.0,59.0,0.0033043980001821183,0.0,587.59375,0.0
5.0,60.0,0.005123829000240221,100.0,587.59375,0.0
5.0,61.0,0.0035101140001643216,0.0,587.59765625,0.0
5.0,62.0,0.004111449999982142,50.0,587.59765625,0.0
5.0,63.0,0.00420683700031077,0.0,587.59765625,0.0
5.0,64.0,0.004156999999850086,50.0,587.60546875,0.0
5.0,65.0,0.004122880000068108,0.0,587.60546875,0.0
5.0,66.0,0.0042142799998146074,50.0,587.60546875,0.0
5.0,67.0,0.0034242579999954614,0.0,587.60546875,0.0
5.0,68.0,0.003309253999759676,50.0,587.609375,0.0
5.0,69.0,0.0033309030000054918,0.0,587.61328125,0.0
5.0,70.0,0.0024786810004115978,0.0,587.61328125,0.0
5.0,71.0,0.003330399000333273,50.0,587.61328125,0.0
5.0,72.0,0.004076885000358743,0.0,587.61328125,0.0
5.0,73.0,0.0044876189999740745,50.0,587.61328125,0.0
5.0,74.0,0.004749987999730365,0.0,587.6171875,0.0
5.0,75.0,0.0024654369999552728,100.0,587.62109375,0.0
5.0,76.0,0.0033298490002380277,0.0,587.625,0.0
5.0,77.0,0.0032883029998629354,0.0,587.62890625,0.0
5.0,78.0,0.004073903000062273,50.0,587.62890625,0.0
5.0,79.0,0.004129981999994925,0.0,587.6328125,0.0
5.0,80.0,0.004249293000157195,50.0,587.6328125,0.0
5.0,81.0,0.0033476349999546073,0.0,587.6328125,0.0
5.0,82.0,0.0035942280001108884,100.0,587.6328125,0.0
5.0,83.0,0.004147862000081659,0.0,587.63671875,0.0
5.0,84.0,0.0033366769998792734,100.0,587.63671875,0.0
5.0,85.0,0.004169274000105361,0.0,587.640625,0.0
5.0,86.0,0.004418082000029244,100.0,587.64453125,0.0
5.0,87.0,0.0033305680003650195,0.0,587.64453125,0.0
5.0,88.0,0.0040490459996362915,100.0,587.64453125,0.0
5.0,89.0,0.004142775000218535,0.0,587.64453125,0.0
5.0,90.0,0.003273624000030395,0.0,587.64453125,0.0
5.0,91.0,0.003255493999859027,100.0,587.64453125,0.0
5.0,92.0,0.004153044000304362,0.0,587.64453125,0.0
5.0,93.0,0.004113849000077607,100.0,587.65234375,0.0
5.0,94.0,0.004061268999976164,0.0,587.65234375,0.0
5.0,95.0,0.00325347599982706,100.0,587.65234375,0.0
5.0,96.0,0.0032703669999136764,0.0,587.65234375,0.0
5.0,97.0,0.002829575999840017,0.0,587.65234375,0.0
5.0,98.0,0.003324201999930665,100.0,587.65234375,0.0
5.0,99.0,0.004156326000156696,0.0,587.65625,0.0
5.0,100.0,0.004241442999955325,100.0,587.65625,0.0
6.0,1.0,0.002587356000276486,0.0,587.671875,0.0
6.0,2.0,0.0033079169998018187,0.0,587.671875,0.0
6.0,3.0,0.002477876999819273,100.0,587.671875,0.0
6.0,4.0,0.0024246200000561657,0.0,587.67578125,0.0
6.0,5.0,0.0027427130003161437,0.0,587.67578125,0.0
6.0,6.0,0.003368171000147413,100.0,587.67578125,0.0
6.0,7.0,0.00248988500015912,0.0,587.6796875,0.0
6.0,8.0,0.003333113999815396,100.0,587.69921875,0.0
6.0,9.0,0.0024815500000840984,0.0,587.69921875,0.0
6.0,10.0,0.0032601429998067033,0.0,587.69921875,0.0
6.0,11.0,0.004163412999787397,100.0,587.703125,0.0
6.0,12.0,0.0033498180000606226,0.0,587.703125,0.0
6.0,13.0,0.0027355270003681653,0.0,587.703125,0.0
6.0,14.0,0.0042364529999758815,100.0,587.703125,0.0
6.0,15.0,0.002540465000038239,0.0,587.70703125,0.0
6.0,16.0,0.0033983140001510037,100.0,587.70703125,0.0
6.0,17.0,0.0025047969998013286,0.0,587.70703125,0.0
6.0,18.0,0.0033647019999989425,0.0,587.7109375,0.0
6.0,19.0,0.002664230999926076,100.0,587.7109375,0.0
6.0,20.0,0.0024654379999446974,0.0,587.7109375,0.0
6.0,21.0,0.003317634000268299,0.0,587.7109375,0.0
6.0,22.0,0.004197458999897208,100.0,587.71484375,0.0
6.0,23.0,0.004144533000271622,0.0,587.71875,0.0
6.0,24.0,0.003316004000225803,100.0,587.72265625,0.0
6.0,25.0,0.00252350699975068,0.0,587.72265625,0.0
6.0,26.0,0.0033072799997171387,50.0,587.72265625,0.0
6.0,27.0,0.003287480999915715,0.0,587.72265625,0.0
6.0,28.0,0.004133758000079979,0.0,587.72265625,0.0
6.0,29.0,0.0033331060003547464,100.0,587.73046875,0.0
6.0,30.0,0.002524384000025748,0.0,587.73046875,0.0
6.0,31.0,0.0034487640000406827,50.0,587.734375,0.0
6.0,32.0,0.0033089170001403545,0.0,587.734375,0.0
6.0,33.0,0.0025013449999278237,0.0,587.734375,0.0
6.0,34.0,0.0038960930000939697,100.0,587.734375,0.0
6.0,35.0,0.003638160000264179,100.0,587.734375,0.0
6.0,36.0,0.003554394999810029,100.0,587.734375,0.0
6.0,37.0,0.002573151999968104,0.0,587.73828125,0.0
6.0,38.0,0.00421072999961325,50.0,587.73828125,0.0
6.0,39.0,0.004159729000093648,0.0,587.73828125,0.0
6.0,40.0,0.00331552899979215,0.0,587.73828125,0.0
6.0,41.0,0.002572786000200722,100.0,587.73828125,0.0
6.0,42.0,0.0025261040000259527,0.0,587.73828125,0.0
6.0,43.0,0.0033917159998964053,0.0,587.73828125,0.0
6.0,44.0,0.004297666000184108,100.0,587.75,0.0
6.0,45.0,0.0024569309998696554,0.0,587.75,0.0
6.0,46.0,0.004237555999679898,50.0,587.75,0.0
6.0,47.0,0.004657807000057801,0.0,587.75390625,0.0
6.0,48.0,0.005016363999857276,100.0,587.78125,0.0
6.0,49.0,0.0034162510000896873,0.0,587.78125,0.0
6.0,50.0,0.00339490200030923,100.0,587.78515625,0.0
6.0,51.0,0.003378805000011198,0.0,587.78515625,0.0
6.0,52.0,0.0025284839998676034,0.0,587.7890625,0.0
6.0,53.0,0.0033444370001234347,100.0,587.7890625,0.0
6.0,54.0,0.0037019230003352277,0.0,587.79296875,0.0
6.0,55.0,0.004285136999897077,100.0,587.80078125,0.0
6.0,56.0,0.004364215999885346,100.0,587.80078125,0.0
6.0,57.0,0.0025001839999276854,0.0,587.80078125,0.0
6.0,58.0,0.003371981999862328,0.0,587.80078125,0.0
6.0,59.0,0.002481091000390734,100.0,587.80078125,0.0
6.0,60.0,0.003358161000051041,0.0,587.8046875,0.0
6.0,61.0,0.0024165730001186603,0.0,587.8046875,0.0
6.0,62.0,0.004301264999867271,50.0,587.8046875,0.0
6.0,63.0,0.0033348980000482698,0.0,587.80859375,0.0
6.0,64.0,0.00414844000033554,100.0,587.80859375,0.0
6.0,65.0,0.004286659000172222,0.0,587.80859375,0.0
6.0,66.0,0.003369133999967744,100.0,587.80859375,0.0
6.0,67.0,0.0024829720000525413,0.0,587.80859375,0.0
6.0,68.0,0.004129123999973672,100.0,587.8125,0.0
6.0,69.0,0.004106708000108483,0.0,587.8125,0.0
6.0,70.0,0.003322160999687185,0.0,587.8125,0.0
6.0,71.0,0.0033306209998045233,100.0,587.81640625,0.0
6.0,72.0,0.005707666000034806,50.0,587.81640625,0.0
6.0,73.0,0.0025580940000509145,0.0,587.8203125,0.0
6.0,74.0,0.0025396910000381467,0.0,587.8203125,0.0
6.0,75.0,0.0024301950002154626,0.0,587.8203125,0.0
6.0,76.0,0.004170000999693002,50.0,587.8203125,0.0
6.0,77.0,0.004428968999945937,0.0,587.8203125,0.0
6.0,78.0,0.0034768560003612947,100.0,587.8203125,0.0
6.0,79.0,0.003632848000052036,0.0,587.8203125,0.0
6.0,80.0,0.006407850000414328,100.0,587.8203125,0.0
6.0,81.0,0.006664216999979544,100.0,587.8203125,0.0
6.0,82.0,0.006557978000273579,100.0,587.8203125,0.0
6.0,83.0,0.006821907999892574,100.0,587.8203125,0.0
6.0,84.0,0.004513352000230952,100.0,587.8203125,0.0
6.0,85.0,0.0025729689996296656,0.0,587.8203125,0.0
6.0,86.0,0.004290512999887142,100.0,587.82421875,0.0
6.0,87.0,0.0025806329999795707,0.0,587.82421875,0.0
6.0,88.0,0.004119944999729341,50.0,587.82421875,0.0
6.0,89.0,0.0033170080000672897,0.0,587.82421875,0.0
6.0,90.0,0.004134718999921461,0.0,587.82421875,0.0
6.0,91.0,0.002594048999981169,100.0,587.82421875,0.0
6.0,92.0,0.0033455330003562267,0.0,587.82421875,0.0
6.0,93.0,0.0033676929997454863,50.0,587.82421875,0.0
6.0,94.0,0.00326399899995522,0.0,587.828125,0.0
6.0,95.0,0.0024973199997475604,0.0,587.83203125,0.0
6.0,96.0,0.0033330049996038724,100.0,587.83203125,0.0
6.0,97.0,0.003515732999858301,0.0,587.83203125,0.0
6.0,98.0,0.0027542810003069462,0.0,587.83203125,0.0
6.0,99.0,0.0034330560001762933,100.0,587.83203125,0.0
6.0,100.0,0.004145736999817018,0.0,587.83203125,0.0
7.0,1.0,0.004306375999931333,100.0,587.83203125,0.0
7.0,2.0,0.005334413999662502,50.0,587.83203125,0.0
7.0,3.0,0.00440450200039777,100.0,587.83203125,0.0
7.0,4.0,0.004469864999919082,0.0,587.8359375,0.0
7.0,5.0,0.0038379749998966872,50.0,587.84375,0.0
7.0,6.0,0.0033325680001325964,0.0,587.84375,0.0
7.0,7.0,0.004179784999905678,100.0,587.84375,0.0
7.0,8.0,0.0041792540000642475,0.0,587.84375,0.0
7.0,9.0,0.0034659750003811496,100.0,587.84375,0.0
7.0,10.0,0.00347190699994826,0.0,587.84765625,0.0
7.0,11.0,0.002688520999981847,100.0,587.8515625,0.0
7.0,12.0,0.003407371000321291,0.0,587.8515625,0.0
7.0,13.0,0.0033153170002151455,0.0,587.8515625,0.0
7.0,14.0,0.00333392599986837,100.0,587.8515625,0.0
7.0,15.0,0.004150278999986767,0.0,587.8515625,0.0
7.0,16.0,0.004320683000059944,100.0,587.8515625,0.0
7.0,17.0,0.004207579000194528,0.0,587.85546875,0.0
7.0,18.0,0.0034494819997235027,100.0,587.859375,0.0
7.0,19.0,0.004998300999886851,0.0,587.859375,0.0
7.0,20.0,0.00452193899991471,100.0,587.859375,0.0
7.0,21.0,0.0024801590002425655,0.0,587.859375,0.0
7.0,22.0,0.003500011000141967,50.0,587.859375,0.0
7.0,23.0,0.004280744999960007,0.0,587.859375,0.0
7.0,24.0,0.0044043900002179726,50.0,587.86328125,0.0
7.0,25.0,0.0035189569998692605,0.0,587.8671875,0.0
7.0,26.0,0.0025946129999283585,0.0,587.8828125,0.0
7.0,27.0,0.004192232000150398,100.0,587.8828125,0.0
7.0,28.0,0.00419297500002358,0.0,587.8828125,0.0
7.0,29.0,0.0034105969998563523,100.0,587.8828125,0.0
7.0,30.0,0.004386203999729332,0.0,587.8828125,0.0
7.0,31.0,0.0041855700001178775,50.0,587.8828125,0.0
7.0,32.0,0.002539872000397736,0.0,587.88671875,0.0
7.0,33.0,0.0026003220000347937,50.0,587.88671875,0.0
7.0,34.0,0.004206048000014562,0.0,587.88671875,0.0
7.0,35.0,0.0025835629999164667,0.0,587.88671875,0.0
7.0,36.0,0.0025034519999280747,50.0,587.8984375,0.0
7.0,37.0,0.004207390000374289,0.0,587.90234375,0.0
7.0,38.0,0.002456202000303165,0.0,587.90234375,0.0
7.0,39.0,0.0025273699998251686,100.0,587.90234375,0.0
7.0,40.0,0.003334676999656949,0.0,587.90234375,0.0
7.0,41.0,0.004180180000275868,50.0,587.90625,0.0
7.0,42.0,0.00417115600021134,0.0,587.90625,0.0
7.0,43.0,0.002561941999829287,0.0,587.90625,0.0
7.0,44.0,0.0042592959998728475,100.0,587.90625,0.0
7.0,45.0,0.004146474999743077,0.0,587.90625,0.0
7.0,46.0,0.003338628000165045,100.0,587.91015625,0.0
7.0,47.0,0.002689519999876211,0.0,587.91015625,0.0
7.0,48.0,0.0036494650003078277,50.0,587.91015625,0.0
7.0,49.0,0.0034295340001335717,0.0,587.91015625,0.0
7.0,50.0,0.0042404480000186595,0.0,587.9140625,0.0
7.0,51.0,0.0034643249996406666,100.0,587.91796875,0.0
7.0,52.0,0.004424278999977105,0.0,587.91796875,0.0
7.0,53.0,0.0025390910000169242,100.0,587.91796875,0.0
7.0,54.0,0.004478671000015311,0.0,587.91796875,0.0
7.0,55.0,0.0025272859998040076,50.0,587.91796875,0.0
7.0,56.0,0.003408603000025323,0.0,587.921875,0.0
7.0,57.0,0.0024810039999465516,0.0,587.9296875,0.0
7.0,58.0,0.002527596000163612,50.0,587.9296875,0.0
7.0,59.0,0.0026404340001136006,0.0,587.93359375,0.0
7.0,60.0,0.0035196170001654536,0.0,587.93359375,0.0
7.0,61.0,0.0037372359997789317,50.0,587.93359375,0.0
7.0,62.0,0.004271693999726267,0.0,587.93359375,0.0
7.0,63.0,0.004145831000187172,50.0,587.93359375,0.0
7.0,64.0,0.0035766720002357033,0.0,587.9375,0.0
7.0,65.0,0.0042796469997483655,50.0,587.9375,0.0
7.0,66.0,0.009352784999919095,100.0,587.94140625,0.0
7.0,67.0,0.005054323999956978,100.0,587.94140625,0.0
7.0,68.0,0.00360128900001655,100.0,587.953125,0.0
7.0,69.0,0.002652620999924693,0.0,587.953125,0.0
7.0,70.0,0.0036563359999490785,0.0,587.953125,0.0
7.0,71.0,0.002600546000394388,100.0,587.95703125,0.0
7.0,72.0,0.004237130000092293,0.0,587.95703125,0.0
7.0,73.0,0.004346656000052462,100.0,587.95703125,0.0
7.0,74.0,0.003431732000080956,0.0,587.9609375,0.0
7.0,75.0,0.0025675080000837625,100.0,587.96484375,0.0
7.0,76.0,0.002466956999796821,100.0,587.96484375,0.0
7.0,77.0,0.002467824000177643,0.0,587.96875,0.0
7.0,78.0,0.004278593999970326,100.0,587.96875,0.0
7.0,79.0,0.0024788619998616923,0.0,587.96875,0.0
7.0,80.0,0.004179950999969151,0.0,587.96875,0.0
7.0,81.0,0.0024733579998610367,100.0,587.96875,0.0
7.0,82.0,0.0025627340000937693,0.0,587.96875,0.0
7.0,83.0,0.002548390999891126,0.0,587.97265625,0.0
7.0,84.0,0.0033608980002099997,100.0,587.9765625,0.0
7.0,85.0,0.002509531999749015,0.0,587.9765625,0.0
7.0,86.0,0.004324731999986398,100.0,587.9765625,0.0
7.0,87.0,0.004218831999878603,0.0,587.9765625,0.0
7.0,88.0,0.0035716869997486356,0.0,587.9765625,0.0
7.0,89.0,0.004364341999917087,50.0,587.984375,0.0
7.0,90.0,0.003890919999776088,100.0,587.98828125,0.0
7.0,91.0,0.005880282999896735,100.0,587.98828125,0.0
7.0,92.0,0.004305625000142754,0.0,587.9921875,0.0
7.0,93.0,0.002469529999871156,50.0,587.9921875,0.0
7.0,94.0,0.004242830999828584,100.0,587.99609375,0.0
7.0,95.0,0.002599084999928891,0.0,588.0,0.0
7.0,96.0,0.0033993249999184627,50.0,588.0,0.0
7.0,97.0,0.002563810000083322,0.0,588.0,0.0
7.0,98.0,0.004179448999821034,50.0,588.0,0.0
7.0,99.0,0.003852050000205054,0.0,588.0,0.0
7.0,100.0,0.003376404999926308,0.0,588.0,0.0
8.0,1.0,0.003415167000184738,100.0,588.0,0.0
8.0,2.0,0.003406410000025062,0.0,588.0,0.0
8.0,3.0,0.002514170000267768,0.0,588.015625,0.0
8.0,4.0,0.0033708169999044912,100.0,588.015625,0.0
8.0,5.0,0.004330931000367855,100.0,588.015625,0.0
8.0,6.0,0.004391167999983736,0.0,588.015625,0.0
8.0,7.0,0.0025756629997886193,0.0,588.015625,0.0
8.0,8.0,0.0042381419998491765,50.0,588.015625,0.0
8.0,9.0,0.003413156000078743,0.0,588.015625,0.0
8.0,10.0,0.005044673000156763,100.0,588.015625,0.0
8.0,11.0,0.0061255509999682545,100.0,588.015625,0.0
8.0,12.0,0.004080237999914971,50.0,588.015625,0.0
8.0,13.0,0.0027557670000533108,0.0,588.015625,0.0
8.0,14.0,0.003406460999940464,100.0,588.015625,0.0
8.0,15.0,0.0035308530000293104,0.0,588.01953125,0.0
8.0,16.0,0.003461049999714305,100.0,588.01953125,0.0
8.0,17.0,0.002846237000085239,0.0,588.0234375,0.0
8.0,18.0,0.0025761700003386068,0.0,588.0234375,0.0
8.0,19.0,0.0025565450000613055,100.0,588.0234375,0.0
8.0,20.0,0.004308035999656568,0.0,588.0234375,0.0
8.0,21.0,0.00340614899960201,100.0,588.02734375,0.0
8.0,22.0,0.0034010740000667283,0.0,588.02734375,0.0
8.0,23.0,0.00339321999990716,0.0,588.0546875,0.0
8.0,24.0,0.00336854300030609,100.0,588.0546875,0.0
8.0,25.0,0.0025540380001984886,0.0,588.0546875,0.0
8.0,26.0,0.004249759000231279,100.0,588.0546875,0.0
8.0,27.0,0.002516600000035396,0.0,588.0546875,0.0
8.0,28.0,0.004261949000010645,0.0,588.0546875,0.0
8.0,29.0,0.0026046349998978258,100.0,588.0546875,0.0
8.0,30.0,0.0036534650002977287,0.0,588.0546875,0.0
8.0,31.0,0.004203023000172834,100.0,588.0546875,0.0
8.0,32.0,0.004256171000179165,0.0,588.05859375,0.0
8.0,33.0,0.003469963000043208,100.0,588.06640625,0.0
8.0,34.0,0.006825315999776649,100.0,588.06640625,0.0
8.0,35.0,0.00692475400001058,100.0,588.06640625,0.0
8.0,36.0,0.002639504999933706,0.0,588.06640625,0.0
8.0,37.0,0.0033682690000205184,100.0,588.06640625,0.0
8.0,38.0,0.004205082000225957,0.0,588.06640625,0.0
8.0,39.0,0.004194629000267014,50.0,588.0703125,0.0
8.0,40.0,0.0033602739999878395,0.0,588.0703125,0.0
8.0,41.0,0.002573164999830624,0.0,588.0703125,0.0
8.0,42.0,0.00427463699998043,100.0,588.0703125,0.0
8.0,43.0,0.005076615000234597,100.0,588.07421875,0.0
8.0,44.0,0.0043632590000015625,0.0,588.07421875,0.0
8.0,45.0,0.0026369310003246937,0.0,588.07421875,0.0
8.0,46.0,0.004301898999983678,50.0,588.078125,0.0
8.0,47.0,0.004265999999915948,0.0,588.078125,0.0
8.0,48.0,0.0034068620002472016,50.0,588.078125,0.0
8.0,49.0,0.00260769899978186,0.0,588.078125,0.0
8.0,50.0,0.0033649739998509176,100.0,588.078125,0.0
8.0,51.0,0.0034000730001935153,0.0,588.078125,0.0
8.0,52.0,0.0041731470000740956,0.0,588.08203125,0.0
8.0,53.0,0.0038347659997270966,100.0,588.08203125,0.0
8.0,54.0,0.006947330000002694,50.0,588.08203125,0.0
8.0,55.0,0.0043589510000856535,100.0,588.0859375,0.0
8.0,56.0,0.002566992000083701,0.0,588.0859375,0.0
8.0,57.0,0.0025622690000091097,0.0,588.0859375,0.0
8.0,58.0,0.004513459000008879,100.0,588.0859375,0.0
8.0,59.0,0.002516434999961348,100.0,588.08984375,0.0
8.0,60.0,0.0042996389997824735,0.0,588.08984375,0.0
8.0,61.0,0.002739918999850488,0.0,588.08984375,0.0
8.0,62.0,0.0033770919999369653,50.0,588.09375,0.0
8.0,63.0,0.002947720000065601,0.0,588.09375,0.0
8.0,64.0,0.0033915019998858043,100.0,588.09375,0.0
8.0,65.0,0.004214081000100123,0.0,588.12890625,0.0
8.0,66.0,0.003460994999841205,100.0,588.140625,0.0
8.0,67.0,0.0033944289998544264,0.0,588.14453125,0.0
8.0,68.0,0.0025368990000060876,0.0,588.14453125,0.0
8.0,69.0,0.002480122000179108,100.0,588.14453125,0.0
8.0,70.0,0.00349068100013028,0.0,588.14453125,0.0
8.0,71.0,0.0025513209998280217,0.0,588.16015625,0.0
8.0,72.0,0.004364917999737372,100.0,588.171875,0.0
8.0,73.0,0.003487224000309652,0.0,588.1796875,0.0
8.0,74.0,0.004227908999837382,100.0,588.1796875,0.0
8.0,75.0,0.0026079740000568563,0.0,588.21875,0.0
8.0,76.0,0.0038019879998500983,100.0,588.22265625,0.0
8.0,77.0,0.003433761999986018,0.0,588.22265625,0.0
8.0,78.0,0.004221184000016365,0.0,588.22265625,0.0
8.0,79.0,0.002621781000016199,100.0,588.22265625,0.0
8.0,80.0,0.0035130709998156817,0.0,588.22265625,0.0
8.0,81.0,0.0034083810000993253,100.0,588.22265625,0.0
8.0,82.0,0.0035742459999710263,0.0,588.22265625,0.0
8.0,83.0,0.0036049930004082853,0.0,588.22265625,0.0
8.0,84.0,0.004215791999740759,100.0,588.2265625,0.0
8.0,85.0,0.002568204999988666,0.0,588.23046875,0.0
8.0,86.0,0.003385012000308052,100.0,588.23046875,0.0
8.0,87.0,0.003474429000107193,0.0,588.23046875,0.0
8.0,88.0,0.002676471000086167,0.0,588.234375,0.0
8.0,89.0,0.002504040000076202,100.0,588.234375,0.0
8.0,90.0,0.0033985360000770015,0.0,588.23828125,0.0
8.0,91.0,0.0033113120002781216,100.0,588.2421875,0.0
8.0,92.0,0.003372594000211393,0.0,588.24609375,0.0
8.0,93.0,0.0035208180001973233,0.0,588.24609375,0.0
8.0,94.0,0.004364420000001701,100.0,588.24609375,0.0
8.0,95.0,0.004244420999839349,0.0,588.25,0.0
8.0,96.0,0.004548440999769809,100.0,588.25,0.0
8.0,97.0,0.004526681999777793,0.0,588.25,0.0
8.0,98.0,0.002585930999885022,100.0,588.25390625,0.0
8.0,99.0,0.002533278000100836,0.0,588.25390625,0.0
8.0,100.0,0.004475507999813999,100.0,588.2578125,0.0
9.0,1.0,0.002632546999848273,0.0,588.265625,0.0
9.0,2.0,0.0025624649997553206,0.0,588.265625,0.0
9.0,3.0,0.0036487500001385342,100.0,588.265625,0.0
9.0,4.0,0.004455065999991348,0.0,588.265625,0.0
9.0,5.0,0.0033724980003171368,100.0,588.265625,0.0
9.0,6.0,0.003694368000196846,0.0,588.26953125,0.0
9.0,7.0,0.00430913199988936,100.0,588.2734375,0.0
9.0,8.0,0.003471131999958743,0.0,588.2734375,0.0
9.0,9.0,0.0025160169998343918,0.0,588.2734375,0.0
9.0,10.0,0.003605398000217974,100.0,588.2734375,0.0
9.0,11.0,0.003466336999736086,0.0,588.2734375,0.0
9.0,12.0,0.00350259000015285,100.0,588.27734375,0.0
9.0,13.0,0.003416507000110869,0.0,588.27734375,0.0
9.0,14.0,0.004753839999921183,50.0,588.28515625,0.0
9.0,15.0,0.00514550199977748,100.0,588.28515625,0.0
9.0,16.0,0.0067469190003066615,0.0,588.2890625,0.0
9.0,17.0,0.004349676000401814,100.0,588.2890625,0.0
9.0,18.0,0.0041341179999108135,100.0,588.29296875,0.0
9.0,19.0,0.004301475000374921,100.0,588.296875,0.0
9.0,20.0,0.00270337300025858,0.0,588.296875,0.0
9.0,21.0,0.0034535009999672184,50.0,588.296875,0.0
9.0,22.0,0.00347363899982156,0.0,588.296875,0.0
9.0,23.0,0.004330246999870724,0.0,588.296875,0.0
9.0,24.0,0.003968968999743083,50.0,588.30078125,0.0
9.0,25.0,0.002581902999736485,0.0,588.30078125,0.0
9.0,26.0,0.003468277000138187,50.0,588.30078125,0.0
9.0,27.0,0.002807885000038368,0.0,588.30078125,0.0
9.0,28.0,0.004343953999978112,0.0,588.30078125,0.0
9.0,29.0,0.002648233999934746,50.0,588.30078125,0.0
9.0,30.0,0.005361764000099356,0.0,588.3046875,0.0
9.0,31.0,0.0034691050000219548,50.0,588.3046875,0.0
9.0,32.0,0.005668104000051244,0.0,588.3046875,0.0
9.0,33.0,0.004257420000158163,100.0,588.34375,0.0
9.0,34.0,0.003487336000034702,0.0,588.34765625,0.0
9.0,35.0,0.0025951759998861235,50.0,588.34765625,0.0
9.0,36.0,0.00446509999983391,0.0,588.3515625,0.0
9.0,37.0,0.0035550440002225514,50.0,588.3515625,0.0
9.0,38.0,0.003923916000076133,0.0,588.3515625,0.0
9.0,39.0,0.0026931889997285907,0.0,588.3515625,0.0
9.0,40.0,0.004285751000224991,100.0,588.3515625,0.0
9.0,41.0,0.00428390400020362,0.0,588.35546875,0.0
9.0,42.0,0.004302357000142365,100.0,588.35546875,0.0
9.0,43.0,0.003381542000170157,0.0,588.35546875,0.0
9.0,44.0,0.00431709900021815,50.0,588.35546875,0.0
9.0,45.0,0.0027445139999144885,0.0,588.35546875,0.0
9.0,46.0,0.003481301999727293,50.0,588.35546875,0.0
9.0,47.0,0.004273335000107181,0.0,588.359375,0.0
9.0,48.0,0.00451984099981928,50.0,588.359375,0.0
9.0,49.0,0.0058747079997374385,100.0,588.359375,0.0
9.0,50.0,0.0046206160000110685,50.0,588.359375,0.0
9.0,51.0,0.003645380000307341,100.0,588.359375,0.0
9.0,52.0,0.004549571000097785,0.0,588.359375,0.0
9.0,53.0,0.003664295000362472,100.0,588.359375,0.0
9.0,54.0,0.0035494179996931052,0.0,588.359375,0.0
9.0,55.0,0.0026643010000952927,0.0,588.359375,0.0
9.0,56.0,0.0035172389998479048,100.0,588.359375,0.0
9.0,57.0,0.002683172999695671,0.0,588.359375,0.0
9.0,58.0,0.0038248229998316674,50.0,588.359375,0.0
9.0,59.0,0.004428241999903548,0.0,588.359375,0.0
9.0,60.0,0.00440753200018662,50.0,588.36328125,0.0
9.0,61.0,0.002659276000031241,0.0,588.36328125,0.0
9.0,62.0,0.004487339000206703,0.0,588.3671875,0.0
9.0,63.0,0.0034454780002306507,100.0,588.3671875,0.0
9.0,64.0,0.003473172999747476,0.0,588.3671875,0.0
9.0,65.0,0.004360845999599405,100.0,588.3671875,0.0
9.0,66.0,0.0026104040002792317,0.0,588.3671875,0.0
9.0,67.0,0.0034213769999951182,0.0,588.3671875,0.0
9.0,68.0,0.0034548659996289643,100.0,588.3671875,0.0
9.0,69.0,0.003442422000262013,0.0,588.3671875,0.0
9.0,70.0,0.003430700000080833,100.0,588.3671875,0.0
9.0,71.0,0.002618161000100372,0.0,588.37109375,0.0
9.0,72.0,0.0026121850000890845,0.0,588.37109375,0.0
9.0,73.0,0.002569548999872495,100.0,588.37109375,0.0
9.0,74.0,0.0034455919999345497,0.0,588.37109375,0.0
9.0,75.0,0.0034553760001472256,50.0,588.37109375,0.0
9.0,76.0,0.003501892000258522,0.0,588.37109375,0.0
9.0,77.0,0.003787039000144432,0.0,588.37109375,0.0
9.0,78.0,0.0034896279998974933,100.0,588.37109375,0.0
9.0,79.0,0.0026234150000163936,0.0,588.37109375,0.0
9.0,80.0,0.004292152000289207,100.0,588.375,0.0
9.0,81.0,0.0034090619997186877,0.0,588.375,0.0
9.0,82.0,0.004667904000143608,50.0,588.375,0.0
9.0,83.0,0.00271857200004888,0.0,588.375,0.0
9.0,84.0,0.003437021000081586,0.0,588.37890625,0.0
9.0,85.0,0.002615510999930848,100.0,588.37890625,0.0
9.0,86.0,0.004341732000284537,0.0,588.37890625,0.0
9.0,87.0,0.0025719939999362396,100.0,588.37890625,0.0
9.0,88.0,0.0034986519999620214,0.0,588.3828125,0.0
9.0,89.0,0.0034490990001359023,0.0,588.3828125,0.0
9.0,90.0,0.002533244000005652,100.0,588.3828125,0.0
9.0,91.0,0.0033683809997455683,0.0,588.3828125,0.0
9.0,92.0,0.0025282760002482974,0.0,588.3828125,0.0
9.0,93.0,0.0025879099998746824,100.0,588.38671875,0.0
9.0,94.0,0.00429766799970821,0.0,588.38671875,0.0
9.0,95.0,0.003453903000263381,100.0,588.390625,0.0
9.0,96.0,0.003402321000066877,0.0,588.390625,0.0
9.0,97.0,0.0034737350001705636,50.0,588.390625,0.0
9.0,98.0,0.003420769000058499,0.0,588.39453125,0.0
9.0,99.0,0.0025784829999793146,0.0,588.41015625,0.0
9.0,100.0,0.004478769999877841,100.0,588.4140625,0.0
10.0,1.0,0.0026398180002615845,0.0,588.4140625,0.0
10.0,2.0,0.004410665999785124,50.0,588.4140625,0.0
10.0,3.0,0.00437378099968555,0.0,588.41796875,0.0
10.0,4.0,0.00431787199977407,50.0,588.41796875,0.0
10.0,5.0,0.0034722440000223287,0.0,588.41796875,0.0
10.0,6.0,0.004247939999913797,50.0,588.41796875,0.0
10.0,7.0,0.003487913999833836,0.0,588.421875,0.0
10.0,8.0,0.004311965999931999,50.0,588.421875,0.0
10.0,9.0,0.002620266999656451,0.0,588.421875,0.0
10.0,10.0,0.004377536000447435,0.0,588.421875,0.0
10.0,11.0,0.0034946709997711878,100.0,588.42578125,0.0
10.0,12.0,0.0045656130000679696,0.0,588.42578125,0.0
10.0,13.0,0.002642775000367692,50.0,588.4453125,0.0
10.0,14.0,0.004362296999715909,0.0,588.4453125,0.0
10.0,15.0,0.004316613999890251,50.0,588.4453125,0.0
10.0,16.0,0.004274351999811188,0.0,588.44921875,0.0
10.0,17.0,0.00438649300031102,50.0,588.453125,0.0
10.0,18.0,0.004277695999917341,0.0,588.453125,0.0
10.0,19.0,0.002901159999964875,50.0,588.453125,0.0
10.0,20.0,0.00253430099974139,0.0,588.45703125,0.0
10.0,21.0,0.002542711999922176,0.0,588.45703125,0.0
10.0,22.0,0.004375974000140559,50.0,588.45703125,0.0
10.0,23.0,0.0026491710000300372,0.0,588.4609375,0.0
10.0,24.0,0.0025287060002483486,0.0,588.4609375,0.0
10.0,25.0,0.002586551000149484,50.0,588.4609375,0.0
10.0,26.0,0.0043328360002306,0.0,588.48046875,0.0
10.0,27.0,0.003564584999821818,50.0,588.48046875,0.0
10.0,28.0,0.004273248000117746,0.0,588.48046875,0.0
10.0,29.0,0.0035140389995831356,50.0,588.484375,0.0
10.0,30.0,0.004320078000091598,0.0,588.4921875,0.0
10.0,31.0,0.002842864000285772,0.0,588.4921875,0.0
10.0,32.0,0.0035257819999969797,50.0,588.4921875,0.0
10.0,33.0,0.003477731000202766,0.0,588.4921875,0.0
10.0,34.0,0.002601810999749432,50.0,588.4921875,0.0
10.0,35.0,0.0035446970000521105,0.0,588.49609375,0.0
10.0,36.0,0.00448646600034408,100.0,588.49609375,0.0
10.0,37.0,0.003397186999791302,0.0,588.49609375,0.0
10.0,38.0,0.004352352000296378,100.0,588.5,0.0
10.0,39.0,0.0042865999998866755,0.0,588.5,0.0
10.0,40.0,0.004334673999892402,100.0,588.50390625,0.0
10.0,41.0,0.0025678090000837983,0.0,588.5078125,0.0
10.0,42.0,0.0034703110000009474,0.0,588.5078125,0.0
10.0,43.0,0.0036221099999238504,100.0,588.51953125,0.0
10.0,44.0,0.0034557640001366963,0.0,588.51953125,0.0
10.0,45.0,0.003469975999905728,0.0,588.51953125,0.0
10.0,46.0,0.004053883999858954,100.0,588.52734375,0.0
10.0,47.0,0.0031972610004231683,0.0,588.53125,0.0
10.0,48.0,0.003488223000204016,100.0,588.53125,0.0
10.0,49.0,0.0034171910001532524,0.0,588.53125,0.0
10.0,50.0,0.0034587969998938206,50.0,588.53125,0.0
10.0,51.0,0.0034830869999495917,0.0,588.53125,0.0
10.0,52.0,0.00268993000008777,0.0,588.5390625,0.0
10.0,53.0,0.004249007999987953,100.0,588.5390625,0.0
10.0,54.0,0.0025874140001178603,0.0,588.54296875,0.0
10.0,55.0,0.003438375999849086,50.0,588.54296875,0.0
10.0,56.0,0.0036709289997816086,0.0,588.54296875,0.0
10.0,57.0,0.0042869489998338395,0.0,588.546875,0.0
10.0,58.0,0.0035240239999438927,100.0,588.546875,0.0
10.0,59.0,0.0028198029999657592,0.0,588.546875,0.0
10.0,60.0,0.004361848999906215,50.0,588.546875,0.0
10.0,61.0,0.004405439000038314,0.0,588.546875,0.0
10.0,62.0,0.003517548999752762,50.0,588.546875,0.0
10.0,63.0,0.002627437000228383,0.0,588.55078125,0.0
10.0,64.0,0.004344763000062812,0.0,588.55078125,0.0
10.0,65.0,0.0034149660000366566,100.0,588.55078125,0.0
10.0,66.0,0.004506316000060906,0.0,588.55078125,0.0
10.0,67.0,0.004803353000170318,100.0,588.55078125,0.0
10.0,68.0,0.004411237000113033,100.0,588.55078125,0.0
10.0,69.0,0.0034193970000160334,0.0,588.55078125,0.0
10.0,70.0,0.004303401000015583,100.0,588.55078125,0.0
10.0,71.0,0.0026778400001603586,0.0,588.55078125,0.0
10.0,72.0,0.004405047000091145,100.0,588.55078125,0.0
10.0,73.0,0.0026472819999980857,0.0,588.55078125,0.0
10.0,74.0,0.00579231100027755,50.0,588.55078125,0.0
10.0,75.0,0.004596288000357163,0.0,588.5703125,0.0
10.0,76.0,0.0036000390000481275,50.0,588.5703125,0.0
10.0,77.0,0.003445544999976846,0.0,588.5703125,0.0
10.0,78.0,0.0035283390002405213,100.0,588.5703125,0.0
10.0,79.0,0.003552407999904972,0.0,588.5703125,0.0
10.0,80.0,0.002648837999913667,0.0,588.5703125,0.0
10.0,81.0,0.0026224270000057004,100.0,588.5703125,0.0
10.0,82.0,0.004388035000374657,0.0,588.5703125,0.0
10.0,83.0,0.002631996999753028,100.0,588.5703125,0.0
10.0,84.0,0.0025780599999052356,0.0,588.57421875,0.0
10.0,85.0,0.004377146000024368,0.0,588.57421875,0.0
10.0,86.0,0.002673262999906001,100.0,588.57421875,0.0
10.0,87.0,0.004383590000088589,0.0,588.57421875,0.0
10.0,88.0,0.004342989999713609,100.0,588.57421875,0.0
10.0,89.0,0.0036314519998086325,0.0,588.57421875,0.0
10.0,90.0,0.004314448000059201,100.0,588.57421875,0.0
10.0,91.0,0.0025991030001932813,0.0,588.57421875,0.0
10.0,92.0,0.004637603999981366,100.0,588.57421875,0.0
10.0,93.0,0.0026020909999715514,0.0,588.57421875,0.0
10.0,94.0,0.004315110999868921,0.0,588.57421875,0.0
10.0,95.0,0.0027002679998986423,100.0,588.57421875,0.0
10.0,96.0,0.0026627319998624444,0.0,588.578125,0.0
10.0,97.0,0.003468647999852692,0.0,588.578125,0.0
10.0,98.0,0.004357268999683583,50.0,588.578125,0.0
10.0,99.0,0.0026201309997304634,0.0,588.58203125,0.0
10.0,100.0,0.004614133999893966,50.0,588.58203125,0.0
11.0,1.0,0.00271161899991057,0.0,588.58203125,0.0
11.0,2.0,0.0026670299998841074,100.0,588.5859375,0.0
11.0,3.0,0.002571637000073679,0.0,588.5859375,0.0
11.0,4.0,0.0044625159998759045,0.0,588.5859375,0.0
11.0,5.0,0.0036025819999849773,50.0,588.5859375,0.0
11.0,6.0,0.003524631999880512,0.0,588.5859375,0.0
11.0,7.0,0.0026015840003310586,0.0,588.5859375,0.0
11.0,8.0,0.0035099609999633685,50.0,588.58984375,0.0
11.0,9.0,0.0031327530000453407,0.0,588.58984375,0.0
11.0,10.0,0.0035949210000580933,100.0,588.58984375,0.0
11.0,11.0,0.00263314200037712,0.0,588.58984375,0.0
11.0,12.0,0.004374271999949997,100.0,588.58984375,0.0
11.0,13.0,0.0035070850003648957,0.0,588.58984375,0.0
11.0,14.0,0.003731132000211801,0.0,588.58984375,0.0
11.0,15.0,0.0025493250000181433,100.0,588.58984375,0.0
11.0,16.0,0.0035397599999669183,0.0,588.58984375,0.0
11.0,17.0,0.0026805630000126257,0.0,588.59375,0.0
11.0,18.0,0.0043348190001779585,50.0,588.59375,0.0
11.0,19.0,0.003510649999952875,0.0,588.59375,0.0
11.0,20.0,0.003471085999990464,50.0,588.59375,0.0
11.0,21.0,0.0026022199999715667,0.0,588.59375,0.0
11.0,22.0,0.003536513000199193,100.0,588.59375,0.0
11.0,23.0,0.0036287939997237117,0.0,588.59375,0.0
11.0,24.0,0.002614585999708652,0.0,588.59375,0.0
11.0,25.0,0.0026236799999423965,100.0,588.59375,0.0
11.0,26.0,0.0026410099999338854,0.0,588.59765625,0.0
11.0,27.0,0.003534507000040321,0.0,588.59765625,0.0
11.0,28.0,0.004398933999709698,66.7,588.609375,0.0
11.0,29.0,0.00347125700000106,0.0,588.609375,0.0
11.0,30.0,0.004435280000052444,50.0,588.609375,0.0
11.0,31.0,0.003532883999923797,0.0,588.609375,0.0
11.0,32.0,0.004305893000037031,100.0,588.609375,0.0
11.0,33.0,0.0026676239999687823,0.0,588.6171875,0.0
11.0,34.0,0.003530372000113857,0.0,588.6171875,0.0
11.0,35.0,0.003491001999918808,50.0,588.6171875,0.0
11.0,36.0,0.004431463999935659,0.0,588.6171875,0.0
11.0,37.0,0.005266673000278388,100.0,588.62109375,0.0
11.0,38.0,0.004349933999947098,50.0,588.625,0.0
11.0,39.0,0.002554297999722621,0.0,588.625,0.0
11.0,40.0,0.002915457999733917,0.0,588.66015625,0.0
11.0,41.0,0.002600388000246312,100.0,588.66015625,0.0
11.0,42.0,0.0034703310002441867,0.0,588.66015625,0.0
11.0,43.0,0.0026490139998713857,0.0,588.66015625,0.0
11.0,44.0,0.004387949999909324,100.0,588.66015625,0.0
11.0,45.0,0.0026178670000263082,0.0,588.6640625,0.0
11.0,46.0,0.003577154000140581,100.0,588.6640625,0.0
11.0,47.0,0.0026170199998887256,0.0,588.6640625,0.0
11.0,48.0,0.003541787000358454,0.0,588.6640625,0.0
11.0,49.0,0.004351664999830973,100.0,588.6640625,0.0
11.0,50.0,0.0034877300004154677,0.0,588.6640625,0.0
11.0,51.0,0.00432168899988028,100.0,588.66796875,0.0
11.0,52.0,0.004335658999934822,0.0,588.66796875,0.0
11.0,53.0,0.006567851999989216,100.0,588.671875,0.0
11.0,54.0,0.005600753000180703,100.0,588.671875,0.0
11.0,55.0,0.0038926279999031976,100.0,588.67578125,0.0
11.0,56.0,0.005547668999952293,100.0,588.67578125,0.0
11.0,57.0,0.004289298000003328,100.0,588.67578125,0.0
11.0,58.0,0.004049708000366081,0.0,588.67578125,0.0
11.0,59.0,0.004987509000329737,100.0,588.67578125,0.0
11.0,60.0,0.005727388999730465,100.0,588.67578125,0.0
11.0,61.0,0.0035083340003438934,50.0,588.67578125,0.0
11.0,62.0,0.004569977999835828,0.0,588.67578125,0.0
11.0,63.0,0.0028329179999673215,0.0,588.6796875,0.0
11.0,64.0,0.0036500690002867486,100.0,588.6796875,0.0
11.0,65.0,0.002722978000292642,0.0,588.6796875,0.0
11.0,66.0,0.0027592450001066027,100.0,588.6796875,0.0
11.0,67.0,0.0046202869998523965,0.0,588.68359375,0.0
11.0,68.0,0.003683347999867692,100.0,588.68359375,0.0
11.0,69.0,0.003597505000016099,0.0,588.68359375,0.0
11.0,70.0,0.0035405999997237814,0.0,588.68359375,0.0
11.0,71.0,0.0026567069999146042,100.0,588.6875,0.0
11.0,72.0,0.0043724639999709325,0.0,588.6875,0.0
11.0,73.0,0.0028858949999630568,100.0,588.6875,0.0
11.0,74.0,0.0034882450004261045,0.0,588.6875,0.0
11.0,75.0,0.0035590610000326706,0.0,588.6875,0.0
11.0,76.0,0.0026352539998697466,100.0,588.69140625,0.0
11.0,77.0,0.003542136999840295,0.0,588.69140625,0.0
11.0,78.0,0.004359910999937711,100.0,588.69140625,0.0
11.0,79.0,0.002661539000200719,0.0,588.69140625,0.0
11.0,80.0,0.0035334600001988292,0.0,588.69140625,0.0
11.0,81.0,0.002710942000248906,100.0,588.6953125,0.0
11.0,82.0,0.0029955199997857562,0.0,588.6953125,0.0
11.0,83.0,0.004324659999838332,100.0,588.6953125,0.0
11.0,84.0,0.005016656999941915,0.0,588.6953125,0.0
11.0,85.0,0.003630202999829635,100.0,588.6953125,0.0
11.0,86.0,0.0035472569998091785,0.0,588.6953125,0.0
11.0,87.0,0.0027038449998144642,0.0,588.6953125,0.0
11.0,88.0,0.00445729900002334,100.0,588.6953125,0.0
11.0,89.0,0.002748880000126519,0.0,588.6953125,0.0
11.0,90.0,0.0035228649999226036,100.0,588.6953125,0.0
11.0,91.0,0.004429412000263255,0.0,588.69921875,0.0
11.0,92.0,0.0036447689999477006,100.0,588.69921875,0.0
11.0,93.0,0.0026620120002007752,0.0,588.69921875,0.0
11.0,94.0,0.004495336999752908,0.0,588.69921875,0.0
11.0,95.0,0.0044880619998366456,50.0,588.69921875,0.0
11.0,96.0,0.0035825690001729527,0.0,588.69921875,0.0
11.0,97.0,0.0026362200001130986,100.0,588.69921875,0.0
11.0,98.0,0.002710478000153671,0.0,588.69921875,0.0
11.0,99.0,0.0026363339998169977,0.0,588.703125,0.0
11.0,100.0,0.004439617999651091,100.0,588.703125,0.0
12.0,1.0,0.0027248020001024997,0.0,588.70703125,0.0
12.0,2.0,0.0036129079999227542,100.0,588.7109375,0.0
12.0,3.0,0.0026733579998108326,0.0,588.7109375,0.0
12.0,4.0,0.004476133000025584,100.0,588.7109375,0.0
12.0,5.0,0.003928859000097873,0.0,588.7109375,0.0
12.0,6.0,0.0036013300000377058,100.0,588.7109375,0.0
12.0,7.0,0.00352521299964792,0.0,588.7109375,0.0
12.0,8.0,0.00448702299991055,50.0,588.7109375,0.0
12.0,9.0,0.003962001000218152,0.0,588.7109375,0.0
12.0,10.0,0.004848738999953639,50.0,588.71484375,0.0
12.0,11.0,0.00264380099997652,0.0,588.71484375,0.0
12.0,12.0,0.003680875000100059,0.0,588.71484375,0.0
12.0,13.0,0.004514128000209894,100.0,588.71484375,0.0
12.0,14.0,0.0035967779999737104,0.0,588.71484375,0.0
12.0,15.0,0.002823021000040171,100.0,588.71484375,0.0
12.0,16.0,0.003547784000147658,0.0,588.71484375,0.0
12.0,17.0,0.00449356200033435,50.0,588.71875,0.0
12.0,18.0,0.003914556999916385,0.0,588.71875,0.0
12.0,19.0,0.0028054529998371436,50.0,588.72265625,0.0
12.0,20.0,0.0036096079998060304,0.0,588.72265625,0.0
12.0,21.0,0.0035833570000249892,0.0,588.72265625,0.0
12.0,22.0,0.003588851999666076,100.0,588.7265625,0.0
12.0,23.0,0.002755499000159034,0.0,588.7265625,0.0
12.0,24.0,0.004571115000089776,50.0,588.7265625,0.0
12.0,25.0,0.002693256999918958,0.0,588.7265625,0.0
12.0,26.0,0.002689447000193468,0.0,588.7265625,0.0
12.0,27.0,0.004422433999934583,100.0,588.73046875,0.0
12.0,28.0,0.0036906129998897086,0.0,588.73046875,0.0
12.0,29.0,0.002771953999854304,50.0,588.73046875,0.0
12.0,30.0,0.00491164300001401,0.0,588.73046875,0.0
12.0,31.0,0.002747639000062918,50.0,588.73046875,0.0
12.0,32.0,0.004352428999936819,0.0,588.73046875,0.0
12.0,33.0,0.004373118999865255,50.0,588.74609375,0.0
12.0,34.0,0.004412524000144913,0.0,588.74609375,0.0
12.0,35.0,0.002742136000051687,0.0,588.75,0.0
12.0,36.0,0.0044689470000776055,100.0,588.75,0.0
12.0,37.0,0.0035748189998230373,0.0,588.75390625,0.0
12.0,38.0,0.004581796999900689,100.0,588.75390625,0.0
12.0,39.0,0.003714954999850306,0.0,588.75390625,0.0
12.0,40.0,0.003671916999792302,50.0,588.75390625,0.0
12.0,41.0,0.00363847300013731,0.0,588.75390625,0.0
12.0,42.0,0.004513206999945396,50.0,588.75390625,0.0
12.0,43.0,0.004494192000038311,0.0,588.7734375,0.0
12.0,44.0,0.004452917999969941,50.0,588.77734375,0.0
12.0,45.0,0.002715411999815842,0.0,588.78125,0.0
12.0,46.0,0.0027297860001453955,0.0,588.78125,0.0
12.0,47.0,0.0035870530000465806,100.0,588.78125,0.0
12.0,48.0,0.0044780209996133635,0.0,588.78125,0.0
12.0,49.0,0.0027739380002458347,100.0,588.78125,0.0
12.0,50.0,0.003911121999863099,0.0,588.78125,0.0
12.0,51.0,0.0041257630000473,50.0,588.78125,0.0
12.0,52.0,0.004841114000100788,100.0,588.78125,0.0
12.0,53.0,0.0036973400001443224,0.0,588.78125,0.0
12.0,54.0,0.00446694300035233,0.0,588.78125,0.0
12.0,55.0,0.00272235800002818,100.0,588.78125,0.0
12.0,56.0,0.003644275999704405,0.0,588.78125,0.0
12.0,57.0,0.0026872640000874526,100.0,588.78125,0.0
12.0,58.0,0.0036274500002946297,0.0,588.78125,0.0
12.0,59.0,0.0036116329997639696,0.0,588.78125,0.0
12.0,60.0,0.004446557999926881,50.0,588.78125,0.0
12.0,61.0,0.003703808999944158,0.0,588.78125,0.0
12.0,62.0,0.0036637940002037794,100.0,588.78515625,0.0
12.0,63.0,0.0038931950002734084,0.0,588.78515625,0.0
12.0,64.0,0.005423870000413444,100.0,588.7890625,0.0
12.0,65.0,0.004604415000358131,50.0,588.7890625,0.0
12.0,66.0,0.00372319799998877,0.0,588.7890625,0.0
12.0,67.0,0.0027083509999101807,0.0,588.7890625,0.0
12.0,68.0,0.004739343999972334,50.0,588.7890625,0.0
12.0,69.0,0.0036868699999104138,0.0,588.7890625,0.0
12.0,70.0,0.003667619000225386,50.0,588.79296875,0.0
12.0,71.0,0.0035720190003303287,0.0,588.79296875,0.0
12.0,72.0,0.00477729400017779,50.0,588.79296875,0.0
12.0,73.0,0.004564290999951481,100.0,588.79296875,0.0
12.0,74.0,0.005709688000024471,100.0,588.79296875,0.0
12.0,75.0,0.005552114000238362,100.0,588.79296875,0.0
12.0,76.0,0.005888238999887108,100.0,588.80078125,0.0
12.0,77.0,0.003924472000107926,100.0,588.80078125,0.0
12.0,78.0,0.006819484000061493,100.0,588.80078125,0.0
12.0,79.0,0.0041861019999487326,100.0,588.80078125,0.0
12.0,80.0,0.0055378980000568845,100.0,588.80078125,0.0
12.0,81.0,0.005380117999720824,100.0,588.80078125,0.0
12.0,82.0,0.005472562000250036,100.0,588.80078125,0.0
12.0,83.0,0.004186825000033423,100.0,588.80078125,0.0
12.0,84.0,0.004104899000139994,100.0,588.80078125,0.0
12.0,85.0,0.004311518000122305,0.0,588.80078125,0.0
12.0,86.0,0.007156312999995862,100.0,588.80078125,0.0
12.0,87.0,0.007017934000032255,100.0,588.80078125,0.0
12.0,88.0,0.006964487999994162,100.0,588.81640625,0.0
12.0,89.0,0.005407829999967362,100.0,588.8203125,0.0
12.0,90.0,0.007191512000190414,100.0,588.8203125,0.0
12.0,91.0,0.005022043999815651,100.0,588.8203125,0.0
12.0,92.0,0.005496149999999034,100.0,588.8203125,0.0
12.0,93.0,0.00477737499977593,100.0,588.8203125,0.0
12.0,94.0,0.005074357000012242,100.0,588.8203125,0.0
12.0,95.0,0.0036983740001232945,100.0,588.8203125,0.0
12.0,96.0,0.0050318359999437234,0.0,588.828125,0.0
12.0,97.0,0.004841289000069082,100.0,588.828125,0.0
12.0,98.0,0.0037059020000924647,0.0,588.828125,0.0
12.0,99.0,0.0049969799997597875,100.0,588.828125,0.0
12.0,100.0,0.0034173770000052173,100.0,588.828125,0.0
13.0,1.0,0.0038560080001843744,100.0,588.828125,0.0
13.0,2.0,0.0068315029998302634,100.0,588.828125,0.0
13.0,3.0,0.0037104999996699917,100.0,588.828125,0.0
13.0,4.0,0.006608737999613368,100.0,588.83203125,0.0
13.0,5.0,0.005150471999968431,100.0,588.8359375,0.0
13.0,6.0,0.0061210930002744135,100.0,588.8359375,0.0
13.0,7.0,0.005077978999906918,100.0,588.8359375,0.0
13.0,8.0,0.006678958000065904,100.0,588.8359375,0.0
13.0,9.0,0.004074441999819101,100.0,588.8359375,0.0
13.0,10.0,0.006955662000109442,100.0,588.84765625,0.0
13.0,11.0,0.0036911440001858864,100.0,588.84765625,0.0
13.0,12.0,0.0049998140002571745,100.0,588.84765625,0.0
13.0,13.0,0.004254274000231817,100.0,588.8515625,0.0
13.0,14.0,0.006241598999622511,100.0,588.8515625,0.0
13.0,15.0,0.005136583999956201,100.0,588.85546875,0.0
13.0,16.0,0.004923056000279757,100.0,588.859375,0.0
13.0,17.0,0.003654922999885457,100.0,588.859375,0.0
13.0,18.0,0.004871193999861134,100.0,588.859375,0.0
13.0,19.0,0.004879216999597702,100.0,588.859375,0.0
13.0,20.0,0.006459606000134954,100.0,588.859375,0.0
13.0,21.0,0.004893621000064741,100.0,588.86328125,0.0
13.0,22.0,0.006156798999654711,100.0,588.8671875,0.0
13.0,23.0,0.007195195999884163,100.0,588.8671875,0.0
13.0,24.0,0.005428912000297714,0.0,588.8671875,0.0
13.0,25.0,0.0036362270002427977,100.0,588.8671875,0.0
13.0,26.0,0.007006413999988581,100.0,588.87109375,0.0
13.0,27.0,0.006189625000388332,100.0,588.875,0.0
13.0,28.0,0.006164879000152723,100.0,588.87890625,0.0
13.0,29.0,0.006120568000369531,100.0,588.87890625,0.0
13.0,30.0,0.006102463999923202,100.0,588.87890625,0.0
13.0,31.0,0.0036644580000029237,100.0,588.87890625,0.0
13.0,32.0,0.006223614000191446,100.0,588.87890625,0.0
13.0,33.0,0.003670427000088239,100.0,588.87890625,0.0
13.0,34.0,0.005229120999956649,100.0,588.87890625,0.0
13.0,35.0,0.005145916999936162,100.0,588.88671875,0.0
13.0,36.0,0.007549737999852368,100.0,588.88671875,0.0
13.0,37.0,0.005024396999942837,100.0,588.88671875,0.0
13.0,38.0,0.006159426000067469,100.0,588.890625,0.0
13.0,39.0,0.0036796130002585414,100.0,588.890625,0.0
13.0,40.0,0.006853451000097266,100.0,588.890625,0.0
13.0,41.0,0.005523958999674505,100.0,588.89453125,0.0
13.0,42.0,0.006963800999983505,100.0,588.89453125,0.0
13.0,43.0,0.0064112290001503425,100.0,588.89453125,0.0
13.0,44.0,0.00623289700024543,100.0,588.8984375,0.0
13.0,45.0,0.006233780000002298,100.0,588.8984375,0.0
13.0,46.0,0.006139270999938162,100.0,588.8984375,0.0
13.0,47.0,0.006173485000090295,100.0,588.9140625,0.0
13.0,48.0,0.006178719000217825,100.0,588.9140625,0.0
13.0,49.0,0.0041923980002138705,100.0,588.9140625,0.0
13.0,50.0,0.004271948000223347,100.0,588.9140625,0.0
13.0,51.0,0.0040242680001938425,100.0,588.9140625,0.0
13.0,52.0,0.008655442999952356,100.0,588.9140625,0.0
13.0,53.0,0.003871491000154492,100.0,588.9140625,0.0
13.0,54.0,0.005420055999820761,100.0,588.9140625,0.0
13.0,55.0,0.007920819999981177,100.0,588.9140625,0.0
13.0,56.0,0.007148760999825754,100.0,588.9140625,0.0
13.0,57.0,0.0046733439999115944,100.0,588.91796875,0.0
13.0,58.0,0.008447500000329455,100.0,588.91796875,0.0
13.0,59.0,0.006116132999977708,100.0,588.91796875,0.0
13.0,60.0,0.008371569000246382,100.0,588.91796875,0.0
13.0,61.0,0.003934041000320576,100.0,588.91796875,0.0
13.0,62.0,0.006126855999809777,100.0,588.91796875,0.0
13.0,63.0,0.005098008999993908,100.0,588.91796875,0.0
13.0,64.0,0.0070120299997142865,100.0,588.91796875,0.0
13.0,65.0,0.00397843600012493,100.0,588.91796875,0.0
13.0,66.0,0.005002599999897939,100.0,588.94140625,0.0
13.0,67.0,0.003717336999670806,100.0,588.94140625,0.0
13.0,68.0,0.006176218999826233,100.0,588.94140625,0.0
13.0,69.0,0.004964363999988564,100.0,588.9453125,0.0
13.0,70.0,0.0037123490001249593,100.0,588.9453125,0.0
13.0,71.0,0.0037259289997564338,100.0,588.9453125,0.0
13.0,72.0,0.004958424000051309,100.0,588.9453125,0.0
13.0,73.0,0.0037394579999272537,100.0,588.9453125,0.0
13.0,74.0,0.004969560000063211,100.0,588.9453125,0.0
13.0,75.0,0.0037347679999584216,100.0,588.94921875,0.0
13.0,76.0,0.003829554000276403,100.0,588.953125,0.0
13.0,77.0,0.004990900000393594,100.0,588.953125,0.0
13.0,78.0,0.006386491000284877,100.0,588.953125,0.0
13.0,79.0,0.003706512999997358,100.0,588.953125,0.0
13.0,80.0,0.006382406999819068,100.0,588.95703125,0.0
13.0,81.0,0.0037382440000328643,100.0,588.9609375,0.0
13.0,82.0,0.006182686000101967,100.0,588.9609375,0.0
13.0,83.0,0.0036987670000598882,100.0,588.96484375,0.0
13.0,84.0,0.00630936900006418,100.0,588.96875,0.0
13.0,85.0,0.00509152799986623,100.0,588.96875,0.0
13.0,86.0,0.006255336999856809,100.0,588.97265625,0.0
13.0,87.0,0.003641788000095403,100.0,588.97265625,0.0
13.0,88.0,0.0036657239998021396,100.0,588.97265625,0.0
13.0,89.0,0.003816802000073949,100.0,588.97265625,0.0
13.0,90.0,0.005083416000161378,100.0,588.97265625,0.0
13.0,91.0,0.0036338999998406507,100.0,588.97265625,0.0
13.0,92.0,0.005210544000419759,100.0,588.97265625,0.0
13.0,93.0,0.004926886999783164,100.0,588.9765625,0.0
13.0,94.0,0.006115324999882432,100.0,588.9765625,0.0
13.0,95.0,0.006162854999729461,100.0,588.9765625,0.0
13.0,96.0,0.0060493940000014845,100.0,588.9765625,0.0
13.0,97.0,0.005062662999989698,100.0,588.9765625,0.0
13.0,98.0,0.005180931000268174,100.0,588.98046875,0.0
13.0,99.0,0.0038367110000763205,100.0,588.98046875,0.0
13.0,100.0,0.004970164000042132,100.0,588.98046875,0.0
14.0,1.0,0.003898892000052001,100.0,588.98046875,0.0
14.0,2.0,0.004866920000040409,100.0,588.98046875,0.0
14.0,3.0,0.003774164999867935,100.0,588.98046875,0.0
14.0,4.0,0.00612949700007448,100.0,588.98046875,0.0
14.0,5.0,0.004939723000006779,100.0,588.98046875,0.0
14.0,6.0,0.004896542000096815,100.0,588.98046875,0.0
14.0,7.0,0.005134995999924286,100.0,588.98046875,0.0
14.0,8.0,0.005105667999941943,100.0,588.984375,0.0
14.0,9.0,0.00617146300010063,100.0,588.98828125,0.0
14.0,10.0,0.006247332999919308,100.0,588.98828125,0.0
14.0,11.0,0.0036664330000348855,100.0,588.98828125,0.0
14.0,12.0,0.006170585000290885,100.0,588.9921875,0.0
14.0,13.0,0.0036434500002542336,100.0,588.9921875,0.0
14.0,14.0,0.007410419999814621,100.0,589.0234375,0.0
14.0,15.0,0.005233544000020629,0.0,589.02734375,0.0
14.0,16.0,0.0054496869997819886,66.7,589.02734375,0.0
14.0,17.0,0.0037160960000619525,0.0,589.02734375,0.0
14.0,18.0,0.007254653000018152,100.0,589.046875,0.0
14.0,19.0,0.006151400999897305,100.0,589.046875,0.0
14.0,20.0,0.006145511000340775,100.0,589.05078125,0.0
14.0,21.0,0.0037168469998505316,0.0,589.05078125,0.0
14.0,22.0,0.004870188000040798,100.0,589.05078125,0.0
14.0,23.0,0.00618080899994311,100.0,589.05078125,0.0
14.0,24.0,0.003812472999925376,100.0,589.05078125,0.0
14.0,25.0,0.0036465569996835256,100.0,589.05078125,0.0
14.0,26.0,0.006107710999913252,100.0,589.05859375,0.0
14.0,27.0,0.0036933830001544266,100.0,589.05859375,0.0
14.0,28.0,0.006060370999875886,100.0,589.05859375,0.0
14.0,29.0,0.003666516000066622,100.0,589.05859375,0.0
14.0,30.0,0.004915536000225984,100.0,589.05859375,0.0
14.0,31.0,0.00508639999998195,100.0,589.05859375,0.0
14.0,32.0,0.006459220000124333,100.0,589.06640625,0.0
14.0,33.0,0.003720725999755814,100.0,589.06640625,0.0
14.0,34.0,0.006132780999905663,100.0,589.06640625,0.0
14.0,35.0,0.0036739060001309554,100.0,589.06640625,0.0
14.0,36.0,0.00619881800002986,100.0,589.06640625,0.0
14.0,37.0,0.003717028000210121,100.0,589.0703125,0.0
14.0,38.0,0.006142394000107743,100.0,589.0703125,0.0
14.0,39.0,0.00492501100006848,100.0,589.0703125,0.0
14.0,40.0,0.0036806049997721857,100.0,589.0703125,0.0
14.0,41.0,0.0036743770001521625,100.0,589.0703125,0.0
14.0,42.0,0.006465174000368279,100.0,589.07421875,0.0
14.0,43.0,0.006209454999861919,100.0,589.078125,0.0
14.0,44.0,0.006126471999778005,100.0,589.078125,0.0
14.0,45.0,0.00369750700019722,100.0,589.078125,0.0
14.0,46.0,0.006211092000285134,100.0,589.078125,0.0
14.0,47.0,0.0036710210001729138,100.0,589.078125,0.0
14.0,48.0,0.005261959999643295,100.0,589.078125,0.0
14.0,49.0,0.0040847049999683804,100.0,589.08203125,0.0
14.0,50.0,0.006261622999772953,100.0,589.08203125,0.0
14.0,51.0,0.003949707000174385,100.0,589.08203125,0.0
14.0,52.0,0.005166953999832913,100.0,589.08203125,0.0
14.0,53.0,0.0036884709998048493,100.0,589.08203125,0.0
14.0,54.0,0.006193930999870645,100.0,589.08203125,0.0
14.0,55.0,0.0077651110000260815,100.0,589.0859375,0.0
14.0,56.0,0.006398614000318048,100.0,589.0859375,0.0
14.0,57.0,0.0036877669999739737,100.0,589.0859375,0.0
14.0,58.0,0.0061036000001877255,100.0,589.0859375,0.0
14.0,59.0,0.0036743460000252526,100.0,589.0859375,0.0
14.0,60.0,0.004900762000033865,100.0,589.0859375,0.0
14.0,61.0,0.004859167000176967,100.0,589.0859375,0.0
14.0,62.0,0.006281382999986818,100.0,589.0859375,0.0
14.0,63.0,0.0048905260000537965,100.0,589.0859375,0.0
14.0,64.0,0.0037047790001452086,100.0,589.0859375,0.0
14.0,65.0,0.0051672529998540995,100.0,589.0859375,0.0
14.0,66.0,0.006338074000268534,100.0,589.0859375,0.0
14.0,67.0,0.0037225459996079735,100.0,589.08984375,0.0
14.0,68.0,0.006158450999919296,100.0,589.09375,0.0
14.0,69.0,0.00495958999999857,100.0,589.1171875,0.0
14.0,70.0,0.00621640400004253,100.0,589.1171875,0.0
14.0,71.0,0.0036858270000266202,100.0,589.12109375,0.0
14.0,72.0,0.006212362000042049,100.0,589.12109375,0.0
14.0,73.0,0.006201737000083085,100.0,589.12109375,0.0
14.0,74.0,0.006237123000119027,100.0,589.12109375,0.0
14.0,75.0,0.0051867180000044755,100.0,589.12109375,0.0
14.0,76.0,0.0050131809998674726,100.0,589.12109375,0.0
14.0,77.0,0.003735394000159431,100.0,589.12109375,0.0
14.0,78.0,0.0061982659999557654,100.0,589.12109375,0.0
14.0,79.0,0.005092186000183574,100.0,589.125,0.0
14.0,80.0,0.006269946999964304,100.0,589.125,0.0
14.0,81.0,0.005289363999963825,100.0,589.12890625,0.0
14.0,82.0,0.00516877400013982,100.0,589.12890625,0.0
14.0,83.0,0.005014540000047418,100.0,589.12890625,0.0
14.0,84.0,0.00627182600010201,100.0,589.1328125,0.0
14.0,85.0,0.0038820320000922948,100.0,589.1328125,0.0
14.0,86.0,0.006246267999813426,100.0,589.1328125,0.0
14.0,87.0,0.005027463999795145,100.0,589.1328125,0.0
14.0,88.0,0.005241307999767741,100.0,589.1328125,0.0
14.0,89.0,0.005006484000205091,100.0,589.13671875,0.0
14.0,90.0,0.005035375999796088,100.0,589.13671875,0.0
14.0,91.0,0.005005790000268462,100.0,589.13671875,0.0
14.0,92.0,0.005024886999763112,100.0,589.13671875,0.0
14.0,93.0,0.005014135000237729,100.0,589.13671875,0.0
14.0,94.0,0.005004876999919361,100.0,589.13671875,0.0
14.0,95.0,0.003756716000225424,100.0,589.13671875,0.0
14.0,96.0,0.003749869999865041,100.0,589.13671875,0.0
14.0,97.0,0.003794012000071234,100.0,589.1484375,0.0
14.0,98.0,0.006481413000074099,100.0,589.1484375,0.0
14.0,99.0,0.0050136200002270925,100.0,589.15234375,0.0
14.0,100.0,0.006332570999802556,100.0,589.15234375,0.0
15.0,1.0,0.0038128999999571533,100.0,589.16796875,0.0
15.0,2.0,0.005009057999814104,100.0,589.16796875,0.0
15.0,3.0,0.006246042999919155,100.0,589.171875,0.0
15.0,4.0,0.005013793000216538,100.0,589.17578125,0.0
15.0,5.0,0.006548786999701406,100.0,589.17578125,0.0
15.0,6.0,0.005045891000008851,100.0,589.17578125,0.0
15.0,7.0,0.0037567009999293077,0.0,589.17578125,0.0
15.0,8.0,0.006348877000164066,100.0,589.1796875,0.0
15.0,9.0,0.006255249999867374,100.0,589.1875,0.0
15.0,10.0,0.006318577999991248,100.0,589.1875,0.0
15.0,11.0,0.003743665999991208,100.0,589.1875,0.0
15.0,12.0,0.006274940999901446,100.0,589.1875,0.0
15.0,13.0,0.005819530000280793,100.0,589.1875,0.0
15.0,14.0,0.0074633340000218595,100.0,589.19140625,0.0
15.0,15.0,0.004474005000247416,100.0,589.19140625,0.0
15.0,16.0,0.00804156399999556,100.0,589.19140625,0.0
15.0,17.0,0.006724121999923227,100.0,589.1953125,0.0
15.0,18.0,0.006401844000265555,100.0,589.1953125,0.0
15.0,19.0,0.004229238999869267,100.0,589.19921875,0.0
15.0,20.0,0.00566216200013514,100.0,589.19921875,0.0
15.0,21.0,0.00673724799980846,100.0,589.19921875,0.0
15.0,22.0,0.008589727000071434,100.0,589.19921875,0.0
15.0,23.0,0.0036074320000807347,100.0,589.19921875,0.0
15.0,24.0,0.006926941999608971,100.0,589.19921875,0.0
15.0,25.0,0.004366893999758759,100.0,589.203125,0.0
15.0,26.0,0.008916866000163282,100.0,589.203125,0.0
15.0,27.0,0.008059555999807344,100.0,589.20703125,0.0
15.0,28.0,0.007716995000009774,100.0,589.2109375,0.0
15.0,29.0,0.005568825999944238,100.0,589.2109375,0.0
15.0,30.0,0.011230125000111002,100.0,589.21484375,0.0
15.0,31.0,0.009706112000003486,100.0,589.21484375,0.0
15.0,32.0,0.010663707999810867,100.0,589.21484375,0.0
15.0,33.0,0.0041505900003357965,100.0,589.21484375,0.0
15.0,34.0,0.005807297000046674,0.0,589.21484375,0.0
15.0,35.0,0.004196089999823016,100.0,589.22265625,0.0
15.0,36.0,0.006671923999874707,100.0,589.2265625,0.0
15.0,37.0,0.0054434909998235526,100.0,589.2265625,0.0
15.0,38.0,0.005696501999864267,100.0,589.2265625,0.0
15.0,39.0,0.004805409999789845,0.0,589.2265625,0.0
15.0,40.0,0.009023808000165445,100.0,589.2265625,0.0
15.0,41.0,0.005728548999741179,100.0,589.23046875,0.0
15.0,42.0,0.005463358999804768,100.0,589.23046875,0.0
15.0,43.0,0.0053801999997631356,100.0,589.23046875,0.0
15.0,44.0,0.005566168999848742,100.0,589.23046875,0.0
15.0,45.0,0.0064913139999589475,100.0,589.23046875,0.0
15.0,46.0,0.003857554999740387,100.0,589.23046875,0.0
15.0,47.0,0.005124690000229748,100.0,589.23046875,0.0
15.0,48.0,0.005323775999841018,100.0,589.23046875,0.0
15.0,49.0,0.0051941140000053565,100.0,589.23046875,0.0
15.0,50.0,0.0038234270000430115,100.0,589.23046875,0.0
15.0,51.0,0.003796126999986882,100.0,589.23046875,0.0
15.0,52.0,0.006346015999952215,100.0,589.23046875,0.0
15.0,53.0,0.003794265000124142,100.0,589.23046875,0.0
15.0,54.0,0.005069748000096297,100.0,589.234375,0.0
15.0,55.0,0.0054575569997723505,100.0,589.234375,0.0
15.0,56.0,0.005097306000152457,100.0,589.23828125,0.0
15.0,57.0,0.0038048870001148316,100.0,589.23828125,0.0
15.0,58.0,0.005077266999705898,100.0,589.23828125,0.0
15.0,59.0,0.0037920570002825116,100.0,589.23828125,0.0
15.0,60.0,0.006367035000039323,100.0,589.23828125,0.0
15.0,61.0,0.003799479999997857,100.0,589.23828125,0.0
15.0,62.0,0.007437202999881265,100.0,589.23828125,0.0
15.0,63.0,0.005150621999746363,0.0,589.23828125,0.0
15.0,64.0,0.006494413999917015,66.7,589.23828125,0.0
15.0,65.0,0.0048029590002443,100.0,589.23828125,0.0
15.0,66.0,0.004269526999905793,100.0,589.23828125,0.0
15.0,67.0,0.005498935999639798,100.0,589.23828125,0.0
15.0,68.0,0.0062819720001243695,100.0,589.23828125,0.0
15.0,69.0,0.005093706000025122,100.0,589.23828125,0.0
15.0,70.0,0.0037965290002830443,100.0,589.2421875,0.0
15.0,71.0,0.0062899570002628025,100.0,589.25,0.0
15.0,72.0,0.0052223449997654825,100.0,589.25,0.0
15.0,73.0,0.003798379000272689,100.0,589.25,0.0
15.0,74.0,0.005116158999953768,100.0,589.25,0.0
15.0,75.0,0.005067454000254656,100.0,589.25,0.0
15.0,76.0,0.006320016999779909,100.0,589.25,0.0
15.0,77.0,0.003807294000125694,100.0,589.265625,0.0
15.0,78.0,0.003849679999802902,100.0,589.265625,0.0
15.0,79.0,0.003765171999930317,100.0,589.265625,0.0
15.0,80.0,0.005055285999787884,100.0,589.265625,0.0
15.0,81.0,0.006392233000042324,100.0,589.26953125,0.0
15.0,82.0,0.007253168000261212,100.0,589.26953125,0.0
15.0,83.0,0.0037901330001659517,100.0,589.26953125,0.0
15.0,84.0,0.005063192000307026,100.0,589.26953125,0.0
15.0,85.0,0.003761159000077896,0.0,589.26953125,0.0
15.0,86.0,0.006289696999829175,100.0,589.26953125,0.0
15.0,87.0,0.003804176000357984,100.0,589.26953125,0.0
15.0,88.0,0.005059290999724908,100.0,589.2734375,0.0
15.0,89.0,0.004849092999847926,100.0,589.2734375,0.0
15.0,90.0,0.0071196500002770335,100.0,589.27734375,0.0
15.0,91.0,0.003769585000100051,100.0,589.27734375,0.0
15.0,92.0,0.006710400999963895,100.0,589.27734375,0.0
15.0,93.0,0.007163959000081377,100.0,589.27734375,0.0
15.0,94.0,0.007057678000364831,100.0,589.27734375,0.0
15.0,95.0,0.005856166999819834,100.0,589.27734375,0.0
15.0,96.0,0.006195049000325525,100.0,589.27734375,0.0
15.0,97.0,0.00373039800024344,0.0,589.28125,0.0
15.0,98.0,0.005508570000074542,100.0,589.28125,0.0
15.0,99.0,0.004370479000044725,100.0,589.28125,0.0
15.0,100.0,0.007066900999689096,100.0,589.28125,0.0
16.0,1.0,0.004351802000201133,0.0,589.28125,0.0
16.0,2.0,0.00708952600007251,100.0,589.28125,0.0
16.0,3.0,0.004254898999988654,100.0,589.28125,0.0
16.0,4.0,0.007614715999807231,100.0,589.28125,0.0
16.0,5.0,0.007328596000206744,100.0,589.28125,0.0
16.0,6.0,0.007155233000048611,100.0,589.28515625,0.0
16.0,7.0,0.007500231999983953,100.0,589.28515625,0.0
16.0,8.0,0.007316559000173584,100.0,589.28515625,0.0
16.0,9.0,0.004267695000180538,50.0,589.28515625,0.0
16.0,10.0,0.005955701999937446,100.0,589.28515625,0.0
16.0,11.0,0.0072601239999130485,100.0,589.28515625,0.0
16.0,12.0,0.0054546679998566105,100.0,589.28515625,0.0
16.0,13.0,0.005644196000048396,100.0,589.28515625,0.0
16.0,14.0,0.008789709999746265,100.0,589.28515625,0.0
16.0,15.0,0.005671048000294832,100.0,589.2890625,0.0
16.0,16.0,0.004222284000206855,100.0,589.2890625,0.0
16.0,17.0,0.007455658999788284,100.0,589.29296875,0.0
16.0,18.0,0.006934515000011743,100.0,589.29296875,0.0
16.0,19.0,0.005202258999815967,0.0,589.29296875,0.0
16.0,20.0,0.007468303999758064,100.0,589.29296875,0.0
16.0,21.0,0.005352318999939598,100.0,589.29296875,0.0
16.0,22.0,0.0068718719999196765,100.0,589.29296875,0.0
16.0,23.0,0.0042573089999677904,100.0,589.29296875,0.0
16.0,24.0,0.007038882999950147,100.0,589.296875,0.0
16.0,25.0,0.005674101000295195,100.0,589.296875,0.0
16.0,26.0,0.007074022999859153,100.0,589.296875,0.0
16.0,27.0,0.005758242999945651,100.0,589.296875,0.0
16.0,28.0,0.005802356000003783,100.0,589.296875,0.0
16.0,29.0,0.004155385000103706,100.0,589.296875,0.0
16.0,30.0,0.0068574520000765915,100.0,589.296875,0.0
16.0,31.0,0.008577105000313168,100.0,589.296875,0.0
16.0,32.0,0.007415451999804645,100.0,589.296875,0.0
16.0,33.0,0.005471115000091231,0.0,589.296875,0.0
16.0,34.0,0.005724315999941609,100.0,589.30078125,0.0
16.0,35.0,0.005503811999915342,100.0,589.3046875,0.0
16.0,36.0,0.006908242999998038,100.0,589.3046875,0.0
16.0,37.0,0.006926230999852123,100.0,589.3046875,0.0
16.0,38.0,0.005555789000027289,100.0,589.3046875,0.0
16.0,39.0,0.006936568999662995,100.0,589.3046875,0.0
16.0,40.0,0.006879443000343599,100.0,589.3359375,0.0
16.0,41.0,0.005418649000148434,100.0,589.3359375,0.0
16.0,42.0,0.0041399009996894165,100.0,589.33984375,0.0
16.0,43.0,0.004561205000300106,0.0,589.34375,0.0
16.0,44.0,0.005551430000195978,100.0,589.34375,0.0
16.0,45.0,0.005635337000057916,100.0,589.34375,0.0
16.0,46.0,0.007072080000398273,100.0,589.34375,0.0
16.0,47.0,0.004309518999889406,100.0,589.34375,0.0
16.0,48.0,0.004520935000073223,100.0,589.41796875,0.0
16.0,49.0,0.004368263999822375,100.0,589.41796875,0.0
16.0,50.0,0.006064543000320555,100.0,589.41796875,0.0
16.0,51.0,0.004389320999962365,0.0,589.45703125,0.0
16.0,52.0,0.007440211000357522,100.0,589.484375,0.0
16.0,53.0,0.004457498000192572,100.0,589.48828125,0.0
16.0,54.0,0.0076138290000926645,100.0,589.48828125,0.0
16.0,55.0,0.0059613400003399875,100.0,589.48828125,0.0
16.0,56.0,0.0037223730000732758,0.0,589.48828125,0.0
16.0,57.0,0.0046745129998271295,100.0,589.48828125,0.0
16.0,58.0,0.003722452999681991,0.0,589.48828125,0.0
16.0,59.0,0.0028512700000646873,100.0,589.48828125,0.0
16.0,60.0,0.0040764599998510676,0.0,589.49609375,0.0
16.0,61.0,0.0036874570000691165,0.0,589.49609375,0.0
16.0,62.0,0.006227035999927466,100.0,589.52734375,0.0
16.0,63.0,0.0048782080002638395,50.0,589.52734375,0.0
16.0,64.0,0.004301808000036544,0.0,589.53125,0.0
16.0,65.0,0.0028715290000036475,100.0,589.53125,0.0
16.0,66.0,0.002980987000228197,0.0,589.53125,0.0
16.0,67.0,0.0029112399997757166,0.0,589.53125,0.0
16.0,68.0,0.003871080999942933,100.0,589.53125,0.0
16.0,69.0,0.0041957859998547065,0.0,589.53125,0.0
16.0,70.0,0.003978819999701955,100.0,589.5390625,0.0
16.0,71.0,0.0028835009998147143,0.0,589.5390625,0.0
16.0,72.0,0.004924663999645418,100.0,589.5390625,0.0
16.0,73.0,0.0038414959999499843,0.0,589.5390625,0.0
16.0,74.0,0.004859644000134722,100.0,589.5390625,0.0
16.0,75.0,0.002886252000280365,0.0,589.5390625,0.0
16.0,76.0,0.004812204999780079,100.0,589.5390625,0.0
16.0,77.0,0.0029225610001049063,0.0,589.5390625,0.0
16.0,78.0,0.004777095000008558,0.0,589.5390625,0.0
16.0,79.0,0.003783863999615278,100.0,589.54296875,0.0
16.0,80.0,0.004133269000249129,0.0,589.54296875,0.0
16.0,81.0,0.0029114720000507077,100.0,589.54296875,0.0
16.0,82.0,0.004890503999831708,0.0,589.54296875,0.0
16.0,83.0,0.004089625999768032,100.0,589.54296875,0.0
16.0,84.0,0.004113798000162205,0.0,589.54296875,0.0
16.0,85.0,0.0028985369999645627,100.0,589.546875,0.0
16.0,86.0,0.0039682890001131454,0.0,589.55078125,0.0
16.0,87.0,0.005079676000150357,100.0,589.55078125,0.0
16.0,88.0,0.005969976999949722,0.0,589.55078125,0.0
16.0,89.0,0.0038897649997124972,100.0,589.5546875,0.0
16.0,90.0,0.004762537000260636,0.0,589.55859375,0.0
16.0,91.0,0.002785788999972283,100.0,589.55859375,0.0
16.0,92.0,0.005069221000212565,0.0,589.55859375,0.0
16.0,93.0,0.002936697999757598,100.0,589.55859375,0.0
16.0,94.0,0.006464472000061505,100.0,589.55859375,0.0
16.0,95.0,0.007088633999956073,100.0,589.55859375,0.0
16.0,96.0,0.007402468000236695,100.0,589.5625,0.0
16.0,97.0,0.006043991999831633,100.0,589.5625,0.0
16.0,98.0,0.004383576999771321,0.0,589.56640625,0.0
16.0,99.0,0.00303902299992842,100.0,589.56640625,0.0
16.0,100.0,0.0038929339998503565,0.0,589.56640625,0.0
17.0,1.0,0.0029495359999600623,100.0,589.56640625,0.0
17.0,2.0,0.0047686650000287045,0.0,589.56640625,0.0
17.0,3.0,0.003107938000084687,50.0,589.56640625,0.0
17.0,4.0,0.003911713999968924,0.0,589.56640625,0.0
17.0,5.0,0.002866214000277978,0.0,589.56640625,0.0
17.0,6.0,0.003856632999941212,100.0,589.56640625,0.0
17.0,7.0,0.002917323000019678,0.0,589.56640625,0.0
17.0,8.0,0.0037503879998439515,50.0,589.56640625,0.0
17.0,9.0,0.0028425900000002002,0.0,589.56640625,0.0
17.0,10.0,0.002922602000126062,0.0,589.5703125,0.0
17.0,11.0,0.004229887000292365,100.0,589.5703125,0.0
17.0,12.0,0.003866167000069254,0.0,589.5703125,0.0
17.0,13.0,0.0032680959998288017,100.0,589.5703125,0.0
17.0,14.0,0.0030029340000510274,0.0,589.5703125,0.0
17.0,15.0,0.0028537739999592304,0.0,589.5703125,0.0
17.0,16.0,0.004999374000362877,100.0,589.57421875,0.0
17.0,17.0,0.003996676000042498,0.0,589.59375,0.0
17.0,18.0,0.0028697410002678225,100.0,589.59375,0.0
17.0,19.0,0.005102759999772388,0.0,589.59765625,0.0
17.0,20.0,0.0049369610001122055,100.0,589.59765625,0.0
17.0,21.0,0.0038595999999415653,0.0,589.59765625,0.0
17.0,22.0,0.0038051999999879627,100.0,589.59765625,0.0
17.0,23.0,0.0029431089997160598,0.0,589.59765625,0.0
17.0,24.0,0.005041741999775695,50.0,589.59765625,0.0
17.0,25.0,0.0029069810002511076,0.0,589.59765625,0.0
17.0,26.0,0.004869219999818597,50.0,589.6015625,0.0
17.0,27.0,0.004988140000023122,0.0,589.6015625,0.0
17.0,28.0,0.004902813000171591,50.0,589.65234375,0.0
17.0,29.0,0.003865507000227808,0.0,589.65234375,0.0
17.0,30.0,0.0037371419998635247,50.0,589.65234375,0.0
17.0,31.0,0.002983921000122791,0.0,589.65234375,0.0
17.0,32.0,0.0048495529999854625,50.0,589.65234375,0.0
17.0,33.0,0.0029325530003916356,0.0,589.65234375,0.0
17.0,34.0,0.004811806000361685,0.0,589.65234375,0.0
17.0,35.0,0.002964903999782109,100.0,589.65625,0.0
17.0,36.0,0.0038967890000094485,0.0,589.65625,0.0
17.0,37.0,0.002930424000169296,100.0,589.66015625,0.0
17.0,38.0,0.0029284790002748196,0.0,589.66015625,0.0
17.0,39.0,0.0029346329997679277,0.0,589.66015625,0.0
17.0,40.0,0.0049725890003173845,100.0,589.66015625,0.0
17.0,41.0,0.00487766800006284,0.0,589.66015625,0.0
17.0,42.0,0.003946590999930777,100.0,589.66015625,0.0
17.0,43.0,0.0037925770002402714,0.0,589.66015625,0.0
17.0,44.0,0.004815414999939094,100.0,589.6640625,0.0
17.0,45.0,0.0038097710003057728,0.0,589.6640625,0.0
17.0,46.0,0.0038700509999216592,100.0,589.6640625,0.0
17.0,47.0,0.004869705999681173,100.0,589.6640625,0.0
17.0,48.0,0.003922181999769236,0.0,589.6640625,0.0
17.0,49.0,0.003146458999708557,0.0,589.6640625,0.0
17.0,50.0,0.0038978620000307274,50.0,589.6640625,0.0
17.0,51.0,0.0029410949996417912,0.0,589.6640625,0.0
17.0,52.0,0.005264510999950289,50.0,589.6640625,0.0
17.0,53.0,0.0029310630002328253,0.0,589.6640625,0.0
17.0,54.0,0.005028813999615522,50.0,589.6640625,0.0
17.0,55.0,0.003869579999900452,0.0,589.66796875,0.0
17.0,56.0,0.004181037999842374,100.0,589.66796875,0.0
17.0,57.0,0.0029099060002408805,0.0,589.66796875,0.0
17.0,58.0,0.0040253840002151264,100.0,589.66796875,0.0
17.0,59.0,0.003311908999876323,0.0,589.66796875,0.0
17.0,60.0,0.00500245500006713,50.0,589.66796875,0.0
17.0,61.0,0.0032140550001713564,0.0,589.66796875,0.0
17.0,62.0,0.004279853000298317,50.0,589.66796875,0.0
17.0,63.0,0.0031671369997638976,0.0,589.66796875,0.0
17.0,64.0,0.0051775069996438106,50.0,589.66796875,0.0
17.0,65.0,0.003006811999966885,0.0,589.66796875,0.0
17.0,66.0,0.004188291000446043,0.0,589.66796875,0.0
17.0,67.0,0.0030161770000631805,100.0,589.66796875,0.0
17.0,68.0,0.003989499999988766,0.0,589.66796875,0.0
17.0,69.0,0.003093111999987741,100.0,589.66796875,0.0
17.0,70.0,0.004044252999847231,0.0,589.66796875,0.0
17.0,71.0,0.0038231350004025444,100.0,589.671875,0.0
17.0,72.0,0.004074942999977793,0.0,589.671875,0.0
17.0,73.0,0.004090429999905609,0.0,589.671875,0.0
17.0,74.0,0.004965518999597407,100.0,589.68359375,0.0
17.0,75.0,0.0029633720000674657,0.0,589.68359375,0.0
17.0,76.0,0.0038983180002105655,100.0,589.6875,0.0
17.0,77.0,0.002867501999844535,0.0,589.6875,0.0
17.0,78.0,0.003874787999848195,100.0,589.6875,0.0
17.0,79.0,0.0030240390001381456,0.0,589.6875,0.0
17.0,80.0,0.005099448999771994,50.0,589.6875,0.0
17.0,81.0,0.0029944269999759854,0.0,589.6875,0.0
17.0,82.0,0.004908614999749261,0.0,589.6875,0.0
17.0,83.0,0.003998238999884052,100.0,589.6875,0.0
17.0,84.0,0.004766032000134146,50.0,589.6875,0.0
17.0,85.0,0.0028980540000702604,0.0,589.6875,0.0
17.0,86.0,0.003085073999955057,0.0,589.6875,0.0
17.0,87.0,0.0029377519999798096,100.0,589.6875,0.0
17.0,88.0,0.003084133999891492,0.0,589.6875,0.0
17.0,89.0,0.003873224000017217,0.0,589.6875,0.0
17.0,90.0,0.0038126119998196373,100.0,589.6875,0.0
17.0,91.0,0.0031036559998938174,0.0,589.6875,0.0
17.0,92.0,0.004918770999665867,100.0,589.6875,0.0
17.0,93.0,0.002860507000150392,0.0,589.69140625,0.0
17.0,94.0,0.0039060289996086794,100.0,589.69140625,0.0
17.0,95.0,0.004926437999984046,0.0,589.69140625,0.0
17.0,96.0,0.003236889000163501,100.0,589.69140625,0.0
17.0,97.0,0.00292339899988292,0.0,589.69140625,0.0
17.0,98.0,0.0049177559999407094,50.0,589.69140625,0.0
17.0,99.0,0.0029970770001455094,0.0,589.69140625,0.0
17.0,100.0,0.0029467049998856965,0.0,589.69140625,0.0
18.0,1.0,0.0029505960001188214,100.0,589.71484375,0.0
18.0,2.0,0.003917101999832084,0.0,589.71875,0.0
18.0,3.0,0.00405952899973272,100.0,589.72265625,0.0
18.0,4.0,0.005169175999981235,0.0,589.72265625,0.0
18.0,5.0,0.003829987999779405,50.0,589.72265625,0.0
18.0,6.0,0.0038528350000888167,100.0,589.7265625,0.0
18.0,7.0,0.004072208000252431,50.0,589.7265625,0.0
18.0,8.0,0.0048346309999942605,0.0,589.7265625,0.0
18.0,9.0,0.003951957000026596,50.0,589.7265625,0.0
18.0,10.0,0.004889201000423782,0.0,589.7265625,0.0
18.0,11.0,0.00396060100001705,50.0,589.7265625,0.0
18.0,12.0,0.005107027000121889,0.0,589.73046875,0.0
18.0,13.0,0.003923981000298227,50.0,589.73046875,0.0
18.0,14.0,0.004839097000058246,0.0,589.73046875,0.0
18.0,15.0,0.0049076689997491485,50.0,589.73046875,0.0
18.0,16.0,0.004611499000020558,0.0,589.73046875,0.0
18.0,17.0,0.003001477999987401,100.0,589.734375,0.0
18.0,18.0,0.0039941790000739275,0.0,589.73828125,0.0
18.0,19.0,0.0031463479999729316,100.0,589.73828125,0.0
18.0,20.0,0.005113610999615048,0.0,589.73828125,0.0
18.0,21.0,0.004875047000041377,100.0,589.73828125,0.0
18.0,22.0,0.005051202000231569,100.0,589.7421875,0.0
18.0,23.0,0.002869016000204283,0.0,589.7421875,0.0
18.0,24.0,0.005065073999958258,100.0,589.7421875,0.0
18.0,25.0,0.004541712999980518,0.0,589.8984375,0.0
18.0,26.0,0.004902794999907201,100.0,589.90234375,0.0
18.0,27.0,0.002954786000373133,0.0,589.90234375,0.0
18.0,28.0,0.005207880000398291,100.0,589.90234375,0.0
18.0,29.0,0.0029135600002518913,0.0,589.90234375,0.0
18.0,30.0,0.004852822999964701,100.0,589.90234375,0.0
18.0,31.0,0.004878194999946572,0.0,589.90234375,0.0
18.0,32.0,0.004068827999617497,100.0,589.90234375,0.0
18.0,33.0,0.003926152000076399,0.0,589.90234375,0.0
18.0,34.0,0.003901282000242645,0.0,589.91015625,0.0
18.0,35.0,0.003841622000436473,50.0,589.91015625,0.0
18.0,36.0,0.005176934999781224,100.0,589.91015625,0.0
18.0,37.0,0.003123023999705765,0.0,589.91015625,0.0
18.0,38.0,0.003933424000024388,0.0,589.91015625,0.0
18.0,39.0,0.0032511689996681525,50.0,589.91015625,0.0
18.0,40.0,0.004876906999925268,0.0,589.91015625,0.0
18.0,41.0,0.004074770999977773,50.0,589.91015625,0.0
18.0,42.0,0.005122466999637254,0.0,589.91015625,0.0
18.0,43.0,0.0029402899999695364,50.0,589.9140625,0.0
18.0,44.0,0.0030241589997785923,0.0,589.91796875,0.0
18.0,45.0,0.003958914000122604,100.0,589.91796875,0.0
18.0,46.0,0.003984714999660355,0.0,589.91796875,0.0
18.0,47.0,0.0029695630000787787,0.0,589.91796875,0.0
18.0,48.0,0.004765549000239844,50.0,589.91796875,0.0
18.0,49.0,0.002953889000309573,0.0,589.91796875,0.0
18.0,50.0,0.004830714000036096,50.0,589.96484375,0.0
18.0,51.0,0.0039956079999683425,0.0,589.96484375,0.0
18.0,52.0,0.004060373999891453,50.0,589.96484375,0.0
18.0,53.0,0.0030083840001680073,0.0,589.96875,0.0
18.0,54.0,0.006105767999997624,100.0,589.96875,0.0
18.0,55.0,0.0029220050000731135,0.0,589.96875,0.0
18.0,56.0,0.003998742000021593,100.0,589.96875,0.0
18.0,57.0,0.003978920000008657,0.0,589.96875,0.0
18.0,58.0,0.004157545999987633,100.0,589.96875,0.0
18.0,59.0,0.003226061000077607,0.0,589.96875,0.0
18.0,60.0,0.0038672050000059244,50.0,589.96875,0.0
18.0,61.0,0.003879626000070857,0.0,589.96875,0.0
18.0,62.0,0.005033821000324679,50.0,589.96875,0.0
18.0,63.0,0.003962008000144124,0.0,589.97265625,0.0
18.0,64.0,0.0029346870001063508,50.0,589.97265625,0.0
18.0,65.0,0.003103276000274491,0.0,589.9765625,0.0
18.0,66.0,0.0049346549999427225,50.0,589.9765625,0.0
18.0,67.0,0.004309015000217187,0.0,589.9765625,0.0
18.0,68.0,0.0049363289999746485,50.0,589.9765625,0.0
18.0,69.0,0.0029378059998634853,0.0,589.98046875,0.0
18.0,70.0,0.004907766000087577,50.0,589.98046875,0.0
18.0,71.0,0.0030692079999425914,0.0,589.98046875,0.0
18.0,72.0,0.0061164909998296935,100.0,589.984375,0.0
18.0,73.0,0.00501765399985743,0.0,589.984375,0.0
18.0,74.0,0.006348358999730408,100.0,589.984375,0.0
18.0,75.0,0.0032206660002884746,0.0,589.984375,0.0
18.0,76.0,0.004954262999945058,50.0,589.984375,0.0
18.0,77.0,0.005028370999752951,0.0,589.984375,0.0
18.0,78.0,0.004027136999866343,100.0,589.984375,0.0
18.0,79.0,0.004167075999703229,0.0,589.98828125,0.0
18.0,80.0,0.005093304000183707,100.0,589.98828125,0.0
18.0,81.0,0.00287154100033149,0.0,589.9921875,0.0
18.0,82.0,0.0039454970001315814,100.0,589.9921875,0.0
18.0,83.0,0.003930494000087492,0.0,589.99609375,0.0
18.0,84.0,0.003970352000123967,50.0,589.99609375,0.0
18.0,85.0,0.0030278569997790328,0.0,589.99609375,0.0
18.0,86.0,0.005081840999991982,50.0,589.99609375,0.0
18.0,87.0,0.0038774469999225403,0.0,589.99609375,0.0
18.0,88.0,0.003921229999832576,50.0,589.99609375,0.0
18.0,89.0,0.003993791000084457,0.0,590.00390625,0.0
18.0,90.0,0.0039982469997994485,50.0,590.00390625,0.0
18.0,91.0,0.004981904000032955,0.0,590.00390625,0.0
18.0,92.0,0.004191634000108024,50.0,590.00390625,0.0
18.0,93.0,0.002991245999965031,0.0,590.00390625,0.0
18.0,94.0,0.0031433439999091206,0.0,590.00390625,0.0
18.0,95.0,0.0032943310002337967,100.0,590.01171875,0.0
18.0,96.0,0.002873835999707808,0.0,590.01171875,0.0
18.0,97.0,0.003041202000076737,0.0,590.03125,0.0
18.0,98.0,0.004039650999857258,100.0,590.03515625,0.0
18.0,99.0,0.0049956200000451645,50.0,590.0390625,0.0
18.0,100.0,0.005041479999817966,0.0,590.0390625,0.0
19.0,1.0,0.0034425250000822416,50.0,590.04296875,0.0
19.0,2.0,0.004965783999978157,0.0,590.04296875,0.0
19.0,3.0,0.002977956999984599,50.0,590.04296875,0.0
19.0,4.0,0.004939164000006713,0.0,590.04296875,0.0
19.0,5.0,0.003964588000144431,50.0,590.04296875,0.0
19.0,6.0,0.005057337999915035,0.0,590.04296875,0.0
19.0,7.0,0.003989438000189693,50.0,590.04296875,0.0
19.0,8.0,0.005077743999663653,0.0,590.04296875,0.0
19.0,9.0,0.003995541000222147,50.0,590.04296875,0.0
19.0,10.0,0.00484207499994227,0.0,590.04296875,0.0
19.0,11.0,0.0072119860001294,100.0,590.04296875,0.0
19.0,12.0,0.007721223000316968,100.0,590.04296875,0.0
19.0,13.0,0.007673947000057524,100.0,590.04296875,0.0
19.0,14.0,0.006935730999884981,100.0,590.04296875,0.0
19.0,15.0,0.004103370999928302,50.0,590.04296875,0.0
19.0,16.0,0.0050177799998891714,0.0,590.04296875,0.0
19.0,17.0,0.002955268999812688,50.0,590.04296875,0.0
19.0,18.0,0.00301604199967187,0.0,590.04296875,0.0
19.0,19.0,0.003041577999738365,50.0,590.04296875,0.0
19.0,20.0,0.005053434000274137,0.0,590.04296875,0.0
19.0,21.0,0.0035448129997348587,50.0,590.04296875,0.0
19.0,22.0,0.005065248999926553,0.0,590.04296875,0.0
19.0,23.0,0.005190952999782894,50.0,590.04296875,0.0
19.0,24.0,0.004014580999864847,0.0,590.046875,0.0
19.0,25.0,0.004345606000242697,50.0,590.046875,0.0
19.0,26.0,0.0039930929997353815,0.0,590.046875,0.0
19.0,27.0,0.003034606000255735,50.0,590.046875,0.0
19.0,28.0,0.005050648999713303,0.0,590.05078125,0.0
19.0,29.0,0.0030623239999840735,100.0,590.05078125,0.0
19.0,30.0,0.005037787999754073,0.0,590.05078125,0.0
19.0,31.0,0.004283645000214165,50.0,590.05078125,0.0
19.0,32.0,0.004939418000049045,0.0,590.05078125,0.0
19.0,33.0,0.004312319000291609,50.0,590.05859375,0.0
19.0,34.0,0.005095679000078235,0.0,590.05859375,0.0
19.0,35.0,0.002964518000226235,50.0,590.05859375,0.0
19.0,36.0,0.005023748999974487,0.0,590.05859375,0.0
19.0,37.0,0.00508960900015154,50.0,590.05859375,0.0
19.0,38.0,0.005057951999788202,0.0,590.0625,0.0
19.0,39.0,0.0029536469996855885,50.0,590.06640625,0.0
19.0,40.0,0.004928164000375546,0.0,590.09375,0.0
19.0,41.0,0.0049383600003238826,50.0,590.09375,0.0
19.0,42.0,0.005050206000305479,0.0,590.09375,0.0
19.0,43.0,0.0029459449997375486,50.0,590.09765625,0.0
19.0,44.0,0.003936138999961258,0.0,590.09765625,0.0
19.0,45.0,0.004116982000141434,50.0,590.09765625,0.0
19.0,46.0,0.005014564999783033,0.0,590.09765625,0.0
19.0,47.0,0.002943321000202559,50.0,590.1015625,0.0
19.0,48.0,0.003892006000114634,0.0,590.1015625,0.0
19.0,49.0,0.003142419000141672,0.0,590.1015625,0.0
19.0,50.0,0.0040441959999952815,50.0,590.1015625,0.0
19.0,51.0,0.00301417400032733,0.0,590.1015625,0.0
19.0,52.0,0.004901073999917571,50.0,590.1015625,0.0
19.0,53.0,0.0039837839999563585,0.0,590.1015625,0.0
19.0,54.0,0.005259898000076646,100.0,590.1015625,0.0
19.0,55.0,0.003079245000208175,50.0,590.1015625,0.0
19.0,56.0,0.0039477720001741545,0.0,590.1015625,0.0
19.0,57.0,0.00290297899982761,0.0,590.1015625,0.0
19.0,58.0,0.0032832679999046377,100.0,590.10546875,0.0
19.0,59.0,0.003124076999938552,0.0,590.10546875,0.0
19.0,60.0,0.0038509830001203227,50.0,590.10546875,0.0
19.0,61.0,0.0039767799999026465,0.0,590.10546875,0.0
19.0,62.0,0.00398772700009431,50.0,590.10546875,0.0
19.0,63.0,0.003912710999884439,0.0,590.10546875,0.0
19.0,64.0,0.0049804889999904844,50.0,590.10546875,0.0
19.0,65.0,0.004798368999672675,0.0,590.10546875,0.0
19.0,66.0,0.005057886000031431,50.0,590.11328125,0.0
19.0,67.0,0.002956411000013759,0.0,590.11328125,0.0
19.0,68.0,0.005127114000060828,50.0,590.12109375,0.0
19.0,69.0,0.00399349200006327,0.0,590.12109375,0.0
19.0,70.0,0.003926202999991801,50.0,590.12109375,0.0
19.0,71.0,0.003944772000068042,0.0,590.12109375,0.0
19.0,72.0,0.0040837669998836645,50.0,590.12109375,0.0
19.0,73.0,0.003990421999787941,0.0,590.12109375,0.0
19.0,74.0,0.004971862999809673,50.0,590.125,0.0
19.0,75.0,0.00304191199984416,0.0,590.12890625,0.0
19.0,76.0,0.0030588570002691995,100.0,590.12890625,0.0
19.0,77.0,0.004877630999999383,0.0,590.16796875,0.0
19.0,78.0,0.004966016000253148,100.0,590.16796875,0.0
19.0,79.0,0.003914498000085587,0.0,590.16796875,0.0
19.0,80.0,0.002956944000288786,100.0,590.16796875,0.0
19.0,81.0,0.0029216069997346494,0.0,590.16796875,0.0
19.0,82.0,0.00494360599986976,0.0,590.16796875,0.0
19.0,83.0,0.003028439999980037,100.0,590.16796875,0.0
19.0,84.0,0.0049057360001825145,0.0,590.17578125,0.0
19.0,85.0,0.0030404550002458564,100.0,590.17578125,0.0
19.0,86.0,0.003950609000185068,0.0,590.17578125,0.0
19.0,87.0,0.003972388999955001,100.0,590.17578125,0.0
19.0,88.0,0.004032533000099647,0.0,590.17578125,0.0
19.0,89.0,0.0038736729998163355,100.0,590.17578125,0.0
19.0,90.0,0.00399784199998976,0.0,590.17578125,0.0
19.0,91.0,0.003975628000262077,0.0,590.17578125,0.0
19.0,92.0,0.004945991000113281,50.0,590.1796875,0.0
19.0,93.0,0.003962975999911578,100.0,590.18359375,0.0
19.0,94.0,0.004998591000003216,0.0,590.18359375,0.0
19.0,95.0,0.003866216999995231,100.0,590.1875,0.0
19.0,96.0,0.004904203000023699,0.0,590.1875,0.0
19.0,97.0,0.0029237530002319545,0.0,590.1875,0.0
19.0,98.0,0.004092480000053911,50.0,590.1875,0.0
19.0,99.0,0.002959826999813231,0.0,590.1875,0.0
19.0,100.0,0.0030320330001814,100.0,590.1875,0.0
20.0,1.0,0.003897971999776928,0.0,590.1875,0.0
20.0,2.0,0.003959324000334163,100.0,590.19140625,0.0
20.0,3.0,0.0030417740003940708,0.0,590.19140625,0.0
20.0,4.0,0.00487572599968189,0.0,590.19140625,0.0
20.0,5.0,0.0030072650001784496,50.0,590.19140625,0.0
20.0,6.0,0.0039296830000239424,0.0,590.1953125,0.0
20.0,7.0,0.0029563089997282077,100.0,590.1953125,0.0
20.0,8.0,0.006203224999808299,50.0,590.1953125,0.0
20.0,9.0,0.003104514999904495,100.0,590.1953125,0.0
20.0,10.0,0.0048719910000727396,0.0,590.1953125,0.0
20.0,11.0,0.0029121679999661865,100.0,590.1953125,0.0
20.0,12.0,0.004926117999730195,0.0,590.19921875,0.0
20.0,13.0,0.0038924049999877752,100.0,590.203125,0.0
20.0,14.0,0.004023750999749609,0.0,590.203125,0.0
20.0,15.0,0.005178256999897712,100.0,590.20703125,0.0
20.0,16.0,0.0029631230004270037,0.0,590.20703125,0.0
20.0,17.0,0.0029998479999449046,50.0,590.2109375,0.0
20.0,18.0,0.005172285999833548,0.0,590.21484375,0.0
20.0,19.0,0.004993601000023773,50.0,590.21484375,0.0
20.0,20.0,0.005107002999920951,0.0,590.21484375,0.0
20.0,21.0,0.005076569999800995,100.0,590.21875,0.0
20.0,22.0,0.0038428180000664725,0.0,590.22265625,0.0
20.0,23.0,0.003048211000077572,100.0,590.27734375,0.0
20.0,24.0,0.005030869999700371,0.0,590.27734375,0.0
20.0,25.0,0.0036122930000601627,50.0,590.27734375,0.0
20.0,26.0,0.004823810999823763,0.0,590.27734375,0.0
20.0,27.0,0.004347080999650643,100.0,590.27734375,0.0
20.0,28.0,0.00480859400022382,0.0,590.28125,0.0
20.0,29.0,0.003906570000253851,100.0,590.28125,0.0
20.0,30.0,0.004843852000249171,0.0,590.2890625,0.0
20.0,31.0,0.0028652080000028946,100.0,590.29296875,0.0
20.0,32.0,0.0038898540001355286,0.0,590.29296875,0.0
20.0,33.0,0.00451875899989318,100.0,590.296875,0.0
20.0,34.0,0.004020149000098172,0.0,590.296875,0.0
20.0,35.0,0.004020150000087597,100.0,590.296875,0.0
20.0,36.0,0.005015677000301366,0.0,590.296875,0.0
20.0,37.0,0.004023985999992874,100.0,590.296875,0.0
20.0,38.0,0.0031031359999360575,0.0,590.296875,0.0
20.0,39.0,0.004979273999651923,100.0,590.30078125,0.0
20.0,40.0,0.005212319000293064,0.0,590.30078125,0.0
20.0,41.0,0.003058743000110553,100.0,590.3046875,0.0
20.0,42.0,0.005185576999792829,0.0,590.3046875,0.0
20.0,43.0,0.005048203000114881,100.0,590.3046875,0.0
20.0,44.0,0.004961130000083358,0.0,590.3125,0.0
20.0,45.0,0.0029507889998967585,100.0,590.3125,0.0
20.0,46.0,0.005084186999738449,0.0,590.3125,0.0
20.0,47.0,0.003056441999888193,100.0,590.3125,0.0
20.0,48.0,0.004112299000098574,0.0,590.3125,0.0
20.0,49.0,0.003145675999803643,100.0,590.3125,0.0
20.0,50.0,0.0042219739998472505,0.0,590.31640625,0.0
20.0,51.0,0.0043216600001869665,100.0,590.31640625,0.0
20.0,52.0,0.0049931900002775365,0.0,590.31640625,0.0
20.0,53.0,0.003038866000224516,0.0,590.31640625,0.0
20.0,54.0,0.004983807000371598,50.0,590.31640625,0.0
20.0,55.0,0.004341198000020086,100.0,590.31640625,0.0
20.0,56.0,0.0053311209999264975,0.0,590.31640625,0.0
20.0,57.0,0.0032130039999174187,100.0,590.3203125,0.0
20.0,58.0,0.0061230999999679625,100.0,590.32421875,0.0
20.0,59.0,0.002895830999932514,0.0,590.32421875,0.0
20.0,60.0,0.00519202099985705,100.0,590.32421875,0.0
20.0,61.0,0.003102725000189821,0.0,590.32421875,0.0
20.0,62.0,0.0040666390000296815,0.0,590.328125,0.0
20.0,63.0,0.00303666699983296,50.0,590.328125,0.0
20.0,64.0,0.0029880799997954455,0.0,590.328125,0.0
20.0,65.0,0.004197786000077031,50.0,590.328125,0.0
20.0,66.0,0.005330194999714877,0.0,590.328125,0.0
20.0,67.0,0.004223258999900281,50.0,590.328125,0.0
20.0,68.0,0.003220817000055831,0.0,590.328125,0.0
20.0,69.0,0.0030597529998885875,0.0,590.328125,0.0
20.0,70.0,0.005125363999923138,50.0,590.33203125,0.0
20.0,71.0,0.002939261999927112,0.0,590.33203125,0.0
20.0,72.0,0.003979217000050994,50.0,590.33203125,0.0
20.0,73.0,0.004996150999886595,0.0,590.33203125,0.0
20.0,74.0,0.004450571000234049,50.0,590.33203125,0.0
20.0,75.0,0.006222975000127917,100.0,590.33203125,0.0
20.0,76.0,0.006538395000006858,50.0,590.33203125,0.0
20.0,77.0,0.00376416800008883,0.0,590.33203125,0.0
20.0,78.0,0.005255910999949265,100.0,590.33203125,0.0
20.0,79.0,0.003959042000133195,0.0,590.33203125,0.0
20.0,80.0,0.005034862000229623,100.0,590.33203125,0.0
20.0,81.0,0.0029543890000240935,0.0,590.33203125,0.0
20.0,82.0,0.005543541999941226,100.0,590.33203125,0.0
20.0,83.0,0.005080111000097531,0.0,590.33203125,0.0
20.0,84.0,0.003987577999851055,100.0,590.33203125,0.0
20.0,85.0,0.004010078999726829,0.0,590.33203125,0.0
20.0,86.0,0.0049686140000630985,50.0,590.33203125,0.0
20.0,87.0,0.00292592899995725,0.0,590.33203125,0.0
20.0,88.0,0.004045471999688743,0.0,590.33203125,0.0
20.0,89.0,0.0030521409998982563,50.0,590.33203125,0.0
20.0,90.0,0.004121573999782413,0.0,590.33203125,0.0
20.0,91.0,0.004033932000311324,50.0,590.33203125,0.0
20.0,92.0,0.005151036000370368,0.0,590.33203125,0.0
20.0,93.0,0.004005670999958966,50.0,590.33203125,0.0
20.0,94.0,0.004955034999966301,0.0,590.33203125,0.0
20.0,95.0,0.005250434000117821,50.0,590.33203125,0.0
20.0,96.0,0.0029009979998591007,0.0,590.33203125,0.0
20.0,97.0,0.0030633940000370785,50.0,590.33203125,0.0
20.0,98.0,0.004068317000019306,0.0,590.33203125,0.0
20.0,99.0,0.0029315739998310164,100.0,590.33203125,0.0
20.0,100.0,0.005014285000015661,50.0,590.33203125,0.0
21.0,1.0,0.003977678999945056,50.0,590.3359375,0.0
21.0,2.0,0.004978356000265194,0.0,590.33984375,0.0
21.0,3.0,0.004640248999749019,50.0,590.33984375,0.0
21.0,4.0,0.0043147119999957795,0.0,590.34375,0.0
21.0,5.0,0.0030424970000240137,50.0,590.34375,0.0
21.0,6.0,0.005115449999721022,0.0,590.34375,0.0
21.0,7.0,0.004132835000291379,50.0,590.34375,0.0
21.0,8.0,0.005084566000277846,0.0,590.34375,0.0
21.0,9.0,0.0029908599999544094,50.0,590.34375,0.0
21.0,10.0,0.004980764999800158,0.0,590.34375,0.0
21.0,11.0,0.002994442999806779,100.0,590.34765625,0.0
21.0,12.0,0.0040313350000360515,0.0,590.34765625,0.0
21.0,13.0,0.003030643999863969,0.0,590.34765625,0.0
21.0,14.0,0.0029659120000360417,50.0,590.34765625,0.0
21.0,15.0,0.004019235999749071,0.0,590.34765625,0.0
21.0,16.0,0.007513101999848004,100.0,590.34765625,0.0
21.0,17.0,0.008059915000103501,100.0,590.34765625,0.0
21.0,18.0,0.011771613999826513,100.0,590.34765625,0.0
21.0,19.0,0.010016950000135694,100.0,590.3515625,0.0
21.0,20.0,0.016274507999696652,100.0,590.3515625,0.0
21.0,21.0,0.021620853999593237,100.0,590.3515625,0.0
21.0,22.0,0.009540459000163537,100.0,590.35546875,0.0
21.0,23.0,0.003467459999683342,50.0,590.35546875,0.0
21.0,24.0,0.004923974000121234,0.0,590.359375,0.0
21.0,25.0,0.003556079000190948,50.0,590.36328125,0.0
21.0,26.0,0.006041936000201531,0.0,590.36328125,0.0
21.0,27.0,0.004723870999896462,50.0,590.36328125,0.0
21.0,28.0,0.004573542999878555,100.0,590.36328125,0.0
21.0,29.0,0.005824738999763213,0.0,590.3671875,0.0
21.0,30.0,0.004708636000032129,50.0,590.3671875,0.0
21.0,31.0,0.004622951000328612,0.0,590.3671875,0.0
21.0,32.0,0.005611499999758962,66.7,590.3671875,0.0
21.0,33.0,0.0059079110001221125,50.0,590.3671875,0.0
21.0,34.0,0.005937512999935279,0.0,590.3671875,0.0
21.0,35.0,0.00345952199995736,50.0,590.3671875,0.0
21.0,36.0,0.005616439999812428,0.0,590.3671875,0.0
21.0,37.0,0.0036572260000866663,50.0,590.3671875,0.0
21.0,38.0,0.004434515999946598,0.0,590.3671875,0.0
21.0,39.0,0.005097007000131271,50.0,590.37109375,0.0
21.0,40.0,0.004959411000072578,0.0,590.37109375,0.0
21.0,41.0,0.0030769400000281166,50.0,590.37109375,0.0
21.0,42.0,0.005062227000053099,0.0,590.375,0.0
21.0,43.0,0.0030990279997240577,50.0,590.375,0.0
21.0,44.0,0.005199890999847412,0.0,590.375,0.0
21.0,45.0,0.0035644039999169763,50.0,590.375,0.0
21.0,46.0,0.005893419000130962,100.0,590.37890625,0.0
21.0,47.0,0.004614939000020968,0.0,590.37890625,0.0
21.0,48.0,0.0057047240002248145,100.0,590.3828125,0.0
21.0,49.0,0.004336947999945551,0.0,590.3828125,0.0
21.0,50.0,0.004159612999956153,100.0,590.3828125,0.0
21.0,51.0,0.004389357000036398,0.0,590.3828125,0.0
21.0,52.0,0.005053180000231805,100.0,590.3828125,0.0
21.0,53.0,0.003956053999900178,0.0,590.3828125,0.0
21.0,54.0,0.006435191000036866,100.0,590.3828125,0.0
21.0,55.0,0.0033708880000631325,50.0,590.3828125,0.0
21.0,56.0,0.004405510000196955,0.0,590.3828125,0.0
21.0,57.0,0.004290136999770766,50.0,590.3828125,0.0
21.0,58.0,0.005338958999800525,0.0,590.38671875,0.0
21.0,59.0,0.003215360000012879,50.0,590.38671875,0.0
21.0,60.0,0.005549983000037173,0.0,590.38671875,0.0
21.0,61.0,0.00321590199973798,50.0,590.38671875,0.0
21.0,62.0,0.005449023999972269,0.0,590.38671875,0.0
21.0,63.0,0.004254161000062595,50.0,590.38671875,0.0
21.0,64.0,0.0055542390000482555,0.0,590.390625,0.0
21.0,65.0,0.00332584100033273,50.0,590.390625,0.0
21.0,66.0,0.005302637999648141,0.0,590.39453125,0.0
21.0,67.0,0.004406435999953828,50.0,590.40234375,0.0
21.0,68.0,0.005548430000089866,50.0,590.40234375,0.0
21.0,69.0,0.0044692260003103,0.0,590.40234375,0.0
21.0,70.0,0.005430532999980642,50.0,590.40234375,0.0
21.0,71.0,0.003271686000061891,0.0,590.46875,0.0
21.0,72.0,0.005582861999755551,50.0,590.46875,0.0
21.0,73.0,0.00450686299973313,0.0,590.46875,0.0
21.0,74.0,0.004326513999785675,50.0,590.46875,0.0
21.0,75.0,0.003104332000020804,0.0,590.46875,0.0
21.0,76.0,0.0033626230001573276,50.0,590.47265625,0.0
21.0,77.0,0.003444867999860435,0.0,590.47265625,0.0
21.0,78.0,0.00561288400012927,50.0,590.47265625,0.0
21.0,79.0,0.0044058500002392975,0.0,590.47265625,0.0
21.0,80.0,0.004412701000092056,50.0,590.47265625,0.0
21.0,81.0,0.003303634000076272,0.0,590.4765625,0.0
21.0,82.0,0.0052618019999499666,50.0,590.4765625,0.0
21.0,83.0,0.003089358999659453,0.0,590.4765625,0.0
21.0,84.0,0.004267786000127671,50.0,590.48046875,0.0
21.0,85.0,0.0042911020000246936,0.0,590.48046875,0.0
21.0,86.0,0.004203876000246964,50.0,590.484375,0.0
21.0,87.0,0.003143777000332193,0.0,590.484375,0.0
21.0,88.0,0.005371716999889031,50.0,590.484375,0.0
21.0,89.0,0.004327207000187627,0.0,590.484375,0.0
21.0,90.0,0.005260017999717093,50.0,590.484375,0.0
21.0,91.0,0.004084009000052902,0.0,590.484375,0.0
21.0,92.0,0.004107251000277756,50.0,590.48828125,0.0
21.0,93.0,0.003951269000026514,0.0,590.4921875,0.0
21.0,94.0,0.004403825999816036,100.0,590.49609375,0.0
21.0,95.0,0.003251393000027747,50.0,590.49609375,0.0
21.0,96.0,0.004223537000143551,100.0,590.49609375,0.0
21.0,97.0,0.004053701999964687,0.0,590.49609375,0.0
21.0,98.0,0.0031717850001768966,0.0,590.49609375,0.0
21.0,99.0,0.0032898589997785166,100.0,590.49609375,0.0
21.0,100.0,0.0055395160002262855,0.0,590.49609375,0.0
22.0,1.0,0.0031790010002623603,100.0,590.50390625,0.0
22.0,2.0,0.005552228999931685,0.0,590.5078125,0.0
22.0,3.0,0.004496478999953979,50.0,590.5078125,0.0
22.0,4.0,0.004145171999880404,100.0,590.5078125,0.0
22.0,5.0,0.004547155999716779,0.0,590.51171875,0.0
22.0,6.0,0.004498979000345571,100.0,590.51171875,0.0
22.0,7.0,0.004229361999932735,0.0,590.51171875,0.0
22.0,8.0,0.005640946000312397,100.0,590.51171875,0.0
22.0,9.0,0.003913286999704724,0.0,590.51171875,0.0
22.0,10.0,0.004038972999751422,33.3,590.51171875,0.0
22.0,11.0,0.005947084000126779,100.0,590.51171875,0.0
22.0,12.0,0.004279048000171315,0.0,590.51171875,0.0
22.0,13.0,0.004364431999874796,100.0,590.51171875,0.0
22.0,14.0,0.005398840999987442,0.0,590.51171875,0.0
22.0,15.0,0.003309618999992381,100.0,590.51171875,0.0
22.0,16.0,0.0058958769996024785,0.0,590.515625,0.0
22.0,17.0,0.002962339000077918,100.0,590.515625,0.0
22.0,18.0,0.004033010000057402,0.0,590.515625,0.0
22.0,19.0,0.003145230999962223,100.0,590.515625,0.0
22.0,20.0,0.005032931000187091,0.0,590.515625,0.0
22.0,21.0,0.005124988999796187,100.0,590.51953125,0.0
22.0,22.0,0.005405676000009407,0.0,590.51953125,0.0
22.0,23.0,0.002957686999707221,100.0,590.51953125,0.0
22.0,24.0,0.00533613100014918,0.0,590.51953125,0.0
22.0,25.0,0.003072598000017024,100.0,590.51953125,0.0
22.0,26.0,0.00406397000006109,0.0,590.5234375,0.0
22.0,27.0,0.0030611900001531467,0.0,590.52734375,0.0
22.0,28.0,0.004973830999915663,50.0,590.52734375,0.0
22.0,29.0,0.0030458070000349835,0.0,590.53125,0.0
22.0,30.0,0.005000558000119781,50.0,590.53125,0.0
22.0,31.0,0.002979101000164519,0.0,590.53125,0.0
22.0,32.0,0.005118509000112681,50.0,590.53125,0.0
22.0,33.0,0.004006396000022505,0.0,590.53125,0.0
22.0,34.0,0.00503856800014546,50.0,590.53125,0.0
22.0,35.0,0.003140713999982836,0.0,590.53125,0.0
22.0,36.0,0.004999864000183152,50.0,590.53125,0.0
22.0,37.0,0.003991481000412023,0.0,590.53515625,0.0
22.0,38.0,0.002975941999920906,100.0,590.53515625,0.0
22.0,39.0,0.0030874320000293665,0.0,590.53515625,0.0
22.0,40.0,0.005190964000121312,100.0,590.53515625,0.0
22.0,41.0,0.003148360000068351,0.0,590.53515625,0.0
22.0,42.0,0.0032129969999914465,100.0,590.53515625,0.0
22.0,43.0,0.0031570299997838447,0.0,590.53515625,0.0
22.0,44.0,0.006303764000222145,100.0,590.5390625,0.0
22.0,45.0,0.005219341999691096,0.0,590.5390625,0.0
22.0,46.0,0.005166543000086676,50.0,590.54296875,0.0
22.0,47.0,0.003025513000011415,0.0,590.54296875,0.0
22.0,48.0,0.0040704050002204895,50.0,590.54296875,0.0
22.0,49.0,0.004115509999792266,0.0,590.54296875,0.0
22.0,50.0,0.004073448999861284,50.0,590.55078125,0.0
22.0,51.0,0.004155901999638445,0.0,590.55078125,0.0
22.0,52.0,0.005104410000058124,50.0,590.55078125,0.0
22.0,53.0,0.0031460529999094433,0.0,590.55078125,0.0
22.0,54.0,0.005007629999909113,50.0,590.5546875,0.0
22.0,55.0,0.003177208000124665,0.0,590.5546875,0.0
22.0,56.0,0.0051372329999139765,50.0,590.55859375,0.0
22.0,57.0,0.004074038999988261,0.0,590.55859375,0.0
22.0,58.0,0.004558776000067155,50.0,590.55859375,0.0
22.0,59.0,0.005044468000050983,0.0,590.55859375,0.0
22.0,60.0,0.006642771999850083,50.0,590.55859375,0.0
22.0,61.0,0.00374169399992752,100.0,590.55859375,0.0
22.0,62.0,0.004288964999886957,0.0,590.55859375,0.0
22.0,63.0,0.0030502959998557344,50.0,590.55859375,0.0
22.0,64.0,0.005044643000019278,0.0,590.55859375,0.0
22.0,65.0,0.0034084690000781848,50.0,590.55859375,0.0
22.0,66.0,0.004225491999932274,0.0,590.55859375,0.0
22.0,67.0,0.004092844999831868,0.0,590.55859375,0.0
22.0,68.0,0.004212051000195061,50.0,590.55859375,0.0
22.0,69.0,0.004044980999879044,0.0,590.55859375,0.0
22.0,70.0,0.004104429000108212,50.0,590.55859375,0.0
22.0,71.0,0.003043684999738616,0.0,590.5625,0.0
22.0,72.0,0.004136989000016911,50.0,590.5625,0.0
22.0,73.0,0.003127561999917816,0.0,590.5625,0.0
22.0,74.0,0.005035510000197974,50.0,590.5625,0.0
22.0,75.0,0.004985842999758461,0.0,590.5625,0.0
22.0,76.0,0.00513937799996711,50.0,590.56640625,0.0
22.0,77.0,0.004098956000234466,0.0,590.56640625,0.0
22.0,78.0,0.005114533999858395,50.0,590.5703125,0.0
22.0,79.0,0.00425292999989324,0.0,590.5703125,0.0
22.0,80.0,0.005107399000280566,50.0,590.5703125,0.0
22.0,81.0,0.0030668319996038917,0.0,590.5703125,0.0
22.0,82.0,0.004074974000104703,50.0,590.5703125,0.0
22.0,83.0,0.0031580130003021623,0.0,590.5703125,0.0
22.0,84.0,0.003125652000107948,50.0,590.5703125,0.0
22.0,85.0,0.005104429999846616,0.0,590.5703125,0.0
22.0,86.0,0.0030408930001613044,50.0,590.5703125,0.0
22.0,87.0,0.005150173999936669,0.0,590.57421875,0.0
22.0,88.0,0.005065507000381331,50.0,590.57421875,0.0
22.0,89.0,0.003090779999638471,0.0,590.57421875,0.0
22.0,90.0,0.004019897000034689,50.0,590.57421875,0.0
22.0,91.0,0.005946780000158469,0.0,590.57421875,0.0
22.0,92.0,0.003979995000008785,50.0,590.57421875,0.0
22.0,93.0,0.0041233689998989576,0.0,590.57421875,0.0
22.0,94.0,0.004088939000212122,50.0,590.57421875,0.0
22.0,95.0,0.0052020729999640025,0.0,590.57421875,0.0
22.0,96.0,0.00504249699997672,50.0,590.57421875,0.0
22.0,97.0,0.004164316999776929,0.0,590.5859375,0.0
22.0,98.0,0.0041205049997188326,50.0,590.5859375,0.0
22.0,99.0,0.0031125189998419955,0.0,590.5859375,0.0
22.0,100.0,0.0030385590002879326,50.0,590.5859375,0.0
23.0,1.0,0.004231792999689787,0.0,590.5859375,0.0
23.0,2.0,0.004093485999874247,50.0,590.5859375,0.0
23.0,3.0,0.0031709489999229845,0.0,590.5859375,0.0
23.0,4.0,0.00541306099967187,100.0,590.58984375,0.0
23.0,5.0,0.004373940999812476,0.0,590.61328125,0.0
23.0,6.0,0.004021573000045464,100.0,590.61328125,0.0
23.0,7.0,0.0031163679996097926,0.0,590.61328125,0.0
23.0,8.0,0.004118131000268477,0.0,590.61328125,0.0
23.0,9.0,0.004118140999707975,50.0,590.64453125,0.0
23.0,10.0,0.005406133999713347,100.0,590.6484375,0.0
23.0,11.0,0.003076518999932887,0.0,590.6484375,0.0
23.0,12.0,0.00530244199990193,100.0,590.6484375,0.0
23.0,13.0,0.004104827999981353,0.0,590.65234375,0.0
23.0,14.0,0.005234425999788073,100.0,590.65234375,0.0
23.0,15.0,0.003002372000082687,0.0,590.65234375,0.0
23.0,16.0,0.00605620899978021,100.0,590.65625,0.0
23.0,17.0,0.004425783999977284,100.0,590.65625,0.0
23.0,18.0,0.004765899000176432,100.0,590.65625,0.0
23.0,19.0,0.0049010039997483545,100.0,590.65625,0.0
23.0,20.0,0.008218519999900309,100.0,590.65625,0.0
23.0,21.0,0.0053613780000887346,100.0,590.65625,0.0
23.0,22.0,0.005389698000271892,50.0,590.65625,0.0
23.0,23.0,0.005958644999736862,0.0,590.66015625,0.0
23.0,24.0,0.004725920000055339,100.0,590.66015625,0.0
23.0,25.0,0.0035485440002958057,0.0,590.66015625,0.0
23.0,26.0,0.005004311999982747,100.0,590.66015625,0.0
23.0,27.0,0.003596537000248645,0.0,590.66015625,0.0
23.0,28.0,0.005623720999665238,100.0,590.66015625,0.0
23.0,29.0,0.0034970639999301056,0.0,590.66015625,0.0
23.0,30.0,0.00567702799980907,100.0,590.66015625,0.0
23.0,31.0,0.004370480000034149,0.0,590.66015625,0.0
23.0,32.0,0.00448756300011155,100.0,590.6640625,0.0
23.0,33.0,0.004428534999988187,0.0,590.66796875,0.0
23.0,34.0,0.005531626999982109,50.0,590.66796875,0.0
23.0,35.0,0.0034708790003605827,0.0,590.66796875,0.0
23.0,36.0,0.005720495000332448,50.0,590.66796875,0.0
23.0,37.0,0.005625845999929879,100.0,590.66796875,0.0
23.0,38.0,0.005705120000129682,0.0,590.66796875,0.0
23.0,39.0,0.004273898000064946,100.0,590.66796875,0.0
23.0,40.0,0.00686905399970783,50.0,590.66796875,0.0
23.0,41.0,0.0032224569999925734,0.0,590.66796875,0.0
23.0,42.0,0.005349336000108451,50.0,590.671875,0.0
23.0,43.0,0.0033680910000839503,0.0,590.671875,0.0
23.0,44.0,0.00514232199975595,50.0,590.671875,0.0
23.0,45.0,0.005481935999796406,0.0,590.671875,0.0
23.0,46.0,0.004207214999951248,50.0,590.671875,0.0
23.0,47.0,0.005263283999738633,0.0,590.67578125,0.0
23.0,48.0,0.005726892999973643,100.0,590.6796875,0.0
23.0,49.0,0.0042992369999410585,100.0,590.6796875,0.0
23.0,50.0,0.004320959999859042,0.0,590.6875,0.0
23.0,51.0,0.0030919000000722008,100.0,590.6875,0.0
23.0,52.0,0.004201324000405293,0.0,590.6875,0.0
23.0,53.0,0.004282330000023649,0.0,590.6875,0.0
23.0,54.0,0.005524599999716884,50.0,590.6875,0.0
23.0,55.0,0.0031541309999738587,100.0,590.6875,0.0
23.0,56.0,0.0044175640000503336,0.0,590.6875,0.0
23.0,57.0,0.005392479999954958,100.0,590.6875,0.0
23.0,58.0,0.005202748999636242,0.0,590.6875,0.0
23.0,59.0,0.0042907829997602676,50.0,590.6875,0.0
23.0,60.0,0.005418855999778316,0.0,590.69140625,0.0
23.0,61.0,0.004127955000058137,50.0,590.69140625,0.0
23.0,62.0,0.004114575000130571,0.0,590.69140625,0.0
23.0,63.0,0.003305186000034155,50.0,590.69140625,0.0
23.0,64.0,0.005266301000119711,0.0,590.69140625,0.0
23.0,65.0,0.0031311570000980282,100.0,590.69140625,0.0
23.0,66.0,0.0041642070000307285,0.0,590.69140625,0.0
23.0,67.0,0.003138239999771031,100.0,590.69140625,0.0
23.0,68.0,0.005235851999714214,0.0,590.69140625,0.0
23.0,69.0,0.0042911269997603085,100.0,590.6953125,0.0
23.0,70.0,0.004142498999954114,0.0,590.6953125,0.0
23.0,71.0,0.0031615640000381973,100.0,590.6953125,0.0
23.0,72.0,0.005137691000072664,0.0,590.6953125,0.0
23.0,73.0,0.003288733000317734,100.0,590.6953125,0.0
23.0,74.0,0.004265348999979324,0.0,590.6953125,0.0
23.0,75.0,0.0040836139996827114,100.0,590.703125,0.0
23.0,76.0,0.0054281420002553205,0.0,590.703125,0.0
23.0,77.0,0.003125029999864637,100.0,590.703125,0.0
23.0,78.0,0.0031383329996970133,0.0,590.70703125,0.0
23.0,79.0,0.005172239999865269,100.0,590.70703125,0.0
23.0,80.0,0.0052111610002612,0.0,590.70703125,0.0
23.0,81.0,0.003097696000168071,0.0,590.7109375,0.0
23.0,82.0,0.004300169000089227,50.0,590.7109375,0.0
23.0,83.0,0.0030869410002196673,0.0,590.7109375,0.0
23.0,84.0,0.005588345999967714,50.0,590.7109375,0.0
23.0,85.0,0.004470452000077785,100.0,590.7109375,0.0
23.0,86.0,0.005416783000327996,0.0,590.71484375,0.0
23.0,87.0,0.0033388500000910426,100.0,590.71484375,0.0
23.0,88.0,0.004128326000227389,0.0,590.71875,0.0
23.0,89.0,0.005722860999867407,100.0,590.71875,0.0
23.0,90.0,0.005316426000263164,0.0,590.7421875,0.0
23.0,91.0,0.0031674889996793354,100.0,590.7421875,0.0
23.0,92.0,0.0031186370001705654,0.0,590.74609375,0.0
23.0,93.0,0.0030765530000280705,0.0,590.74609375,0.0
23.0,94.0,0.0052141569999548665,100.0,590.74609375,0.0
23.0,95.0,0.004117162000056851,50.0,590.75,0.0
23.0,96.0,0.00544853300016257,0.0,590.75,0.0
23.0,97.0,0.0032566220002081536,50.0,590.75,0.0
23.0,98.0,0.005282080999677419,0.0,590.7578125,0.0
23.0,99.0,0.003048755999770947,50.0,590.7578125,0.0
23.0,100.0,0.004086526999799389,0.0,590.7578125,0.0
24.0,1.0,0.0032562569999754487,50.0,590.76171875,0.0
24.0,2.0,0.004248776000167709,0.0,590.76171875,0.0
24.0,3.0,0.00319887200021185,0.0,590.76171875,0.0
24.0,4.0,0.00611319099971297,100.0,590.765625,0.0
24.0,5.0,0.0040434040001855465,0.0,590.765625,0.0
24.0,6.0,0.003288856999915879,50.0,590.8125,0.0
24.0,7.0,0.004337287999987893,0.0,590.8125,0.0
24.0,8.0,0.006123911000031512,50.0,590.8125,0.0
24.0,9.0,0.005244890000085434,100.0,590.8125,0.0
24.0,10.0,0.004325281000092218,0.0,590.81640625,0.0
24.0,11.0,0.0032283089999509684,100.0,590.81640625,0.0
24.0,12.0,0.005336580999937723,0.0,590.81640625,0.0
24.0,13.0,0.005574073999923712,50.0,590.81640625,0.0
24.0,14.0,0.005256207999991602,0.0,590.81640625,0.0
24.0,15.0,0.0030287600002338877,100.0,590.8203125,0.0
24.0,16.0,0.0031458690000363276,0.0,590.8203125,0.0
24.0,17.0,0.0031664009998166875,0.0,590.8203125,0.0
24.0,18.0,0.004499529999975493,50.0,590.8203125,0.0
24.0,19.0,0.005693206000159989,100.0,590.8203125,0.0
24.0,20.0,0.004460490999917965,0.0,590.8203125,0.0
24.0,21.0,0.004338631999871723,100.0,590.82421875,0.0
24.0,22.0,0.005266245000257186,0.0,590.828125,0.0
24.0,23.0,0.003209368000170798,100.0,590.828125,0.0
24.0,24.0,0.005326190999767277,0.0,590.828125,0.0
24.0,25.0,0.00406415499992363,100.0,590.828125,0.0
24.0,26.0,0.004336384999987786,0.0,590.828125,0.0
24.0,27.0,0.0030868180001561996,100.0,590.828125,0.0
24.0,28.0,0.005356892999770935,0.0,590.828125,0.0
24.0,29.0,0.0029929359998277505,100.0,590.828125,0.0
24.0,30.0,0.005153813000106311,0.0,590.828125,0.0
24.0,31.0,0.004099922000023071,100.0,590.828125,0.0
24.0,32.0,0.004096523000043817,0.0,590.83203125,0.0
24.0,33.0,0.0043771960004050925,100.0,590.83203125,0.0
24.0,34.0,0.004822730999876512,0.0,590.83203125,0.0
24.0,35.0,0.0030001949999132194,100.0,590.83203125,0.0
24.0,36.0,0.004441028999735863,0.0,590.83203125,0.0
24.0,37.0,0.0032558220000282745,0.0,590.83203125,0.0
24.0,38.0,0.00541895000014847,50.0,590.8359375,0.0
24.0,39.0,0.004249875999903452,100.0,590.8359375,0.0
24.0,40.0,0.005346934000044712,0.0,590.8359375,0.0
24.0,41.0,0.0047208010000758804,100.0,590.8359375,0.0
24.0,42.0,0.004130425999846921,0.0,590.8359375,0.0
24.0,43.0,0.0032572670002082305,100.0,590.8359375,0.0
24.0,44.0,0.005311044999871228,0.0,590.8359375,0.0
24.0,45.0,0.003262403999997332,100.0,590.8359375,0.0
24.0,46.0,0.005656359000113298,0.0,590.8359375,0.0
24.0,47.0,0.004297510000014881,100.0,590.83984375,0.0
24.0,48.0,0.005336564000117505,0.0,590.83984375,0.0
24.0,49.0,0.003126167000118585,100.0,590.83984375,0.0
24.0,50.0,0.005288498000027175,0.0,590.83984375,0.0
24.0,51.0,0.005238921999989543,50.0,590.83984375,0.0
24.0,52.0,0.006782233999729215,50.0,590.84375,0.0
24.0,53.0,0.005634012999962579,0.0,590.84375,0.0
24.0,54.0,0.006489486000191391,100.0,590.86328125,0.0
24.0,55.0,0.0033876210000016727,100.0,590.86328125,0.0
24.0,56.0,0.006398691000413237,0.0,590.86328125,0.0
24.0,57.0,0.00426963900008559,100.0,590.86328125,0.0
24.0,58.0,0.00538657900006001,50.0,590.86328125,0.0
24.0,59.0,0.0032188229997700546,0.0,590.86328125,0.0
24.0,60.0,0.005367147000015393,50.0,590.8671875,0.0
24.0,61.0,0.00334822200011331,0.0,590.8671875,0.0
24.0,62.0,0.004303134000110731,50.0,590.8671875,0.0
24.0,63.0,0.005666127000040433,0.0,590.8671875,0.0
24.0,64.0,0.006080507000206126,50.0,590.8671875,0.0
24.0,65.0,0.003088563999881444,0.0,590.8671875,0.0
24.0,66.0,0.004666288000407803,50.0,590.8671875,0.0
24.0,67.0,0.0030726990003131505,0.0,590.8671875,0.0
24.0,68.0,0.005564494000282139,50.0,590.8671875,0.0
24.0,69.0,0.005998009999984788,0.0,590.8671875,0.0
24.0,70.0,0.005658834999849205,100.0,590.87109375,0.0
24.0,71.0,0.005668744000104198,50.0,590.87109375,0.0
24.0,72.0,0.005065161999937118,0.0,590.87109375,0.0
24.0,73.0,0.005462251000153628,50.0,590.87109375,0.0
24.0,74.0,0.00663243799999691,50.0,590.87109375,0.0
24.0,75.0,0.004920930000025692,0.0,590.87109375,0.0
24.0,76.0,0.004840038000111235,50.0,590.87109375,0.0
24.0,77.0,0.0048607250000713975,0.0,590.87109375,0.0
24.0,78.0,0.005007275000025402,50.0,590.87109375,0.0
24.0,79.0,0.004192799000065861,0.0,590.87109375,0.0
24.0,80.0,0.006639130999701592,100.0,590.875,0.0
24.0,81.0,0.0034536870002739306,50.0,590.875,0.0
24.0,82.0,0.005385157000091567,0.0,590.87890625,0.0
24.0,83.0,0.003341372000249976,50.0,590.87890625,0.0
24.0,84.0,0.005513966999842523,0.0,590.8828125,0.0
24.0,85.0,0.0034050790000037523,50.0,590.8828125,0.0
24.0,86.0,0.005393356000240601,0.0,590.8828125,0.0
24.0,87.0,0.003065332000005583,50.0,590.8828125,0.0
24.0,88.0,0.005307861999881425,0.0,590.8828125,0.0
24.0,89.0,0.0032337039997401007,50.0,590.8828125,0.0
24.0,90.0,0.005338584000128321,0.0,590.8828125,0.0
24.0,91.0,0.0031460710001738335,50.0,590.8828125,0.0
24.0,92.0,0.0032320550003532844,0.0,590.8828125,0.0
24.0,93.0,0.0032588379999651806,50.0,590.8828125,0.0
24.0,94.0,0.0031765640001140127,0.0,590.8828125,0.0
24.0,95.0,0.004101737999917532,0.0,590.8828125,0.0
24.0,96.0,0.005239587000232859,50.0,590.8828125,0.0
24.0,97.0,0.005159763999927236,50.0,590.88671875,0.0
24.0,98.0,0.003156213999773172,0.0,590.88671875,0.0
24.0,99.0,0.0033316270000796067,0.0,590.88671875,0.0
24.0,100.0,0.005280937999941671,50.0,590.890625,0.0
25.0,1.0,0.0030723720001333277,0.0,590.890625,0.0
25.0,2.0,0.004197145000034652,50.0,590.890625,0.0
25.0,3.0,0.004269836000275973,0.0,590.8984375,0.0
25.0,4.0,0.0035522279999895545,50.0,590.8984375,0.0
25.0,5.0,0.004139078999742196,0.0,590.8984375,0.0
25.0,6.0,0.005369369999698392,50.0,590.8984375,0.0
25.0,7.0,0.003264082999976381,0.0,590.8984375,0.0
25.0,8.0,0.0053877320001447515,50.0,590.8984375,0.0
25.0,9.0,0.005594160999862652,50.0,590.90234375,0.0
25.0,10.0,0.006331462999696669,0.0,590.90234375,0.0
25.0,11.0,0.004558191999876726,100.0,590.90234375,0.0
25.0,12.0,0.0076551740003196755,100.0,590.90234375,0.0
25.0,13.0,0.0050473520000196,100.0,590.90234375,0.0
25.0,14.0,0.00794999000027019,100.0,590.90625,0.0
25.0,15.0,0.005377526999836846,100.0,590.90625,0.0
25.0,16.0,0.00532391499973528,0.0,590.90625,0.0
25.0,17.0,0.0031847049999669252,100.0,590.90625,0.0
25.0,18.0,0.004246852000051149,0.0,590.90625,0.0
25.0,19.0,0.0031472810001105245,0.0,590.92578125,0.0
25.0,20.0,0.0056292109998139495,50.0,590.93359375,0.0
25.0,21.0,0.004199204999622452,100.0,590.93359375,0.0
25.0,22.0,0.005488214000251901,0.0,590.93359375,0.0
25.0,23.0,0.0052222459999029525,50.0,590.93359375,0.0
25.0,24.0,0.004205617000025086,0.0,590.93359375,0.0
25.0,25.0,0.0032040849996519682,50.0,590.94140625,0.0
25.0,26.0,0.005263963999823318,0.0,590.94140625,0.0
25.0,27.0,0.003123841999695287,50.0,590.94140625,0.0
25.0,28.0,0.004158692000146402,0.0,590.94140625,0.0
25.0,29.0,0.0041870499999276944,50.0,590.9453125,0.0
25.0,30.0,0.005288890999963769,0.0,590.9453125,0.0
25.0,31.0,0.004208391000247502,50.0,590.94921875,0.0
25.0,32.0,0.005170263999843883,0.0,590.94921875,0.0
25.0,33.0,0.005444339999939984,50.0,590.94921875,0.0
25.0,34.0,0.005489406000378949,100.0,590.94921875,0.0
25.0,35.0,0.0034908390002783563,0.0,590.94921875,0.0
25.0,36.0,0.003201549000095838,0.0,590.953125,0.0
25.0,37.0,0.004380211999887251,50.0,590.953125,0.0
25.0,38.0,0.005207988999700319,100.0,590.953125,0.0
25.0,39.0,0.004047235999678378,50.0,590.95703125,0.0
25.0,40.0,0.003228769000088505,0.0,590.95703125,0.0
25.0,41.0,0.003209614999832411,100.0,590.95703125,0.0
25.0,42.0,0.005453089000184264,0.0,590.9609375,0.0
25.0,43.0,0.00312085899986414,100.0,590.9609375,0.0
25.0,44.0,0.0041771780001909065,0.0,590.9609375,0.0
25.0,45.0,0.004026127000088309,100.0,590.9609375,0.0
25.0,46.0,0.00569220299985318,0.0,590.9609375,0.0
25.0,47.0,0.0054806580001240945,50.0,590.96484375,0.0
25.0,48.0,0.004262808000021323,50.0,590.96875,0.0
25.0,49.0,0.005039332999785984,0.0,590.96875,0.0
25.0,50.0,0.004349507999904745,100.0,590.96875,0.0
25.0,51.0,0.004448063999916485,0.0,590.97265625,0.0
25.0,52.0,0.005252579000170954,100.0,590.97265625,0.0
25.0,53.0,0.003177629999754572,0.0,590.9765625,0.0
25.0,54.0,0.005247252000117442,100.0,590.9765625,0.0
25.0,55.0,0.003074163000292174,0.0,590.9765625,0.0
25.0,56.0,0.005372402999910264,100.0,590.98046875,0.0
25.0,57.0,0.005229952999798115,50.0,590.98046875,0.0
25.0,58.0,0.0031697079998593836,0.0,590.98046875,0.0
25.0,59.0,0.0031493660003434343,0.0,590.984375,0.0
25.0,60.0,0.004284996000023966,100.0,590.984375,0.0
25.0,61.0,0.00441165899974294,0.0,590.984375,0.0
25.0,62.0,0.005539309000141657,100.0,590.984375,0.0
25.0,63.0,0.004584476000218274,50.0,590.984375,0.0
25.0,64.0,0.005359544999919308,0.0,590.98828125,0.0
25.0,65.0,0.005203359999995882,100.0,590.98828125,0.0
25.0,66.0,0.0054844290002620255,0.0,590.98828125,0.0
25.0,67.0,0.004328679000082047,100.0,590.98828125,0.0
25.0,68.0,0.003249620000133291,0.0,590.98828125,0.0
25.0,69.0,0.003148365000015474,100.0,590.98828125,0.0
25.0,70.0,0.005327201000000059,0.0,590.98828125,0.0
25.0,71.0,0.003129486000034376,100.0,590.98828125,0.0
25.0,72.0,0.00416150099999868,0.0,590.98828125,0.0
25.0,73.0,0.004281494999759161,50.0,590.98828125,0.0
25.0,74.0,0.005327458000010665,0.0,590.9921875,0.0
25.0,75.0,0.0030545760000677546,100.0,590.9921875,0.0
25.0,76.0,0.004268671999852813,0.0,590.9921875,0.0
25.0,77.0,0.003282318999936251,50.0,590.9921875,0.0
25.0,78.0,0.005310681000082695,0.0,590.9921875,0.0
25.0,79.0,0.004189108999980817,50.0,590.9921875,0.0
25.0,80.0,0.005633815999772196,100.0,590.9921875,0.0
25.0,81.0,0.0031252379999386903,0.0,590.9921875,0.0
25.0,82.0,0.004306354000163992,0.0,590.9921875,0.0
25.0,83.0,0.0034636660002433928,50.0,590.9921875,0.0
25.0,84.0,0.004286788999706914,0.0,590.9921875,0.0
25.0,85.0,0.00549572599993553,50.0,590.9921875,0.0
25.0,86.0,0.0030669089996990806,0.0,590.9921875,0.0
25.0,87.0,0.003218650000235357,100.0,590.9921875,0.0
25.0,88.0,0.00548165300006076,0.0,590.9921875,0.0
25.0,89.0,0.0032983190003506024,100.0,590.9921875,0.0
25.0,90.0,0.005548563000047579,0.0,590.9921875,0.0
25.0,91.0,0.0032388590002483397,100.0,590.9921875,0.0
25.0,92.0,0.005437002000235225,0.0,590.9921875,0.0
25.0,93.0,0.003399054000055912,100.0,590.9921875,0.0
25.0,94.0,0.0053774459997839585,0.0,590.9921875,0.0
25.0,95.0,0.0033069879996219242,100.0,590.9921875,0.0
25.0,96.0,0.005307492000156344,0.0,590.9921875,0.0
25.0,97.0,0.0032815869999467395,100.0,590.9921875,0.0
25.0,98.0,0.005278268999973079,0.0,590.9921875,0.0
25.0,99.0,0.0055613879999327764,50.0,590.9921875,0.0
25.0,100.0,0.005539773999771569,100.0,590.9921875,0.0
26.0,1.0,0.0032243489999927988,0.0,590.9921875,0.0
26.0,2.0,0.0055185070000334235,100.0,590.9921875,0.0
26.0,3.0,0.005314537000231212,0.0,590.9921875,0.0
26.0,4.0,0.004657785999825137,50.0,590.9921875,0.0
26.0,5.0,0.003219377999812423,0.0,590.9921875,0.0
26.0,6.0,0.0032770779998827493,100.0,590.9921875,0.0
26.0,7.0,0.003238969999983965,0.0,590.9921875,0.0
26.0,8.0,0.004427021000083187,100.0,590.9921875,0.0
26.0,9.0,0.0034489280001253064,0.0,591.08203125,0.0
26.0,10.0,0.00554483199994138,100.0,591.08203125,0.0
26.0,11.0,0.0033675200002107886,0.0,591.0859375,0.0
26.0,12.0,0.005531414999950357,100.0,591.0859375,0.0
26.0,13.0,0.004362056999980268,0.0,591.0859375,0.0
26.0,14.0,0.004407172999890463,100.0,591.0859375,0.0
26.0,15.0,0.00322195799981273,0.0,591.08984375,0.0
26.0,16.0,0.005391741999574151,100.0,591.08984375,0.0
26.0,17.0,0.0031101710001166794,0.0,591.08984375,0.0
26.0,18.0,0.0033259299998462666,100.0,591.08984375,0.0
26.0,19.0,0.003189520999967499,0.0,591.08984375,0.0
26.0,20.0,0.005210593999890989,50.0,591.08984375,0.0
26.0,21.0,0.003317072999834636,0.0,591.08984375,0.0
26.0,22.0,0.005343316000107734,50.0,591.09375,0.0
26.0,23.0,0.0034053939998557325,0.0,591.09375,0.0
26.0,24.0,0.004428291999829526,50.0,591.09375,0.0
26.0,25.0,0.003291324999736389,0.0,591.09375,0.0
26.0,26.0,0.0043678269998963515,50.0,591.09375,0.0
26.0,27.0,0.0032744559998718614,0.0,591.09375,0.0
26.0,28.0,0.00442929600012576,50.0,591.09375,0.0
26.0,29.0,0.004405829999996058,0.0,591.09375,0.0
26.0,30.0,0.005274221999570727,50.0,591.09375,0.0
26.0,31.0,0.00462455900014902,0.0,591.09765625,0.0
26.0,32.0,0.005244561999916186,50.0,591.09765625,0.0
26.0,33.0,0.0032024400002228504,0.0,591.09765625,0.0
26.0,34.0,0.004688188999807608,50.0,591.09765625,0.0
26.0,35.0,0.003243101000407478,0.0,591.1015625,0.0
26.0,36.0,0.003311398000278132,50.0,591.1015625,0.0
26.0,37.0,0.003288578999672609,0.0,591.1015625,0.0
26.0,38.0,0.005343280000033701,50.0,591.1015625,0.0
26.0,39.0,0.00346676600020146,0.0,591.1015625,0.0
26.0,40.0,0.0052812179997090425,50.0,591.1015625,0.0
26.0,41.0,0.003233129000363988,0.0,591.1015625,0.0
26.0,42.0,0.006162320999919757,50.0,591.1015625,0.0
26.0,43.0,0.004034328000216192,100.0,591.10546875,0.0
26.0,44.0,0.006797165999614663,50.0,591.10546875,0.0
26.0,45.0,0.0038141990003168758,0.0,591.10546875,0.0
26.0,46.0,0.005341832999874896,100.0,591.10546875,0.0
26.0,47.0,0.003247078999720543,0.0,591.10546875,0.0
26.0,48.0,0.005089227000098617,100.0,591.10546875,0.0
26.0,49.0,0.005630609000036202,100.0,591.10546875,0.0
26.0,50.0,0.005306292000113899,50.0,591.10546875,0.0
26.0,51.0,0.003123876000245218,0.0,591.10546875,0.0
26.0,52.0,0.005476213999827451,50.0,591.10546875,0.0
26.0,53.0,0.004195021000214183,0.0,591.109375,0.0
26.0,54.0,0.004408561000218469,100.0,591.14453125,0.0
26.0,55.0,0.005381453000154579,0.0,591.14453125,0.0
26.0,56.0,0.004188273000181653,100.0,591.14453125,0.0
26.0,57.0,0.0031742019996272575,0.0,591.1484375,0.0
26.0,58.0,0.0032441989997096243,0.0,591.1484375,0.0
26.0,59.0,0.0031579319997945277,100.0,591.1484375,0.0
26.0,60.0,0.00564718699979494,0.0,591.1484375,0.0
26.0,61.0,0.004282323999632354,100.0,591.1484375,0.0
26.0,62.0,0.005547357000068587,0.0,591.15234375,0.0
26.0,63.0,0.005239745999915613,50.0,591.15234375,0.0
26.0,64.0,0.005284385999857477,100.0,591.15234375,0.0
26.0,65.0,0.0032776509997347603,0.0,591.15234375,0.0
26.0,66.0,0.004287088000182848,100.0,591.15234375,0.0
26.0,67.0,0.0032303380003213533,0.0,591.19140625,0.0
26.0,68.0,0.00541069199971389,100.0,591.19140625,0.0
26.0,69.0,0.0032581069999650936,0.0,591.19140625,0.0
26.0,70.0,0.004250161999607371,0.0,591.19140625,0.0
26.0,71.0,0.005469134000122722,50.0,591.19140625,0.0
26.0,72.0,0.004343362999861711,100.0,591.19140625,0.0
26.0,73.0,0.005344351000076131,0.0,591.1953125,0.0
26.0,74.0,0.00434894499994698,100.0,591.1953125,0.0
26.0,75.0,0.003199752999989869,0.0,591.1953125,0.0
26.0,76.0,0.004304714999761927,100.0,591.1953125,0.0
26.0,77.0,0.004222718000164605,0.0,591.1953125,0.0
26.0,78.0,0.004216273000110959,0.0,591.1953125,0.0
26.0,79.0,0.004536780999842449,50.0,591.1953125,0.0
26.0,80.0,0.0042260479999640665,100.0,591.1953125,0.0
26.0,81.0,0.0032788520002213772,0.0,591.1953125,0.0
26.0,82.0,0.005323801000031381,50.0,591.19921875,0.0
26.0,83.0,0.004380423999919003,0.0,591.203125,0.0
26.0,84.0,0.005380529999911232,100.0,591.203125,0.0
26.0,85.0,0.0031924190002428077,0.0,591.203125,0.0
26.0,86.0,0.005664984999839362,100.0,591.203125,0.0
26.0,87.0,0.003070825000122568,0.0,591.203125,0.0
26.0,88.0,0.005283790999783378,100.0,591.20703125,0.0
26.0,89.0,0.003088578999722813,0.0,591.20703125,0.0
26.0,90.0,0.0053598389999933715,100.0,591.20703125,0.0
26.0,91.0,0.005774004999693716,0.0,591.20703125,0.0
26.0,92.0,0.0044135900002402195,100.0,591.20703125,0.0
26.0,93.0,0.004340561000390153,0.0,591.2109375,0.0
26.0,94.0,0.005277619000025879,100.0,591.2109375,0.0
26.0,95.0,0.0032482779997735634,0.0,591.2109375,0.0
26.0,96.0,0.004359776999990572,100.0,591.2109375,0.0
26.0,97.0,0.004494808999879751,0.0,591.2109375,0.0
26.0,98.0,0.004923673000121198,100.0,591.2109375,0.0
26.0,99.0,0.004459963000044809,0.0,591.2109375,0.0
26.0,100.0,0.005727835000016057,50.0,591.2109375,0.0
27.0,1.0,0.00547497299976385,100.0,591.2109375,0.0
27.0,2.0,0.005595139999968524,0.0,591.2109375,0.0
27.0,3.0,0.003258321999965119,100.0,591.21484375,0.0
27.0,4.0,0.004343516999597341,0.0,591.21484375,0.0
27.0,5.0,0.003444393999870954,100.0,591.21484375,0.0
27.0,6.0,0.005333238999810419,0.0,591.21484375,0.0
27.0,7.0,0.0033276490003117942,100.0,591.21484375,0.0
27.0,8.0,0.0055104939997363545,0.0,591.21484375,0.0
27.0,9.0,0.006532912000238866,100.0,591.21484375,0.0
27.0,10.0,0.006493085999863979,100.0,591.21484375,0.0
27.0,11.0,0.00632273700011865,100.0,591.21484375,0.0
27.0,12.0,0.0066877519998342905,100.0,591.21484375,0.0
27.0,13.0,0.003842804000214528,0.0,591.21875,0.0
27.0,14.0,0.004562764000183961,50.0,591.21875,0.0
27.0,15.0,0.0031107880004128674,0.0,591.21875,0.0
27.0,16.0,0.006615947000227607,100.0,591.21875,0.0
27.0,17.0,0.006237134999992122,100.0,591.21875,0.0
27.0,18.0,0.006323448999864922,100.0,591.21875,0.0
27.0,19.0,0.004607192000094074,100.0,591.21875,0.0
27.0,20.0,0.003485950000140292,0.0,591.21875,0.0
27.0,21.0,0.004379465000056371,50.0,591.21875,0.0
27.0,22.0,0.0054161719999683555,0.0,591.21875,0.0
27.0,23.0,0.005507082000349328,100.0,591.22265625,0.0
27.0,24.0,0.00555234700004803,0.0,591.22265625,0.0
27.0,25.0,0.003231480000067677,100.0,591.22265625,0.0
27.0,26.0,0.004467860000204382,0.0,591.22265625,0.0
27.0,27.0,0.0032156339998437034,100.0,591.22265625,0.0
27.0,28.0,0.005527215000256547,0.0,591.2265625,0.0
27.0,29.0,0.003105513999798859,100.0,591.2265625,0.0
27.0,30.0,0.004445488999863301,0.0,591.2265625,0.0
27.0,31.0,0.0052874779999001476,100.0,591.2265625,0.0
27.0,32.0,0.0033246409998355375,0.0,591.2265625,0.0
27.0,33.0,0.003265552999891952,50.0,591.23046875,0.0
27.0,34.0,0.004446555000413355,0.0,591.23046875,0.0
27.0,35.0,0.00430777500014301,50.0,591.23046875,0.0
27.0,36.0,0.0055809259997658955,0.0,591.23046875,0.0
27.0,37.0,0.005342739999832702,50.0,591.234375,0.0
27.0,38.0,0.00825967299988406,100.0,591.234375,0.0
27.0,39.0,0.006281334000050265,100.0,591.234375,0.0
27.0,40.0,0.005284421000396833,100.0,591.234375,0.0
27.0,41.0,0.003170011999827693,50.0,591.234375,0.0
27.0,42.0,0.004289971000162041,0.0,591.234375,0.0
27.0,43.0,0.0032450050002807984,0.0,591.23828125,0.0
27.0,44.0,0.005310194000230695,100.0,591.23828125,0.0
27.0,45.0,0.003139797000130784,0.0,591.23828125,0.0
27.0,46.0,0.005409340999904089,100.0,591.23828125,0.0
27.0,47.0,0.0054421279996859084,50.0,591.23828125,0.0
27.0,48.0,0.004320607999943604,0.0,591.23828125,0.0
27.0,49.0,0.0032943870000963216,50.0,591.2421875,0.0
27.0,50.0,0.003205481999884796,0.0,591.2421875,0.0
27.0,51.0,0.0034743919995889883,0.0,591.2421875,0.0
27.0,52.0,0.00334209800030294,100.0,591.2421875,0.0
27.0,53.0,0.0032772640001894615,0.0,591.2421875,0.0
27.0,54.0,0.005341498999769101,50.0,591.2421875,0.0
27.0,55.0,0.0032260719999612775,0.0,591.25390625,0.0
27.0,56.0,0.004358412000328826,50.0,591.25390625,0.0
27.0,57.0,0.003199927999958163,0.0,591.25390625,0.0
27.0,58.0,0.004331717999775719,50.0,591.25390625,0.0
27.0,59.0,0.0061713279997093196,100.0,591.2578125,0.0
27.0,60.0,0.004308849999688391,100.0,591.2578125,0.0
27.0,61.0,0.005493391000072734,0.0,591.2578125,0.0
27.0,62.0,0.004382204000194179,100.0,591.2578125,0.0
27.0,63.0,0.004262136999841459,0.0,591.2578125,0.0
27.0,64.0,0.003269241999987571,100.0,591.2578125,0.0
27.0,65.0,0.005534804000035365,0.0,591.2578125,0.0
27.0,66.0,0.004256706999967719,100.0,591.2578125,0.0
27.0,67.0,0.0032311649997609493,0.0,591.2578125,0.0
27.0,68.0,0.005487595999966288,100.0,591.2578125,0.0
27.0,69.0,0.004212019000078726,0.0,591.2578125,0.0
27.0,70.0,0.0057122589996652096,100.0,591.2578125,0.0
27.0,71.0,0.004893535999599408,50.0,591.2578125,0.0
27.0,72.0,0.005368876000375167,0.0,591.2578125,0.0
27.0,73.0,0.003119100000276376,50.0,591.2578125,0.0
27.0,74.0,0.004550786999971024,0.0,591.2578125,0.0
27.0,75.0,0.0032483300001331372,100.0,591.2578125,0.0
27.0,76.0,0.005390332999922975,0.0,591.2578125,0.0
27.0,77.0,0.003226559999802703,100.0,591.2578125,0.0
27.0,78.0,0.00326966500006165,0.0,591.2578125,0.0
27.0,79.0,0.0033127080000667775,0.0,591.2578125,0.0
27.0,80.0,0.004450888000064879,100.0,591.2578125,0.0
27.0,81.0,0.007849762000205374,50.0,591.2578125,0.0
27.0,82.0,0.00454569800012905,100.0,591.2578125,0.0
27.0,83.0,0.0034311829999751353,0.0,591.2578125,0.0
27.0,84.0,0.0032879149998734647,50.0,591.2578125,0.0
27.0,85.0,0.0034211880001748796,0.0,591.2578125,0.0
27.0,86.0,0.004637232999812113,50.0,591.2578125,0.0
27.0,87.0,0.00434017199995651,0.0,591.2578125,0.0
27.0,88.0,0.004424227000072278,50.0,591.26171875,0.0
27.0,89.0,0.004585059999953955,0.0,591.32421875,0.0
27.0,90.0,0.005424576999757846,50.0,591.32421875,0.0
27.0,91.0,0.0034226899997520377,0.0,591.328125,0.0
27.0,92.0,0.00464499200006685,50.0,591.328125,0.0
27.0,93.0,0.0031906590002108715,0.0,591.328125,0.0
27.0,94.0,0.008006188000308612,100.0,591.328125,0.0
27.0,95.0,0.006810787999711465,100.0,591.328125,0.0
27.0,96.0,0.006871514000067691,50.0,591.33203125,0.0
27.0,97.0,0.003645831000085309,100.0,591.33203125,0.0
27.0,98.0,0.0056656589999874996,0.0,591.33203125,0.0
27.0,99.0,0.003679427999941254,100.0,591.33203125,0.0
27.0,100.0,0.006303642000148102,0.0,591.33203125,0.0
28.0,1.0,0.004646195000077569,100.0,591.33203125,0.0
28.0,2.0,0.006532117999995535,100.0,591.3359375,0.0
28.0,3.0,0.003543456999977934,50.0,591.3359375,0.0
28.0,4.0,0.005662068000219733,0.0,591.3359375,0.0
28.0,5.0,0.00315567400002692,50.0,591.3359375,0.0
28.0,6.0,0.005920580999827507,100.0,591.3359375,0.0
28.0,7.0,0.0035937789998570224,0.0,591.3359375,0.0
28.0,8.0,0.0061402540000017325,50.0,591.33984375,0.0
28.0,9.0,0.004902408999896579,0.0,591.33984375,0.0
28.0,10.0,0.006136061999768572,50.0,591.33984375,0.0
28.0,11.0,0.004899663000287546,100.0,591.33984375,0.0
28.0,12.0,0.00499783400027809,0.0,591.33984375,0.0
28.0,13.0,0.006202951999966899,50.0,591.34375,0.0
28.0,14.0,0.0058257919999959995,100.0,591.34375,0.0
28.0,15.0,0.0034540310002739716,0.0,591.34375,0.0
28.0,16.0,0.00447708399997282,100.0,591.34375,0.0
28.0,17.0,0.004545764999875246,0.0,591.34375,0.0
28.0,18.0,0.005532303999643773,100.0,591.34375,0.0
28.0,19.0,0.0034273340002073382,0.0,591.34375,0.0
28.0,20.0,0.00444641900003262,100.0,591.34375,0.0
28.0,21.0,0.004326666999986628,0.0,591.3515625,0.0
28.0,22.0,0.003324860999782686,100.0,591.3515625,0.0
28.0,23.0,0.004452095000033296,0.0,591.3515625,0.0
28.0,24.0,0.00534616000004462,100.0,591.3515625,0.0
28.0,25.0,0.0033368660001542594,0.0,591.35546875,0.0
28.0,26.0,0.005448055999750068,100.0,591.35546875,0.0
28.0,27.0,0.007096187000115606,50.0,591.35546875,0.0
28.0,28.0,0.006820784999945317,100.0,591.35546875,0.0
28.0,29.0,0.0051897849998567835,50.0,591.35546875,0.0
28.0,30.0,0.00551348599992707,0.0,591.35546875,0.0
28.0,31.0,0.005350435999844194,50.0,591.35546875,0.0
28.0,32.0,0.004484705999857397,100.0,591.35546875,0.0
28.0,33.0,0.0033260370000789408,0.0,591.359375,0.0
28.0,34.0,0.00584631099991384,100.0,591.359375,0.0
28.0,35.0,0.005334015000244108,0.0,591.359375,0.0
28.0,36.0,0.0046641589997307165,100.0,591.36328125,0.0
28.0,37.0,0.004406316999848059,0.0,591.36328125,0.0
28.0,38.0,0.0043221390001235704,100.0,591.36328125,0.0
28.0,39.0,0.003222671999992599,0.0,591.36328125,0.0
28.0,40.0,0.004349748000095133,100.0,591.36328125,0.0
28.0,41.0,0.004328377000092587,0.0,591.36328125,0.0
28.0,42.0,0.00534354199999143,100.0,591.3671875,0.0
28.0,43.0,0.005647055999816075,0.0,591.3671875,0.0
28.0,44.0,0.0054128699998727825,50.0,591.3671875,0.0
28.0,45.0,0.00549591299977692,100.0,591.3671875,0.0
28.0,46.0,0.0052700209998874925,0.0,591.3671875,0.0
28.0,47.0,0.0032855889999154897,100.0,591.3671875,0.0
28.0,48.0,0.005470681999668159,0.0,591.3671875,0.0
28.0,49.0,0.003498638000110077,100.0,591.3671875,0.0
28.0,50.0,0.004793467000126839,0.0,591.3671875,0.0
28.0,51.0,0.005917429999954038,100.0,591.37109375,0.0
28.0,52.0,0.0053811069997209415,50.0,591.375,0.0
28.0,53.0,0.005719148000025598,100.0,591.375,0.0
28.0,54.0,0.004467126000236021,0.0,591.375,0.0
28.0,55.0,0.005800436000299669,50.0,591.375,0.0
28.0,56.0,0.004566684000110399,0.0,591.375,0.0
28.0,57.0,0.004731359999823326,50.0,591.375,0.0
28.0,58.0,0.0048398299995824345,0.0,591.375,0.0
28.0,59.0,0.0036219160001564887,50.0,591.375,0.0
28.0,60.0,0.0062816729996484355,100.0,591.375,0.0
28.0,61.0,0.0036122070000601525,0.0,591.37890625,0.0
28.0,62.0,0.004430433999914385,0.0,591.37890625,0.0
28.0,63.0,0.004561293000278965,50.0,591.3828125,0.0
28.0,64.0,0.00446702399995047,100.0,591.3828125,0.0
28.0,65.0,0.005494956999882561,0.0,591.3828125,0.0
28.0,66.0,0.00362055200002942,100.0,591.3828125,0.0
28.0,67.0,0.0037540520002039557,0.0,591.3828125,0.0
28.0,68.0,0.004653357000279357,100.0,591.3828125,0.0
28.0,69.0,0.00452638599972488,0.0,591.3828125,0.0
28.0,70.0,0.005802078999749938,50.0,591.3828125,0.0
28.0,71.0,0.005632069000057527,0.0,591.38671875,0.0
28.0,72.0,0.004970815999968181,50.0,591.390625,0.0
28.0,73.0,0.004892203000053996,100.0,591.390625,0.0
28.0,74.0,0.00610168999992311,0.0,591.390625,0.0
28.0,75.0,0.0037076150001666974,50.0,591.390625,0.0
28.0,76.0,0.005172377000235429,0.0,591.39453125,0.0
28.0,77.0,0.0037582360000669723,50.0,591.39453125,0.0
28.0,78.0,0.006409450999854016,100.0,591.3984375,0.0
28.0,79.0,0.004605225999966933,0.0,591.3984375,0.0
28.0,80.0,0.004757788999995682,100.0,591.40234375,0.0
28.0,81.0,0.005570473999796377,0.0,591.40234375,0.0
28.0,82.0,0.003355082999860315,100.0,591.40234375,0.0
28.0,83.0,0.004484280000269791,0.0,591.40625,0.0
28.0,84.0,0.005762342999787506,50.0,591.40625,0.0
28.0,85.0,0.005721725000057631,100.0,591.40625,0.0
28.0,86.0,0.005911280999953306,0.0,591.41015625,0.0
28.0,87.0,0.003259642000102758,100.0,591.41015625,0.0
28.0,88.0,0.005793630999960442,0.0,591.453125,0.0
28.0,89.0,0.0042906850003419095,50.0,591.45703125,0.0
28.0,90.0,0.004249218000040855,0.0,591.45703125,0.0
28.0,91.0,0.0033744289999049215,100.0,591.45703125,0.0
28.0,92.0,0.005573754999659286,0.0,591.45703125,0.0
28.0,93.0,0.0032798880001791986,100.0,591.45703125,0.0
28.0,94.0,0.004515735000040877,0.0,591.4609375,0.0
28.0,95.0,0.007908836999831692,100.0,591.4609375,0.0
28.0,96.0,0.007948308000322868,100.0,591.4609375,0.0
28.0,97.0,0.004835566000110703,100.0,591.4609375,0.0
28.0,98.0,0.007993784000063897,100.0,591.46484375,0.0
28.0,99.0,0.004513449000114633,0.0,591.46875,0.0
28.0,100.0,0.0056118080001397175,100.0,591.46875,0.0
29.0,1.0,0.00326891099985005,0.0,591.46875,0.0
29.0,2.0,0.005818671999804792,100.0,591.47265625,0.0
29.0,3.0,0.003150835999804258,50.0,591.47265625,0.0
29.0,4.0,0.005377210999995441,0.0,591.4765625,0.0
29.0,5.0,0.0031714209999336163,50.0,591.48046875,0.0
29.0,6.0,0.004269013999874005,0.0,591.48046875,0.0
29.0,7.0,0.0034628670000529382,50.0,591.48046875,0.0
29.0,8.0,0.0032928509999692324,0.0,591.48046875,0.0
29.0,9.0,0.003215807000287896,0.0,591.484375,0.0
29.0,10.0,0.005496503999893321,50.0,591.484375,0.0
29.0,11.0,0.003337641000143776,0.0,591.4921875,0.0
29.0,12.0,0.0047594170000593294,50.0,591.49609375,0.0
29.0,13.0,0.004800386000169965,0.0,591.49609375,0.0
29.0,14.0,0.004425659999924392,50.0,591.49609375,0.0
29.0,15.0,0.004483289000290824,0.0,591.49609375,0.0
29.0,16.0,0.0060353740000209655,33.3,591.5,0.0
29.0,17.0,0.004955561999850033,100.0,591.5,0.0
29.0,18.0,0.00541757700011658,0.0,591.5,0.0
29.0,19.0,0.004272328999832098,100.0,591.5,0.0
29.0,20.0,0.005552352999984578,50.0,591.5,0.0
29.0,21.0,0.00327935899986187,0.0,591.5,0.0
29.0,22.0,0.00459523099971193,0.0,591.50390625,0.0
29.0,23.0,0.004475966999962111,100.0,591.50390625,0.0
29.0,24.0,0.003346596000028512,0.0,591.50390625,0.0
29.0,25.0,0.005644502999984979,100.0,591.50390625,0.0
29.0,26.0,0.005519389999790292,50.0,591.50390625,0.0
29.0,27.0,0.003382210999916424,0.0,591.50390625,0.0
29.0,28.0,0.005726216000311979,50.0,591.50390625,0.0
29.0,29.0,0.004335772000104043,0.0,591.50390625,0.0
29.0,30.0,0.005457325000406854,50.0,591.50390625,0.0
29.0,31.0,0.004541536000033375,0.0,591.50390625,0.0
29.0,32.0,0.0045674319999307045,100.0,591.50390625,0.0
29.0,33.0,0.0054214019996834395,0.0,591.50390625,0.0
29.0,34.0,0.005443054999886954,100.0,591.50390625,0.0
29.0,35.0,0.0032220590001088567,0.0,591.50390625,0.0
29.0,36.0,0.005544709999867337,100.0,591.50390625,0.0
29.0,37.0,0.0033079130002988677,0.0,591.50390625,0.0
29.0,38.0,0.004408598999816604,100.0,591.50390625,0.0
29.0,39.0,0.003319948999887856,0.0,591.50390625,0.0
29.0,40.0,0.004396091999751661,100.0,591.50390625,0.0
29.0,41.0,0.0043556079999689246,100.0,591.50390625,0.0
29.0,42.0,0.0033373619999110815,50.0,591.50390625,0.0
29.0,43.0,0.003444249000040145,0.0,591.50390625,0.0
29.0,44.0,0.005597892999958276,50.0,591.50390625,0.0
29.0,45.0,0.0033679150001262315,0.0,591.50390625,0.0
29.0,46.0,0.005796551000003092,50.0,591.50390625,0.0
29.0,47.0,0.004570756999783043,0.0,591.50390625,0.0
29.0,48.0,0.004338388999713061,50.0,591.50390625,0.0
29.0,49.0,0.0032646449999447213,0.0,591.50390625,0.0
29.0,50.0,0.004329873999722622,50.0,591.50390625,0.0
29.0,51.0,0.006811753999954817,100.0,591.50390625,0.0
29.0,52.0,0.005825063999964186,0.0,591.50390625,0.0
29.0,53.0,0.003360320999945543,100.0,591.50390625,0.0
29.0,54.0,0.004709141999683197,0.0,591.50390625,0.0
29.0,55.0,0.004356388999894989,100.0,591.50390625,0.0
29.0,56.0,0.005732032000196341,0.0,591.50390625,0.0
29.0,57.0,0.003278754000348272,100.0,591.50390625,0.0
29.0,58.0,0.004308013999889226,0.0,591.50390625,0.0
29.0,59.0,0.0032658929999342945,100.0,591.50390625,0.0
29.0,60.0,0.0057746640000004845,0.0,591.50390625,0.0
29.0,61.0,0.0032257560001198726,100.0,591.50390625,0.0
29.0,62.0,0.005880968999917968,0.0,591.50390625,0.0
29.0,63.0,0.003250084000228526,100.0,591.50390625,0.0
29.0,64.0,0.005483655000261933,0.0,591.50390625,0.0
29.0,65.0,0.003545181000390585,100.0,591.50390625,0.0
29.0,66.0,0.005569637999997212,0.0,591.5078125,0.0
29.0,67.0,0.003349574999901961,100.0,591.5078125,0.0
29.0,68.0,0.005459450999751425,0.0,591.5078125,0.0
29.0,69.0,0.0033291859999735607,100.0,591.5078125,0.0
29.0,70.0,0.005613506999907258,0.0,591.5078125,0.0
29.0,71.0,0.0033636730004218407,100.0,591.5078125,0.0
29.0,72.0,0.004304979000153253,0.0,591.5078125,0.0
29.0,73.0,0.004528783000296244,100.0,591.5078125,0.0
29.0,74.0,0.004316904000006616,0.0,591.5078125,0.0
29.0,75.0,0.003377010999884078,100.0,591.5078125,0.0
29.0,76.0,0.004521256000316498,0.0,591.51171875,0.0
29.0,77.0,0.003357001000040327,100.0,591.51171875,0.0
29.0,78.0,0.005431826999938494,0.0,591.51171875,0.0
29.0,79.0,0.004391171000406757,100.0,591.51171875,0.0
29.0,80.0,0.005559420999816211,50.0,591.51171875,0.0
29.0,81.0,0.004564371000014944,0.0,591.51171875,0.0
29.0,82.0,0.004418737999912992,100.0,591.51171875,0.0
29.0,83.0,0.005431338000107644,0.0,591.51171875,0.0
29.0,84.0,0.005594925999957923,100.0,591.51171875,0.0
29.0,85.0,0.005644827999731206,50.0,591.51171875,0.0
29.0,86.0,0.005943787999967753,0.0,591.51171875,0.0
29.0,87.0,0.004429618999893137,100.0,591.51953125,0.0
29.0,88.0,0.004580058999636094,0.0,591.51953125,0.0
29.0,89.0,0.003280440000253293,100.0,591.51953125,0.0
29.0,90.0,0.005414484999619162,0.0,591.51953125,0.0
29.0,91.0,0.0031705389997114253,100.0,591.51953125,0.0
29.0,92.0,0.005650964000324166,0.0,591.51953125,0.0
29.0,93.0,0.003395410999928572,100.0,591.51953125,0.0
29.0,94.0,0.00556118200029232,0.0,591.51953125,0.0
29.0,95.0,0.00437930599991887,100.0,591.52734375,0.0
29.0,96.0,0.005469347000143898,0.0,591.52734375,0.0
29.0,97.0,0.005480368000007729,100.0,591.52734375,0.0
29.0,98.0,0.0033563990000402555,50.0,591.53125,0.0
29.0,99.0,0.005640321000100812,0.0,591.53125,0.0
29.0,100.0,0.0044450229997892166,50.0,591.53125,0.0
30.0,1.0,0.0037070900002618146,0.0,591.53125,0.0
30.0,2.0,0.0032169410001188226,50.0,591.53125,0.0
30.0,3.0,0.003299357000287273,0.0,591.53125,0.0
30.0,4.0,0.005727032000322652,50.0,591.53515625,0.0
30.0,5.0,0.004499974000282236,0.0,591.54296875,0.0
30.0,6.0,0.0055950250002752,50.0,591.54296875,0.0
30.0,7.0,0.003293910000138567,0.0,591.54296875,0.0
30.0,8.0,0.005511945999842283,50.0,591.54296875,0.0
30.0,9.0,0.0036630419999710284,0.0,591.54296875,0.0
30.0,10.0,0.00436816399997042,100.0,591.54296875,0.0
30.0,11.0,0.004554488999929163,0.0,591.546875,0.0
30.0,12.0,0.005626120999750128,100.0,591.546875,0.0
30.0,13.0,0.0033341369999106973,0.0,591.546875,0.0
30.0,14.0,0.005544104000364314,100.0,591.55078125,0.0
30.0,15.0,0.004304430000047432,0.0,591.55078125,0.0
30.0,16.0,0.006274786000176391,100.0,591.55078125,0.0
30.0,17.0,0.00505790600027467,100.0,591.5546875,0.0
30.0,18.0,0.006505580999601079,100.0,591.5546875,0.0
30.0,19.0,0.0035761459998866485,100.0,591.5546875,0.0
30.0,20.0,0.00771719700014728,100.0,591.5546875,0.0
30.0,21.0,0.005438664999928733,100.0,591.5546875,0.0
30.0,22.0,0.004609606000030908,50.0,591.55859375,0.0
30.0,23.0,0.004269544000180758,0.0,591.5625,0.0
30.0,24.0,0.005396029000166891,50.0,591.56640625,0.0
30.0,25.0,0.0031854769999881682,0.0,591.56640625,0.0
30.0,26.0,0.005489266000040516,50.0,591.6015625,0.0
30.0,27.0,0.00327014100002998,0.0,591.6015625,0.0
30.0,28.0,0.00560386600000129,50.0,591.60546875,0.0
30.0,29.0,0.003247730999646592,0.0,591.60546875,0.0
30.0,30.0,0.005452499000057287,50.0,591.609375,0.0
30.0,31.0,0.003224124000098527,0.0,591.609375,0.0
30.0,32.0,0.00326822400029414,0.0,591.609375,0.0
30.0,33.0,0.003547634000369726,100.0,591.61328125,0.0
30.0,34.0,0.004492733999995835,0.0,591.61328125,0.0
30.0,35.0,0.0031800359997760097,100.0,591.6171875,0.0
30.0,36.0,0.00537187999998423,0.0,591.6171875,0.0
30.0,37.0,0.004396996999730618,100.0,591.6171875,0.0
30.0,38.0,0.004610667000179092,0.0,591.6171875,0.0
30.0,39.0,0.004434083999967697,100.0,591.6171875,0.0
30.0,40.0,0.005617848999918351,0.0,591.62109375,0.0
30.0,41.0,0.003346536000208289,100.0,591.62109375,0.0
30.0,42.0,0.005701881999812031,50.0,591.62109375,0.0
30.0,43.0,0.003249495000090974,0.0,591.62109375,0.0
30.0,44.0,0.005403513999681309,50.0,591.62890625,0.0
30.0,45.0,0.004343302000052063,0.0,591.62890625,0.0
30.0,46.0,0.004453148000266083,100.0,591.6328125,0.0
30.0,47.0,0.003610806999859051,0.0,591.6328125,0.0
30.0,48.0,0.005510019000212196,50.0,591.6328125,0.0
30.0,49.0,0.004587295999954222,0.0,591.6328125,0.0
30.0,50.0,0.005585617999713577,100.0,591.71484375,0.0
30.0,51.0,0.0033201930000359425,0.0,591.71484375,0.0
30.0,52.0,0.0033020230002875905,100.0,591.71875,0.0
30.0,53.0,0.0033541589996275434,0.0,591.71875,0.0
30.0,54.0,0.006819996000103856,50.0,591.72265625,0.0
30.0,55.0,0.004388582000046881,0.0,591.7265625,0.0
30.0,56.0,0.005614719000277546,50.0,591.73046875,0.0
30.0,57.0,0.0046478629997182,50.0,591.734375,0.0
30.0,58.0,0.004352667999683035,0.0,591.734375,0.0
30.0,59.0,0.0061826199998904485,50.0,591.734375,0.0
30.0,60.0,0.005638207999709266,100.0,591.734375,0.0
30.0,61.0,0.00325494200023968,0.0,591.734375,0.0
30.0,62.0,0.0055912480002007214,100.0,591.73828125,0.0
30.0,63.0,0.0035691400003088347,0.0,591.7421875,0.0
30.0,64.0,0.00549899199995707,100.0,591.7421875,0.0
30.0,65.0,0.003525915999944118,0.0,591.7421875,0.0
30.0,66.0,0.00478224299968133,100.0,591.7421875,0.0
30.0,67.0,0.0035197699999116594,0.0,591.7421875,0.0
30.0,68.0,0.004590600000028644,0.0,591.7421875,0.0
30.0,69.0,0.0032861440004126052,50.0,591.7421875,0.0
30.0,70.0,0.004523576999872603,0.0,591.7421875,0.0
30.0,71.0,0.0033431279998694663,50.0,591.7421875,0.0
30.0,72.0,0.005807352999909199,0.0,591.7421875,0.0
30.0,73.0,0.0037380270000539895,50.0,591.7421875,0.0
30.0,74.0,0.004419561999839061,0.0,591.7421875,0.0
30.0,75.0,0.003188647000115452,50.0,591.7421875,0.0
30.0,76.0,0.004326056000081735,0.0,591.7421875,0.0
30.0,77.0,0.005662430000029417,50.0,591.7421875,0.0
30.0,78.0,0.004493238000122801,0.0,591.74609375,0.0
30.0,79.0,0.003301837999970303,50.0,591.74609375,0.0
30.0,80.0,0.0033761260001483606,0.0,591.74609375,0.0
30.0,81.0,0.003417365000132122,50.0,591.74609375,0.0
30.0,82.0,0.005469612000069901,0.0,591.74609375,0.0
30.0,83.0,0.005760113999713212,50.0,591.74609375,0.0
30.0,84.0,0.004478093999750854,0.0,591.74609375,0.0
30.0,85.0,0.004586345000006986,50.0,591.74609375,0.0
30.0,86.0,0.003270743000030052,0.0,591.74609375,0.0
30.0,87.0,0.0037716009996984212,50.0,591.74609375,0.0
30.0,88.0,0.006389807000232395,100.0,591.74609375,0.0
30.0,89.0,0.004761615999996138,100.0,591.74609375,0.0
30.0,90.0,0.00826270499965176,100.0,591.74609375,0.0
30.0,91.0,0.0068322389997774735,100.0,591.74609375,0.0
30.0,92.0,0.0039019710002321517,0.0,591.74609375,0.0
30.0,93.0,0.0047299300003942335,50.0,591.74609375,0.0
30.0,94.0,0.004454406999684579,0.0,591.74609375,0.0
30.0,95.0,0.004736976000003779,50.0,591.74609375,0.0
30.0,96.0,0.003208300000096642,0.0,591.74609375,0.0
30.0,97.0,0.0034753790000650042,100.0,591.74609375,0.0
30.0,98.0,0.003317813999728969,0.0,591.74609375,0.0
30.0,99.0,0.003308213999844156,100.0,591.74609375,0.0
30.0,100.0,0.003361172000040824,0.0,591.74609375,0.0
31.0,1.0,0.004883964000327978,100.0,591.74609375,0.0
31.0,2.0,0.005523111000002245,0.0,591.74609375,0.0
31.0,3.0,0.003302929999790649,100.0,591.74609375,0.0
31.0,4.0,0.006526941000174702,50.0,591.74609375,0.0
31.0,5.0,0.00494149699989066,0.0,591.74609375,0.0
31.0,6.0,0.00548442499984958,50.0,591.74609375,0.0
31.0,7.0,0.004471161999845208,0.0,591.74609375,0.0
31.0,8.0,0.0047575339999639255,50.0,591.74609375,0.0
31.0,9.0,0.003472640999916621,0.0,591.74609375,0.0
31.0,10.0,0.0046341779998329,100.0,591.74609375,0.0
31.0,11.0,0.0033013829997798894,0.0,591.74609375,0.0
31.0,12.0,0.004624212000180705,100.0,591.74609375,0.0
31.0,13.0,0.003372984000179713,0.0,591.74609375,0.0
31.0,14.0,0.0055571640000380285,100.0,591.74609375,0.0
31.0,15.0,0.005483339999955206,0.0,591.74609375,0.0
31.0,16.0,0.005515945999832184,50.0,591.74609375,0.0
31.0,17.0,0.003396846000214282,100.0,591.74609375,0.0
31.0,18.0,0.00442533099976572,0.0,591.74609375,0.0
31.0,19.0,0.003294443999948271,0.0,591.75,0.0
31.0,20.0,0.004556625000077474,50.0,591.75,0.0
31.0,21.0,0.004496542999731901,0.0,591.75390625,0.0
31.0,22.0,0.004312418999688816,50.0,591.75390625,0.0
31.0,23.0,0.003260943999976007,0.0,591.75390625,0.0
31.0,24.0,0.003260847000092326,100.0,591.75390625,0.0
31.0,25.0,0.003362641999956395,0.0,591.75390625,0.0
31.0,26.0,0.004460870000002615,100.0,591.75390625,0.0
31.0,27.0,0.0033695679999254935,0.0,591.75390625,0.0
31.0,28.0,0.0056694400000196765,100.0,591.75390625,0.0
31.0,29.0,0.004484082999624661,0.0,591.75390625,0.0
31.0,30.0,0.005898858999898948,100.0,591.75390625,0.0
31.0,31.0,0.004380001999834349,0.0,591.7578125,0.0
31.0,32.0,0.004541475000223727,100.0,591.7578125,0.0
31.0,33.0,0.0045413230000121985,50.0,591.7578125,0.0
31.0,34.0,0.0056434709999848565,0.0,591.7578125,0.0
31.0,35.0,0.003653920000033395,100.0,591.7578125,0.0
31.0,36.0,0.004520609999872249,0.0,591.7578125,0.0
31.0,37.0,0.005578317000072275,100.0,591.76171875,0.0
31.0,38.0,0.0031804569998712395,0.0,591.76171875,0.0
31.0,39.0,0.004484746999878553,100.0,591.765625,0.0
31.0,40.0,0.0032485149999956775,0.0,591.765625,0.0
31.0,41.0,0.004243148999648838,66.7,591.765625,0.0
31.0,42.0,0.005577435000304831,100.0,591.765625,0.0
31.0,43.0,0.004559016000257543,0.0,591.765625,0.0
31.0,44.0,0.004290562999813119,100.0,591.765625,0.0
31.0,45.0,0.0033214029999726336,0.0,591.765625,0.0
31.0,46.0,0.005433482000171352,100.0,591.765625,0.0
31.0,47.0,0.0033088529999076854,0.0,591.765625,0.0
31.0,48.0,0.004348891000063304,0.0,591.765625,0.0
31.0,49.0,0.0052131399997961125,50.0,591.76953125,0.0
31.0,50.0,0.003890262999902916,100.0,591.76953125,0.0
31.0,51.0,0.0036075509997317567,0.0,591.76953125,0.0
31.0,52.0,0.004457713000192598,50.0,591.76953125,0.0
31.0,53.0,0.0033854560001600476,0.0,591.76953125,0.0
31.0,54.0,0.004374094000013429,50.0,591.7734375,0.0
31.0,55.0,0.003384788999937882,0.0,591.7734375,0.0
31.0,56.0,0.0044047490000593825,50.0,591.7734375,0.0
31.0,57.0,0.003404138999940187,0.0,591.7734375,0.0
31.0,58.0,0.005495601999882638,50.0,591.7734375,0.0
31.0,59.0,0.004532134999863047,0.0,591.77734375,0.0
31.0,60.0,0.004587442000229203,50.0,591.77734375,0.0
31.0,61.0,0.0043501310001374804,0.0,591.77734375,0.0
31.0,62.0,0.0043848310001521895,50.0,591.77734375,0.0
31.0,63.0,0.005666868999924191,0.0,591.77734375,0.0
31.0,64.0,0.00333744600038699,50.0,591.77734375,0.0
31.0,65.0,0.0044252759998926194,0.0,591.77734375,0.0
31.0,66.0,0.0054617210003016226,50.0,591.78125,0.0
31.0,67.0,0.0054980639997666,50.0,591.78125,0.0
31.0,68.0,0.005555177999667649,0.0,591.78125,0.0
31.0,69.0,0.0032578700001977268,50.0,591.78515625,0.0
31.0,70.0,0.0032561630000600417,0.0,591.78515625,0.0
31.0,71.0,0.0033100410000770353,0.0,591.78515625,0.0
31.0,72.0,0.004469626000172866,50.0,591.78515625,0.0
31.0,73.0,0.004596991000198614,100.0,591.78515625,0.0
31.0,74.0,0.003252682000038476,0.0,591.78515625,0.0
31.0,75.0,0.004374934000225039,0.0,591.78515625,0.0
31.0,76.0,0.005884432999664568,50.0,591.78515625,0.0
31.0,77.0,0.003268866000325943,0.0,591.78515625,0.0
31.0,78.0,0.0034054039997499785,50.0,591.78515625,0.0
31.0,79.0,0.004516223999871727,0.0,591.7890625,0.0
31.0,80.0,0.004595597999923484,50.0,591.7890625,0.0
31.0,81.0,0.0034239490000800288,0.0,591.7890625,0.0
31.0,82.0,0.003438641000229836,50.0,591.7890625,0.0
31.0,83.0,0.003733032000127423,0.0,591.7890625,0.0
31.0,84.0,0.0054150820001268585,50.0,591.7890625,0.0
31.0,85.0,0.0032503900001756847,0.0,591.79296875,0.0
31.0,86.0,0.004490763999910996,50.0,591.79296875,0.0
31.0,87.0,0.004474928000036016,0.0,591.79296875,0.0
31.0,88.0,0.004820626999844535,50.0,591.79296875,0.0
31.0,89.0,0.005780707000212715,0.0,591.796875,0.0
31.0,90.0,0.005400141999871266,50.0,591.80078125,0.0
31.0,91.0,0.0037538080000558693,100.0,591.80078125,0.0
31.0,92.0,0.004575794999709615,0.0,591.80078125,0.0
31.0,93.0,0.005640009999751783,50.0,591.80078125,0.0
31.0,94.0,0.005901801000163687,0.0,591.80078125,0.0
31.0,95.0,0.005270615999961592,50.0,591.80078125,0.0
31.0,96.0,0.005643458000122337,100.0,591.80078125,0.0
31.0,97.0,0.0043981549997624825,0.0,591.80078125,0.0
31.0,98.0,0.004499860999658267,100.0,591.80078125,0.0
31.0,99.0,0.0032240680002360023,0.0,591.8046875,0.0
31.0,100.0,0.006825783999829582,100.0,591.8046875,0.0
32.0,1.0,0.0058996820002903405,50.0,591.8046875,0.0
32.0,2.0,0.00684082199995828,0.0,591.8046875,0.0
32.0,3.0,0.004408993999732047,50.0,591.8046875,0.0
32.0,4.0,0.004535576999842306,100.0,591.8046875,0.0
32.0,5.0,0.0034068680001837492,0.0,591.8046875,0.0
32.0,6.0,0.004554590000225289,0.0,591.8046875,0.0
32.0,7.0,0.004762903000028018,50.0,591.8046875,0.0
32.0,8.0,0.004958404000262817,100.0,591.80859375,0.0
32.0,9.0,0.003455503999703069,0.0,591.80859375,0.0
32.0,10.0,0.0054512459996658436,100.0,591.80859375,0.0
32.0,11.0,0.0033386640002390777,0.0,591.80859375,0.0
32.0,12.0,0.005651891000070464,100.0,591.80859375,0.0
32.0,13.0,0.0032462100002703664,0.0,591.80859375,0.0
32.0,14.0,0.005537510000067414,100.0,591.84765625,0.0
32.0,15.0,0.003275421000125789,0.0,591.84765625,0.0
32.0,16.0,0.00330718400027763,100.0,591.84765625,0.0
32.0,17.0,0.0033747720003702852,0.0,591.84765625,0.0
32.0,18.0,0.003376360000402201,0.0,591.84765625,0.0
32.0,19.0,0.0033333699998365773,100.0,591.8515625,0.0
32.0,20.0,0.003531697000198619,0.0,591.8515625,0.0
32.0,21.0,0.004368555999917589,100.0,591.8515625,0.0
32.0,22.0,0.005512120999810577,0.0,591.8515625,0.0
32.0,23.0,0.004410893000112992,100.0,591.8515625,0.0
32.0,24.0,0.005477042000165966,50.0,591.8515625,0.0
32.0,25.0,0.003481650999674457,0.0,591.89453125,0.0
32.0,26.0,0.006073696999919775,50.0,591.99609375,0.0
32.0,27.0,0.004938814000070124,0.0,591.99609375,0.0
32.0,28.0,0.0060400900001695845,66.7,592.05859375,0.0
32.0,29.0,0.0034709250003288616,0.0,592.06640625,0.0
32.0,30.0,0.005639882999730617,50.0,592.06640625,0.0
32.0,31.0,0.0033677639999041276,0.0,592.1015625,0.0
32.0,32.0,0.005514576000223315,50.0,592.1015625,0.0
32.0,33.0,0.005529267999918375,0.0,592.1015625,0.0
32.0,34.0,0.005709070000193606,50.0,592.1015625,0.0
32.0,35.0,0.003328093999698467,0.0,592.1015625,0.0
32.0,36.0,0.005535355000120035,50.0,592.1015625,0.0
32.0,37.0,0.003320952999729343,0.0,592.1015625,0.0
32.0,38.0,0.0060414510003283795,50.0,592.1015625,0.0
32.0,39.0,0.0032646859999658773,0.0,592.109375,0.0
32.0,40.0,0.005700185000023339,50.0,592.171875,0.0
32.0,41.0,0.0034325030001127743,100.0,592.171875,0.0
32.0,42.0,0.004512919999797305,0.0,592.171875,0.0
32.0,43.0,0.0033230060003006656,0.0,592.171875,0.0
32.0,44.0,0.004489720000037778,50.0,592.171875,0.0
32.0,45.0,0.005436206000013044,100.0,592.17578125,0.0
32.0,46.0,0.006174224999995204,0.0,592.17578125,0.0
32.0,47.0,0.004587156999605213,100.0,592.1796875,0.0
32.0,48.0,0.005743731999700685,50.0,592.1796875,0.0
32.0,49.0,0.0033470240000497142,0.0,592.18359375,0.0
32.0,50.0,0.004636277999907179,100.0,592.18359375,0.0
32.0,51.0,0.0049630920002528,0.0,592.1875,0.0
32.0,52.0,0.0058040650001203176,100.0,592.1875,0.0
32.0,53.0,0.0032580759998381836,0.0,592.1875,0.0
32.0,54.0,0.004425141999945481,100.0,592.1875,0.0
32.0,55.0,0.004487793000407692,0.0,592.1875,0.0
32.0,56.0,0.005768973000158439,100.0,592.1875,0.0
32.0,57.0,0.0036230350001460465,0.0,592.1953125,0.0
32.0,58.0,0.005565242000102444,100.0,592.1953125,0.0
32.0,59.0,0.0037357639998845116,0.0,592.19921875,0.0
32.0,60.0,0.005980899999940448,50.0,592.19921875,0.0
32.0,61.0,0.004440659000010783,100.0,592.19921875,0.0
32.0,62.0,0.004682217999743443,0.0,592.203125,0.0
32.0,63.0,0.004845751999710046,100.0,592.203125,0.0
32.0,64.0,0.005764832999830105,0.0,592.203125,0.0
32.0,65.0,0.004584298999816383,100.0,592.203125,0.0
32.0,66.0,0.005768500000158383,50.0,592.203125,0.0
32.0,67.0,0.0033324880000691337,0.0,592.203125,0.0
32.0,68.0,0.00490522099971713,50.0,592.203125,0.0
32.0,69.0,0.0036382449998200173,0.0,592.203125,0.0
32.0,70.0,0.005869936000181042,50.0,592.203125,0.0
32.0,71.0,0.003429406000122981,0.0,592.203125,0.0
32.0,72.0,0.004697795000083715,50.0,592.203125,0.0
32.0,73.0,0.004612068999904295,0.0,592.203125,0.0
32.0,74.0,0.004633796999769402,100.0,592.203125,0.0
32.0,75.0,0.0034531109999988985,0.0,592.203125,0.0
32.0,76.0,0.0060480540000753535,50.0,592.203125,0.0
32.0,77.0,0.0034212229998047405,0.0,592.203125,0.0
32.0,78.0,0.004501934000018082,100.0,592.203125,0.0
32.0,79.0,0.005625127999792312,0.0,592.20703125,0.0
32.0,80.0,0.005783937999694899,100.0,592.20703125,0.0
32.0,81.0,0.0034677809999266174,0.0,592.26171875,0.0
32.0,82.0,0.006624398999974801,100.0,592.26171875,0.0
32.0,83.0,0.006378867999956128,100.0,592.26171875,0.0
32.0,84.0,0.008318961999975727,100.0,592.26171875,0.0
32.0,85.0,0.006887080999604223,100.0,592.265625,0.0
32.0,86.0,0.0067809329998453904,50.0,592.265625,0.0
32.0,87.0,0.003739459999906103,100.0,592.265625,0.0
32.0,88.0,0.006724251999912667,50.0,592.3203125,0.0
32.0,89.0,0.003508754999984376,0.0,592.3203125,0.0
32.0,90.0,0.00577106900027502,50.0,592.3203125,0.0
32.0,91.0,0.007143466000343324,100.0,592.3203125,0.0
32.0,92.0,0.005677701999957208,0.0,592.3203125,0.0
32.0,93.0,0.0034674009998525435,100.0,592.3203125,0.0
32.0,94.0,0.0046836239998810925,0.0,592.3203125,0.0
32.0,95.0,0.004746327999782807,50.0,592.3203125,0.0
32.0,96.0,0.005663985999944998,0.0,592.3203125,0.0
32.0,97.0,0.0036510229997475108,100.0,592.3203125,0.0
32.0,98.0,0.004586387000017567,0.0,592.3203125,0.0
32.0,99.0,0.003428239000186295,100.0,592.3203125,0.0
32.0,100.0,0.00476631899982749,0.0,592.3203125,0.0
33.0,1.0,0.00454565600011847,100.0,592.3203125,0.0
33.0,2.0,0.005619439999918541,50.0,592.3203125,0.0
33.0,3.0,0.003454150999914418,0.0,592.3203125,0.0
33.0,4.0,0.003405349999866303,0.0,592.3203125,0.0
33.0,5.0,0.003461678000348911,100.0,592.3203125,0.0
33.0,6.0,0.004497248000006948,0.0,592.3203125,0.0
33.0,7.0,0.003454738000073121,100.0,592.3203125,0.0
33.0,8.0,0.005770930999915436,0.0,592.3203125,0.0
33.0,9.0,0.004710938000243914,100.0,592.3203125,0.0
33.0,10.0,0.0046804799999335955,0.0,592.3203125,0.0
33.0,11.0,0.004543893999652937,100.0,592.3203125,0.0
33.0,12.0,0.003429893000429729,0.0,592.3203125,0.0
33.0,13.0,0.004536175999874104,100.0,592.32421875,0.0
33.0,14.0,0.003490272000362893,0.0,592.32421875,0.0
33.0,15.0,0.005721090999941225,100.0,592.32421875,0.0
33.0,16.0,0.006012185999679787,50.0,592.32421875,0.0
33.0,17.0,0.003466800999831321,0.0,592.32421875,0.0
33.0,18.0,0.004755976000069495,50.0,592.32421875,0.0
33.0,19.0,0.0033807219997470384,0.0,592.328125,0.0
33.0,20.0,0.004681457000060618,50.0,592.33203125,0.0
33.0,21.0,0.0034619459997884405,0.0,592.33203125,0.0
33.0,22.0,0.005721496000205661,50.0,592.33203125,0.0
33.0,23.0,0.003489424999770563,0.0,592.33203125,0.0
33.0,24.0,0.0058452089997445,50.0,592.33203125,0.0
33.0,25.0,0.0033822450000116078,0.0,592.33203125,0.0
33.0,26.0,0.004611496000052284,50.0,592.33203125,0.0
33.0,27.0,0.007137621999845578,100.0,592.33203125,0.0
33.0,28.0,0.005025071000090975,0.0,592.33203125,0.0
33.0,29.0,0.0056573080000816844,50.0,592.33203125,0.0
33.0,30.0,0.006058842000129516,100.0,592.3359375,0.0
33.0,31.0,0.005774251999810076,0.0,592.3359375,0.0
33.0,32.0,0.005734932999985176,100.0,592.3359375,0.0
33.0,33.0,0.00370803599980718,0.0,592.33984375,0.0
33.0,34.0,0.006195073000071716,50.0,592.34375,0.0
33.0,35.0,0.003498217000014847,0.0,592.34375,0.0
33.0,36.0,0.005830656999933126,50.0,592.34375,0.0
33.0,37.0,0.005687216999831435,100.0,592.34375,0.0
33.0,38.0,0.003487223999854905,0.0,592.34375,0.0
33.0,39.0,0.0034247990001858852,100.0,592.34765625,0.0
33.0,40.0,0.004716911999821605,0.0,592.34765625,0.0
33.0,41.0,0.0035206559996368014,100.0,592.34765625,0.0
33.0,42.0,0.005718778000300517,0.0,592.34765625,0.0
33.0,43.0,0.00336551899999904,100.0,592.3515625,0.0
33.0,44.0,0.004572548999931314,0.0,592.3515625,0.0
33.0,45.0,0.004936871000154497,100.0,592.3515625,0.0
33.0,46.0,0.005728326000280504,0.0,592.3515625,0.0
33.0,47.0,0.0036318239999673096,100.0,592.3515625,0.0
33.0,48.0,0.005926567000187788,0.0,592.3515625,0.0
33.0,49.0,0.003303961999790772,100.0,592.35546875,0.0
33.0,50.0,0.004442904999905295,0.0,592.35546875,0.0
33.0,51.0,0.003614399000070989,100.0,592.359375,0.0
33.0,52.0,0.00564611599975251,0.0,592.359375,0.0
33.0,53.0,0.004503774000113481,100.0,592.359375,0.0
33.0,54.0,0.004975518999799533,50.0,592.359375,0.0
33.0,55.0,0.0034766160001709068,0.0,592.359375,0.0
33.0,56.0,0.005599786999937351,50.0,592.359375,0.0
33.0,57.0,0.0034180590000687516,0.0,592.359375,0.0
33.0,58.0,0.004612535999967804,50.0,592.359375,0.0
33.0,59.0,0.003617420999944443,0.0,592.36328125,0.0
33.0,60.0,0.006042716000138171,50.0,592.58984375,0.0
33.0,61.0,0.004510224000114249,0.0,592.58984375,0.0
33.0,62.0,0.004754701999900135,50.0,592.58984375,0.0
33.0,63.0,0.0035061240000686666,0.0,592.58984375,0.0
33.0,64.0,0.005619970000225294,50.0,592.58984375,0.0
33.0,65.0,0.0037429999997584673,0.0,592.58984375,0.0
33.0,66.0,0.006155927000236261,50.0,592.58984375,0.0
33.0,67.0,0.003658158999769512,50.0,592.59375,0.0
33.0,68.0,0.004493683000418969,0.0,592.59375,0.0
33.0,69.0,0.0034545890002846136,100.0,592.59375,0.0
33.0,70.0,0.0045884260002821975,0.0,592.59375,0.0
33.0,71.0,0.006301413999608485,50.0,592.59375,0.0
33.0,72.0,0.003607030999773997,0.0,592.59375,0.0
33.0,73.0,0.0037592849998873135,50.0,592.59375,0.0
33.0,74.0,0.00370106999980635,0.0,592.59375,0.0
33.0,75.0,0.0037788459999319457,100.0,592.59375,0.0
33.0,76.0,0.004943831000218779,0.0,592.59765625,0.0
33.0,77.0,0.004840433000026678,50.0,592.60546875,0.0
33.0,78.0,0.006067149000045902,0.0,592.60546875,0.0
33.0,79.0,0.003525112000261288,50.0,592.60546875,0.0
33.0,80.0,0.005933036999977048,0.0,592.60546875,0.0
33.0,81.0,0.004743947000406479,50.0,592.609375,0.0
33.0,82.0,0.00515872699997999,50.0,592.609375,0.0
33.0,83.0,0.004628292000234069,100.0,592.609375,0.0
33.0,84.0,0.007895024999925226,50.0,592.609375,0.0
33.0,85.0,0.00678035800001453,50.0,592.609375,0.0
33.0,86.0,0.006121828000232199,0.0,592.61328125,0.0
33.0,87.0,0.003606589000355598,50.0,592.6171875,0.0
33.0,88.0,0.005900731999645359,100.0,592.6171875,0.0
33.0,89.0,0.0048116299999492185,0.0,592.6171875,0.0
33.0,90.0,0.0037384140000540356,100.0,592.6171875,0.0
33.0,91.0,0.004890670999884605,0.0,592.6171875,0.0
33.0,92.0,0.005877087000044412,50.0,592.62109375,0.0
33.0,93.0,0.00463425299994924,0.0,592.62109375,0.0
33.0,94.0,0.004718911000054504,50.0,592.62109375,0.0
33.0,95.0,0.0036983620002501993,0.0,592.62109375,0.0
33.0,96.0,0.005810846999793284,50.0,592.62109375,0.0
33.0,97.0,0.0033454240001447033,0.0,592.625,0.0
33.0,98.0,0.005253575999631721,50.0,592.62890625,0.0
33.0,99.0,0.0035672659996635048,0.0,592.62890625,0.0
33.0,100.0,0.004728436999812402,50.0,592.62890625,0.0
34.0,1.0,0.0033973939998759306,0.0,592.62890625,0.0
34.0,2.0,0.004513661999681062,50.0,592.6328125,0.0
34.0,3.0,0.0033747219999895606,0.0,592.6328125,0.0
34.0,4.0,0.004826485000194225,50.0,592.63671875,0.0
34.0,5.0,0.00467315600008078,0.0,592.63671875,0.0
34.0,6.0,0.005691246999958821,50.0,592.63671875,0.0
34.0,7.0,0.004780620000019553,100.0,592.640625,0.0
34.0,8.0,0.005838872999902378,0.0,592.640625,0.0
34.0,9.0,0.004559613999845169,50.0,592.640625,0.0
34.0,10.0,0.004634679999981017,0.0,592.6484375,0.0
34.0,11.0,0.004713004000223009,50.0,592.6484375,0.0
34.0,12.0,0.003465505000349367,0.0,592.6484375,0.0
34.0,13.0,0.005591480000020965,50.0,592.6484375,0.0
34.0,14.0,0.005790945000171632,100.0,592.6484375,0.0
34.0,15.0,0.00492884100003721,0.0,592.65234375,0.0
34.0,16.0,0.005865113000254496,50.0,592.65234375,0.0
34.0,17.0,0.003313777000130358,0.0,592.65234375,0.0
34.0,18.0,0.005701951999981247,50.0,592.65234375,0.0
34.0,19.0,0.0057960619997174945,100.0,592.65234375,0.0
34.0,20.0,0.004593886999828101,0.0,592.65625,0.0
34.0,21.0,0.003448748000209889,0.0,592.65625,0.0
34.0,22.0,0.004580580000038026,50.0,592.65625,0.0
34.0,23.0,0.003355686999839236,0.0,592.65625,0.0
34.0,24.0,0.004584353000154806,50.0,592.65625,0.0
34.0,25.0,0.0045014970000920584,0.0,592.65625,0.0
34.0,26.0,0.005851709000125993,50.0,592.66015625,0.0
34.0,27.0,0.006724632999976166,66.7,592.66015625,0.0
34.0,28.0,0.005857958999968105,0.0,592.66015625,0.0
34.0,29.0,0.0034587949999149714,50.0,592.66015625,0.0
34.0,30.0,0.005881176999992022,0.0,592.66015625,0.0
34.0,31.0,0.004964168000242353,50.0,592.6640625,0.0
34.0,32.0,0.005928154999764956,50.0,592.6640625,0.0
34.0,33.0,0.004523771000094712,0.0,592.6640625,0.0
34.0,34.0,0.005799081000077422,50.0,592.6640625,0.0
34.0,35.0,0.00475443000004816,0.0,592.6640625,0.0
34.0,36.0,0.005957257999853027,50.0,592.66796875,0.0
34.0,37.0,0.0035958630001005076,100.0,592.66796875,0.0
34.0,38.0,0.005963985000107641,0.0,592.66796875,0.0
34.0,39.0,0.004653989999951591,50.0,592.66796875,0.0
34.0,40.0,0.005393506000018533,0.0,592.66796875,0.0
34.0,41.0,0.0034736169995994715,50.0,592.66796875,0.0
34.0,42.0,0.005892510999728984,0.0,592.671875,0.0
34.0,43.0,0.004086669999651349,100.0,592.671875,0.0
34.0,44.0,0.005057779000253504,50.0,592.671875,0.0
34.0,45.0,0.00497021199998926,0.0,592.671875,0.0
34.0,46.0,0.005911225000090781,100.0,592.671875,0.0
34.0,47.0,0.005707360000087647,50.0,592.671875,0.0
34.0,48.0,0.006140511000012339,0.0,592.671875,0.0
34.0,49.0,0.003647623999768257,100.0,592.671875,0.0
34.0,50.0,0.005973247999918385,50.0,592.671875,0.0
34.0,51.0,0.004914267000003747,0.0,592.671875,0.0
34.0,52.0,0.005863029000011011,50.0,592.671875,0.0
34.0,53.0,0.004707006999979058,0.0,592.671875,0.0
34.0,54.0,0.004650841000056971,50.0,592.671875,0.0
34.0,55.0,0.003569142000287684,0.0,592.671875,0.0
34.0,56.0,0.0046943020001890545,50.0,592.671875,0.0
34.0,57.0,0.0036436969999158464,0.0,592.671875,0.0
34.0,58.0,0.004667929999868647,50.0,592.671875,0.0
34.0,59.0,0.0035366370002520853,0.0,592.671875,0.0
34.0,60.0,0.005923606000123982,50.0,592.671875,0.0
34.0,61.0,0.00602735099982965,50.0,592.67578125,0.0
34.0,62.0,0.0046735330001865805,0.0,592.67578125,0.0
34.0,63.0,0.0049841830000332266,50.0,592.67578125,0.0
34.0,64.0,0.004596930999923643,0.0,592.67578125,0.0
34.0,65.0,0.0033269259997723566,50.0,592.67578125,0.0
34.0,66.0,0.003357626000251912,0.0,592.67578125,0.0
34.0,67.0,0.004935444000238931,100.0,592.67578125,0.0
34.0,68.0,0.008621934000075271,100.0,592.67578125,0.0
34.0,69.0,0.0049228110001422465,100.0,592.67578125,0.0
34.0,70.0,0.008997912999802793,100.0,592.67578125,0.0
34.0,71.0,0.0040637400002196955,100.0,592.67578125,0.0
34.0,72.0,0.004641604999960691,0.0,592.67578125,0.0
34.0,73.0,0.0033715050003593205,100.0,592.6796875,0.0
34.0,74.0,0.005684945000211883,0.0,592.6796875,0.0
34.0,75.0,0.005568448000303761,50.0,592.6796875,0.0
34.0,76.0,0.004607463999946049,100.0,592.6796875,0.0
34.0,77.0,0.0047375799999826995,0.0,592.6796875,0.0
34.0,78.0,0.0044704450001518126,100.0,592.6796875,0.0
34.0,79.0,0.004564571000173601,0.0,592.6796875,0.0
34.0,80.0,0.004997020999780943,100.0,592.6796875,0.0
34.0,81.0,0.0036111580002398114,0.0,592.68359375,0.0
34.0,82.0,0.0057430470001236245,100.0,592.68359375,0.0
34.0,83.0,0.0034786789997269807,0.0,592.68359375,0.0
34.0,84.0,0.00463724600012938,100.0,592.68359375,0.0
34.0,85.0,0.005801976999919134,0.0,592.68359375,0.0
34.0,86.0,0.004676474999996572,50.0,592.68359375,0.0
34.0,87.0,0.0034600029998728132,0.0,592.6875,0.0
34.0,88.0,0.004529824000201188,100.0,592.6875,0.0
34.0,89.0,0.004603045999829192,0.0,592.6953125,0.0
34.0,90.0,0.0036364839997986564,100.0,592.69921875,0.0
34.0,91.0,0.004773263000060979,0.0,592.69921875,0.0
34.0,92.0,0.004679496000335348,50.0,592.69921875,0.0
34.0,93.0,0.0034901449998869793,0.0,592.69921875,0.0
34.0,94.0,0.005743163999795797,50.0,592.69921875,0.0
34.0,95.0,0.0034361189996161556,0.0,592.69921875,0.0
34.0,96.0,0.004643952999686007,50.0,592.69921875,0.0
34.0,97.0,0.0046282769999379525,0.0,592.69921875,0.0
34.0,98.0,0.005588733999957185,50.0,592.69921875,0.0
34.0,99.0,0.00562940100007836,100.0,592.69921875,0.0
34.0,100.0,0.004625483999916469,0.0,592.703125,0.0
35.0,1.0,0.003523988000324607,100.0,592.703125,0.0
35.0,2.0,0.0045471749999705935,0.0,592.703125,0.0
35.0,3.0,0.0033776469999793335,100.0,592.703125,0.0
35.0,4.0,0.005695134000234248,0.0,592.70703125,0.0
35.0,5.0,0.00338298799988479,100.0,592.70703125,0.0
35.0,6.0,0.005765007000263722,0.0,592.70703125,0.0
35.0,7.0,0.007162929000060103,100.0,592.7109375,0.0
35.0,8.0,0.005770207000296068,50.0,592.71484375,0.0
35.0,9.0,0.004679567000039242,0.0,592.71875,0.0
35.0,10.0,0.00472751999996035,100.0,592.71875,0.0
35.0,11.0,0.0034358759999122412,0.0,592.71875,0.0
35.0,12.0,0.005754076999892277,100.0,592.71875,0.0
35.0,13.0,0.0059776999996756786,50.0,592.71875,0.0
35.0,14.0,0.003520345000197267,0.0,592.71875,0.0
35.0,15.0,0.004761115000292193,50.0,592.72265625,0.0
35.0,16.0,0.007063523999931931,100.0,592.72265625,0.0
35.0,17.0,0.0048170029999710096,0.0,592.72265625,0.0
35.0,18.0,0.005652189000102226,100.0,592.7265625,0.0
35.0,19.0,0.004715158000180963,0.0,592.7265625,0.0
35.0,20.0,0.004507471000124497,100.0,592.73046875,0.0
35.0,21.0,0.006877838000036718,100.0,592.73046875,0.0
35.0,22.0,0.008869737000168243,100.0,592.73046875,0.0
35.0,23.0,0.004773308000039833,100.0,592.73046875,0.0
35.0,24.0,0.00508474899970679,0.0,592.73046875,0.0
35.0,25.0,0.004902239000330155,100.0,592.73046875,0.0
35.0,26.0,0.007270157000220934,100.0,592.734375,0.0
35.0,27.0,0.008470862000194757,100.0,592.734375,0.0
35.0,28.0,0.004821644000003289,100.0,592.73828125,0.0
35.0,29.0,0.0074300530000073195,100.0,592.73828125,0.0
35.0,30.0,0.007826017999832402,100.0,592.73828125,0.0
35.0,31.0,0.007441317000029812,100.0,592.7421875,0.0
35.0,32.0,0.007554755999990448,100.0,592.74609375,0.0
35.0,33.0,0.004862720999881276,100.0,592.74609375,0.0
35.0,34.0,0.007345854000050167,100.0,592.75,0.0
35.0,35.0,0.0035557780001909123,50.0,592.75,0.0
35.0,36.0,0.0034157740001319326,0.0,592.75390625,0.0
35.0,37.0,0.003548046000105387,100.0,592.7578125,0.0
35.0,38.0,0.004852413000207889,0.0,592.7578125,0.0
35.0,39.0,0.004680708000250888,50.0,592.7578125,0.0
35.0,40.0,0.005953374000000622,100.0,592.7578125,0.0
35.0,41.0,0.003806770999744913,0.0,592.7578125,0.0
35.0,42.0,0.00579120399970634,100.0,592.7578125,0.0
35.0,43.0,0.003670876999876782,0.0,592.76171875,0.0
35.0,44.0,0.0038457569999081898,100.0,592.76171875,0.0
35.0,45.0,0.004409645000123419,0.0,592.76171875,0.0
35.0,46.0,0.006117205000009562,50.0,592.765625,0.0
35.0,47.0,0.004827105999993364,50.0,592.765625,0.0
35.0,48.0,0.00603852399990501,0.0,592.76953125,0.0
35.0,49.0,0.004734318999908282,50.0,592.76953125,0.0
35.0,50.0,0.006827895999776956,100.0,592.76953125,0.0
35.0,51.0,0.005613132000235055,100.0,592.76953125,0.0
35.0,52.0,0.009322130999862566,100.0,592.76953125,0.0
35.0,53.0,0.008221390000016982,100.0,592.76953125,0.0
35.0,54.0,0.007400183999834553,50.0,592.7734375,0.0
35.0,55.0,0.006218271999841818,100.0,592.7734375,0.0
35.0,56.0,0.007106617000317783,100.0,592.7734375,0.0
35.0,57.0,0.009178029999930004,100.0,592.77734375,0.0
35.0,58.0,0.008508929000072385,100.0,592.78125,0.0
35.0,59.0,0.007143237000036606,100.0,592.78125,0.0
35.0,60.0,0.006237628000235418,100.0,592.78515625,0.0
35.0,61.0,0.007039520000034827,100.0,592.78515625,0.0
35.0,62.0,0.0070786490000500635,100.0,592.78515625,0.0
35.0,63.0,0.007599083000059181,100.0,592.78515625,0.0
35.0,64.0,0.009636992999730865,100.0,592.78515625,0.0
35.0,65.0,0.00845902399987608,100.0,592.7890625,0.0
35.0,66.0,0.007573716000024433,100.0,592.7890625,0.0
35.0,67.0,0.004633731000012631,100.0,592.79296875,0.0
35.0,68.0,0.008112609999898268,100.0,592.79296875,0.0
35.0,69.0,0.006585790999906749,100.0,592.79296875,0.0
35.0,70.0,0.005140364999988378,100.0,592.79296875,0.0
35.0,71.0,0.0041973349998443155,50.0,592.79296875,0.0
35.0,72.0,0.008495471999594884,100.0,592.79296875,0.0
35.0,73.0,0.004937949000122899,100.0,592.79296875,0.0
35.0,74.0,0.004603346999829228,100.0,592.79296875,0.0
35.0,75.0,0.007729476999884355,100.0,592.79296875,0.0
35.0,76.0,0.006325241000013193,100.0,592.79296875,0.0
35.0,77.0,0.004805393999959051,100.0,592.79296875,0.0
35.0,78.0,0.008234913999785931,100.0,592.79296875,0.0
35.0,79.0,0.005071195000255102,100.0,592.79296875,0.0
35.0,80.0,0.008461583000098472,100.0,592.79296875,0.0
35.0,81.0,0.004699434000031033,100.0,592.79296875,0.0
35.0,82.0,0.006111554999733926,100.0,592.79296875,0.0
35.0,83.0,0.004696174999935465,100.0,592.79296875,0.0
35.0,84.0,0.0077304689998527465,100.0,592.79296875,0.0
35.0,85.0,0.004626135999842518,100.0,592.79296875,0.0
35.0,86.0,0.007857953999973688,100.0,592.79296875,0.0
35.0,87.0,0.004678014999626612,100.0,592.79296875,0.0
35.0,88.0,0.007805441000073188,100.0,592.79296875,0.0
35.0,89.0,0.004554343999643606,100.0,592.79296875,0.0
35.0,90.0,0.008188192000034178,100.0,592.79296875,0.0
35.0,91.0,0.006656476999978622,100.0,592.79296875,0.0
35.0,92.0,0.0057743150000533205,100.0,592.79296875,0.0
35.0,93.0,0.004993087999991985,100.0,592.79296875,0.0
35.0,94.0,0.006628715999795531,100.0,592.79296875,0.0
35.0,95.0,0.004623086000265175,100.0,592.79296875,0.0
35.0,96.0,0.007724136999968323,100.0,592.79296875,0.0
35.0,97.0,0.004975032999936957,100.0,592.79296875,0.0
35.0,98.0,0.007931596999696922,100.0,592.79296875,0.0
35.0,99.0,0.004693888000019797,100.0,592.79296875,0.0
35.0,100.0,0.007824608999726479,100.0,592.79296875,0.0
36.0,1.0,0.006263637000301969,100.0,592.79296875,0.0
36.0,2.0,0.0075889289996666776,100.0,592.79296875,0.0
36.0,3.0,0.006127954000021418,100.0,592.79296875,0.0
36.0,4.0,0.007470718000149645,100.0,592.79296875,0.0
36.0,5.0,0.008199016000162374,100.0,592.79296875,0.0
36.0,6.0,0.004986486000234436,100.0,592.79296875,0.0
36.0,7.0,0.006809602999965136,100.0,592.79296875,0.0
36.0,8.0,0.008266144000117492,100.0,592.79296875,0.0
36.0,9.0,0.00605309299999135,100.0,592.79296875,0.0
36.0,10.0,0.005994178000037209,100.0,592.79296875,0.0
36.0,11.0,0.004626530999757961,100.0,592.79296875,0.0
36.0,12.0,0.007798534999892581,100.0,592.79296875,0.0
36.0,13.0,0.004501133999838203,100.0,592.79296875,0.0
36.0,14.0,0.007532401000389655,100.0,592.79296875,0.0
36.0,15.0,0.004498637000324379,100.0,592.79296875,0.0
36.0,16.0,0.007593412000005628,100.0,592.79296875,0.0
36.0,17.0,0.004666028999963601,100.0,592.79296875,0.0
36.0,18.0,0.006965979000142397,100.0,592.79296875,0.0
36.0,19.0,0.00474917200017444,100.0,592.79296875,0.0
36.0,20.0,0.006000780000249506,100.0,592.79296875,0.0
36.0,21.0,0.012235917999987578,100.0,592.79296875,0.0
36.0,22.0,0.006748479000179941,100.0,592.79296875,0.0
36.0,23.0,0.007292687999779446,100.0,592.79296875,0.0
36.0,24.0,0.008164311999735219,100.0,592.79296875,0.0
36.0,25.0,0.006462216999807424,100.0,592.79296875,0.0
36.0,26.0,0.008430141999724583,100.0,592.796875,0.0
36.0,27.0,0.008235565000177303,100.0,592.796875,0.0
36.0,28.0,0.008489149000070029,100.0,592.796875,0.0
36.0,29.0,0.005544695000025968,100.0,592.796875,0.0
36.0,30.0,0.007741081999938615,100.0,592.796875,0.0
36.0,31.0,0.00605322299998079,100.0,592.796875,0.0
36.0,32.0,0.006233242000234895,100.0,592.796875,0.0
36.0,33.0,0.004788728999756131,100.0,592.796875,0.0
36.0,34.0,0.00803458500013221,100.0,592.796875,0.0
36.0,35.0,0.004868757000167534,100.0,592.796875,0.0
36.0,36.0,0.0076745340002162266,100.0,592.796875,0.0
36.0,37.0,0.0047196650002661045,100.0,592.80078125,0.0
36.0,38.0,0.004707344000053126,100.0,592.80078125,0.0
36.0,39.0,0.005991913999878307,100.0,592.80078125,0.0
36.0,40.0,0.007450856000104977,100.0,592.80078125,0.0
36.0,41.0,0.0076171310001882375,100.0,592.80078125,0.0
36.0,42.0,0.006056449999960023,100.0,592.80078125,0.0
36.0,43.0,0.0044902650001859,100.0,592.80078125,0.0
36.0,44.0,0.0076035989995943964,100.0,592.80078125,0.0
36.0,45.0,0.007354680999924312,100.0,592.80078125,0.0
36.0,46.0,0.007737679000001663,100.0,592.80078125,0.0
36.0,47.0,0.0046487529998557875,100.0,592.8046875,0.0
36.0,48.0,0.007526523000251473,100.0,592.8046875,0.0
36.0,49.0,0.004634711000107927,100.0,592.8046875,0.0
36.0,50.0,0.0076964009999755945,100.0,592.8046875,0.0
36.0,51.0,0.006389651000063168,100.0,592.8046875,0.0
36.0,52.0,0.006100254000102723,100.0,592.8046875,0.0
36.0,53.0,0.006075387000237242,100.0,592.8046875,0.0
36.0,54.0,0.00771151299977646,100.0,592.8046875,0.0
36.0,55.0,0.007492632000321464,100.0,592.8046875,0.0
36.0,56.0,0.00468607900029383,100.0,592.8046875,0.0
36.0,57.0,0.0060070870003983146,100.0,592.80859375,0.0
36.0,58.0,0.007616328000040085,100.0,592.80859375,0.0
36.0,59.0,0.00765914800012979,100.0,592.80859375,0.0
36.0,60.0,0.007538109000051918,100.0,592.8125,0.0
36.0,61.0,0.004873489000146947,100.0,592.8125,0.0
36.0,62.0,0.006062576999738667,100.0,592.8125,0.0
36.0,63.0,0.006015398999807076,100.0,592.8125,0.0
36.0,64.0,0.007827853999970102,100.0,592.8125,0.0
36.0,65.0,0.007764717000100063,100.0,592.8125,0.0
36.0,66.0,0.0047732180000821245,100.0,592.8125,0.0
36.0,67.0,0.006061698999928922,100.0,592.81640625,0.0
36.0,68.0,0.007953334000376344,100.0,592.81640625,0.0
36.0,69.0,0.007651824999811652,100.0,592.81640625,0.0
36.0,70.0,0.006709293999847432,100.0,592.81640625,0.0
36.0,71.0,0.006034896000073786,100.0,592.81640625,0.0
36.0,72.0,0.007080521999796474,100.0,592.81640625,0.0
36.0,73.0,0.00464472499970725,100.0,592.81640625,0.0
36.0,74.0,0.006038069000169344,100.0,592.81640625,0.0
36.0,75.0,0.006006562000038684,100.0,592.8203125,0.0
36.0,76.0,0.0060667969996757165,100.0,592.82421875,0.0
36.0,77.0,0.004545674999917537,100.0,592.82421875,0.0
36.0,78.0,0.005970383000203583,100.0,592.82421875,0.0
36.0,79.0,0.008917981000195141,100.0,592.82421875,0.0
36.0,80.0,0.00787114400009159,100.0,592.828125,0.0
36.0,81.0,0.004634850000002189,100.0,592.828125,0.0
36.0,82.0,0.0063613800002713106,100.0,592.828125,0.0
36.0,83.0,0.006467457999860926,100.0,592.828125,0.0
36.0,84.0,0.007835028000044986,100.0,592.828125,0.0
36.0,85.0,0.0046558119997826,100.0,592.83203125,0.0
36.0,86.0,0.006539260999943508,100.0,592.83984375,0.0
36.0,87.0,0.006483579000359896,100.0,592.83984375,0.0
36.0,88.0,0.007252838000113115,100.0,592.83984375,0.0
36.0,89.0,0.007531914000082907,100.0,592.83984375,0.0
36.0,90.0,0.004775343000346766,100.0,592.83984375,0.0
36.0,91.0,0.010008425000251009,100.0,592.83984375,0.0
36.0,92.0,0.007920857000044634,100.0,592.84375,0.0
36.0,93.0,0.0076142570001138665,100.0,592.84375,0.0
36.0,94.0,0.007755944000109594,100.0,592.84375,0.0
36.0,95.0,0.006035082999915176,100.0,592.84375,0.0
36.0,96.0,0.007900398000401765,100.0,592.84375,0.0
36.0,97.0,0.004834305999793287,100.0,592.84375,0.0
36.0,98.0,0.007576660000268021,100.0,592.84375,0.0
36.0,99.0,0.004536102000201936,100.0,592.84375,0.0
36.0,100.0,0.006081347000417736,100.0,592.84375,0.0
37.0,1.0,0.00620150900022054,100.0,592.84375,0.0
37.0,2.0,0.007915552999747888,100.0,592.84375,0.0
37.0,3.0,0.006217770000148448,100.0,592.84375,0.0
37.0,4.0,0.006207380999967427,100.0,592.84375,0.0
37.0,5.0,0.006189234999965265,100.0,592.84375,0.0
37.0,6.0,0.006695706000300561,100.0,592.84765625,0.0
37.0,7.0,0.004644997000013973,100.0,592.84765625,0.0
37.0,8.0,0.006213265000042156,100.0,592.84765625,0.0
37.0,9.0,0.00462844399999085,100.0,592.84765625,0.0
37.0,10.0,0.007761026000025595,100.0,592.84765625,0.0
37.0,11.0,0.006183595000038622,100.0,592.8515625,0.0
37.0,12.0,0.00625693499978297,100.0,592.8515625,0.0
37.0,13.0,0.004570999999941705,100.0,592.8515625,0.0
37.0,14.0,0.0075584030000754865,100.0,592.8515625,0.0
37.0,15.0,0.006207120999988547,100.0,592.8515625,0.0
37.0,16.0,0.008000257999810856,100.0,592.85546875,0.0
37.0,17.0,0.006237357999907545,100.0,592.85546875,0.0
37.0,18.0,0.006546358999912627,100.0,592.953125,0.0
37.0,19.0,0.004665800000111631,100.0,592.953125,0.0
37.0,20.0,0.007867571000133466,100.0,592.953125,0.0
37.0,21.0,0.004854048999732186,100.0,592.953125,0.0
37.0,22.0,0.0077743989995724405,100.0,592.953125,0.0
37.0,23.0,0.004740177000257972,100.0,592.953125,0.0
37.0,24.0,0.00617216799992093,100.0,592.953125,0.0
37.0,25.0,0.006285934000061388,100.0,592.953125,0.0
37.0,26.0,0.0079579759999433,100.0,592.953125,0.0
37.0,27.0,0.00471203000006426,100.0,592.95703125,0.0
37.0,28.0,0.0077754750000167405,100.0,592.95703125,0.0
37.0,29.0,0.006360913999742479,100.0,592.95703125,0.0
37.0,30.0,0.008068192999871826,100.0,592.95703125,0.0
37.0,31.0,0.004900312999779999,100.0,592.95703125,0.0
37.0,32.0,0.0058011480000459414,100.0,592.95703125,0.0
37.0,33.0,0.0064963889999489766,100.0,592.95703125,0.0
37.0,34.0,0.00785887600022761,100.0,592.95703125,0.0
37.0,35.0,0.004722271999980876,100.0,592.95703125,0.0
37.0,36.0,0.006245116000172857,100.0,592.95703125,0.0
37.0,37.0,0.007981745000051887,100.0,592.9609375,0.0
37.0,38.0,0.007851698000195029,100.0,592.9609375,0.0
37.0,39.0,0.0046672669996041805,100.0,592.9609375,0.0
37.0,40.0,0.006346559000121488,100.0,592.9609375,0.0
37.0,41.0,0.006616894000217144,100.0,592.9609375,0.0
37.0,42.0,0.0065571810000619735,100.0,592.9609375,0.0
37.0,43.0,0.0062292950001392455,100.0,592.9609375,0.0
37.0,44.0,0.007907269000043016,100.0,592.96484375,0.0
37.0,45.0,0.007813676000296255,100.0,592.96484375,0.0
37.0,46.0,0.008169081000232836,100.0,592.97265625,0.0
37.0,47.0,0.004769763000240346,100.0,592.97265625,0.0
37.0,48.0,0.007778360999964207,100.0,592.97265625,0.0
37.0,49.0,0.004644387000098504,100.0,592.97265625,0.0
37.0,50.0,0.008556182000120316,100.0,592.97265625,0.0
37.0,51.0,0.007353741000315495,100.0,592.97265625,0.0
37.0,52.0,0.007919259000118473,100.0,592.9765625,0.0
37.0,53.0,0.0047203259996422275,100.0,592.9765625,0.0
37.0,54.0,0.007488619000014296,100.0,592.9765625,0.0
37.0,55.0,0.007015387000137707,100.0,592.98046875,0.0
37.0,56.0,0.007754187000045931,100.0,592.98046875,0.0
37.0,57.0,0.008757030999731796,100.0,592.984375,0.0
37.0,58.0,0.006753432999630604,100.0,593.0,0.0
37.0,59.0,0.006030338000073243,100.0,593.0,0.0
37.0,60.0,0.006466189999628114,50.0,593.0,0.0
37.0,61.0,0.0061909229998491355,100.0,593.0,0.0
37.0,62.0,0.012495394999859855,100.0,593.00390625,0.0
37.0,63.0,0.009186347000195383,100.0,593.0078125,0.0
37.0,64.0,0.008575851999921724,100.0,593.0078125,0.0
37.0,65.0,0.0052179230001456745,100.0,593.0078125,0.0
37.0,66.0,0.00843189400029587,100.0,593.0078125,0.0
37.0,67.0,0.01070806799998536,100.0,593.0078125,0.0
37.0,68.0,0.007577990999834583,100.0,593.0078125,0.0
37.0,69.0,0.006813312000303995,100.0,593.0078125,0.0
37.0,70.0,0.00976318299990453,100.0,593.0078125,0.0
37.0,71.0,0.004545358999621385,100.0,593.0078125,0.0
37.0,72.0,0.007964168999933463,100.0,593.0078125,0.0
37.0,73.0,0.0055863510001472605,100.0,593.0078125,0.0
37.0,74.0,0.004580797000016901,100.0,593.0078125,0.0
37.0,75.0,0.005600783999852865,100.0,593.0078125,0.0
37.0,76.0,0.005227828999977646,0.0,593.0078125,0.0
37.0,77.0,0.009149274999799673,100.0,593.0078125,0.0
37.0,78.0,0.008894692000012583,100.0,593.0078125,0.0
37.0,79.0,0.005265112999950361,100.0,593.0078125,0.0
37.0,80.0,0.007755042999633588,100.0,593.01171875,0.0
37.0,81.0,0.005130269000346743,100.0,593.01171875,0.0
37.0,82.0,0.006439117999889277,100.0,593.01171875,0.0
37.0,83.0,0.006097473999943759,100.0,593.01171875,0.0
37.0,84.0,0.007845875999919372,100.0,593.01171875,0.0
37.0,85.0,0.0046838820003358705,100.0,593.01171875,0.0
37.0,86.0,0.006074094999803492,100.0,593.015625,0.0
37.0,87.0,0.0061284349999368715,100.0,593.015625,0.0
37.0,88.0,0.007950851999794395,100.0,593.015625,0.0
37.0,89.0,0.004541062000043894,100.0,593.015625,0.0
37.0,90.0,0.0063345389999085455,100.0,593.015625,0.0
37.0,91.0,0.0061762790001012036,100.0,593.015625,0.0
37.0,92.0,0.0064811180000106106,100.0,593.015625,0.0
37.0,93.0,0.0063422889998037135,100.0,593.015625,0.0
37.0,94.0,0.007648747000075673,100.0,593.015625,0.0
37.0,95.0,0.004704334000052768,100.0,593.015625,0.0
37.0,96.0,0.004724379999970552,100.0,593.015625,0.0
37.0,97.0,0.006907806000072014,100.0,593.015625,0.0
37.0,98.0,0.005740664999848377,100.0,593.015625,0.0
37.0,99.0,0.008430521999798657,100.0,593.015625,0.0
37.0,100.0,0.0050802840000869764,100.0,593.015625,0.0
38.0,1.0,0.006211715000063123,100.0,593.015625,0.0
38.0,2.0,0.006343877000290377,100.0,593.015625,0.0
38.0,3.0,0.006113474999892787,100.0,593.015625,0.0
38.0,4.0,0.007999000000381784,100.0,593.015625,0.0
38.0,5.0,0.004817487999844161,100.0,593.015625,0.0
38.0,6.0,0.004677480999816908,100.0,593.015625,0.0
38.0,7.0,0.006640247000177624,100.0,593.015625,0.0
38.0,8.0,0.0051669150002453534,100.0,593.015625,0.0
38.0,9.0,0.006315861000075529,100.0,593.015625,0.0
38.0,10.0,0.005073957999684353,100.0,593.015625,0.0
38.0,11.0,0.006389792000391026,100.0,593.015625,0.0
38.0,12.0,0.006281051000314619,100.0,593.015625,0.0
38.0,13.0,0.006531094999900233,100.0,593.015625,0.0
38.0,14.0,0.008105032999992545,100.0,593.015625,0.0
38.0,15.0,0.004853247000028205,100.0,593.015625,0.0
38.0,16.0,0.00631558600025528,100.0,593.01953125,0.0
38.0,17.0,0.0049156930003846355,100.0,593.01953125,0.0
38.0,18.0,0.006991394000124274,100.0,593.01953125,0.0
38.0,19.0,0.004929647000153636,100.0,593.01953125,0.0
38.0,20.0,0.008520546999989165,100.0,593.01953125,0.0
38.0,21.0,0.007852417999856698,100.0,593.0234375,0.0
38.0,22.0,0.007632112000010238,100.0,593.0234375,0.0
38.0,23.0,0.007158663000154775,100.0,593.0234375,0.0
38.0,24.0,0.008917900000142254,100.0,593.0234375,0.0
38.0,25.0,0.006504844000119192,0.0,593.0234375,0.0
38.0,26.0,0.008136336999996274,100.0,593.0234375,0.0
38.0,27.0,0.005644036999910895,100.0,593.0234375,0.0
38.0,28.0,0.006938058999821806,100.0,593.0234375,0.0
38.0,29.0,0.00970370200002435,100.0,593.0234375,0.0
38.0,30.0,0.008741559000100096,100.0,593.0234375,0.0
38.0,31.0,0.0052164610001455,100.0,593.02734375,0.0
38.0,32.0,0.008737211000152456,100.0,593.02734375,0.0
38.0,33.0,0.007017488999736088,100.0,593.02734375,0.0
38.0,34.0,0.009255331999611371,100.0,593.02734375,0.0
38.0,35.0,0.006347121000089828,100.0,593.02734375,0.0
38.0,36.0,0.008054935000018304,100.0,593.03125,0.0
38.0,37.0,0.008571994000249106,100.0,593.03125,0.0
38.0,38.0,0.006791187999624526,100.0,593.03125,0.0
38.0,39.0,0.005457696000121359,100.0,593.03125,0.0
38.0,40.0,0.007132546000320872,100.0,593.03515625,0.0
38.0,41.0,0.005452773000342859,100.0,593.03515625,0.0
38.0,42.0,0.007142450000173994,100.0,593.03515625,0.0
38.0,43.0,0.006948491000002832,100.0,593.03515625,0.0
38.0,44.0,0.008630811999864818,100.0,593.03515625,0.0
38.0,45.0,0.005608227999800874,100.0,593.03515625,0.0
38.0,46.0,0.009099408000110998,100.0,593.03515625,0.0
38.0,47.0,0.007138542000120651,100.0,593.03515625,0.0
38.0,48.0,0.008938784000292799,100.0,593.03515625,0.0
38.0,49.0,0.0069910070001242275,100.0,593.03515625,0.0
38.0,50.0,0.007140440000057424,100.0,593.0390625,0.0
38.0,51.0,0.0051543969998419925,0.0,593.0390625,0.0
38.0,52.0,0.008875284999703581,100.0,593.0390625,0.0
38.0,53.0,0.005471678000048996,100.0,593.0390625,0.0
38.0,54.0,0.008522318000359519,100.0,593.04296875,0.0
38.0,55.0,0.006717991999721562,100.0,593.04296875,0.0
38.0,56.0,0.005053839000083826,0.0,593.04296875,0.0
38.0,57.0,0.005032165000102395,100.0,593.04296875,0.0
38.0,58.0,0.008374423000077513,100.0,593.04296875,0.0
38.0,59.0,0.005615517000023829,100.0,593.04296875,0.0
38.0,60.0,0.00839977599980557,100.0,593.046875,0.0
38.0,61.0,0.0052296419999038335,100.0,593.046875,0.0
38.0,62.0,0.008402557999943383,100.0,593.046875,0.0
38.0,63.0,0.007115404000160197,100.0,593.046875,0.0
38.0,64.0,0.0070269580000967835,100.0,593.046875,0.0
38.0,65.0,0.006785574000332417,100.0,593.046875,0.0
38.0,66.0,0.006740244999946299,100.0,593.046875,0.0
38.0,67.0,0.006761036000170861,100.0,593.046875,0.0
38.0,68.0,0.0068428230001700285,100.0,593.046875,0.0
38.0,69.0,0.008645657999750256,100.0,593.05078125,0.0
38.0,70.0,0.006886588999805099,100.0,593.0546875,0.0
38.0,71.0,0.007399599000109447,100.0,593.0546875,0.0
38.0,72.0,0.008621354999831965,100.0,593.0546875,0.0
38.0,73.0,0.00918516499996258,100.0,593.0546875,0.0
38.0,74.0,0.011771879000207264,100.0,593.0546875,0.0
38.0,75.0,0.009178641999824322,100.0,593.05859375,0.0
38.0,76.0,0.009628629999951954,100.0,593.05859375,0.0
38.0,77.0,0.009190520000174729,100.0,593.05859375,0.0
38.0,78.0,0.007162501000038901,100.0,593.0625,0.0
38.0,79.0,0.006112340000072436,0.0,593.06640625,0.0
38.0,80.0,0.0059764699999504955,100.0,593.0703125,0.0
38.0,81.0,0.0034817890000340412,50.0,593.0703125,0.0
38.0,82.0,0.004659105999962776,0.0,593.0703125,0.0
38.0,83.0,0.003878979000091931,50.0,593.0703125,0.0
38.0,84.0,0.003541138999935356,0.0,593.0703125,0.0
38.0,85.0,0.0036034780000591127,0.0,593.0703125,0.0
38.0,86.0,0.0063280939998549,100.0,593.07421875,0.0
38.0,87.0,0.0035761969998020504,0.0,593.07421875,0.0
38.0,88.0,0.004906103999928746,100.0,593.078125,0.0
38.0,89.0,0.0036480579997260065,0.0,593.078125,0.0
38.0,90.0,0.005993158999899606,100.0,593.078125,0.0
38.0,91.0,0.0036465419998421567,50.0,593.078125,0.0
38.0,92.0,0.0035606790002020716,0.0,593.078125,0.0
38.0,93.0,0.004738304999591492,50.0,593.08203125,0.0
38.0,94.0,0.0058935110000675195,0.0,593.08203125,0.0
38.0,95.0,0.00364942800024437,100.0,593.08203125,0.0
38.0,96.0,0.0058919409998452466,0.0,593.08203125,0.0
38.0,97.0,0.004783553999914147,100.0,593.08203125,0.0
38.0,98.0,0.006068879999929777,50.0,593.0859375,0.0
38.0,99.0,0.004877971999576403,0.0,593.08984375,0.0
38.0,100.0,0.00783883500025695,50.0,593.08984375,0.0
39.0,1.0,0.005251201000191941,100.0,593.08984375,0.0
39.0,2.0,0.009118565000335366,100.0,593.08984375,0.0
39.0,3.0,0.0054864620001353614,100.0,593.09375,0.0
39.0,4.0,0.0054305459998431616,0.0,593.09375,0.0
39.0,5.0,0.0037091000003783847,50.0,593.09765625,0.0
39.0,6.0,0.006005277999975078,0.0,593.09765625,0.0
39.0,7.0,0.003625990999807982,50.0,593.09765625,0.0
39.0,8.0,0.006580030999884912,100.0,593.1015625,0.0
39.0,9.0,0.003716544999861071,0.0,593.10546875,0.0
39.0,10.0,0.006297564000306011,50.0,593.109375,0.0
39.0,11.0,0.004750833999878523,0.0,593.109375,0.0
39.0,12.0,0.00634257699994123,100.0,593.109375,0.0
39.0,13.0,0.0038726719999431225,50.0,593.109375,0.0
39.0,14.0,0.004669231999741896,0.0,593.109375,0.0
39.0,15.0,0.003943984999750683,50.0,593.11328125,0.0
39.0,16.0,0.0037267540001266752,0.0,593.11328125,0.0
39.0,17.0,0.003554415000053268,50.0,593.11328125,0.0
39.0,18.0,0.004964683999787667,0.0,593.11328125,0.0
39.0,19.0,0.003885035000166681,50.0,593.11328125,0.0
39.0,20.0,0.005947469000147976,0.0,593.11328125,0.0
39.0,21.0,0.004903122999621701,50.0,593.1171875,0.0
39.0,22.0,0.004953074999775708,0.0,593.1171875,0.0
39.0,23.0,0.0036378339996190334,50.0,593.1171875,0.0
39.0,24.0,0.006088836999879277,50.0,593.1171875,0.0
39.0,25.0,0.00357890099985525,0.0,593.1171875,0.0
39.0,26.0,0.005004045000077895,50.0,593.1171875,0.0
39.0,27.0,0.004870401000061975,0.0,593.12109375,0.0
39.0,28.0,0.00610807399971236,50.0,593.12109375,0.0
39.0,29.0,0.0036634620000768336,0.0,593.12109375,0.0
39.0,30.0,0.004775158000029478,50.0,593.12109375,0.0
39.0,31.0,0.005043664000368153,0.0,593.12109375,0.0
39.0,32.0,0.006100804000197968,50.0,593.12109375,0.0
39.0,33.0,0.003595155999846611,0.0,593.1875,0.0
39.0,34.0,0.005959242000244558,100.0,593.1875,0.0
39.0,35.0,0.00366678700038392,50.0,593.1875,0.0
39.0,36.0,0.006366309999975783,100.0,593.1875,0.0
39.0,37.0,0.0048035559998425015,0.0,593.1875,0.0
39.0,38.0,0.007914026999969792,50.0,593.1875,0.0
39.0,39.0,0.005160750999948505,100.0,593.19140625,0.0
39.0,40.0,0.0035865969998667424,0.0,593.19140625,0.0
39.0,41.0,0.003575911999632808,0.0,593.19140625,0.0
39.0,42.0,0.006053115999748115,50.0,593.19140625,0.0
39.0,43.0,0.00628976000007242,50.0,593.19140625,0.0
39.0,44.0,0.0035378180000407156,0.0,593.19140625,0.0
39.0,45.0,0.0035692259998540976,100.0,593.19140625,0.0
39.0,46.0,0.005080545000055281,0.0,593.19140625,0.0
39.0,47.0,0.0036062920003132604,100.0,593.19140625,0.0
39.0,48.0,0.004965773000094487,0.0,593.19140625,0.0
39.0,49.0,0.003508088999751635,100.0,593.19140625,0.0
39.0,50.0,0.006183085999964533,0.0,593.19140625,0.0
39.0,51.0,0.004776164000304561,50.0,593.19140625,0.0
39.0,52.0,0.0059363360001043475,100.0,593.19140625,0.0
39.0,53.0,0.003553440000359842,0.0,593.19140625,0.0
39.0,54.0,0.006463042999712343,100.0,593.19140625,0.0
39.0,55.0,0.005879500999981246,50.0,593.19140625,0.0
39.0,56.0,0.004836688999603211,0.0,593.19140625,0.0
39.0,57.0,0.0035654989997055964,100.0,593.19140625,0.0
39.0,58.0,0.004881198000020959,0.0,593.19140625,0.0
39.0,59.0,0.003806918999998743,100.0,593.19140625,0.0
39.0,60.0,0.006165592999877845,0.0,593.19140625,0.0
39.0,61.0,0.006125848000010592,100.0,593.19140625,0.0
39.0,62.0,0.0035530539998944732,0.0,593.19140625,0.0
39.0,63.0,0.0036049840000487166,100.0,593.19140625,0.0
39.0,64.0,0.0050127479998991475,0.0,593.19140625,0.0
39.0,65.0,0.003695328000048903,100.0,593.19140625,0.0
39.0,66.0,0.0049091930000031425,0.0,593.19140625,0.0
39.0,67.0,0.003918571999747655,100.0,593.19140625,0.0
39.0,68.0,0.0052460990000327,0.0,593.1953125,0.0
39.0,69.0,0.004824142999950709,50.0,593.1953125,0.0
39.0,70.0,0.004969356999936281,100.0,593.1953125,0.0
39.0,71.0,0.006056439000076352,0.0,593.1953125,0.0
39.0,72.0,0.00480797000000166,100.0,593.1953125,0.0
39.0,73.0,0.004732340999908047,50.0,593.1953125,0.0
39.0,74.0,0.005014055000174267,0.0,593.1953125,0.0
39.0,75.0,0.004899306999959663,50.0,593.1953125,0.0
39.0,76.0,0.004694186000051559,0.0,593.1953125,0.0
39.0,77.0,0.003777651000291371,100.0,593.1953125,0.0
39.0,78.0,0.005109288999847195,0.0,593.19921875,0.0
39.0,79.0,0.00524894399995901,100.0,593.19921875,0.0
39.0,80.0,0.005860615000074176,50.0,593.19921875,0.0
39.0,81.0,0.004936591999921802,0.0,593.19921875,0.0
39.0,82.0,0.004712399000254663,66.7,593.19921875,0.0
39.0,83.0,0.003564962999917043,0.0,593.19921875,0.0
39.0,84.0,0.006140815999970073,50.0,593.19921875,0.0
39.0,85.0,0.0036132109999016393,0.0,593.19921875,0.0
39.0,86.0,0.00605995299974893,100.0,593.19921875,0.0
39.0,87.0,0.00472214499995971,0.0,593.203125,0.0
39.0,88.0,0.005964213999959611,100.0,593.203125,0.0
39.0,89.0,0.003689349000069342,0.0,593.203125,0.0
39.0,90.0,0.005925826999828132,50.0,593.20703125,0.0
39.0,91.0,0.0060187680001035915,100.0,593.2109375,0.0
39.0,92.0,0.004832093999993958,0.0,593.2109375,0.0
39.0,93.0,0.005935020000379154,100.0,593.21484375,0.0
39.0,94.0,0.0059892419999414415,50.0,593.21484375,0.0
39.0,95.0,0.0035644689996843226,0.0,593.21484375,0.0
39.0,96.0,0.0040202780000981875,100.0,593.21484375,0.0
39.0,97.0,0.0037225719997877604,0.0,593.21875,0.0
39.0,98.0,0.006004281999594241,50.0,593.21875,0.0
39.0,99.0,0.004896534999716096,0.0,593.21875,0.0
39.0,100.0,0.003931895999812696,100.0,593.22265625,0.0
40.0,1.0,0.004726006000055349,0.0,593.22265625,0.0
40.0,2.0,0.004805372999726387,100.0,593.23046875,0.0
40.0,3.0,0.0062796499996693456,50.0,593.23046875,0.0
40.0,4.0,0.005995174999952724,0.0,593.23046875,0.0
40.0,5.0,0.0038432870001088304,100.0,593.23046875,0.0
40.0,6.0,0.006332499000109237,50.0,593.23828125,0.0
40.0,7.0,0.0061052729997754795,0.0,593.23828125,0.0
40.0,8.0,0.0048515909998059215,50.0,593.23828125,0.0
40.0,9.0,0.0059723809999923105,0.0,593.23828125,0.0
40.0,10.0,0.005977718999929493,100.0,593.2421875,0.0
40.0,11.0,0.0050358690000393835,50.0,593.2421875,0.0
40.0,12.0,0.005952394000360073,0.0,593.2421875,0.0
40.0,13.0,0.006056721000277321,100.0,593.2421875,0.0
40.0,14.0,0.004917603000194504,50.0,593.24609375,0.0
40.0,15.0,0.004981464999673335,0.0,593.24609375,0.0
40.0,16.0,0.005067823999979737,50.0,593.25,0.0
40.0,17.0,0.0035574300000007497,0.0,593.25,0.0
40.0,18.0,0.0048553470001024834,50.0,593.25,0.0
40.0,19.0,0.003659259999949427,0.0,593.25,0.0
40.0,20.0,0.004896878999716137,50.0,593.25,0.0
40.0,21.0,0.0036910240000906924,0.0,593.25,0.0
40.0,22.0,0.0048463809998793295,50.0,593.25390625,0.0
40.0,23.0,0.006303623999883712,0.0,593.25390625,0.0
40.0,24.0,0.0049089889998867875,100.0,593.2578125,0.0
40.0,25.0,0.003868711999984953,0.0,593.2578125,0.0
40.0,26.0,0.004855394000060187,100.0,593.2578125,0.0
40.0,27.0,0.0036064639998585335,0.0,593.2578125,0.0
40.0,28.0,0.004782343999977456,100.0,593.26171875,0.0
40.0,29.0,0.0036400909998519637,0.0,593.2734375,0.0
40.0,30.0,0.0062315059999491496,100.0,593.2734375,0.0
40.0,31.0,0.003631875999872136,0.0,593.2734375,0.0
40.0,32.0,0.004803940999863698,100.0,593.27734375,0.0
40.0,33.0,0.005014478000248346,50.0,593.27734375,0.0
40.0,34.0,0.0036415419999684673,0.0,593.28515625,0.0
40.0,35.0,0.004773439000018698,50.0,593.28515625,0.0
40.0,36.0,0.004875505000200064,0.0,593.30859375,0.0
40.0,37.0,0.003718935000051715,50.0,593.30859375,0.0
40.0,38.0,0.003543669000009686,0.0,593.30859375,0.0
40.0,39.0,0.003612186000282236,50.0,593.30859375,0.0
40.0,40.0,0.003667574000246532,0.0,593.30859375,0.0
40.0,41.0,0.0038171080000211077,0.0,593.3125,0.0
40.0,42.0,0.004977774000053614,100.0,593.3125,0.0
40.0,43.0,0.005094992999602255,100.0,593.3125,0.0
40.0,44.0,0.005122484999901644,0.0,593.3125,0.0
40.0,45.0,0.005083755999748973,50.0,593.53125,0.0
40.0,46.0,0.004941003000112687,100.0,593.53125,0.0
40.0,47.0,0.0036987100002079387,0.0,593.53515625,0.0
40.0,48.0,0.00509543800035317,100.0,593.53515625,0.0
40.0,49.0,0.0038064390000727144,0.0,593.53515625,0.0
40.0,50.0,0.0062474849996760895,100.0,593.53515625,0.0
40.0,51.0,0.005979846000172984,50.0,593.53515625,0.0
40.0,52.0,0.0063226259999282775,0.0,593.5390625,0.0
40.0,53.0,0.00366793700004564,50.0,593.54296875,0.0
40.0,54.0,0.004925591999835888,0.0,593.54296875,0.0
40.0,55.0,0.0036663490000137244,50.0,593.54296875,0.0
40.0,56.0,0.00511674800009132,0.0,593.54296875,0.0
40.0,57.0,0.0036204509997332934,50.0,593.54296875,0.0
40.0,58.0,0.006081199999698583,0.0,593.546875,0.0
40.0,59.0,0.0038998060003905266,100.0,593.546875,0.0
40.0,60.0,0.005053884999597358,0.0,593.546875,0.0
40.0,61.0,0.0037149220001992944,100.0,593.546875,0.0
40.0,62.0,0.006412839999939024,50.0,593.546875,0.0
40.0,63.0,0.004893595999874378,0.0,593.55078125,0.0
40.0,64.0,0.006291170000167767,50.0,593.55859375,0.0
40.0,65.0,0.006501660999674641,50.0,593.55859375,0.0
40.0,66.0,0.005007010999634076,0.0,593.55859375,0.0
40.0,67.0,0.005058204000306432,50.0,593.55859375,0.0
40.0,68.0,0.0048010309997152945,0.0,593.55859375,0.0
40.0,69.0,0.0035190290000173263,50.0,593.55859375,0.0
40.0,70.0,0.006217102999926283,0.0,593.5625,0.0
40.0,71.0,0.005033001999890985,100.0,593.5625,0.0
40.0,72.0,0.005972155000108614,50.0,593.5625,0.0
40.0,73.0,0.006127454000306898,0.0,593.5625,0.0
40.0,74.0,0.004792863000147918,50.0,593.5625,0.0
40.0,75.0,0.00481588799993915,50.0,593.5625,0.0
40.0,76.0,0.005945332000010239,0.0,593.5625,0.0
40.0,77.0,0.003684781000174553,50.0,593.5625,0.0
40.0,78.0,0.003679579999698035,0.0,593.5625,0.0
40.0,79.0,0.0036286859999563603,50.0,593.5625,0.0
40.0,80.0,0.005007789000046614,0.0,593.5625,0.0
40.0,81.0,0.005120680000345601,100.0,593.5625,0.0
40.0,82.0,0.008719621000182087,100.0,593.5625,0.0
40.0,83.0,0.0072182810004051134,100.0,593.5625,0.0
40.0,84.0,0.007364616999893769,100.0,593.5625,0.0
40.0,85.0,0.005171198999960325,50.0,593.5625,0.0
40.0,86.0,0.006187747999774729,0.0,593.5625,0.0
40.0,87.0,0.003741611999885208,100.0,593.5625,0.0
40.0,88.0,0.007416293999995105,100.0,593.5625,0.0
40.0,89.0,0.004001965000043128,0.0,593.5625,0.0
40.0,90.0,0.006198673000199051,50.0,593.5625,0.0
40.0,91.0,0.004022859000087919,0.0,593.5625,0.0
40.0,92.0,0.006951956000193604,50.0,593.5625,0.0
40.0,93.0,0.0038386420001188526,50.0,593.5625,0.0
40.0,94.0,0.004896588000065094,0.0,593.5625,0.0
40.0,95.0,0.003784432999964338,50.0,593.5625,0.0
40.0,96.0,0.004011069999705796,0.0,593.5625,0.0
40.0,97.0,0.0064635459998498845,50.0,593.5625,0.0
40.0,98.0,0.005115435999869078,0.0,593.56640625,0.0
40.0,99.0,0.0036539320003612374,100.0,593.56640625,0.0
40.0,100.0,0.006214101000296068,50.0,593.56640625,0.0
41.0,1.0,0.005029551000006904,0.0,593.56640625,0.0
41.0,2.0,0.0060325740000735095,50.0,593.56640625,0.0
41.0,3.0,0.0049171420000675425,0.0,593.56640625,0.0
41.0,4.0,0.005043831999955728,100.0,593.56640625,0.0
41.0,5.0,0.0035961200001111138,0.0,593.56640625,0.0
41.0,6.0,0.004864632000135316,100.0,593.56640625,0.0
41.0,7.0,0.006148340999970969,50.0,593.56640625,0.0
41.0,8.0,0.00609625800007052,0.0,593.56640625,0.0
41.0,9.0,0.0037930999997115578,50.0,593.56640625,0.0
41.0,10.0,0.006278997000208619,50.0,593.56640625,0.0
41.0,11.0,0.0036686199996438518,0.0,593.56640625,0.0
41.0,12.0,0.006097123000017746,50.0,593.56640625,0.0
41.0,13.0,0.003613175999817031,0.0,593.56640625,0.0
41.0,14.0,0.004955757000061567,50.0,593.56640625,0.0
41.0,15.0,0.003729133999968326,0.0,593.56640625,0.0
41.0,16.0,0.006049719999737135,50.0,593.56640625,0.0
41.0,17.0,0.0036408090004442784,0.0,593.56640625,0.0
41.0,18.0,0.006268523000017012,50.0,593.56640625,0.0
41.0,19.0,0.0034917200000563753,0.0,593.56640625,0.0
41.0,20.0,0.004840960999899835,50.0,593.56640625,0.0
41.0,21.0,0.003746369000054983,100.0,593.56640625,0.0
41.0,22.0,0.004806541000107245,0.0,593.56640625,0.0
41.0,23.0,0.005098521000036271,50.0,593.56640625,0.0
41.0,24.0,0.006199241000103939,0.0,593.56640625,0.0
41.0,25.0,0.0037289250003595953,50.0,593.56640625,0.0
41.0,26.0,0.005083946000013384,0.0,593.56640625,0.0
41.0,27.0,0.004122332000406459,50.0,593.56640625,0.0
41.0,28.0,0.006295751000379823,100.0,593.5703125,0.0
41.0,29.0,0.003708251000261953,0.0,593.5703125,0.0
41.0,30.0,0.006353941999805102,50.0,593.5703125,0.0
41.0,31.0,0.0039490270000897,0.0,593.5703125,0.0
41.0,32.0,0.006279543999880843,50.0,593.5703125,0.0
41.0,33.0,0.0035243940001237206,0.0,593.5703125,0.0
41.0,34.0,0.00781290299983084,100.0,593.5703125,0.0
41.0,35.0,0.004784078000284353,50.0,593.5703125,0.0
41.0,36.0,0.007892022999840265,50.0,593.5703125,0.0
41.0,37.0,0.0037085189997014822,0.0,593.5703125,0.0
41.0,38.0,0.004764195999996446,50.0,593.57421875,0.0
41.0,39.0,0.003888932999871031,0.0,593.578125,0.0
41.0,40.0,0.006236152000383299,50.0,593.578125,0.0
41.0,41.0,0.0040319919999092235,0.0,593.578125,0.0
41.0,42.0,0.006156240000109392,50.0,593.578125,0.0
41.0,43.0,0.003655689999959577,0.0,593.578125,0.0
41.0,44.0,0.004928241000015987,50.0,593.578125,0.0
41.0,45.0,0.006008091999774479,100.0,593.578125,0.0
41.0,46.0,0.006265944999995554,0.0,593.578125,0.0
41.0,47.0,0.00494076099994345,50.0,593.578125,0.0
41.0,48.0,0.004927925000174582,100.0,593.5859375,0.0
41.0,49.0,0.003929291000076773,0.0,593.5859375,0.0
41.0,50.0,0.0048084219997690525,100.0,593.5859375,0.0
41.0,51.0,0.003670549000162282,0.0,593.5859375,0.0
41.0,52.0,0.006792526000026555,100.0,593.5859375,0.0
41.0,53.0,0.00486694199980775,0.0,593.5859375,0.0
41.0,54.0,0.004897183000139194,100.0,593.5859375,0.0
41.0,55.0,0.0036775389999093022,0.0,593.5859375,0.0
41.0,56.0,0.006067741000151727,50.0,593.5859375,0.0
41.0,57.0,0.006162681000205339,100.0,593.5859375,0.0
41.0,58.0,0.006390442999872903,0.0,593.58984375,0.0
41.0,59.0,0.003761038999982702,100.0,593.58984375,0.0
41.0,60.0,0.006275324999933218,50.0,593.58984375,0.0
41.0,61.0,0.00504593699997713,0.0,593.58984375,0.0
41.0,62.0,0.004980659000011656,100.0,593.59375,0.0
41.0,63.0,0.004267960000106541,0.0,593.59375,0.0
41.0,64.0,0.005692662999990716,100.0,593.59375,0.0
41.0,65.0,0.004286418999981834,0.0,593.59375,0.0
41.0,66.0,0.006891532000281586,50.0,593.59375,0.0
41.0,67.0,0.004069342000093457,100.0,593.59765625,0.0
41.0,68.0,0.007851697999740281,50.0,593.59765625,0.0
41.0,69.0,0.004579819999889878,0.0,593.59765625,0.0
41.0,70.0,0.00570236500016108,100.0,593.59765625,0.0
41.0,71.0,0.0057632940001894895,0.0,593.59765625,0.0
41.0,72.0,0.005524770000192802,50.0,593.59765625,0.0
41.0,73.0,0.005701195999790798,100.0,593.59765625,0.0
41.0,74.0,0.005784683999991103,0.0,593.59765625,0.0
41.0,75.0,0.004352073000063683,100.0,593.59765625,0.0
41.0,76.0,0.005751903999680508,0.0,593.59765625,0.0
41.0,77.0,0.006984582999848499,50.0,593.6015625,0.0
41.0,78.0,0.005574211999828549,100.0,593.6015625,0.0
41.0,79.0,0.006907764000061434,50.0,593.6015625,0.0
41.0,80.0,0.006614538000121684,0.0,593.6015625,0.0
41.0,81.0,0.0038609660000474832,100.0,593.6015625,0.0
41.0,82.0,0.006069190999824059,0.0,593.6015625,0.0
41.0,83.0,0.0037289290003172937,50.0,593.6015625,0.0
41.0,84.0,0.0060841150002488575,100.0,593.6015625,0.0
41.0,85.0,0.006072986000162928,0.0,593.6015625,0.0
41.0,86.0,0.0063506279998364334,50.0,593.60546875,0.0
41.0,87.0,0.003784038000048895,0.0,593.609375,0.0
41.0,88.0,0.006086060000143334,50.0,593.609375,0.0
41.0,89.0,0.003719558999819128,100.0,593.609375,0.0
41.0,90.0,0.005982721000236779,0.0,593.609375,0.0
41.0,91.0,0.004943613999785157,100.0,593.609375,0.0
41.0,92.0,0.0060903110002072935,50.0,593.61328125,0.0
41.0,93.0,0.0036759899999196932,0.0,593.61328125,0.0
41.0,94.0,0.006220945999757532,100.0,593.61328125,0.0
41.0,95.0,0.0038475540000035835,0.0,593.61328125,0.0
41.0,96.0,0.00630890599995837,100.0,593.61328125,0.0
41.0,97.0,0.0035106179998365405,0.0,593.6171875,0.0
41.0,98.0,0.0063756650001778326,100.0,593.6171875,0.0
41.0,99.0,0.006223086999852967,50.0,593.6171875,0.0
41.0,100.0,0.006239000999812561,0.0,593.6171875,0.0
42.0,1.0,0.0050690970001596725,50.0,593.6171875,0.0
42.0,2.0,0.003906037999968248,0.0,593.6171875,0.0
42.0,3.0,0.003745936000086658,100.0,593.6171875,0.0
42.0,4.0,0.004956176000177948,0.0,593.6171875,0.0
42.0,5.0,0.003598240999963309,100.0,593.6171875,0.0
42.0,6.0,0.005037221999828034,0.0,593.62109375,0.0
42.0,7.0,0.003529879000325309,100.0,593.62109375,0.0
42.0,8.0,0.004886017999979231,0.0,593.62109375,0.0
42.0,9.0,0.0037241309996716154,100.0,593.62109375,0.0
42.0,10.0,0.004835664999973233,0.0,593.62109375,0.0
42.0,11.0,0.0037315580002541537,100.0,593.62109375,0.0
42.0,12.0,0.005257966000044689,50.0,593.62109375,0.0
42.0,13.0,0.003580125000098633,0.0,593.62109375,0.0
42.0,14.0,0.006064960000003339,50.0,593.62109375,0.0
42.0,15.0,0.0035278410000501026,0.0,593.62109375,0.0
42.0,16.0,0.006048446000022523,100.0,593.62109375,0.0
42.0,17.0,0.006175636000079976,0.0,593.625,0.0
42.0,18.0,0.003612470999996731,100.0,593.625,0.0
42.0,19.0,0.005993283999941923,33.3,593.625,0.0
42.0,20.0,0.0057857669999066275,100.0,593.625,0.0
42.0,21.0,0.005256568000277184,50.0,593.625,0.0
42.0,22.0,0.0048549769999226555,0.0,593.625,0.0
42.0,23.0,0.003579274000003352,100.0,593.625,0.0
42.0,24.0,0.00484561199982636,0.0,593.625,0.0
42.0,25.0,0.0037951059998704295,100.0,593.625,0.0
42.0,26.0,0.006137154000043665,50.0,593.625,0.0
42.0,27.0,0.006140067000160343,0.0,593.62890625,0.0
42.0,28.0,0.0047565119998580485,100.0,593.62890625,0.0
42.0,29.0,0.006067377999897872,0.0,593.62890625,0.0
42.0,30.0,0.004974221999873407,50.0,593.62890625,0.0
42.0,31.0,0.004818931000045268,100.0,593.6328125,0.0
42.0,32.0,0.006181176999689342,0.0,593.63671875,0.0
42.0,33.0,0.003741517999969801,100.0,593.63671875,0.0
42.0,34.0,0.004976829000042926,0.0,593.63671875,0.0
42.0,35.0,0.003605486999731511,100.0,593.63671875,0.0
42.0,36.0,0.006070236000141449,0.0,593.640625,0.0
42.0,37.0,0.003770556999825203,100.0,593.640625,0.0
42.0,38.0,0.006356556999890017,50.0,593.640625,0.0
42.0,39.0,0.0036819840001953708,0.0,593.640625,0.0
42.0,40.0,0.006037143999947148,100.0,593.640625,0.0
42.0,41.0,0.003563897999811161,0.0,593.64453125,0.0
42.0,42.0,0.006215402000179893,100.0,593.64453125,0.0
42.0,43.0,0.0037762380002277496,0.0,593.64453125,0.0
42.0,44.0,0.006102031999944302,50.0,593.6484375,0.0
42.0,45.0,0.0038651499999105,0.0,593.6484375,0.0
42.0,46.0,0.0048489999999219435,50.0,593.6484375,0.0
42.0,47.0,0.005915586000355688,100.0,593.6484375,0.0
42.0,48.0,0.00620661899984043,50.0,593.6484375,0.0
42.0,49.0,0.0037455940000654664,0.0,593.6484375,0.0
42.0,50.0,0.006016334999912942,50.0,593.6484375,0.0
42.0,51.0,0.005147874000158481,0.0,593.6484375,0.0
42.0,52.0,0.005088555000384076,50.0,593.69140625,0.0
42.0,53.0,0.006419358999664837,50.0,593.6953125,0.0
42.0,54.0,0.008055647000219324,100.0,593.6953125,0.0
42.0,55.0,0.005243429000074684,100.0,593.69921875,0.0
42.0,56.0,0.009096700999634777,100.0,593.69921875,0.0
42.0,57.0,0.009977104999961739,100.0,593.69921875,0.0
42.0,58.0,0.006971299000269937,50.0,593.703125,0.0
42.0,59.0,0.003650822999588854,0.0,593.70703125,0.0
42.0,60.0,0.0069616589998986456,50.0,593.70703125,0.0
42.0,61.0,0.0051404809996711265,0.0,593.70703125,0.0
42.0,62.0,0.00495398600014596,50.0,593.70703125,0.0
42.0,63.0,0.0037368369999057904,0.0,593.70703125,0.0
42.0,64.0,0.006748929999957909,50.0,593.7109375,0.0
42.0,65.0,0.0053944699998282886,50.0,593.7109375,0.0
42.0,66.0,0.006372931999976572,0.0,593.7109375,0.0
42.0,67.0,0.0036629009996431705,50.0,593.7109375,0.0
42.0,68.0,0.006329490000098303,100.0,593.7109375,0.0
42.0,69.0,0.003995847000169306,0.0,593.7109375,0.0
42.0,70.0,0.0049248129998886725,50.0,593.71484375,0.0
42.0,71.0,0.006193851999796607,0.0,593.71484375,0.0
42.0,72.0,0.004928371000005427,50.0,593.71484375,0.0
42.0,73.0,0.004831020999972679,0.0,593.71484375,0.0
42.0,74.0,0.004995103999590356,50.0,593.71484375,0.0
42.0,75.0,0.005034397999679641,100.0,593.71484375,0.0
42.0,76.0,0.0037444500003402936,0.0,593.71484375,0.0
42.0,77.0,0.0036640309999711462,0.0,593.71484375,0.0
42.0,78.0,0.00621850200013796,50.0,593.71484375,0.0
42.0,79.0,0.0037534680000135268,100.0,593.71484375,0.0
42.0,80.0,0.005041834000167,0.0,593.71484375,0.0
42.0,81.0,0.004799253000328463,50.0,593.71875,0.0
42.0,82.0,0.00354338099987217,0.0,593.71875,0.0
42.0,83.0,0.006363498000155232,50.0,593.71875,0.0
42.0,84.0,0.005231054999967455,0.0,593.71875,0.0
42.0,85.0,0.004898940000202856,50.0,593.71875,0.0
42.0,86.0,0.006264042000111658,50.0,593.71875,0.0
42.0,87.0,0.0051514589999897,0.0,593.72265625,0.0
42.0,88.0,0.005095187999813788,50.0,593.72265625,0.0
42.0,89.0,0.0036993940002503223,0.0,593.72265625,0.0
42.0,90.0,0.004962947999956668,50.0,593.72265625,0.0
42.0,91.0,0.003745342999991408,0.0,593.72265625,0.0
42.0,92.0,0.006034681999608438,50.0,593.7265625,0.0
42.0,93.0,0.0036463930000536493,0.0,593.7265625,0.0
42.0,94.0,0.0061669800002164266,50.0,593.7265625,0.0
42.0,95.0,0.003893189999871538,50.0,593.7265625,0.0
42.0,96.0,0.006277710999711417,0.0,593.7265625,0.0
42.0,97.0,0.004890577000423946,50.0,593.7265625,0.0
42.0,98.0,0.003611309000007168,0.0,593.7265625,0.0
42.0,99.0,0.006122766999851592,50.0,593.7265625,0.0
42.0,100.0,0.006367914999827917,100.0,593.7265625,0.0
43.0,1.0,0.006761781000022893,0.0,593.7265625,0.0
43.0,2.0,0.008340111000052275,66.7,593.7265625,0.0
43.0,3.0,0.0037517370001296513,50.0,593.7265625,0.0
43.0,4.0,0.005070654000064678,0.0,593.7265625,0.0
43.0,5.0,0.0037685770003008656,50.0,593.7265625,0.0
43.0,6.0,0.005086772000140627,100.0,593.7265625,0.0
43.0,7.0,0.006681974999992235,0.0,593.7265625,0.0
43.0,8.0,0.005063424999661947,50.0,593.7265625,0.0
43.0,9.0,0.003666242999770475,0.0,593.7265625,0.0
43.0,10.0,0.006391895999968256,50.0,593.7265625,0.0
43.0,11.0,0.0036277119997976115,0.0,593.7265625,0.0
43.0,12.0,0.006349453999973775,50.0,593.7265625,0.0
43.0,13.0,0.004883528999926057,50.0,593.7265625,0.0
43.0,14.0,0.006449653999879956,0.0,593.7265625,0.0
43.0,15.0,0.003558716000043205,50.0,593.7265625,0.0
43.0,16.0,0.003862236999793822,0.0,593.7265625,0.0
43.0,17.0,0.004817166000066209,50.0,593.7265625,0.0
43.0,18.0,0.005513918000360718,100.0,593.73046875,0.0
43.0,19.0,0.003569181999864668,0.0,593.73046875,0.0
43.0,20.0,0.0037048320000394597,0.0,593.73046875,0.0
43.0,21.0,0.0048562870001660485,50.0,593.73046875,0.0
43.0,22.0,0.00609422400020776,50.0,593.73046875,0.0
43.0,23.0,0.00487626399990404,0.0,593.73046875,0.0
43.0,24.0,0.0036996879998696386,50.0,593.73046875,0.0
43.0,25.0,0.004164503000083641,0.0,593.73046875,0.0
43.0,26.0,0.006308229000296706,50.0,593.73046875,0.0
43.0,27.0,0.003681732999666565,0.0,593.734375,0.0
43.0,28.0,0.006081952000386082,50.0,593.734375,0.0
43.0,29.0,0.005210957000144845,100.0,593.73828125,0.0
43.0,30.0,0.006376551999892399,0.0,593.73828125,0.0
43.0,31.0,0.0036567030001606327,50.0,593.73828125,0.0
43.0,32.0,0.006477870000253461,100.0,593.73828125,0.0
43.0,33.0,0.003600345999984711,0.0,593.73828125,0.0
43.0,34.0,0.005074909000086336,100.0,593.7421875,0.0
43.0,35.0,0.0036039219999111083,0.0,593.7421875,0.0
43.0,36.0,0.006358395999995992,100.0,593.7421875,0.0
43.0,37.0,0.004011876999811648,0.0,593.74609375,0.0
43.0,38.0,0.006160972999623482,50.0,593.74609375,0.0
43.0,39.0,0.004858896000314417,0.0,593.74609375,0.0
43.0,40.0,0.00625164799976119,50.0,593.74609375,0.0
43.0,41.0,0.003795215000081953,100.0,593.74609375,0.0
43.0,42.0,0.006362154000271403,0.0,593.74609375,0.0
43.0,43.0,0.003810519000126078,50.0,593.74609375,0.0
43.0,44.0,0.006405452999842964,0.0,593.74609375,0.0
43.0,45.0,0.005183235000004061,50.0,593.74609375,0.0
43.0,46.0,0.006857641999886255,100.0,593.75,0.0
43.0,47.0,0.0036596130003090366,50.0,593.75,0.0
43.0,48.0,0.005147694000243064,0.0,593.75,0.0
43.0,49.0,0.00394089899964456,50.0,593.75,0.0
43.0,50.0,0.003914932000043336,0.0,593.75,0.0
43.0,51.0,0.005185818999962066,50.0,593.75,0.0
43.0,52.0,0.005095696999887878,0.0,593.75,0.0
43.0,53.0,0.005224488000294514,50.0,593.75,0.0
43.0,54.0,0.006613843999730307,50.0,593.75,0.0
43.0,55.0,0.0035435660001894576,0.0,593.75,0.0
43.0,56.0,0.004994979000002786,50.0,593.75,0.0
43.0,57.0,0.0037436550001075375,0.0,593.75390625,0.0
43.0,58.0,0.0036381360000632412,50.0,593.75390625,0.0
43.0,59.0,0.0036219620001247677,0.0,593.75390625,0.0
43.0,60.0,0.004851970999879995,0.0,593.75390625,0.0
43.0,61.0,0.00485940099997606,100.0,593.75390625,0.0
43.0,62.0,0.005388642000070831,50.0,593.75390625,0.0
43.0,63.0,0.005044613999871217,0.0,593.75390625,0.0
43.0,64.0,0.00512265599991224,50.0,593.75390625,0.0
43.0,65.0,0.004916591999972297,0.0,593.75390625,0.0
43.0,66.0,0.006156088999887288,100.0,593.7578125,0.0
43.0,67.0,0.00506436500018026,50.0,593.7578125,0.0
43.0,68.0,0.006338808000236895,0.0,593.7578125,0.0
43.0,69.0,0.0035675379999702272,50.0,593.7578125,0.0
43.0,70.0,0.006198273000336485,0.0,593.7578125,0.0
43.0,71.0,0.003787034000197309,100.0,593.7578125,0.0
43.0,72.0,0.005272418999993533,0.0,593.7578125,0.0
43.0,73.0,0.0037757330001113587,100.0,593.7578125,0.0
43.0,74.0,0.00514488800035906,0.0,593.7578125,0.0
43.0,75.0,0.003957870000249386,100.0,593.7578125,0.0
43.0,76.0,0.006231130999822199,0.0,593.7578125,0.0
43.0,77.0,0.004908698999770422,100.0,593.765625,0.0
43.0,78.0,0.006209539999872504,50.0,593.76953125,0.0
43.0,79.0,0.003866126000048098,0.0,593.76953125,0.0
43.0,80.0,0.005024397999932262,100.0,593.76953125,0.0
43.0,81.0,0.006948977999854833,0.0,593.76953125,0.0
43.0,82.0,0.006345769999825279,50.0,593.79296875,0.0
43.0,83.0,0.0038817760000711132,100.0,593.796875,0.0
43.0,84.0,0.004968094000105339,0.0,593.796875,0.0
43.0,85.0,0.005210913000155415,100.0,593.796875,0.0
43.0,86.0,0.0063547069999003725,50.0,593.80078125,0.0
43.0,87.0,0.005091226999866194,0.0,593.80078125,0.0
43.0,88.0,0.005135337999945477,100.0,593.8046875,0.0
43.0,89.0,0.0055385450000358105,0.0,593.8046875,0.0
43.0,90.0,0.004794315000253846,50.0,593.8046875,0.0
43.0,91.0,0.005946441000105551,100.0,593.8046875,0.0
43.0,92.0,0.0053136920000724785,0.0,593.8046875,0.0
43.0,93.0,0.0036260259998925903,50.0,593.8046875,0.0
43.0,94.0,0.004923880000205827,0.0,593.8046875,0.0
43.0,95.0,0.0036814090003645106,50.0,593.80859375,0.0
43.0,96.0,0.006043116999990161,100.0,593.80859375,0.0
43.0,97.0,0.0037478670001291903,0.0,593.8125,0.0
43.0,98.0,0.006221128000106546,100.0,593.8125,0.0
43.0,99.0,0.0035580930002652167,0.0,593.8125,0.0
43.0,100.0,0.006133486999715387,50.0,593.8125,0.0
44.0,1.0,0.005037883999648329,100.0,593.81640625,0.0
44.0,2.0,0.003783725000175764,0.0,593.81640625,0.0
44.0,3.0,0.004896111000107339,100.0,593.8203125,0.0
44.0,4.0,0.00603768900009527,0.0,593.8203125,0.0
44.0,5.0,0.005136269000104221,100.0,593.8203125,0.0
44.0,6.0,0.0036612249996323953,0.0,593.82421875,0.0
44.0,7.0,0.003818458000296232,100.0,593.82421875,0.0
44.0,8.0,0.006119688000126189,0.0,593.828125,0.0
44.0,9.0,0.0037406490000648773,100.0,593.828125,0.0
44.0,10.0,0.009182008000152564,66.7,593.828125,0.0
44.0,11.0,0.004963174999829789,0.0,593.828125,0.0
44.0,12.0,0.004867163999733748,50.0,593.83203125,0.0
44.0,13.0,0.0048939369999061455,0.0,593.83203125,0.0
44.0,14.0,0.006272015999911673,50.0,593.83203125,0.0
44.0,15.0,0.005051006000030611,100.0,593.8359375,0.0
44.0,16.0,0.0035777339999185642,0.0,593.8359375,0.0
44.0,17.0,0.0060865799996463466,50.0,593.83984375,0.0
44.0,18.0,0.006031985000390705,0.0,593.84375,0.0
44.0,19.0,0.0038605220001954876,50.0,593.84375,0.0
44.0,20.0,0.006260806999762281,100.0,593.84375,0.0
44.0,21.0,0.0037259810001160076,0.0,593.84375,0.0
44.0,22.0,0.005322139000327297,100.0,593.84375,0.0
44.0,23.0,0.005061183999714558,0.0,593.84375,0.0
44.0,24.0,0.005205816999932722,50.0,593.84375,0.0
44.0,25.0,0.006337003999760782,100.0,593.84375,0.0
44.0,26.0,0.006629453000186913,0.0,593.84375,0.0
44.0,27.0,0.009088710000014544,100.0,593.84375,0.0
44.0,28.0,0.010653189000095153,100.0,593.84375,0.0
44.0,29.0,0.005463190000227769,0.0,593.84375,0.0
44.0,30.0,0.007587384000089514,100.0,593.84375,0.0
44.0,31.0,0.00496803500027454,100.0,593.84375,0.0
44.0,32.0,0.003783997000027739,0.0,593.84375,0.0
44.0,33.0,0.0036781339999834017,0.0,593.84375,0.0
44.0,34.0,0.005172973000298953,50.0,593.84375,0.0
44.0,35.0,0.003721235999819328,0.0,593.84375,0.0
44.0,36.0,0.006262504999995144,50.0,593.84375,0.0
44.0,37.0,0.006287887000326009,50.0,593.84375,0.0
44.0,38.0,0.006066970000119909,100.0,593.84375,0.0
44.0,39.0,0.0072917110001071705,100.0,593.84765625,0.0
44.0,40.0,0.006880757000089943,50.0,593.84765625,0.0
44.0,41.0,0.003729056999873137,0.0,593.84765625,0.0
44.0,42.0,0.003858779999973194,50.0,593.84765625,0.0
44.0,43.0,0.00499284199986505,0.0,593.84765625,0.0
44.0,44.0,0.006209101999957056,50.0,593.84765625,0.0
44.0,45.0,0.0050903090000247175,50.0,593.84765625,0.0
44.0,46.0,0.006340466999972705,0.0,593.84765625,0.0
44.0,47.0,0.004912031000003481,50.0,593.84765625,0.0
44.0,48.0,0.004939978000038536,100.0,593.84765625,0.0
44.0,49.0,0.0036805139998250525,0.0,593.84765625,0.0
44.0,50.0,0.005291600000418839,100.0,593.84765625,0.0
44.0,51.0,0.006162231999951473,0.0,593.84765625,0.0
44.0,52.0,0.005287798000153998,50.0,593.84765625,0.0
44.0,53.0,0.003690318999815645,0.0,593.84765625,0.0
44.0,54.0,0.006956382000225858,100.0,593.84765625,0.0
44.0,55.0,0.004750909999984287,100.0,593.84765625,0.0
44.0,56.0,0.005278572999941389,0.0,593.84765625,0.0
44.0,57.0,0.0037364220002018556,100.0,593.84765625,0.0
44.0,58.0,0.006121247000010044,0.0,593.84765625,0.0
44.0,59.0,0.0038803639999969164,50.0,593.84765625,0.0
44.0,60.0,0.005106565000005503,0.0,593.84765625,0.0
44.0,61.0,0.00387427400028173,50.0,593.84765625,0.0
44.0,62.0,0.0065707519997886266,0.0,593.84765625,0.0
44.0,63.0,0.0038441759998022462,50.0,593.84765625,0.0
44.0,64.0,0.005006396999760909,100.0,593.84765625,0.0
44.0,65.0,0.0036860139998680097,0.0,593.84765625,0.0
44.0,66.0,0.004966273999798432,100.0,593.84765625,0.0
44.0,67.0,0.0036714989996653458,0.0,593.84765625,0.0
44.0,68.0,0.005025492999720882,100.0,593.84765625,0.0
44.0,69.0,0.004703415000221867,0.0,593.84765625,0.0
44.0,70.0,0.00806588900013594,100.0,593.84765625,0.0
44.0,71.0,0.004807783000160271,50.0,593.84765625,0.0
44.0,72.0,0.005246145000000979,0.0,593.84765625,0.0
44.0,73.0,0.005157480999969266,50.0,593.84765625,0.0
44.0,74.0,0.006242910999844753,100.0,593.84765625,0.0
44.0,75.0,0.005041553999944881,0.0,593.84765625,0.0
44.0,76.0,0.006311869999990449,50.0,593.84765625,0.0
44.0,77.0,0.003632727999956842,0.0,593.8515625,0.0
44.0,78.0,0.006332381999982317,50.0,593.8515625,0.0
44.0,79.0,0.0037106310001036036,100.0,593.8515625,0.0
44.0,80.0,0.006564877000073466,0.0,593.8515625,0.0
44.0,81.0,0.0038006109998605098,100.0,593.8515625,0.0
44.0,82.0,0.006338406999930157,50.0,593.8515625,0.0
44.0,83.0,0.0036050020003131067,0.0,593.8515625,0.0
44.0,84.0,0.006393078999735735,100.0,593.8515625,0.0
44.0,85.0,0.0036827889998676255,0.0,593.8515625,0.0
44.0,86.0,0.00653350299990052,100.0,593.8515625,0.0
44.0,87.0,0.003751731999727781,0.0,593.8515625,0.0
44.0,88.0,0.00490892800007714,50.0,593.85546875,0.0
44.0,89.0,0.003980509000029997,0.0,593.85546875,0.0
44.0,90.0,0.006304490000275109,50.0,593.85546875,0.0
44.0,91.0,0.005175850999876275,100.0,593.85546875,0.0
44.0,92.0,0.006409233999875141,0.0,593.85546875,0.0
44.0,93.0,0.006149914000161516,50.0,593.85546875,0.0
44.0,94.0,0.006541037000260985,100.0,593.85546875,0.0
44.0,95.0,0.006380774000263045,50.0,593.85546875,0.0
44.0,96.0,0.006291486000009172,0.0,593.859375,0.0
44.0,97.0,0.005175464999865653,100.0,593.86328125,0.0
44.0,98.0,0.006086399999730929,50.0,593.86328125,0.0
44.0,99.0,0.004931622000185598,0.0,593.86328125,0.0
44.0,100.0,0.006216589999894495,100.0,593.86328125,0.0
45.0,1.0,0.005017441000291001,0.0,593.8671875,0.0
45.0,2.0,0.0037233140001262655,100.0,593.8671875,0.0
45.0,3.0,0.003783537999879627,0.0,593.8671875,0.0
45.0,4.0,0.005182738999792491,100.0,593.87109375,0.0
45.0,5.0,0.005047328999808087,0.0,593.875,0.0
45.0,6.0,0.006203053000263026,50.0,593.87890625,0.0
45.0,7.0,0.003938006000225869,100.0,593.8828125,0.0
45.0,8.0,0.0060964130002503225,0.0,593.8828125,0.0
45.0,9.0,0.0050347050000709714,100.0,593.8828125,0.0
45.0,10.0,0.006661007999809954,66.7,593.8828125,0.0
45.0,11.0,0.0040085579998958565,0.0,593.8828125,0.0
45.0,12.0,0.006792586999836203,100.0,593.88671875,0.0
45.0,13.0,0.006558164999660221,50.0,593.88671875,0.0
45.0,14.0,0.006789340000068478,0.0,593.890625,0.0
45.0,15.0,0.003950717999941844,100.0,593.890625,0.0
45.0,16.0,0.006512674000077823,50.0,593.890625,0.0
45.0,17.0,0.004102959999727318,0.0,593.8984375,0.0
45.0,18.0,0.006709251000302174,50.0,593.8984375,0.0
45.0,19.0,0.0038462690004053,0.0,593.8984375,0.0
45.0,20.0,0.003942098999687005,100.0,593.8984375,0.0
45.0,21.0,0.005106421000164119,0.0,593.8984375,0.0
45.0,22.0,0.006669211999906111,100.0,593.8984375,0.0
45.0,23.0,0.0050546870002108335,50.0,593.90234375,0.0
45.0,24.0,0.006545782000102918,0.0,593.95703125,0.0
45.0,25.0,0.0037834929999007727,100.0,593.95703125,0.0
45.0,26.0,0.00629691099993579,0.0,593.984375,0.0
45.0,27.0,0.006284326000240981,50.0,593.984375,0.0
45.0,28.0,0.004942369000218605,100.0,593.98828125,0.0
45.0,29.0,0.005088145000172517,0.0,593.98828125,0.0
45.0,30.0,0.006415248999928735,100.0,593.98828125,0.0
45.0,31.0,0.0038181660002010176,50.0,593.98828125,0.0
45.0,32.0,0.0068585519998123345,0.0,593.98828125,0.0
45.0,33.0,0.0036683289999928093,100.0,593.98828125,0.0
45.0,34.0,0.005099153000173828,0.0,593.9921875,0.0
45.0,35.0,0.0048752239999885205,100.0,593.9921875,0.0
45.0,36.0,0.006151696999950218,0.0,593.9921875,0.0
45.0,37.0,0.003938635000395152,100.0,593.99609375,0.0
45.0,38.0,0.006494811000266054,50.0,593.99609375,0.0
45.0,39.0,0.0038159129999257857,0.0,594.00390625,0.0
45.0,40.0,0.0050265750001017295,100.0,594.00390625,0.0
45.0,41.0,0.003730740999799309,0.0,594.00390625,0.0
45.0,42.0,0.00614787599988631,100.0,594.0546875,0.0
45.0,43.0,0.0048870890000216605,0.0,594.0546875,0.0
45.0,44.0,0.0038596050003434357,100.0,594.0546875,0.0
45.0,45.0,0.005221546000029775,0.0,594.05859375,0.0
45.0,46.0,0.00518590799993035,50.0,594.05859375,0.0
45.0,47.0,0.006091197000387183,100.0,594.05859375,0.0
45.0,48.0,0.006144443999801297,50.0,594.0625,0.0
45.0,49.0,0.0037940209999760555,0.0,594.0625,0.0
45.0,50.0,0.005046159999892552,50.0,594.0625,0.0
45.0,51.0,0.00391784200019174,0.0,594.06640625,0.0
45.0,52.0,0.005122094999933324,50.0,594.06640625,0.0
45.0,53.0,0.0036772530002053827,0.0,594.06640625,0.0
45.0,54.0,0.006330547999823466,50.0,594.06640625,0.0
45.0,55.0,0.004318802999932814,100.0,594.06640625,0.0
45.0,56.0,0.005294116000186477,0.0,594.06640625,0.0
45.0,57.0,0.0037207710001894156,100.0,594.0703125,0.0
45.0,58.0,0.006210341000041808,0.0,594.07421875,0.0
45.0,59.0,0.003695684999911464,100.0,594.07421875,0.0
45.0,60.0,0.006233940000129223,50.0,594.07421875,0.0
45.0,61.0,0.004965802999777225,0.0,594.07421875,0.0
45.0,62.0,0.006099617000018043,100.0,594.07421875,0.0
45.0,63.0,0.005195937999815214,0.0,594.078125,0.0
45.0,64.0,0.0037947669998175115,100.0,594.078125,0.0
45.0,65.0,0.003980898999998317,0.0,594.08203125,0.0
45.0,66.0,0.006456971999796224,100.0,594.08203125,0.0
45.0,67.0,0.005180913000003784,50.0,594.08203125,0.0
45.0,68.0,0.0037396520001493627,0.0,594.08203125,0.0
45.0,69.0,0.0038493799997922906,50.0,594.08984375,0.0
45.0,70.0,0.00649003399985304,0.0,594.08984375,0.0
45.0,71.0,0.005038468999828183,100.0,594.08984375,0.0
45.0,72.0,0.0061397800000122515,50.0,594.08984375,0.0
45.0,73.0,0.004107213999759551,0.0,594.08984375,0.0
45.0,74.0,0.006408001999716362,50.0,594.08984375,0.0
45.0,75.0,0.0049866539998220105,0.0,594.08984375,0.0
45.0,76.0,0.006274149000091711,100.0,594.08984375,0.0
45.0,77.0,0.004080147999957262,50.0,594.08984375,0.0
45.0,78.0,0.00626661000023887,0.0,594.08984375,0.0
45.0,79.0,0.0038498229996548616,100.0,594.09375,0.0
45.0,80.0,0.006305086000338633,0.0,594.09375,0.0
45.0,81.0,0.006284546000188129,100.0,594.09375,0.0
45.0,82.0,0.006239376999928936,50.0,594.09375,0.0
45.0,83.0,0.0038155939996613597,0.0,594.09375,0.0
45.0,84.0,0.006200928999987809,100.0,594.09375,0.0
45.0,85.0,0.005064172999937,50.0,594.09375,0.0
45.0,86.0,0.006355926000196632,0.0,594.09375,0.0
45.0,87.0,0.0036857949999102857,100.0,594.09375,0.0
45.0,88.0,0.006435740000142687,0.0,594.09375,0.0
45.0,89.0,0.003655060999790294,100.0,594.09375,0.0
45.0,90.0,0.006297426999935851,50.0,594.09375,0.0
45.0,91.0,0.003938704000120197,0.0,594.09375,0.0
45.0,92.0,0.004908084000362578,50.0,594.09375,0.0
45.0,93.0,0.003966503999890847,0.0,594.09375,0.0
45.0,94.0,0.008462550999865925,50.0,594.09375,0.0
45.0,95.0,0.004181232000064483,100.0,594.09375,0.0
45.0,96.0,0.005019613000058598,100.0,594.09375,0.0
45.0,97.0,0.0038439209997704893,0.0,594.09375,0.0
45.0,98.0,0.005099267999867152,50.0,594.09765625,0.0
45.0,99.0,0.0057042760004151205,100.0,594.09765625,0.0
45.0,100.0,0.0077028059999975085,100.0,594.1015625,0.0
46.0,1.0,0.00556590199994389,100.0,594.1015625,0.0
46.0,2.0,0.00739246600005572,100.0,594.1015625,0.0
46.0,3.0,0.006801371000165091,100.0,594.1015625,0.0
46.0,4.0,0.004949646000113717,0.0,594.1015625,0.0
46.0,5.0,0.00502554099966801,100.0,594.10546875,0.0
46.0,6.0,0.006287556000188488,50.0,594.10546875,0.0
46.0,7.0,0.003714064000178041,0.0,594.10546875,0.0
46.0,8.0,0.0038967280001998006,100.0,594.10546875,0.0
46.0,9.0,0.00498596900024495,0.0,594.109375,0.0
46.0,10.0,0.006250108000131149,100.0,594.109375,0.0
46.0,11.0,0.0037945019998915086,0.0,594.109375,0.0
46.0,12.0,0.0065529609996701765,50.0,594.109375,0.0
46.0,13.0,0.0051113280001118255,100.0,594.109375,0.0
46.0,14.0,0.006440304000079777,0.0,594.109375,0.0
46.0,15.0,0.0037185839996709547,100.0,594.109375,0.0
46.0,16.0,0.0061856140000600135,50.0,594.11328125,0.0
46.0,17.0,0.005139908000273863,0.0,594.11328125,0.0
46.0,18.0,0.006456257000081678,50.0,594.11328125,0.0
46.0,19.0,0.003877637000186951,0.0,594.1171875,0.0
46.0,20.0,0.006251611000152479,100.0,594.1171875,0.0
46.0,21.0,0.003797625000061089,0.0,594.1171875,0.0
46.0,22.0,0.005025741999816091,100.0,594.1171875,0.0
46.0,23.0,0.0038961290001680027,50.0,594.1171875,0.0
46.0,24.0,0.0052601540000978275,0.0,594.1171875,0.0
46.0,25.0,0.0037346610001804947,50.0,594.1171875,0.0
46.0,26.0,0.0038941669999985606,0.0,594.1171875,0.0
46.0,27.0,0.003886712000166881,50.0,594.1171875,0.0
46.0,28.0,0.006510699000045861,0.0,594.1171875,0.0
46.0,29.0,0.004225304999636137,100.0,594.1171875,0.0
46.0,30.0,0.005283850000068924,0.0,594.1171875,0.0
46.0,31.0,0.004080974000316928,100.0,594.12109375,0.0
46.0,32.0,0.00641789700011941,50.0,594.12109375,0.0
46.0,33.0,0.005118390999996336,0.0,594.12109375,0.0
46.0,34.0,0.003681454999878042,50.0,594.12109375,0.0
46.0,35.0,0.004677387999890925,100.0,594.12109375,0.0
46.0,36.0,0.007959849999679136,50.0,594.12109375,0.0
46.0,37.0,0.00611692700022104,50.0,594.125,0.0
46.0,38.0,0.006327495999812527,0.0,594.12890625,0.0
46.0,39.0,0.003904335999777686,100.0,594.12890625,0.0
46.0,40.0,0.006338072999824362,50.0,594.12890625,0.0
46.0,41.0,0.0050903040000775945,0.0,594.1328125,0.0
46.0,42.0,0.006387757000084093,100.0,594.1328125,0.0
46.0,43.0,0.003797396000209119,0.0,594.1328125,0.0
46.0,44.0,0.006374325000251702,100.0,594.1328125,0.0
46.0,45.0,0.003777236999667366,50.0,594.1328125,0.0
46.0,46.0,0.003832204999980604,0.0,594.1328125,0.0
46.0,47.0,0.003816061999714293,0.0,594.1328125,0.0
46.0,48.0,0.007519083000261162,100.0,594.1328125,0.0
46.0,49.0,0.005157990000043355,0.0,594.1328125,0.0
46.0,50.0,0.006275241999901482,50.0,594.1328125,0.0
46.0,51.0,0.0037203260003479954,0.0,594.1328125,0.0
46.0,52.0,0.005373425000016141,50.0,594.1328125,0.0
46.0,53.0,0.0037974040001245157,100.0,594.1328125,0.0
46.0,54.0,0.006832826000390924,0.0,594.1328125,0.0
46.0,55.0,0.003902735999872675,50.0,594.1328125,0.0
46.0,56.0,0.006478105000041978,0.0,594.1328125,0.0
46.0,57.0,0.005085579000024154,100.0,594.1328125,0.0
46.0,58.0,0.006163480999930471,50.0,594.1328125,0.0
46.0,59.0,0.005158902000403032,0.0,594.1328125,0.0
46.0,60.0,0.00517385800003467,100.0,594.1328125,0.0
46.0,61.0,0.005115946999922016,0.0,594.1328125,0.0
46.0,62.0,0.005016661999889038,100.0,594.1328125,0.0
46.0,63.0,0.00568036899994695,50.0,594.1328125,0.0
46.0,64.0,0.009420350999789662,100.0,594.1328125,0.0
46.0,65.0,0.005732749999879161,100.0,594.1328125,0.0
46.0,66.0,0.007454274999872723,100.0,594.1328125,0.0
46.0,67.0,0.005859801000042353,100.0,594.1328125,0.0
46.0,68.0,0.006736836000072799,50.0,594.1328125,0.0
46.0,69.0,0.004104678999738098,100.0,594.16015625,0.0
46.0,70.0,0.006919486999777291,50.0,594.16015625,0.0
46.0,71.0,0.004086517999894568,0.0,594.16015625,0.0
46.0,72.0,0.005200386000069557,50.0,594.16015625,0.0
46.0,73.0,0.0038545249999515363,0.0,594.16015625,0.0
46.0,74.0,0.006644898000104149,50.0,594.16015625,0.0
46.0,75.0,0.0066932449999512755,50.0,594.16015625,0.0
46.0,76.0,0.006420859000172641,0.0,594.16015625,0.0
46.0,77.0,0.0052306379998299235,100.0,594.16015625,0.0
46.0,78.0,0.005108082999868202,50.0,594.16015625,0.0
46.0,79.0,0.0038009299996701884,0.0,594.16015625,0.0
46.0,80.0,0.0069140139999035455,50.0,594.16015625,0.0
46.0,81.0,0.006553776000146172,50.0,594.16015625,0.0
46.0,82.0,0.006692790999750287,0.0,594.16015625,0.0
46.0,83.0,0.0039000319998194755,50.0,594.16015625,0.0
46.0,84.0,0.006503307999992103,0.0,594.16015625,0.0
46.0,85.0,0.0037366609999480715,100.0,594.16015625,0.0
46.0,86.0,0.003963259999636648,0.0,594.16015625,0.0
46.0,87.0,0.004103629999917757,100.0,594.16015625,0.0
46.0,88.0,0.006730815000082657,50.0,594.16015625,0.0
46.0,89.0,0.005126987000039662,0.0,594.1640625,0.0
46.0,90.0,0.005137330000252405,50.0,594.1640625,0.0
46.0,91.0,0.005207260000133829,0.0,594.1640625,0.0
46.0,92.0,0.0056927999999061285,100.0,594.1640625,0.0
46.0,93.0,0.005304681999859895,50.0,594.1640625,0.0
46.0,94.0,0.005858031000116171,0.0,594.1640625,0.0
46.0,95.0,0.003949002000354085,50.0,594.1640625,0.0
46.0,96.0,0.006210519999967801,0.0,594.1640625,0.0
46.0,97.0,0.006667009000011603,100.0,594.1640625,0.0
46.0,98.0,0.00682108099999823,50.0,594.1640625,0.0
46.0,99.0,0.004029843999887817,0.0,594.1640625,0.0
46.0,100.0,0.006558714000220789,100.0,594.1640625,0.0
47.0,1.0,0.0037468489999810117,50.0,594.1640625,0.0
47.0,2.0,0.006629763000091771,0.0,594.1640625,0.0
47.0,3.0,0.0039275560002351995,100.0,594.1640625,0.0
47.0,4.0,0.003949241000100301,0.0,594.16796875,0.0
47.0,5.0,0.0038653189999422466,50.0,594.16796875,0.0
47.0,6.0,0.005239049000010709,0.0,594.16796875,0.0
47.0,7.0,0.003976079000040045,100.0,594.16796875,0.0
47.0,8.0,0.006696384999941074,50.0,594.16796875,0.0
47.0,9.0,0.003905078000116191,0.0,594.16796875,0.0
47.0,10.0,0.005602349000128015,50.0,594.16796875,0.0
47.0,11.0,0.005326193000200874,100.0,594.16796875,0.0
47.0,12.0,0.0064199550001831085,0.0,594.16796875,0.0
47.0,13.0,0.0038356290001502202,50.0,594.16796875,0.0
47.0,14.0,0.006549472999722639,100.0,594.16796875,0.0
47.0,15.0,0.0043526599997676385,0.0,594.16796875,0.0
47.0,16.0,0.007821070999852964,100.0,594.16796875,0.0
47.0,17.0,0.004000220999841986,0.0,594.171875,0.0
47.0,18.0,0.005760186999850703,100.0,594.21875,0.0
47.0,19.0,0.007352103999892279,50.0,594.21875,0.0
47.0,20.0,0.0066465449999668635,50.0,594.21875,0.0
47.0,21.0,0.003976211000008334,0.0,594.21875,0.0
47.0,22.0,0.004092501999821252,50.0,594.21875,0.0
47.0,23.0,0.00526749699974971,0.0,594.21875,0.0
47.0,24.0,0.004982644999927288,50.0,594.21875,0.0
47.0,25.0,0.005418416000338766,100.0,594.21875,0.0
47.0,26.0,0.006512505000046076,0.0,594.21875,0.0
47.0,27.0,0.005142039000020304,50.0,594.22265625,0.0
47.0,28.0,0.006360730000324111,0.0,594.22265625,0.0
47.0,29.0,0.003793139000208612,50.0,594.22265625,0.0
47.0,30.0,0.006658629999947152,50.0,594.22265625,0.0
47.0,31.0,0.003795542999796453,0.0,594.22265625,0.0
47.0,32.0,0.005020776000037586,50.0,594.22265625,0.0
47.0,33.0,0.006370987000082096,0.0,594.2265625,0.0
47.0,34.0,0.006313202999990608,50.0,594.2265625,0.0
47.0,35.0,0.00513991600018926,50.0,594.2265625,0.0
47.0,36.0,0.006636807000177214,0.0,594.23046875,0.0
47.0,37.0,0.0039057979997778602,50.0,594.23046875,0.0
47.0,38.0,0.005236918999798945,0.0,594.23046875,0.0
47.0,39.0,0.003970270000081655,50.0,594.23046875,0.0
47.0,40.0,0.005121729000165942,100.0,594.23046875,0.0
47.0,41.0,0.005334200999641325,0.0,594.23046875,0.0
47.0,42.0,0.00631084800033932,50.0,594.23046875,0.0
47.0,43.0,0.007091388999924675,100.0,594.23046875,0.0
47.0,44.0,0.006655187999967893,50.0,594.23046875,0.0
47.0,45.0,0.003907732999778091,0.0,594.23046875,0.0
47.0,46.0,0.005119717000070523,50.0,594.234375,0.0
47.0,47.0,0.003898997000305826,0.0,594.234375,0.0
47.0,48.0,0.006688070999643969,50.0,594.234375,0.0
47.0,49.0,0.005186420999962138,50.0,594.234375,0.0
47.0,50.0,0.005140170000231592,0.0,594.234375,0.0
47.0,51.0,0.0037671909999517084,50.0,594.234375,0.0
47.0,52.0,0.005259849000140093,0.0,594.23828125,0.0
47.0,53.0,0.005287340999984735,50.0,594.23828125,0.0
47.0,54.0,0.005196805999730714,0.0,594.23828125,0.0
47.0,55.0,0.003889100999913353,100.0,594.23828125,0.0
47.0,56.0,0.007613512999796512,50.0,594.23828125,0.0
47.0,57.0,0.0041063349999603815,0.0,594.2421875,0.0
47.0,58.0,0.005622050000056333,50.0,594.25,0.0
47.0,59.0,0.003855597000438138,100.0,594.25,0.0
47.0,60.0,0.006459903999711969,0.0,594.25,0.0
47.0,61.0,0.004008431000329438,100.0,594.25,0.0
47.0,62.0,0.0064685920001466,0.0,594.25,0.0
47.0,63.0,0.003841866000129812,100.0,594.25,0.0
47.0,64.0,0.0052874200000587734,50.0,594.25390625,0.0
47.0,65.0,0.0038469959999929415,0.0,594.25390625,0.0
47.0,66.0,0.006304203000127018,100.0,594.25390625,0.0
47.0,67.0,0.009290407000207779,100.0,594.25390625,0.0
47.0,68.0,0.009847759999956907,100.0,594.2578125,0.0
47.0,69.0,0.005833297000208404,100.0,594.2578125,0.0
47.0,70.0,0.0055028529995979625,100.0,594.26171875,0.0
47.0,71.0,0.0040139570000974345,0.0,594.26171875,0.0
47.0,72.0,0.003946039999846107,100.0,594.26171875,0.0
47.0,73.0,0.00405767200027185,0.0,594.26171875,0.0
47.0,74.0,0.005313810000188823,100.0,594.26171875,0.0
47.0,75.0,0.004020426000352018,0.0,594.26171875,0.0
47.0,76.0,0.006528097000227717,50.0,594.265625,0.0
47.0,77.0,0.005079983000086941,100.0,594.265625,0.0
47.0,78.0,0.006229163999705634,0.0,594.26953125,0.0
47.0,79.0,0.0037587040001199057,100.0,594.26953125,0.0
47.0,80.0,0.005454866000036418,0.0,594.26953125,0.0
47.0,81.0,0.005165062000287435,50.0,594.26953125,0.0
47.0,82.0,0.006370016999881045,100.0,594.2734375,0.0
47.0,83.0,0.005314687000009144,0.0,594.2734375,0.0
47.0,84.0,0.0051253890001135005,100.0,594.27734375,0.0
47.0,85.0,0.003799263000018982,0.0,594.27734375,0.0
47.0,86.0,0.006592701000045054,50.0,594.27734375,0.0
47.0,87.0,0.0038991810001789418,0.0,594.28125,0.0
47.0,88.0,0.006588432999706129,50.0,594.28125,0.0
47.0,89.0,0.003946835000078863,100.0,594.28515625,0.0
47.0,90.0,0.006544311999732599,0.0,594.28515625,0.0
47.0,91.0,0.005699551999896357,50.0,594.2890625,0.0
47.0,92.0,0.0068374190000213275,100.0,594.2890625,0.0
47.0,93.0,0.0067997099999956845,50.0,594.29296875,0.0
47.0,94.0,0.005594388999725197,0.0,594.29296875,0.0
47.0,95.0,0.004606226999840146,100.0,594.29296875,0.0
47.0,96.0,0.006665574999715318,50.0,594.29296875,0.0
47.0,97.0,0.007121234999885928,0.0,594.296875,0.0
47.0,98.0,0.00551200100017013,50.0,594.30078125,0.0
47.0,99.0,0.003909185000338766,100.0,594.30078125,0.0
47.0,100.0,0.003857202999824949,0.0,594.30078125,0.0
48.0,1.0,0.005560416000207624,100.0,594.30078125,0.0
48.0,2.0,0.007473269000001892,50.0,594.30078125,0.0
48.0,3.0,0.003945429999930639,0.0,594.30078125,0.0
48.0,4.0,0.006833841999650758,50.0,594.30078125,0.0
48.0,5.0,0.005150688999947306,0.0,594.30078125,0.0
48.0,6.0,0.005241205999936938,100.0,594.30078125,0.0
48.0,7.0,0.00414203299988003,0.0,594.30078125,0.0
48.0,8.0,0.005606398000054469,50.0,594.30078125,0.0
48.0,9.0,0.0042061270000886,100.0,594.30078125,0.0
48.0,10.0,0.006304181999894354,0.0,594.30078125,0.0
48.0,11.0,0.003681144999973185,100.0,594.30078125,0.0
48.0,12.0,0.006661985999926401,50.0,594.30078125,0.0
48.0,13.0,0.006276555000113149,0.0,594.30078125,0.0
48.0,14.0,0.005054442999608,100.0,594.30078125,0.0
48.0,15.0,0.003682448999825283,0.0,594.30078125,0.0
48.0,16.0,0.006662702000085119,100.0,594.30078125,0.0
48.0,17.0,0.0038283750000118744,0.0,594.30078125,0.0
48.0,18.0,0.006271175000165385,50.0,594.30078125,0.0
48.0,19.0,0.003784564999932627,100.0,594.30078125,0.0
48.0,20.0,0.005059764999714389,0.0,594.30078125,0.0
48.0,21.0,0.005139703000168083,100.0,594.30078125,0.0
48.0,22.0,0.006255681000311597,50.0,594.30078125,0.0
48.0,23.0,0.0038020080000933376,0.0,594.30078125,0.0
48.0,24.0,0.004006710999874485,0.0,594.30078125,0.0
48.0,25.0,0.00517312200008746,100.0,594.3046875,0.0
48.0,26.0,0.006373299000188126,50.0,594.3046875,0.0
48.0,27.0,0.003933360999781144,0.0,594.3046875,0.0
48.0,28.0,0.006403670000054262,100.0,594.3046875,0.0
48.0,29.0,0.004262361000201054,0.0,594.3046875,0.0
48.0,30.0,0.005375951000132773,100.0,594.3046875,0.0
48.0,31.0,0.005175211000278068,50.0,594.3046875,0.0
48.0,32.0,0.006384263000200008,0.0,594.3046875,0.0
48.0,33.0,0.0037837969998690824,100.0,594.3046875,0.0
48.0,34.0,0.005235465999703592,0.0,594.3046875,0.0
48.0,35.0,0.005116926000027888,100.0,594.3046875,0.0
48.0,36.0,0.005231234000348195,50.0,594.3046875,0.0
48.0,37.0,0.00395950600022843,0.0,594.3046875,0.0
48.0,38.0,0.006732834000104049,50.0,594.3046875,0.0
48.0,39.0,0.005253324000022985,0.0,594.3046875,0.0
48.0,40.0,0.005047750000358064,100.0,594.3046875,0.0
48.0,41.0,0.005257303999769647,50.0,594.3046875,0.0
48.0,42.0,0.0074339529996905185,100.0,594.3046875,0.0
48.0,43.0,0.003826509999726113,0.0,594.3046875,0.0
48.0,44.0,0.006288869999934832,100.0,594.3046875,0.0
48.0,45.0,0.005255193999801122,50.0,594.3046875,0.0
48.0,46.0,0.005101147999994282,0.0,594.3046875,0.0
48.0,47.0,0.003802108999934717,100.0,594.3046875,0.0
48.0,48.0,0.00628121599993392,0.0,594.3046875,0.0
48.0,49.0,0.005334858999958669,100.0,594.3046875,0.0
48.0,50.0,0.006547324999701232,50.0,594.3046875,0.0
48.0,51.0,0.005295883000144386,0.0,594.3046875,0.0
48.0,52.0,0.006447428000228683,50.0,594.3046875,0.0
48.0,53.0,0.004037513000184845,100.0,594.3046875,0.0
48.0,54.0,0.005044164000082674,0.0,594.3046875,0.0
48.0,55.0,0.005052440999861574,100.0,594.3046875,0.0
48.0,56.0,0.006761610000012297,0.0,594.3046875,0.0
48.0,57.0,0.00389539900015734,100.0,594.30859375,0.0
48.0,58.0,0.004017298000235314,0.0,594.30859375,0.0
48.0,59.0,0.004975785000169708,100.0,594.30859375,0.0
48.0,60.0,0.005166458000076091,50.0,594.30859375,0.0
48.0,61.0,0.005054012000073271,0.0,594.30859375,0.0
48.0,62.0,0.005363681000289944,100.0,594.30859375,0.0
48.0,63.0,0.00716490300010264,50.0,594.30859375,0.0
48.0,64.0,0.005343167999853904,0.0,594.30859375,0.0
48.0,65.0,0.0037393270004031365,100.0,594.30859375,0.0
48.0,66.0,0.005134504000125162,0.0,594.30859375,0.0
48.0,67.0,0.004039222000301379,100.0,594.3125,0.0
48.0,68.0,0.00549683899998854,0.0,594.3125,0.0
48.0,69.0,0.003777659000206768,100.0,594.3125,0.0
48.0,70.0,0.006637248000060936,0.0,594.3125,0.0
48.0,71.0,0.0042619160003596335,100.0,594.3125,0.0
48.0,72.0,0.0050712719998955436,50.0,594.3125,0.0
48.0,73.0,0.004247994999786897,0.0,594.32421875,0.0
48.0,74.0,0.0052283859999988636,50.0,594.32421875,0.0
48.0,75.0,0.006606126999940898,0.0,594.32421875,0.0
48.0,76.0,0.006474259999777132,50.0,594.328125,0.0
48.0,77.0,0.005068290000053821,100.0,594.328125,0.0
48.0,78.0,0.00538532300015504,0.0,594.328125,0.0
48.0,79.0,0.004122252999877674,100.0,594.328125,0.0
48.0,80.0,0.006404993999694852,50.0,594.328125,0.0
48.0,81.0,0.00655802599976596,0.0,594.328125,0.0
48.0,82.0,0.008436024999809888,100.0,594.33203125,0.0
48.0,83.0,0.004038269999909971,0.0,594.33203125,0.0
48.0,84.0,0.006567567999809398,50.0,594.33203125,0.0
48.0,85.0,0.00396199200031333,0.0,594.33203125,0.0
48.0,86.0,0.0067710759999499714,100.0,594.34375,0.0
48.0,87.0,0.005075511000086408,50.0,594.34375,0.0
48.0,88.0,0.0038018979998923896,0.0,594.34765625,0.0
48.0,89.0,0.005274066999845672,50.0,594.34765625,0.0
48.0,90.0,0.0070027209999352635,50.0,594.3515625,0.0
48.0,91.0,0.005085368000436574,0.0,594.3515625,0.0
48.0,92.0,0.004995010999664373,50.0,594.3515625,0.0
48.0,93.0,0.005949368000074173,100.0,594.3515625,0.0
48.0,94.0,0.0052596109999285545,0.0,594.359375,0.0
48.0,95.0,0.004144009999890841,100.0,594.359375,0.0
48.0,96.0,0.008257361000232777,100.0,594.359375,0.0
48.0,97.0,0.006584314000065206,50.0,594.359375,0.0
48.0,98.0,0.006679874999917956,100.0,594.359375,0.0
48.0,99.0,0.0037754529998892394,0.0,594.36328125,0.0
48.0,100.0,0.0052645229998233845,100.0,594.36328125,0.0
49.0,1.0,0.00641277499971693,50.0,594.36328125,0.0
49.0,2.0,0.006490336999831925,0.0,594.36328125,0.0
49.0,3.0,0.005033073999584303,100.0,594.36328125,0.0
49.0,4.0,0.006261137999899802,50.0,594.3671875,0.0
49.0,5.0,0.0038100159999885364,0.0,594.3671875,0.0
49.0,6.0,0.006722668999827874,100.0,594.3671875,0.0
49.0,7.0,0.005076160000044183,50.0,594.37109375,0.0
49.0,8.0,0.00527338600022631,0.0,594.390625,0.0
49.0,9.0,0.00502291199973115,50.0,594.390625,0.0
49.0,10.0,0.005424703000244335,0.0,594.39453125,0.0
49.0,11.0,0.006778251000014279,100.0,594.39453125,0.0
49.0,12.0,0.005075335000128689,50.0,594.40625,0.0
49.0,13.0,0.005154988000413141,0.0,594.40625,0.0
49.0,14.0,0.003961770000387332,100.0,594.40625,0.0
49.0,15.0,0.004187177000403608,0.0,594.41015625,0.0
49.0,16.0,0.005190364999634767,100.0,594.4140625,0.0
49.0,17.0,0.0038888959998075734,0.0,594.4140625,0.0
49.0,18.0,0.0066583839998202166,100.0,594.4140625,0.0
49.0,19.0,0.005042592999870976,50.0,594.41796875,0.0
49.0,20.0,0.006873513000300591,100.0,594.41796875,0.0
49.0,21.0,0.005427728000086063,0.0,594.421875,0.0
49.0,22.0,0.006775447000109125,50.0,594.421875,0.0
49.0,23.0,0.006252230999962194,100.0,594.421875,0.0
49.0,24.0,0.0056314710000151535,50.0,594.421875,0.0
49.0,25.0,0.004519477000030747,100.0,594.421875,0.0
49.0,26.0,0.006682568000087485,0.0,594.42578125,0.0
49.0,27.0,0.006942615999832924,50.0,594.4296875,0.0
49.0,28.0,0.00648792499987394,50.0,594.4296875,0.0
49.0,29.0,0.003943108999919787,0.0,594.4296875,0.0
49.0,30.0,0.0053694719999839435,50.0,594.4296875,0.0
49.0,31.0,0.005403493999892817,100.0,594.4296875,0.0
49.0,32.0,0.007054738000078942,50.0,594.43359375,0.0
49.0,33.0,0.00904781200006255,100.0,594.43359375,0.0
49.0,34.0,0.007882378999966022,100.0,594.43359375,0.0
49.0,35.0,0.005566256999827601,100.0,594.43359375,0.0
49.0,36.0,0.006237735000013345,100.0,594.55078125,0.0
49.0,37.0,0.00827054000001226,50.0,594.55078125,0.0
49.0,38.0,0.006685073999960878,50.0,594.5546875,0.0
49.0,39.0,0.0055714589998387964,100.0,594.5546875,0.0
49.0,40.0,0.006426706000183913,0.0,594.5546875,0.0
49.0,41.0,0.003847846000098798,50.0,594.5546875,0.0
49.0,42.0,0.005166482000277028,0.0,594.5546875,0.0
49.0,43.0,0.004991547999907198,50.0,594.55859375,0.0
49.0,44.0,0.006566457000189985,50.0,594.55859375,0.0
49.0,45.0,0.004088824000064051,0.0,594.5625,0.0
49.0,46.0,0.005404113000167854,50.0,594.56640625,0.0
49.0,47.0,0.005106520000026649,0.0,594.56640625,0.0
49.0,48.0,0.006852329000139434,50.0,594.56640625,0.0
49.0,49.0,0.0050978760000361945,50.0,594.56640625,0.0
49.0,50.0,0.005056906999925559,0.0,594.56640625,0.0
49.0,51.0,0.004136618999837083,50.0,594.56640625,0.0
49.0,52.0,0.005696006000107445,0.0,594.56640625,0.0
49.0,53.0,0.005062071999873297,50.0,594.56640625,0.0
49.0,54.0,0.005184638999708113,100.0,594.56640625,0.0
49.0,55.0,0.0038608089998888317,0.0,594.56640625,0.0
49.0,56.0,0.0068452679997790256,50.0,594.5703125,0.0
49.0,57.0,0.0040947200000118755,0.0,594.5703125,0.0
49.0,58.0,0.0067491139998310246,50.0,594.5703125,0.0
49.0,59.0,0.003808996000316256,0.0,594.5703125,0.0
49.0,60.0,0.005253599999832659,50.0,594.5703125,0.0
49.0,61.0,0.0039013339996927243,100.0,594.5703125,0.0
49.0,62.0,0.005727644000216969,0.0,594.5703125,0.0
49.0,63.0,0.00518538999995144,50.0,594.5703125,0.0
49.0,64.0,0.006965864999983751,0.0,594.5703125,0.0
49.0,65.0,0.0038635050000266347,50.0,594.5703125,0.0
49.0,66.0,0.006870001999686792,50.0,594.5703125,0.0
49.0,67.0,0.005494379000083427,0.0,594.57421875,0.0
49.0,68.0,0.00699640700031523,50.0,594.57421875,0.0
49.0,69.0,0.00559603400006381,50.0,594.578125,0.0
49.0,70.0,0.006787801999962539,100.0,594.578125,0.0
49.0,71.0,0.005084986000383651,0.0,594.578125,0.0
49.0,72.0,0.0065128070000355365,50.0,594.578125,0.0
49.0,73.0,0.005315583000083279,0.0,594.578125,0.0
49.0,74.0,0.004960827000104473,50.0,594.578125,0.0
49.0,75.0,0.0052785689999836904,100.0,594.578125,0.0
49.0,76.0,0.005580094999913854,0.0,594.578125,0.0
49.0,77.0,0.005558892999943055,50.0,594.58203125,0.0
49.0,78.0,0.005361386000004131,100.0,594.5859375,0.0
49.0,79.0,0.004219301000375708,0.0,594.5859375,0.0
49.0,80.0,0.006741652000073373,50.0,594.5859375,0.0
49.0,81.0,0.004164444000252843,0.0,594.5859375,0.0
49.0,82.0,0.007086101999902894,50.0,594.5859375,0.0
49.0,83.0,0.006883910999931686,50.0,594.5859375,0.0
49.0,84.0,0.006752470999799698,100.0,594.5859375,0.0
49.0,85.0,0.004260949000126857,0.0,594.5859375,0.0
49.0,86.0,0.005425442000159819,100.0,594.5859375,0.0
49.0,87.0,0.004039939999984199,0.0,594.5859375,0.0
49.0,88.0,0.006872570000268752,50.0,594.5859375,0.0
49.0,89.0,0.005623099999866099,100.0,594.5859375,0.0
49.0,90.0,0.00648326000009547,0.0,594.5859375,0.0
49.0,91.0,0.006317333999959374,50.0,594.5859375,0.0
49.0,92.0,0.006445428999995784,100.0,594.5859375,0.0
49.0,93.0,0.003908315999979095,0.0,594.5859375,0.0
49.0,94.0,0.006631581999954506,50.0,594.5859375,0.0
49.0,95.0,0.00547952399983842,100.0,594.5859375,0.0
49.0,96.0,0.00643535500012149,0.0,594.5859375,0.0
49.0,97.0,0.005141242000263446,50.0,594.5859375,0.0
49.0,98.0,0.005090584999834391,0.0,594.5859375,0.0
49.0,99.0,0.005276717000015196,50.0,594.58984375,0.0
49.0,100.0,0.003971996000018407,100.0,594.58984375,0.0
50.0,1.0,0.004014068000287807,0.0,594.58984375,0.0
50.0,2.0,0.005275775999962207,100.0,594.58984375,0.0
50.0,3.0,0.004125053999814554,0.0,594.58984375,0.0
50.0,4.0,0.005209153000123479,100.0,594.58984375,0.0
50.0,5.0,0.0039693640001132735,0.0,594.58984375,0.0
50.0,6.0,0.005120583999996597,100.0,594.58984375,0.0
50.0,7.0,0.0037253519999467244,0.0,594.58984375,0.0
50.0,8.0,0.005129001000113931,50.0,594.58984375,0.0
50.0,9.0,0.005055920999893715,0.0,594.58984375,0.0
50.0,10.0,0.006365659000039159,50.0,594.59375,0.0
50.0,11.0,0.006259257000237994,50.0,594.59375,0.0
50.0,12.0,0.006283062999955291,100.0,594.59375,0.0
50.0,13.0,0.003869733000101405,0.0,594.59375,0.0
50.0,14.0,0.006409313999938604,100.0,594.59375,0.0
50.0,15.0,0.003935022999939974,0.0,594.59765625,0.0
50.0,16.0,0.005433229000118445,100.0,594.59765625,0.0
50.0,17.0,0.005115759000091202,50.0,594.59765625,0.0
50.0,18.0,0.005110266999963642,0.0,594.59765625,0.0
50.0,19.0,0.004045018999931926,100.0,594.59765625,0.0
50.0,20.0,0.005090182999992976,0.0,594.59765625,0.0
50.0,21.0,0.0037253539999255736,100.0,594.6015625,0.0
50.0,22.0,0.006571089000317443,0.0,594.6015625,0.0
50.0,23.0,0.004244035999818152,100.0,594.6015625,0.0
50.0,24.0,0.005326092999894172,50.0,594.6015625,0.0
50.0,25.0,0.0052417160000004515,0.0,594.6015625,0.0
50.0,26.0,0.0051695209999707,100.0,594.6015625,0.0
50.0,27.0,0.003917275000276277,0.0,594.6015625,0.0
50.0,28.0,0.005071619000318606,100.0,594.6015625,0.0
50.0,29.0,0.006526785000005475,50.0,594.6015625,0.0
50.0,30.0,0.005221946999881766,0.0,594.6015625,0.0
50.0,31.0,0.004203684000003705,100.0,594.6015625,0.0
50.0,32.0,0.006444875999932265,0.0,594.6015625,0.0
50.0,33.0,0.004114886000024853,100.0,594.6015625,0.0
50.0,34.0,0.005105011000068771,0.0,594.6015625,0.0
50.0,35.0,0.006356825000239041,50.0,594.6015625,0.0
50.0,36.0,0.005455548000099952,100.0,594.6015625,0.0
50.0,37.0,0.00673047400005089,50.0,594.6015625,0.0
50.0,38.0,0.005110005000005913,0.0,594.6015625,0.0
50.0,39.0,0.003972622000219417,50.0,594.6015625,0.0
50.0,40.0,0.005048914999861154,0.0,594.6015625,0.0
50.0,41.0,0.0046670970000377565,66.7,594.6015625,0.0
50.0,42.0,0.005426205999810918,0.0,594.6015625,0.0
50.0,43.0,0.006371555999976408,50.0,594.60546875,0.0
50.0,44.0,0.006341173000237177,50.0,594.60546875,0.0
50.0,45.0,0.00401292199967429,0.0,594.60546875,0.0
50.0,46.0,0.006400653000127932,50.0,594.60546875,0.0
50.0,47.0,0.0037905919998593163,0.0,594.60546875,0.0
50.0,48.0,0.006350168000153644,50.0,594.60546875,0.0
50.0,49.0,0.003867624000122305,50.0,594.609375,0.0
50.0,50.0,0.007817960000011226,100.0,594.609375,0.0
50.0,51.0,0.004016955999759375,0.0,594.609375,0.0
50.0,52.0,0.006349106000016036,100.0,594.609375,0.0
50.0,53.0,0.005329142999926262,0.0,594.61328125,0.0
50.0,54.0,0.006448967000324046,50.0,594.6171875,0.0
50.0,55.0,0.003806403999988106,100.0,594.6171875,0.0
50.0,56.0,0.006362207000165654,0.0,594.62109375,0.0
50.0,57.0,0.003895917000136251,100.0,594.62109375,0.0
50.0,58.0,0.0039785640001355205,0.0,594.62109375,0.0
50.0,59.0,0.005064811000011105,100.0,594.62109375,0.0
50.0,60.0,0.005114718000186258,0.0,594.62109375,0.0
50.0,61.0,0.006689382999866211,50.0,594.62890625,0.0
50.0,62.0,0.0052690990000883176,100.0,594.6328125,0.0
50.0,63.0,0.0050084449999303615,0.0,594.6328125,0.0
50.0,64.0,0.005186512999898696,100.0,594.6328125,0.0
50.0,65.0,0.003961583999625873,0.0,594.6328125,0.0
50.0,66.0,0.006902521000029083,50.0,594.63671875,0.0
50.0,67.0,0.005365266999888263,100.0,594.63671875,0.0
50.0,68.0,0.006386660999851301,0.0,594.63671875,0.0
50.0,69.0,0.003788935000102356,100.0,594.63671875,0.0
50.0,70.0,0.005598778000148741,0.0,594.63671875,0.0
50.0,71.0,0.005337131999567646,50.0,594.63671875,0.0
50.0,72.0,0.005164095000054658,100.0,594.640625,0.0
50.0,73.0,0.0040053000002444605,0.0,594.640625,0.0
50.0,74.0,0.005336872000043513,100.0,594.64453125,0.0
50.0,75.0,0.0038685169997734192,0.0,594.64453125,0.0
50.0,76.0,0.00525556399998095,100.0,594.64453125,0.0
50.0,77.0,0.003968441000324674,0.0,594.64453125,0.0
50.0,78.0,0.0067308949996913725,50.0,594.6484375,0.0
50.0,79.0,0.005149168000116333,100.0,594.6484375,0.0
50.0,80.0,0.004992681000203447,0.0,594.6484375,0.0
50.0,81.0,0.003989530000126251,50.0,594.65234375,0.0
50.0,82.0,0.006464062000304693,100.0,594.65234375,0.0
50.0,83.0,0.003720006999628822,0.0,594.65234375,0.0
50.0,84.0,0.006699448999825108,50.0,594.65234375,0.0
50.0,85.0,0.0037812030000168306,0.0,594.65234375,0.0
50.0,86.0,0.006721117000324739,50.0,594.65234375,0.0
50.0,87.0,0.003894464000040898,100.0,594.65234375,0.0
50.0,88.0,0.006358780000027764,0.0,594.65234375,0.0
50.0,89.0,0.00508538599979147,50.0,594.65234375,0.0
50.0,90.0,0.005228983000051812,100.0,594.65234375,0.0
50.0,91.0,0.005170216999886179,0.0,594.65234375,0.0
50.0,92.0,0.006467450999934954,100.0,594.65625,0.0
50.0,93.0,0.003973803999997472,0.0,594.65625,0.0
50.0,94.0,0.004001483000138251,100.0,594.65625,0.0
50.0,95.0,0.0053348759997788875,0.0,594.65625,0.0
50.0,96.0,0.0050648580004235555,50.0,594.65625,0.0
50.0,97.0,0.003911067999979423,0.0,594.65625,0.0
50.0,98.0,0.006305357000201184,50.0,594.65625,0.0
50.0,99.0,0.007781308999710745,100.0,594.66015625,0.0
50.0,100.0,0.00717632899977616,100.0,594.66015625,0.0
51.0,1.0,0.009270349999951577,100.0,594.66015625,0.0
51.0,2.0,0.00915930200017101,100.0,594.6640625,0.0
51.0,3.0,0.005265744000098493,50.0,594.6640625,0.0
51.0,4.0,0.005148670999915339,0.0,594.6640625,0.0
51.0,5.0,0.0042039439999825845,100.0,594.6640625,0.0
51.0,6.0,0.004962306000379613,0.0,594.6640625,0.0
51.0,7.0,0.005369343999973353,100.0,594.6640625,0.0
51.0,8.0,0.005321149999872432,50.0,594.6640625,0.0
51.0,9.0,0.00397928900019906,0.0,594.6640625,0.0
51.0,10.0,0.0054242870000962284,50.0,594.6640625,0.0
51.0,11.0,0.00656118000006245,0.0,594.66796875,0.0
51.0,12.0,0.006470699000146851,100.0,594.66796875,0.0
51.0,13.0,0.0052089220002926595,50.0,594.66796875,0.0
51.0,14.0,0.005633232000036514,0.0,594.66796875,0.0
51.0,15.0,0.00407953500007352,100.0,594.66796875,0.0
51.0,16.0,0.005252389999895968,0.0,594.66796875,0.0
51.0,17.0,0.004563435999898502,100.0,594.66796875,0.0
51.0,18.0,0.008031244999983755,100.0,594.66796875,0.0
51.0,19.0,0.00757283999973879,66.7,594.66796875,0.0
51.0,20.0,0.006687219000014011,0.0,594.66796875,0.0
51.0,21.0,0.0038966019997133117,100.0,594.671875,0.0
51.0,22.0,0.00699962399994547,50.0,594.671875,0.0
51.0,23.0,0.005652833000112878,100.0,594.671875,0.0
51.0,24.0,0.009067852000043786,50.0,594.6953125,0.0
51.0,25.0,0.0059001399999942805,100.0,594.69921875,0.0
51.0,26.0,0.006123167000168905,100.0,594.69921875,0.0
51.0,27.0,0.00529675000007046,0.0,594.69921875,0.0
51.0,28.0,0.005488796000008733,100.0,594.69921875,0.0
51.0,29.0,0.0057863199999701465,50.0,594.69921875,0.0
51.0,30.0,0.006410046000382863,0.0,594.703125,0.0
51.0,31.0,0.006450462999964657,100.0,594.70703125,0.0
51.0,32.0,0.00553351600001406,50.0,594.70703125,0.0
51.0,33.0,0.004039481999825512,0.0,594.70703125,0.0
51.0,34.0,0.0064550289998805965,50.0,594.70703125,0.0
51.0,35.0,0.0052316599999358004,0.0,594.7109375,0.0
51.0,36.0,0.005144793999988906,100.0,594.7109375,0.0
51.0,37.0,0.0051294089998918935,50.0,594.7109375,0.0
51.0,38.0,0.006668175000413612,0.0,594.71484375,0.0
51.0,39.0,0.0051179090000914584,100.0,594.7421875,0.0
51.0,40.0,0.005108600999847113,50.0,594.7421875,0.0
51.0,41.0,0.0038151530002323852,0.0,594.7421875,0.0
51.0,42.0,0.005182162999972206,50.0,594.7421875,0.0
51.0,43.0,0.006563476999872364,0.0,594.7421875,0.0
51.0,44.0,0.005078803000287735,100.0,594.7421875,0.0
51.0,45.0,0.005285060999995039,100.0,594.7421875,0.0
51.0,46.0,0.006961696999951528,50.0,594.7421875,0.0
51.0,47.0,0.003785634999985632,0.0,594.7421875,0.0
51.0,48.0,0.006724802999997337,100.0,594.74609375,0.0
51.0,49.0,0.0037457190001077834,0.0,594.74609375,0.0
51.0,50.0,0.005192655999962881,100.0,594.74609375,0.0
51.0,51.0,0.005414455999925849,0.0,594.74609375,0.0
51.0,52.0,0.006629678000081185,50.0,594.74609375,0.0
51.0,53.0,0.003833118999864382,100.0,594.74609375,0.0
51.0,54.0,0.00643850400001611,0.0,594.74609375,0.0
51.0,55.0,0.005323094000232231,50.0,594.74609375,0.0
51.0,56.0,0.00672424399999727,100.0,594.74609375,0.0
51.0,57.0,0.0042998390003958775,0.0,594.74609375,0.0
51.0,58.0,0.0054155890002220985,100.0,594.75390625,0.0
51.0,59.0,0.003836154000055103,0.0,594.75390625,0.0
51.0,60.0,0.005151689999820519,50.0,594.75390625,0.0
51.0,61.0,0.00519638700006908,0.0,594.75390625,0.0
51.0,62.0,0.0070089419996293145,50.0,594.75390625,0.0
51.0,63.0,0.004009453999969992,100.0,594.75390625,0.0
51.0,64.0,0.006535626000186312,50.0,594.75390625,0.0
51.0,65.0,0.005481985000187706,0.0,594.75390625,0.0
51.0,66.0,0.0064009640000222134,100.0,594.75390625,0.0
51.0,67.0,0.003970303999722091,0.0,594.7578125,0.0
51.0,68.0,0.0064031140000224696,50.0,594.7578125,0.0
51.0,69.0,0.005241494000074454,100.0,594.7578125,0.0
51.0,70.0,0.005480911000177002,0.0,594.7578125,0.0
51.0,71.0,0.004026540999802819,100.0,594.7578125,0.0
51.0,72.0,0.0067175959998166945,0.0,594.7578125,0.0
51.0,73.0,0.004243867000241153,100.0,594.7578125,0.0
51.0,74.0,0.00650663100032034,50.0,594.7578125,0.0
51.0,75.0,0.005281961000036972,0.0,594.7578125,0.0
51.0,76.0,0.006804405999901064,50.0,594.7578125,0.0
51.0,77.0,0.003925447000256099,0.0,594.7578125,0.0
51.0,78.0,0.006691516000046249,50.0,594.7578125,0.0
51.0,79.0,0.003829330999906233,100.0,594.7578125,0.0
51.0,80.0,0.008583985999848665,50.0,594.7578125,0.0
51.0,81.0,0.006525050000163901,100.0,594.7578125,0.0
51.0,82.0,0.005761857999914355,0.0,594.7578125,0.0
51.0,83.0,0.004030050999972445,100.0,594.7578125,0.0
51.0,84.0,0.0075724789999185305,0.0,594.7578125,0.0
51.0,85.0,0.003965313999742648,50.0,594.7578125,0.0
51.0,86.0,0.005342429999927845,100.0,594.7578125,0.0
51.0,87.0,0.0038563389998671482,0.0,594.7578125,0.0
51.0,88.0,0.005196941999656701,100.0,594.76171875,0.0
51.0,89.0,0.003993994999746064,0.0,594.76171875,0.0
51.0,90.0,0.006742862000010064,50.0,594.76171875,0.0
51.0,91.0,0.005263914999886765,0.0,594.76171875,0.0
51.0,92.0,0.005182596999929956,50.0,594.76171875,0.0
51.0,93.0,0.005440559999897232,100.0,594.76171875,0.0
51.0,94.0,0.005523824999727367,0.0,594.765625,0.0
51.0,95.0,0.004112948000056349,100.0,594.765625,0.0
51.0,96.0,0.010124886000085098,66.7,594.765625,0.0
51.0,97.0,0.005709504000151355,100.0,594.765625,0.0
51.0,98.0,0.005456361000142351,50.0,594.765625,0.0
51.0,99.0,0.003880621999996947,0.0,594.765625,0.0
51.0,100.0,0.007645351000064693,50.0,594.765625,0.0
52.0,1.0,0.006807729000229301,50.0,594.765625,0.0
52.0,2.0,0.006875545999719179,100.0,594.765625,0.0
52.0,3.0,0.005565513999954419,0.0,594.765625,0.0
52.0,4.0,0.005263546999685786,50.0,594.765625,0.0
52.0,5.0,0.005296285999975225,0.0,594.765625,0.0
52.0,6.0,0.006755883000096219,50.0,594.765625,0.0
52.0,7.0,0.004036891999930958,50.0,594.765625,0.0
52.0,8.0,0.0053633070001524175,0.0,594.765625,0.0
52.0,9.0,0.005191487000047346,50.0,594.765625,0.0
52.0,10.0,0.00680630899978496,100.0,594.765625,0.0
52.0,11.0,0.0038986260001365736,0.0,594.765625,0.0
52.0,12.0,0.005717645000004268,50.0,594.765625,0.0
52.0,13.0,0.005837678999796481,100.0,594.765625,0.0
52.0,14.0,0.005124133999743208,0.0,594.765625,0.0
52.0,15.0,0.0038400420003199542,50.0,594.765625,0.0
52.0,16.0,0.006652050999946368,0.0,594.765625,0.0
52.0,17.0,0.006639579000420781,100.0,594.765625,0.0
52.0,18.0,0.0065385919997424935,50.0,594.765625,0.0
52.0,19.0,0.003922237000097084,0.0,594.765625,0.0
52.0,20.0,0.007115026000064972,100.0,594.765625,0.0
52.0,21.0,0.005551880999973946,50.0,594.765625,0.0
52.0,22.0,0.005239615999926173,0.0,594.765625,0.0
52.0,23.0,0.0040724909999880765,100.0,594.765625,0.0
52.0,24.0,0.005419866000011098,50.0,594.765625,0.0
52.0,25.0,0.003866968999773235,0.0,594.765625,0.0
52.0,26.0,0.006848811000054411,50.0,594.76953125,0.0
52.0,27.0,0.00665195399960794,0.0,594.76953125,0.0
52.0,28.0,0.006668781000371382,100.0,594.76953125,0.0
52.0,29.0,0.006430106999687268,50.0,594.76953125,0.0
52.0,30.0,0.005249956999705319,50.0,594.76953125,0.0
52.0,31.0,0.0038639230001535907,0.0,594.76953125,0.0
52.0,32.0,0.00697217000015371,50.0,594.76953125,0.0
52.0,33.0,0.003982854000241787,0.0,594.76953125,0.0
52.0,34.0,0.005211219000102574,50.0,594.76953125,0.0
52.0,35.0,0.004219826000280591,0.0,594.76953125,0.0
52.0,36.0,0.007594592000259581,33.3,594.7734375,0.0
52.0,37.0,0.005110838999826228,100.0,594.7734375,0.0
52.0,38.0,0.005500732999735192,50.0,594.7734375,0.0
52.0,39.0,0.00561489400024584,0.0,594.7734375,0.0
52.0,40.0,0.007564757999716676,50.0,594.7734375,0.0
52.0,41.0,0.006919429999925342,100.0,594.7734375,0.0
52.0,42.0,0.006472988000041369,50.0,594.7734375,0.0
52.0,43.0,0.006631303000176558,50.0,594.7734375,0.0
52.0,44.0,0.006628867000017635,0.0,594.78125,0.0
52.0,45.0,0.005412708999756433,100.0,594.78125,0.0
52.0,46.0,0.005295921000197268,50.0,594.78125,0.0
52.0,47.0,0.003953193000143074,0.0,594.78125,0.0
52.0,48.0,0.0064291899998352164,50.0,594.78125,0.0
52.0,49.0,0.006470875999639247,0.0,594.78125,0.0
52.0,50.0,0.00666101000024355,100.0,594.78125,0.0
52.0,51.0,0.00402078499973868,50.0,594.90234375,0.0
52.0,52.0,0.01194161500006885,100.0,594.90234375,0.0
52.0,53.0,0.009146398999746452,100.0,594.90625,0.0
52.0,54.0,0.007494038000004366,100.0,594.90625,0.0
52.0,55.0,0.005825913000080618,100.0,594.91015625,0.0
52.0,56.0,0.012482777999593964,100.0,594.91015625,0.0
52.0,57.0,0.007627095999851008,100.0,594.91015625,0.0
52.0,58.0,0.02664310399995884,100.0,594.91015625,0.0
52.0,59.0,0.005651063999721373,100.0,594.9140625,0.0
52.0,60.0,0.009280157999910443,100.0,594.9140625,0.0
52.0,61.0,0.005674475999967399,100.0,594.9140625,0.0
52.0,62.0,0.0094261659996846,100.0,594.9140625,0.0
52.0,63.0,0.009589283999957843,100.0,594.9140625,0.0
52.0,64.0,0.010477749000074255,100.0,594.91796875,0.0
52.0,65.0,0.008177208000233804,100.0,594.921875,0.0
52.0,66.0,0.007436032999976305,100.0,594.921875,0.0
52.0,67.0,0.006575002999852586,100.0,594.921875,0.0
52.0,68.0,0.009983649999867339,100.0,594.921875,0.0
52.0,69.0,0.005600657999821124,100.0,594.921875,0.0
52.0,70.0,0.009375988000101643,100.0,594.92578125,0.0
52.0,71.0,0.005886551000003237,100.0,594.92578125,0.0
52.0,72.0,0.00947085400002834,100.0,594.92578125,0.0
52.0,73.0,0.005669433000093704,100.0,594.92578125,0.0
52.0,74.0,0.015732503999970504,100.0,594.92578125,0.0
52.0,75.0,0.0048258689998874615,100.0,594.9296875,0.0
52.0,76.0,0.007381416000043828,50.0,594.93359375,0.0
52.0,77.0,0.007668934999855992,100.0,594.93359375,0.0
52.0,78.0,0.010052133000044705,100.0,594.93359375,0.0
52.0,79.0,0.006526296999709302,100.0,594.93359375,0.0
52.0,80.0,0.012656578000132868,100.0,594.93359375,0.0
52.0,81.0,0.00771620100022119,100.0,594.9375,0.0
52.0,82.0,0.009959291000086523,100.0,594.9375,0.0
52.0,83.0,0.010295036000115942,100.0,594.9375,0.0
52.0,84.0,0.009906869000133156,100.0,594.9453125,0.0
52.0,85.0,0.006249004000437708,100.0,594.9453125,0.0
52.0,86.0,0.008650697999655677,100.0,594.94921875,0.0
52.0,87.0,0.005971240000235412,100.0,594.94921875,0.0
52.0,88.0,0.011951879999742232,100.0,594.94921875,0.0
52.0,89.0,0.009365109000100347,100.0,594.94921875,0.0
52.0,90.0,0.015490042000237736,100.0,594.94921875,0.0
52.0,91.0,0.016498575000241544,100.0,594.94921875,0.0
52.0,92.0,0.011961854000219319,100.0,594.953125,0.0
52.0,93.0,0.005836998000177118,100.0,594.953125,0.0
52.0,94.0,0.007889747000263014,100.0,594.953125,0.0
52.0,95.0,0.005972950999876048,100.0,594.95703125,0.0
52.0,96.0,0.007971361000272736,100.0,594.95703125,0.0
52.0,97.0,0.007906641999852582,100.0,594.95703125,0.0
52.0,98.0,0.013300650000019232,100.0,594.99609375,0.0
52.0,99.0,0.00758876700001565,100.0,594.99609375,0.0
52.0,100.0,0.008049816000038845,100.0,594.99609375,0.0
53.0,1.0,0.00622684699965248,100.0,594.99609375,0.0
53.0,2.0,0.013355115000194928,100.0,594.99609375,0.0
53.0,3.0,0.007709134999913658,100.0,594.99609375,0.0
53.0,4.0,0.010159342999941146,100.0,595.00390625,0.0
53.0,5.0,0.0072120629997698416,100.0,595.00390625,0.0
53.0,6.0,0.006471867000072962,100.0,595.00390625,0.0
53.0,7.0,0.006964422999772069,100.0,595.0078125,0.0
53.0,8.0,0.006152172999918548,100.0,595.0078125,0.0
53.0,9.0,0.006198217000019213,100.0,595.0078125,0.0
53.0,10.0,0.010037240000201564,100.0,595.0078125,0.0
53.0,11.0,0.007992839000053209,100.0,595.01171875,0.0
53.0,12.0,0.027483925000069576,100.0,595.01171875,0.0
53.0,13.0,0.012100816999918607,100.0,595.01171875,0.0
53.0,14.0,0.008719381999981124,100.0,595.015625,0.0
53.0,15.0,0.005989916999624256,100.0,595.015625,0.0
53.0,16.0,0.011273619999883522,100.0,595.01953125,0.0
53.0,17.0,0.005686556999989989,100.0,595.01953125,0.0
53.0,18.0,0.007913968000138993,100.0,595.01953125,0.0
53.0,19.0,0.005965106000076048,100.0,595.01953125,0.0
53.0,20.0,0.009993761999794515,100.0,595.01953125,0.0
53.0,21.0,0.0145558220001476,100.0,595.01953125,0.0
53.0,22.0,0.007967902000018512,100.0,595.01953125,0.0
53.0,23.0,0.006033938000200578,100.0,595.01953125,0.0
53.0,24.0,0.011701258999892161,100.0,595.01953125,0.0
53.0,25.0,0.01222474099995452,100.0,595.0234375,0.0
53.0,26.0,0.022208353000223724,100.0,595.0234375,0.0
53.0,27.0,0.007228467999993882,100.0,595.0234375,0.0
53.0,28.0,0.008151701999850047,100.0,595.0234375,0.0
53.0,29.0,0.006223577999662666,100.0,595.0234375,0.0
53.0,30.0,0.008115823000025557,100.0,595.0234375,0.0
53.0,31.0,0.008142671000314294,100.0,595.0234375,0.0
53.0,32.0,0.009822213000006741,100.0,595.0234375,0.0
53.0,33.0,0.005917406999742525,100.0,595.0234375,0.0
53.0,34.0,0.012428302999978769,100.0,595.0234375,0.0
53.0,35.0,0.007694980999986001,100.0,595.0234375,0.0
53.0,36.0,0.023368144999949436,100.0,595.02734375,0.0
53.0,37.0,0.017642894000346132,100.0,595.02734375,0.0
53.0,38.0,0.019589837999774318,100.0,595.02734375,0.0
53.0,39.0,0.020154916000137746,100.0,595.02734375,0.0
53.0,40.0,0.009031718000187539,100.0,595.02734375,0.0
53.0,41.0,0.015571748000184016,100.0,595.02734375,0.0
53.0,42.0,0.012394621000112238,100.0,595.02734375,0.0
53.0,43.0,0.010285298000326293,100.0,595.02734375,0.0
53.0,44.0,0.007877640000060637,100.0,595.02734375,0.0
53.0,45.0,0.005960285999663029,100.0,595.03125,0.0
53.0,46.0,0.01842625399967801,100.0,595.03515625,0.0
53.0,47.0,0.012207718999889039,100.0,595.03515625,0.0
53.0,48.0,0.009636571000100957,100.0,595.03515625,0.0
53.0,49.0,0.005854331000136881,100.0,595.03515625,0.0
53.0,50.0,0.02511684499995681,100.0,595.03515625,0.0
53.0,51.0,0.014375282999935735,100.0,595.03515625,0.0
53.0,52.0,0.011673868000343646,100.0,595.03515625,0.0
53.0,53.0,0.008199186000183545,100.0,595.03515625,0.0
53.0,54.0,0.010036124999714957,100.0,595.03515625,0.0
53.0,55.0,0.010170536000259744,100.0,595.03515625,0.0
53.0,56.0,0.022149292999984027,100.0,595.08984375,0.0
53.0,57.0,0.02815479899982165,100.0,595.08984375,0.0
53.0,58.0,0.018064059000153065,100.0,595.08984375,0.0
53.0,59.0,0.005961635999938153,100.0,595.08984375,0.0
53.0,60.0,0.009988619999603543,100.0,595.08984375,0.0
53.0,61.0,0.0059891319997404935,100.0,595.08984375,0.0
53.0,62.0,0.02197965799996382,100.0,595.08984375,0.0
53.0,63.0,0.013617112000247289,100.0,595.08984375,0.0
53.0,64.0,0.014091713999732747,100.0,595.08984375,0.0
53.0,65.0,0.010256452000248828,100.0,595.08984375,0.0
53.0,66.0,0.007991699999820412,100.0,595.08984375,0.0
53.0,67.0,0.008163562000390812,100.0,595.08984375,0.0
53.0,68.0,0.02033553100000063,100.0,595.08984375,0.0
53.0,69.0,0.008529687000191188,100.0,595.08984375,0.0
53.0,70.0,0.02114184199990632,80.0,595.08984375,0.0
53.0,71.0,0.011867457999869657,100.0,595.08984375,0.0
53.0,72.0,0.0159545110000181,100.0,595.08984375,0.0
53.0,73.0,0.012103103999834275,100.0,595.08984375,0.0
53.0,74.0,0.016790827000022546,100.0,595.08984375,0.0
53.0,75.0,0.016043975000229693,100.0,595.08984375,0.0
53.0,76.0,0.010618351000175608,100.0,595.09375,0.0
53.0,77.0,0.011722134000137885,100.0,595.09375,0.0
53.0,78.0,0.009659253999870998,100.0,595.09375,0.0
53.0,79.0,0.006297141999766609,100.0,595.09375,0.0
53.0,80.0,0.007542474999809201,100.0,595.09375,0.0
53.0,81.0,0.005673383000157628,100.0,595.09375,0.0
53.0,82.0,0.010011993999796687,100.0,595.09375,0.0
53.0,83.0,0.005896919999941019,100.0,595.09375,0.0
53.0,84.0,0.02226713199979713,100.0,595.09375,0.0
53.0,85.0,0.009761058999629313,100.0,595.09375,0.0
53.0,86.0,0.0388784079996185,100.0,595.09375,0.0
53.0,87.0,0.022465097999884165,100.0,595.1015625,0.0
53.0,88.0,0.0245522649997838,100.0,595.1015625,0.0
53.0,89.0,0.012869580000369751,100.0,595.1015625,0.0
53.0,90.0,0.038024522000341676,100.0,595.1015625,0.0
53.0,91.0,0.015017790000001696,100.0,595.1015625,0.0
53.0,92.0,0.02156622199981939,100.0,595.1015625,0.0
53.0,93.0,0.01387875799991889,100.0,595.10546875,0.0
53.0,94.0,0.03438782600005652,100.0,595.10546875,0.0
53.0,95.0,0.02892075699992347,100.0,595.10546875,0.0
53.0,96.0,0.0412039329999061,100.0,595.10546875,0.0
53.0,97.0,0.03967607399999906,100.0,595.10546875,0.0
53.0,98.0,0.03929670700017596,100.0,595.109375,0.0
53.0,99.0,0.02363709299970651,100.0,595.109375,0.0
53.0,100.0,0.04319692299986855,100.0,595.109375,0.0
54.0,1.0,0.03917009299993879,100.0,595.109375,0.0
54.0,2.0,0.02899909200004913,100.0,595.109375,0.0
54.0,3.0,0.05032652199997756,100.0,595.109375,0.0
54.0,4.0,0.039151353999841376,100.0,595.11328125,0.0
54.0,5.0,0.04680474199994933,100.0,595.11328125,0.0
54.0,6.0,0.04959323900038726,100.0,595.11328125,0.0
54.0,7.0,0.05952040600004693,100.0,595.11328125,0.0
54.0,8.0,0.04921863600020515,100.0,595.11328125,0.0
54.0,9.0,0.047332019000350556,100.0,595.11328125,0.0
54.0,10.0,0.05893941099975564,100.0,595.1171875,0.0
54.0,11.0,0.047359194999899046,100.0,595.1171875,0.0
54.0,12.0,0.06339849300002243,100.0,595.1171875,0.0
54.0,13.0,0.01757478599984097,100.0,595.1171875,0.0
54.0,14.0,0.012555032999898685,100.0,595.1171875,0.0
54.0,15.0,0.04581079299987323,100.0,595.1171875,0.0
54.0,16.0,0.05300016399996821,100.0,595.1171875,0.0
54.0,17.0,0.03565044000015405,100.0,595.1171875,0.0
54.0,18.0,0.05552434199989875,100.0,595.1171875,0.0
54.0,19.0,0.006881633999910264,100.0,595.1171875,0.0
54.0,20.0,0.007081498999923497,100.0,595.12109375,0.0
54.0,21.0,0.006938300000001618,100.0,595.12109375,0.0
54.0,22.0,0.008999318999940442,100.0,595.12109375,0.0
54.0,23.0,0.005393345999891608,100.0,595.12109375,0.0
54.0,24.0,0.007234240999878239,100.0,595.12109375,0.0
54.0,25.0,0.007119713000065531,100.0,595.125,0.0
54.0,26.0,0.009195320999879186,100.0,595.125,0.0
54.0,27.0,0.0053783789999215514,100.0,595.125,0.0
54.0,28.0,0.007252733000314038,100.0,595.12890625,0.0
54.0,29.0,0.005189584999698127,100.0,595.12890625,0.0
54.0,30.0,0.007104049000190571,100.0,595.1328125,0.0
54.0,31.0,0.005602421000276081,100.0,595.13671875,0.0
54.0,32.0,0.008316284000102314,100.0,595.13671875,0.0
54.0,33.0,0.007482342999992397,100.0,595.13671875,0.0
54.0,34.0,0.005955808999715373,100.0,595.13671875,0.0
54.0,35.0,0.005583052000019961,100.0,595.13671875,0.0
54.0,36.0,0.00873721400012073,100.0,595.13671875,0.0
54.0,37.0,0.005302834999838524,100.0,595.140625,0.0
54.0,38.0,0.00863592099995003,100.0,595.140625,0.0
54.0,39.0,0.0070964450001156365,100.0,595.140625,0.0
54.0,40.0,0.008785107000221615,100.0,595.140625,0.0
54.0,41.0,0.005230253999798151,100.0,595.14453125,0.0
54.0,42.0,0.007104609000180062,100.0,595.14453125,0.0
54.0,43.0,0.005119130000366567,100.0,595.14453125,0.0
54.0,44.0,0.008696315000179311,100.0,595.14453125,0.0
54.0,45.0,0.007095428999946307,100.0,595.14453125,0.0
54.0,46.0,0.011572090999834472,100.0,595.1484375,0.0
54.0,47.0,0.011138554999888584,100.0,595.1484375,0.0
54.0,48.0,0.010923708000063925,100.0,595.1484375,0.0
54.0,49.0,0.010584832000404276,100.0,595.1484375,0.0
54.0,50.0,0.009073400000033871,100.0,595.1484375,0.0
54.0,51.0,0.005812651999804075,100.0,595.15234375,0.0
54.0,52.0,0.009615461000066716,100.0,595.15234375,0.0
54.0,53.0,0.009507602999747178,100.0,595.15234375,0.0
54.0,54.0,0.00700701100004153,100.0,595.15234375,0.0
54.0,55.0,0.005369626000174321,100.0,595.15234375,0.0
54.0,56.0,0.007191556999714521,100.0,595.15234375,0.0
54.0,57.0,0.008823402999951213,100.0,595.15234375,0.0
54.0,58.0,0.008624920000329439,100.0,595.15234375,0.0
54.0,59.0,0.005183988000226236,100.0,595.15234375,0.0
54.0,60.0,0.008803180000086286,100.0,595.15234375,0.0
54.0,61.0,0.006969767000100546,100.0,595.15234375,0.0
54.0,62.0,0.0073985549997814815,100.0,595.15625,0.0
54.0,63.0,0.007469257000138896,100.0,595.15625,0.0
54.0,64.0,0.01024876499968741,100.0,595.15625,0.0
54.0,65.0,0.0050131739999415,100.0,595.15625,0.0
54.0,66.0,0.007835304999844084,100.0,595.15625,0.0
54.0,67.0,0.00781822099997953,100.0,595.15625,0.0
54.0,68.0,0.010497299000235216,100.0,595.15625,0.0
54.0,69.0,0.004798957999810227,100.0,595.15625,0.0
54.0,70.0,0.008043223999720794,100.0,595.15625,0.0
54.0,71.0,0.0059703100000660925,100.0,595.1640625,0.0
54.0,72.0,0.009615662999749475,100.0,595.1640625,0.0
54.0,73.0,0.0069040170001244405,100.0,595.1640625,0.0
54.0,74.0,0.007655872999748681,100.0,595.1640625,0.0
54.0,75.0,0.007856106999952317,100.0,595.1640625,0.0
54.0,76.0,0.010812505000103556,75.0,595.1640625,0.0
54.0,77.0,0.0067605049998746836,100.0,595.16796875,0.0
54.0,78.0,0.008177192999937688,100.0,595.16796875,0.0
54.0,79.0,0.0058956230000148935,100.0,595.171875,0.0
54.0,80.0,0.0070330389999071485,100.0,595.171875,0.0
54.0,81.0,0.006036947000211512,100.0,595.171875,0.0
54.0,82.0,0.008469224000236864,100.0,595.171875,0.0
54.0,83.0,0.006205928000326821,100.0,595.171875,0.0
54.0,84.0,0.007648345999768935,100.0,595.171875,0.0
54.0,85.0,0.006299856000168802,100.0,595.171875,0.0
54.0,86.0,0.008791733000180102,100.0,595.171875,0.0
54.0,87.0,0.0055225119999704475,100.0,595.171875,0.0
54.0,88.0,0.009048962999713694,100.0,595.171875,0.0
54.0,89.0,0.005700197999885859,100.0,595.171875,0.0
54.0,90.0,0.009294350999880407,100.0,595.17578125,0.0
54.0,91.0,0.007147895000343851,100.0,595.17578125,0.0
54.0,92.0,0.00873494400002528,100.0,595.17578125,0.0
54.0,93.0,0.005449112000405876,100.0,595.17578125,0.0
54.0,94.0,0.007731275999958598,100.0,595.17578125,0.0
54.0,95.0,0.006423796000035509,100.0,595.17578125,0.0
54.0,96.0,0.00898981799991816,100.0,595.17578125,0.0
54.0,97.0,0.005772530999820447,100.0,595.18359375,0.0
54.0,98.0,0.007581788999686978,100.0,595.18359375,0.0
54.0,99.0,0.007642100000339269,100.0,595.18359375,0.0
54.0,100.0,0.009934587999850919,100.0,595.18359375,0.0
55.0,1.0,0.005061519000264525,50.0,595.1875,0.0
55.0,2.0,0.007534441000188963,100.0,595.19140625,0.0
55.0,3.0,0.009168069000224932,100.0,595.1953125,0.0
55.0,4.0,0.008627762000287476,100.0,595.1953125,0.0
55.0,5.0,0.005179408000003605,100.0,595.1953125,0.0
55.0,6.0,0.00714189099971918,100.0,595.1953125,0.0
55.0,7.0,0.0052017699999851175,100.0,595.1953125,0.0
55.0,8.0,0.008937214000070526,100.0,595.19921875,0.0
55.0,9.0,0.005238668999936635,100.0,595.19921875,0.0
55.0,10.0,0.009032883999680053,100.0,595.203125,0.0
55.0,11.0,0.009102337000058469,100.0,595.203125,0.0
55.0,12.0,0.00881096900002376,100.0,595.203125,0.0
55.0,13.0,0.005795008999939455,100.0,595.25390625,0.0
55.0,14.0,0.007322767000005115,100.0,595.2578125,0.0
55.0,15.0,0.007070074999774079,100.0,595.2578125,0.0
55.0,16.0,0.008904771999823424,100.0,595.2578125,0.0
55.0,17.0,0.007687909999731346,100.0,595.2578125,0.0
55.0,18.0,0.009181664000152523,100.0,595.2578125,0.0
55.0,19.0,0.007161677999647509,100.0,595.26171875,0.0
55.0,20.0,0.008841773999847646,100.0,595.35546875,0.0
55.0,21.0,0.007099769000433298,100.0,595.35546875,0.0
55.0,22.0,0.010313572999621101,100.0,595.35546875,0.0
55.0,23.0,0.009328331000233447,100.0,595.35546875,0.0
55.0,24.0,0.009548154999720282,100.0,595.35546875,0.0
55.0,25.0,0.007018845999937184,100.0,595.35546875,0.0
55.0,26.0,0.007527715999913198,100.0,595.35546875,0.0
55.0,27.0,0.008319223999933456,100.0,595.35546875,0.0
55.0,28.0,0.009216840000135562,100.0,595.35546875,0.0
55.0,29.0,0.009376657999837335,100.0,595.35546875,0.0
55.0,30.0,0.007770940999762388,100.0,595.359375,0.0
55.0,31.0,0.005407206000199949,100.0,595.359375,0.0
55.0,32.0,0.007974610000019311,50.0,595.359375,0.0
55.0,33.0,0.005899300000237417,100.0,595.359375,0.0
55.0,34.0,0.011051235000195447,100.0,595.359375,0.0
55.0,35.0,0.008766864000335772,100.0,595.359375,0.0
55.0,36.0,0.009510643999874446,100.0,595.36328125,0.0
55.0,37.0,0.005642416999762645,100.0,595.36328125,0.0
55.0,38.0,0.009815344999879017,100.0,595.36328125,0.0
55.0,39.0,0.0068480939999062684,100.0,595.36328125,0.0
55.0,40.0,0.0057502739996380114,100.0,595.36328125,0.0
55.0,41.0,0.005937054999776592,100.0,595.36328125,0.0
55.0,42.0,0.00967223899988312,100.0,595.3671875,0.0
55.0,43.0,0.00968769999963115,100.0,595.3671875,0.0
55.0,44.0,0.009646115999657923,100.0,595.3671875,0.0
55.0,45.0,0.00615450699979192,100.0,595.3671875,0.0
55.0,46.0,0.005994081000153528,100.0,595.3671875,0.0
55.0,47.0,0.0064955540001392365,100.0,595.3671875,0.0
55.0,48.0,0.00829941099982534,100.0,595.3671875,0.0
55.0,49.0,0.005708553999738797,100.0,595.3671875,0.0
55.0,50.0,0.009914290999859077,100.0,595.3671875,0.0
55.0,51.0,0.006060477999653813,100.0,595.3671875,0.0
55.0,52.0,0.00781551899990518,100.0,595.3671875,0.0
55.0,53.0,0.005717367999750422,100.0,595.37109375,0.0
55.0,54.0,0.009723319999920932,100.0,595.37109375,0.0
55.0,55.0,0.005855384000369668,100.0,595.37109375,0.0
55.0,56.0,0.00779874700037908,100.0,595.37109375,0.0
55.0,57.0,0.007804724000379792,100.0,595.37109375,0.0
55.0,58.0,0.007755674000236468,100.0,595.37109375,0.0
55.0,59.0,0.005632225999761431,100.0,595.375,0.0
55.0,60.0,0.007640222999725665,100.0,595.375,0.0
55.0,61.0,0.009507314000074985,100.0,595.375,0.0
55.0,62.0,0.00768675599965718,100.0,595.375,0.0
55.0,63.0,0.007431300999996893,100.0,595.37890625,0.0
55.0,64.0,0.009432665999611345,100.0,595.37890625,0.0
55.0,65.0,0.0077333230001386255,100.0,595.37890625,0.0
55.0,66.0,0.005645049000122526,100.0,595.37890625,0.0
55.0,67.0,0.005706775999897218,100.0,595.37890625,0.0
55.0,68.0,0.011213762999886967,100.0,595.37890625,0.0
55.0,69.0,0.0057223769999836804,0.0,595.37890625,0.0
55.0,70.0,0.010813603999849875,100.0,595.37890625,0.0
55.0,71.0,0.007015913000032015,100.0,595.37890625,0.0
55.0,72.0,0.011295542999960162,100.0,595.37890625,0.0
55.0,73.0,0.00909926499980429,100.0,595.37890625,0.0
55.0,74.0,0.008134753999911482,100.0,595.37890625,0.0
55.0,75.0,0.006195934000061243,100.0,595.37890625,0.0
55.0,76.0,0.008285851999971783,100.0,595.37890625,0.0
55.0,77.0,0.0061505500002567715,100.0,595.37890625,0.0
55.0,78.0,0.010230641999896761,100.0,595.37890625,0.0
55.0,79.0,0.008544077999886213,100.0,595.37890625,0.0
55.0,80.0,0.009737139000208117,100.0,595.37890625,0.0
55.0,81.0,0.004293436000352813,50.0,595.37890625,0.0
55.0,82.0,0.007155490000059217,50.0,595.37890625,0.0
55.0,83.0,0.004268269000021974,0.0,595.37890625,0.0
55.0,84.0,0.006813806000081968,50.0,595.37890625,0.0
55.0,85.0,0.007117918999938411,50.0,595.37890625,0.0
55.0,86.0,0.005633525000121153,0.0,595.37890625,0.0
55.0,87.0,0.007459271999778139,50.0,595.3828125,0.0
55.0,88.0,0.005455299000004743,50.0,595.3828125,0.0
55.0,89.0,0.007082565000018803,0.0,595.3828125,0.0
55.0,90.0,0.006842361000053643,100.0,595.3828125,0.0
55.0,91.0,0.0056255499998769665,50.0,595.3828125,0.0
55.0,92.0,0.004118849999940721,0.0,595.3828125,0.0
55.0,93.0,0.0071165129998007615,50.0,595.3828125,0.0
55.0,94.0,0.006336353000278905,50.0,595.3828125,0.0
55.0,95.0,0.004142994999710936,100.0,595.3828125,0.0
55.0,96.0,0.0041687650000312715,0.0,595.3828125,0.0
55.0,97.0,0.00403564499993081,100.0,595.3828125,0.0
55.0,98.0,0.005941675000030955,0.0,595.3828125,0.0
55.0,99.0,0.005989534000036656,100.0,595.38671875,0.0
55.0,100.0,0.006940227000086452,50.0,595.38671875,0.0
56.0,1.0,0.005972451000161527,50.0,595.38671875,0.0
56.0,2.0,0.005657938000240392,0.0,595.390625,0.0
56.0,3.0,0.004429293999692163,50.0,595.390625,0.0
56.0,4.0,0.007122606000393716,50.0,595.390625,0.0
56.0,5.0,0.007346862999838777,0.0,595.39453125,0.0
56.0,6.0,0.00535245599985501,50.0,595.39453125,0.0
56.0,7.0,0.004224593999879289,0.0,595.39453125,0.0
56.0,8.0,0.0069306690002122195,100.0,595.39453125,0.0
56.0,9.0,0.00731850400006806,50.0,595.39453125,0.0
56.0,10.0,0.005824159999974654,50.0,595.39453125,0.0
56.0,11.0,0.0071640440000919625,50.0,595.40234375,0.0
56.0,12.0,0.007324857000185148,0.0,595.40234375,0.0
56.0,13.0,0.0071978139999373525,50.0,595.40234375,0.0
56.0,14.0,0.007865015999868774,50.0,595.40234375,0.0
56.0,15.0,0.004557319000014104,100.0,595.40234375,0.0
56.0,16.0,0.007087903999945411,0.0,595.40234375,0.0
56.0,17.0,0.0042116449999412,50.0,595.40234375,0.0
56.0,18.0,0.007051491999845894,100.0,595.40234375,0.0
56.0,19.0,0.00424195100003999,0.0,595.40234375,0.0
56.0,20.0,0.005381453000154579,100.0,595.40625,0.0
56.0,21.0,0.004090679000000819,0.0,595.40625,0.0
56.0,22.0,0.006726165000145556,50.0,595.40625,0.0
56.0,23.0,0.004228034999869124,100.0,595.40625,0.0
56.0,24.0,0.0040269810001518636,0.0,595.40625,0.0
56.0,25.0,0.0040477809998265,100.0,595.40625,0.0
56.0,26.0,0.005678250000073604,0.0,595.40625,0.0
56.0,27.0,0.006945893000192882,50.0,595.40625,0.0
56.0,28.0,0.005798796999897604,100.0,595.40625,0.0
56.0,29.0,0.006919465999999375,100.0,595.40625,0.0
56.0,30.0,0.00667397000006531,50.0,595.4140625,0.0
56.0,31.0,0.004295497999919462,0.0,595.4140625,0.0
56.0,32.0,0.00672848200019871,50.0,595.4140625,0.0
56.0,33.0,0.004224641999826417,50.0,595.4140625,0.0
56.0,34.0,0.006959138000183884,0.0,595.4140625,0.0
56.0,35.0,0.004007531999832281,50.0,595.4140625,0.0
56.0,36.0,0.007028485999853729,50.0,595.4140625,0.0
56.0,37.0,0.005552079999688431,0.0,595.4140625,0.0
56.0,38.0,0.006931550999979663,50.0,595.4140625,0.0
56.0,39.0,0.004003332000138471,100.0,595.4140625,0.0
56.0,40.0,0.005611855000097421,0.0,595.41796875,0.0
56.0,41.0,0.0066658120003921795,50.0,595.41796875,0.0
56.0,42.0,0.005563986000197474,100.0,595.41796875,0.0
56.0,43.0,0.004469809000056557,0.0,595.41796875,0.0
56.0,44.0,0.006266948999837041,100.0,595.41796875,0.0
56.0,45.0,0.007355763999839837,66.7,595.41796875,0.0
56.0,46.0,0.006957288000194239,0.0,595.41796875,0.0
56.0,47.0,0.004188328000054753,50.0,595.41796875,0.0
56.0,48.0,0.005634176000057778,100.0,595.41796875,0.0
56.0,49.0,0.004332544000135385,0.0,595.41796875,0.0
56.0,50.0,0.007577615000172955,50.0,595.41796875,0.0
56.0,51.0,0.00414083199984816,0.0,595.421875,0.0
56.0,52.0,0.004183842000202276,50.0,595.421875,0.0
56.0,53.0,0.00840180999966833,100.0,595.421875,0.0
56.0,54.0,0.007455854999989242,50.0,595.421875,0.0
56.0,55.0,0.004084880000391422,0.0,595.421875,0.0
56.0,56.0,0.0058642680000957625,100.0,595.42578125,0.0
56.0,57.0,0.007140294000237191,50.0,595.42578125,0.0
56.0,58.0,0.005424613999821304,0.0,595.42578125,0.0
56.0,59.0,0.005584448999798042,100.0,595.42578125,0.0
56.0,60.0,0.009658885000135342,66.7,595.4296875,0.0
56.0,61.0,0.004154370999913226,0.0,595.4296875,0.0
56.0,62.0,0.005406248999861418,50.0,595.4296875,0.0
56.0,63.0,0.004305629000100453,0.0,595.4296875,0.0
56.0,64.0,0.007149787999878754,50.0,595.4296875,0.0
56.0,65.0,0.004273440000361006,100.0,595.4296875,0.0
56.0,66.0,0.00561588499977006,0.0,595.4296875,0.0
56.0,67.0,0.00534792300004483,50.0,595.4296875,0.0
56.0,68.0,0.004307820999656542,0.0,595.4296875,0.0
56.0,69.0,0.0071065520000956894,50.0,595.4296875,0.0
56.0,70.0,0.006761612999980571,50.0,595.43359375,0.0
56.0,71.0,0.004156309999871155,100.0,595.43359375,0.0
56.0,72.0,0.006734612999935052,0.0,595.43359375,0.0
56.0,73.0,0.004099627999949007,100.0,595.43359375,0.0
56.0,74.0,0.005486869999913324,0.0,595.43359375,0.0
56.0,75.0,0.005451837000236992,50.0,595.4375,0.0
56.0,76.0,0.005693117000191705,100.0,595.4375,0.0
56.0,77.0,0.006448885999816412,100.0,595.4375,0.0
56.0,78.0,0.00938273100018705,100.0,595.4375,0.0
56.0,79.0,0.0050876650002464885,50.0,595.4375,0.0
56.0,80.0,0.007124125999780517,50.0,595.4375,0.0
56.0,81.0,0.004263753000032011,0.0,595.4453125,0.0
56.0,82.0,0.007400741000310518,100.0,595.4453125,0.0
56.0,83.0,0.0063675330002297414,50.0,595.4453125,0.0
56.0,84.0,0.007123862999833364,50.0,595.4453125,0.0
56.0,85.0,0.004051586000059615,0.0,595.4453125,0.0
56.0,86.0,0.005481718000282854,50.0,595.44921875,0.0
56.0,87.0,0.005628620000152296,0.0,595.44921875,0.0
56.0,88.0,0.0069085700001778605,50.0,595.44921875,0.0
56.0,89.0,0.0041534990000400285,50.0,595.453125,0.0
56.0,90.0,0.0077721829998154135,0.0,595.453125,0.0
56.0,91.0,0.004160917000262998,50.0,595.45703125,0.0
56.0,92.0,0.0053684069998780615,50.0,595.4609375,0.0
56.0,93.0,0.004575142999783566,0.0,595.4609375,0.0
56.0,94.0,0.006832609999946726,50.0,595.4609375,0.0
56.0,95.0,0.004089248000127554,0.0,595.4609375,0.0
56.0,96.0,0.0069941149999976915,50.0,595.4609375,0.0
56.0,97.0,0.00440614099989034,50.0,595.4609375,0.0
56.0,98.0,0.007089447999987897,0.0,595.4609375,0.0
56.0,99.0,0.0064144670000132464,50.0,595.4609375,0.0
56.0,100.0,0.0055520529999739665,50.0,595.4609375,0.0
57.0,1.0,0.005738498000027903,100.0,595.4609375,0.0
57.0,2.0,0.005558606000249711,0.0,595.46484375,0.0
57.0,3.0,0.004282559999865043,100.0,595.46484375,0.0
57.0,4.0,0.004044539000005898,0.0,595.46484375,0.0
57.0,5.0,0.005541786999856413,100.0,595.46484375,0.0
57.0,6.0,0.007084530000156519,50.0,595.46484375,0.0
57.0,7.0,0.004630330999589205,0.0,595.46875,0.0
57.0,8.0,0.007018747000074654,50.0,595.46875,0.0
57.0,9.0,0.0041407779999644845,100.0,595.46875,0.0
57.0,10.0,0.0068468579997897905,0.0,595.46875,0.0
57.0,11.0,0.007190003999767214,50.0,595.46875,0.0
57.0,12.0,0.004104042000108166,100.0,595.47265625,0.0
57.0,13.0,0.004234032000113075,0.0,595.47265625,0.0
57.0,14.0,0.005544756000290363,100.0,595.47265625,0.0
57.0,15.0,0.004220959000122093,0.0,595.47265625,0.0
57.0,16.0,0.00724237299982633,100.0,595.47265625,0.0
57.0,17.0,0.0043040470000050846,50.0,595.47265625,0.0
57.0,18.0,0.005791251000118791,0.0,595.47265625,0.0
57.0,19.0,0.005666976999691542,100.0,595.47265625,0.0
57.0,20.0,0.005689988000085577,50.0,595.47265625,0.0
57.0,21.0,0.007418405999942479,100.0,595.47265625,0.0
57.0,22.0,0.00846594999984518,100.0,595.47265625,0.0
57.0,23.0,0.008202180999887787,100.0,595.47265625,0.0
57.0,24.0,0.009179828000014822,100.0,595.4765625,0.0
57.0,25.0,0.0043035940002482675,0.0,595.4765625,0.0
57.0,26.0,0.0054533429997718486,50.0,595.4765625,0.0
57.0,27.0,0.005673559999650024,100.0,595.4765625,0.0
57.0,28.0,0.00539938500014614,0.0,595.4765625,0.0
57.0,29.0,0.006062206000024162,100.0,595.4765625,0.0
57.0,30.0,0.005568106999817246,50.0,595.48046875,0.0
57.0,31.0,0.0042503790000409936,0.0,595.48046875,0.0
57.0,32.0,0.006856779999907303,100.0,595.484375,0.0
57.0,33.0,0.005121684999721765,50.0,595.48828125,0.0
57.0,34.0,0.00715037800000573,100.0,595.48828125,0.0
57.0,35.0,0.0043441390002953995,100.0,595.48828125,0.0
57.0,36.0,0.005448270000215416,50.0,595.48828125,0.0
57.0,37.0,0.005703148999600671,0.0,595.48828125,0.0
57.0,38.0,0.006959336000363692,50.0,595.48828125,0.0
57.0,39.0,0.005007727000247542,100.0,595.48828125,0.0
57.0,40.0,0.00713416500002495,50.0,595.48828125,0.0
57.0,41.0,0.00705656700029067,100.0,595.48828125,0.0
57.0,42.0,0.0072472430001653265,50.0,595.48828125,0.0
57.0,43.0,0.005520865000107733,100.0,595.4921875,0.0
57.0,44.0,0.007675219000248035,50.0,595.4921875,0.0
57.0,45.0,0.004184718000033172,0.0,595.4921875,0.0
57.0,46.0,0.006012396999722114,100.0,595.4921875,0.0
57.0,47.0,0.004246306999903027,0.0,595.4921875,0.0
57.0,48.0,0.005564900000081252,100.0,595.49609375,0.0
57.0,49.0,0.0041005919997587625,0.0,595.49609375,0.0
57.0,50.0,0.007008721000147489,50.0,595.49609375,0.0
57.0,51.0,0.004282387999865023,100.0,595.49609375,0.0
57.0,52.0,0.006716387999858853,50.0,595.49609375,0.0
57.0,53.0,0.005639167000026646,0.0,595.49609375,0.0
57.0,54.0,0.01056792100007442,66.7,595.5,0.0
57.0,55.0,0.005636287000015727,100.0,595.5,0.0
57.0,56.0,0.006894066999848292,100.0,595.5,0.0
57.0,57.0,0.004295350000120379,0.0,595.5,0.0
57.0,58.0,0.0060189859996171435,100.0,595.5,0.0
57.0,59.0,0.004258147000200552,0.0,595.5,0.0
57.0,60.0,0.006836716999714554,50.0,595.5,0.0
57.0,61.0,0.0041390989999854355,100.0,595.5,0.0
57.0,62.0,0.00569420000010723,0.0,595.5,0.0
57.0,63.0,0.004103464999843709,100.0,595.5,0.0
57.0,64.0,0.005396225999902526,0.0,595.5,0.0
57.0,65.0,0.004058925000208546,100.0,595.5,0.0
57.0,66.0,0.00800259699963135,50.0,595.50390625,0.0
57.0,67.0,0.005633488000057696,0.0,595.50390625,0.0
57.0,68.0,0.0071598559998165,50.0,595.50390625,0.0
57.0,69.0,0.006744031999915023,100.0,595.50390625,0.0
57.0,70.0,0.007007305000115593,0.0,595.50390625,0.0
57.0,71.0,0.004387409000173648,50.0,595.50390625,0.0
57.0,72.0,0.007148180000058346,50.0,595.5078125,0.0
57.0,73.0,0.0041156539996336505,0.0,595.5078125,0.0
57.0,74.0,0.006986719999986235,50.0,595.5078125,0.0
57.0,75.0,0.004252209999776824,100.0,595.5078125,0.0
57.0,76.0,0.007187683999745786,0.0,595.5078125,0.0
57.0,77.0,0.004440744000021368,50.0,595.51171875,0.0
57.0,78.0,0.007107237000127498,50.0,595.51171875,0.0
57.0,79.0,0.004143833999933122,0.0,595.51171875,0.0
57.0,80.0,0.0055355670001517865,50.0,595.51171875,0.0
57.0,81.0,0.0071562499997526174,100.0,595.51171875,0.0
57.0,82.0,0.006912181999723543,0.0,595.51171875,0.0
57.0,83.0,0.005451664999782224,50.0,595.51171875,0.0
57.0,84.0,0.007175293999807764,50.0,595.51171875,0.0
57.0,85.0,0.005761850999988383,0.0,595.51171875,0.0
57.0,86.0,0.005408123000052001,50.0,595.51171875,0.0
57.0,87.0,0.008448439999938273,100.0,595.51171875,0.0
57.0,88.0,0.007002424999882351,50.0,595.51171875,0.0
57.0,89.0,0.004269284000201878,50.0,595.51171875,0.0
57.0,90.0,0.005680586000380572,0.0,595.51171875,0.0
57.0,91.0,0.004107215000203723,50.0,595.51171875,0.0
57.0,92.0,0.007060845000069094,50.0,595.51171875,0.0
57.0,93.0,0.005918543000007048,0.0,595.51171875,0.0
57.0,94.0,0.00409103399988453,50.0,595.51171875,0.0
57.0,95.0,0.006123953000042093,0.0,595.51171875,0.0
57.0,96.0,0.009241976000339491,50.0,595.51171875,0.0
57.0,97.0,0.004178916000000754,0.0,595.51171875,0.0
57.0,98.0,0.005764674000147352,50.0,595.515625,0.0
57.0,99.0,0.004105307999907382,0.0,595.515625,0.0
57.0,100.0,0.00693663199990624,50.0,595.51953125,0.0
58.0,1.0,0.00549218700007259,50.0,595.51953125,0.0
58.0,2.0,0.004405222000059439,0.0,595.51953125,0.0
58.0,3.0,0.007193649999862828,66.7,595.51953125,0.0
58.0,4.0,0.005927567000071576,100.0,595.51953125,0.0
58.0,5.0,0.005457643000227108,0.0,595.5234375,0.0
58.0,6.0,0.0073760919999585894,50.0,595.5234375,0.0
58.0,7.0,0.007594087999677868,100.0,595.5234375,0.0
58.0,8.0,0.005562181000186683,50.0,595.5234375,0.0
58.0,9.0,0.004332506000082503,0.0,595.5234375,0.0
58.0,10.0,0.005745608999859542,100.0,595.5234375,0.0
58.0,11.0,0.00452180899992527,0.0,595.52734375,0.0
58.0,12.0,0.00680417400008082,50.0,595.52734375,0.0
58.0,13.0,0.00450732000035714,0.0,595.52734375,0.0
58.0,14.0,0.005462367999825801,50.0,595.52734375,0.0
58.0,15.0,0.007078327000272111,50.0,595.52734375,0.0
58.0,16.0,0.007222241000363283,100.0,595.52734375,0.0
58.0,17.0,0.005576757000198995,0.0,595.52734375,0.0
58.0,18.0,0.007045422999908624,50.0,595.53125,0.0
58.0,19.0,0.005788639000002149,100.0,595.53125,0.0
58.0,20.0,0.0067126409999218595,0.0,595.53125,0.0
58.0,21.0,0.00449360600032378,50.0,595.58984375,0.0
58.0,22.0,0.007300253000266821,100.0,595.58984375,0.0
58.0,23.0,0.004263106000053085,0.0,595.58984375,0.0
58.0,24.0,0.006014795999817579,50.0,595.58984375,0.0
58.0,25.0,0.008017005999590765,100.0,595.58984375,0.0
58.0,26.0,0.007202550999863888,100.0,595.58984375,0.0
58.0,27.0,0.012075138999989576,100.0,595.58984375,0.0
58.0,28.0,0.0245698399999128,100.0,595.58984375,0.0
58.0,29.0,0.018501785999887943,100.0,595.59375,0.0
58.0,30.0,0.02081424500011053,100.0,595.59375,0.0
58.0,31.0,0.010788137999952596,100.0,595.59375,0.0
58.0,32.0,0.008118495999951847,100.0,595.59375,0.0
58.0,33.0,0.00723402800031181,100.0,595.59375,0.0
58.0,34.0,0.012562887000058254,100.0,595.59375,0.0
58.0,35.0,0.022266933000082645,100.0,595.59375,0.0
58.0,36.0,0.025623830999847996,100.0,595.59375,0.0
58.0,37.0,0.010752917999980127,100.0,595.59375,0.0
58.0,38.0,0.008078888999989431,100.0,595.59375,0.0
58.0,39.0,0.009870185999716341,100.0,595.59375,0.0
58.0,40.0,0.006057161000171618,100.0,595.59765625,0.0
58.0,41.0,0.0062180439999792725,100.0,595.6171875,0.0
58.0,42.0,0.005999671000154194,100.0,595.6171875,0.0
58.0,43.0,0.018195552999713982,100.0,595.6171875,0.0
58.0,44.0,0.024908291999963694,100.0,595.6171875,0.0
58.0,45.0,0.017948907999652874,100.0,595.6171875,0.0
58.0,46.0,0.05125637499986624,100.0,595.6171875,0.0
58.0,47.0,0.018602155999815295,100.0,595.6171875,0.0
58.0,48.0,0.011523206000219943,100.0,595.6171875,0.0
58.0,49.0,0.00766721999980291,100.0,595.6171875,0.0
58.0,50.0,0.011609321999912936,100.0,595.62109375,0.0
58.0,51.0,0.006195443999786221,100.0,595.62109375,0.0
58.0,52.0,0.02116869500014218,100.0,595.62109375,0.0
58.0,53.0,0.019183999000233598,100.0,595.62109375,0.0
58.0,54.0,0.022485548999611638,100.0,595.62109375,0.0
58.0,55.0,0.031950674999734474,100.0,595.62109375,0.0
58.0,56.0,0.03560774700008551,100.0,595.62109375,0.0
58.0,57.0,0.048367184000198904,100.0,595.62109375,0.0
58.0,58.0,0.04651548499987257,100.0,595.62109375,0.0
58.0,59.0,0.0360392329998831,100.0,595.62109375,0.0
58.0,60.0,0.039996342999984336,100.0,595.625,0.0
58.0,61.0,0.02938456500032771,100.0,595.625,0.0
58.0,62.0,0.02252718999989156,100.0,595.625,0.0
58.0,63.0,0.009978678000152286,100.0,595.625,0.0
58.0,64.0,0.029922354000063933,100.0,595.625,0.0
58.0,65.0,0.018164271999921766,100.0,595.625,0.0
58.0,66.0,0.028833147000113968,100.0,595.625,0.0
58.0,67.0,0.018091283999638108,100.0,595.625,0.0
58.0,68.0,0.03920728999992207,100.0,595.625,0.0
58.0,69.0,0.024219303999871045,100.0,595.625,0.0
58.0,70.0,0.013285639000059746,100.0,595.625,0.0
58.0,71.0,0.016741384999932052,100.0,595.6328125,0.0
58.0,72.0,0.01342850199989698,100.0,595.6328125,0.0
58.0,73.0,0.007416531000217219,100.0,595.6328125,0.0
58.0,74.0,0.017636268999922322,100.0,595.6328125,0.0
58.0,75.0,0.009873374000108015,100.0,595.6328125,0.0
58.0,76.0,0.02162722799994299,100.0,595.6328125,0.0
58.0,77.0,0.015805541000190715,100.0,595.63671875,0.0
58.0,78.0,0.029340877999857184,100.0,595.63671875,0.0
58.0,79.0,0.029489210000065214,100.0,595.63671875,0.0
58.0,80.0,0.027058093000050576,100.0,595.63671875,0.0
58.0,81.0,0.017726853000112897,100.0,595.640625,0.0
58.0,82.0,0.021487065999735933,100.0,595.64453125,0.0
58.0,83.0,0.017755010999735532,100.0,595.64453125,0.0
58.0,84.0,0.023560634999739705,100.0,595.64453125,0.0
58.0,85.0,0.029360369999722025,100.0,595.64453125,0.0
58.0,86.0,0.027177960999779316,100.0,595.64453125,0.0
58.0,87.0,0.013655679999828862,100.0,595.64453125,0.0
58.0,88.0,0.024178977999781637,100.0,595.6484375,0.0
58.0,89.0,0.007322060999740643,100.0,595.6484375,0.0
58.0,90.0,0.020313514999998006,100.0,595.6484375,0.0
58.0,91.0,0.01425470200001655,100.0,595.6484375,0.0
58.0,92.0,0.013902667999900586,100.0,595.65234375,0.0
58.0,93.0,0.014696974000344198,100.0,595.65625,0.0
58.0,94.0,0.016000264000012976,100.0,595.65625,0.0
58.0,95.0,0.010591251000278135,100.0,595.65625,0.0
58.0,96.0,0.007805798999925173,100.0,595.65625,0.0
58.0,97.0,0.012692271000105393,100.0,595.65625,0.0
58.0,98.0,0.005772382000031939,100.0,595.65625,0.0
58.0,99.0,0.00790709299963055,100.0,595.66015625,0.0
58.0,100.0,0.023478993000026094,100.0,595.66015625,0.0
59.0,1.0,0.017013172000133636,100.0,595.66015625,0.0
59.0,2.0,0.008831907000057981,100.0,595.6640625,0.0
59.0,3.0,0.014048032000118837,100.0,595.6640625,0.0
59.0,4.0,0.015138754999952653,100.0,595.6640625,0.0
59.0,5.0,0.008237067000209208,100.0,595.66796875,0.0
59.0,6.0,0.012256769000032364,100.0,595.66796875,0.0
59.0,7.0,0.008032805000311782,100.0,595.66796875,0.0
59.0,8.0,0.007720257999608293,100.0,595.66796875,0.0
59.0,9.0,0.010888120999879902,100.0,595.66796875,0.0
59.0,10.0,0.007855407999613817,100.0,595.671875,0.0
59.0,11.0,0.015438350999829709,100.0,595.671875,0.0
59.0,12.0,0.008206423000046925,100.0,595.671875,0.0
59.0,13.0,0.016262734000065393,100.0,595.671875,0.0
59.0,14.0,0.017592965999938315,100.0,595.671875,0.0
59.0,15.0,0.012397339000017382,100.0,595.671875,0.0
59.0,16.0,0.017996910999954707,100.0,595.6796875,0.0
59.0,17.0,0.01935919900006411,100.0,595.73828125,0.0
59.0,18.0,0.008252797999830364,100.0,595.73828125,0.0
59.0,19.0,0.006116039000062301,100.0,595.73828125,0.0
59.0,20.0,0.018270718999701785,100.0,595.73828125,0.0
59.0,21.0,0.016799478999928397,100.0,595.7421875,0.0
59.0,22.0,0.012682963999850472,100.0,595.7421875,0.0
59.0,23.0,0.013562267999986943,100.0,595.7421875,0.0
59.0,24.0,0.010766079999939393,75.0,595.7421875,0.0
59.0,25.0,0.005819670999699156,100.0,595.7421875,0.0
59.0,26.0,0.004157785000188596,0.0,595.7421875,0.0
59.0,27.0,0.004158880000431964,100.0,595.7421875,0.0
59.0,28.0,0.006921947999671829,50.0,595.7421875,0.0
59.0,29.0,0.004281926999738062,0.0,595.7421875,0.0
59.0,30.0,0.007419409999783966,50.0,595.7421875,0.0
59.0,31.0,0.005951754999841796,100.0,595.7421875,0.0
59.0,32.0,0.007376308000402787,0.0,595.7421875,0.0
59.0,33.0,0.005557242000122642,50.0,595.74609375,0.0
59.0,34.0,0.0072025100002974796,50.0,595.74609375,0.0
59.0,35.0,0.005484300999796687,0.0,595.75390625,0.0
59.0,36.0,0.007540849000179151,50.0,595.75390625,0.0
59.0,37.0,0.0042614670001057675,100.0,595.75390625,0.0
59.0,38.0,0.005548916000407189,0.0,595.75390625,0.0
59.0,39.0,0.004530832000000373,50.0,595.75390625,0.0
59.0,40.0,0.00566700600029435,100.0,595.75390625,0.0
59.0,41.0,0.004257999999936146,0.0,595.75390625,0.0
59.0,42.0,0.005603352999969502,100.0,595.75390625,0.0
59.0,43.0,0.004430296999998973,0.0,595.75390625,0.0
59.0,44.0,0.005945297999915056,50.0,595.75390625,0.0
59.0,45.0,0.007586964999973134,100.0,595.75390625,0.0
59.0,46.0,0.004486048999751802,0.0,595.75390625,0.0
59.0,47.0,0.0044576549998964765,100.0,595.75390625,0.0
59.0,48.0,0.007307443999707175,50.0,595.75390625,0.0
59.0,49.0,0.004251487999681558,0.0,595.75390625,0.0
59.0,50.0,0.007442263000029925,50.0,595.75390625,0.0
59.0,51.0,0.00720163699998011,100.0,595.75390625,0.0
59.0,52.0,0.005916565000006813,0.0,595.75390625,0.0
59.0,53.0,0.007345125000028929,50.0,595.75390625,0.0
59.0,54.0,0.00696650400004728,50.0,595.75390625,0.0
59.0,55.0,0.007358680999914213,100.0,595.75390625,0.0
59.0,56.0,0.005663679999997839,0.0,595.7578125,0.0
59.0,57.0,0.004133399000238569,50.0,595.7578125,0.0
59.0,58.0,0.007249234000028082,100.0,595.7578125,0.0
59.0,59.0,0.004281472000002395,0.0,595.7578125,0.0
59.0,60.0,0.005856731999756448,50.0,595.7578125,0.0
59.0,61.0,0.004309898000428802,0.0,595.7578125,0.0
59.0,62.0,0.007140909000099782,50.0,595.7578125,0.0
59.0,63.0,0.007209838000107993,50.0,595.7578125,0.0
59.0,64.0,0.006789012999888655,100.0,595.76171875,0.0
59.0,65.0,0.0055386739995810785,0.0,595.76171875,0.0
59.0,66.0,0.004116921000331786,50.0,595.76171875,0.0
59.0,67.0,0.005704203999812307,100.0,595.76171875,0.0
59.0,68.0,0.006136222999884922,0.0,595.76171875,0.0
59.0,69.0,0.005723021999983757,100.0,595.76171875,0.0
59.0,70.0,0.006742762000158109,50.0,595.76171875,0.0
59.0,71.0,0.005684628999915731,0.0,595.76171875,0.0
59.0,72.0,0.007158811999943282,50.0,595.76171875,0.0
59.0,73.0,0.007132926999929623,100.0,595.76171875,0.0
59.0,74.0,0.004063484000198514,50.0,595.765625,0.0
59.0,75.0,0.005843272999754845,0.0,595.765625,0.0
59.0,76.0,0.007308835000003455,100.0,595.765625,0.0
59.0,77.0,0.004215630000089732,50.0,595.765625,0.0
59.0,78.0,0.007039447999886761,0.0,595.765625,0.0
59.0,79.0,0.005503488999693218,100.0,595.765625,0.0
59.0,80.0,0.005518476000361261,0.0,595.765625,0.0
59.0,81.0,0.004260993999650964,100.0,595.765625,0.0
59.0,82.0,0.0069692759998361,50.0,595.765625,0.0
59.0,83.0,0.005952014000285999,0.0,595.765625,0.0
59.0,84.0,0.006879429000036907,50.0,595.76953125,0.0
59.0,85.0,0.005582071999924665,100.0,595.76953125,0.0
59.0,86.0,0.007061099000111426,50.0,595.76953125,0.0
59.0,87.0,0.005805379999856086,0.0,595.76953125,0.0
59.0,88.0,0.00809527999990678,100.0,595.76953125,0.0
59.0,89.0,0.007812374999957683,100.0,595.76953125,0.0
59.0,90.0,0.010550981000051252,100.0,595.80078125,0.0
59.0,91.0,0.0052993590002188284,100.0,595.80078125,0.0
59.0,92.0,0.005829444000028161,50.0,595.80078125,0.0
59.0,93.0,0.005825517000175751,100.0,595.8046875,0.0
59.0,94.0,0.006179504000101588,0.0,595.8046875,0.0
59.0,95.0,0.005629678999866883,50.0,595.8046875,0.0
59.0,96.0,0.005789201000425237,0.0,595.8046875,0.0
59.0,97.0,0.004225013999985094,50.0,595.8046875,0.0
59.0,98.0,0.006046470000001136,100.0,595.8046875,0.0
59.0,99.0,0.0058791409996956645,0.0,595.80859375,0.0
59.0,100.0,0.005825638999795046,50.0,595.80859375,0.0
60.0,1.0,0.0042243160000907665,100.0,595.80859375,0.0
60.0,2.0,0.0042816139998649305,0.0,595.8125,0.0
60.0,3.0,0.004443521999746736,100.0,595.8125,0.0
60.0,4.0,0.006462762000410294,0.0,595.8125,0.0
60.0,5.0,0.004434352999851399,50.0,595.81640625,0.0
60.0,6.0,0.00737954299984267,100.0,595.81640625,0.0
60.0,7.0,0.005583449999903678,0.0,595.81640625,0.0
60.0,8.0,0.007396685999992769,50.0,595.8203125,0.0
60.0,9.0,0.0042448959998182545,100.0,595.8203125,0.0
60.0,10.0,0.005743082000208233,0.0,595.8203125,0.0
60.0,11.0,0.004532564000328421,100.0,595.82421875,0.0
60.0,12.0,0.008367943999928684,50.0,595.82421875,0.0
60.0,13.0,0.007488672999897972,50.0,595.828125,0.0
60.0,14.0,0.005609439999716415,50.0,595.828125,0.0
60.0,15.0,0.0046742989998165285,0.0,595.828125,0.0
60.0,16.0,0.004501032000007399,50.0,595.828125,0.0
60.0,17.0,0.005707448000066506,0.0,595.83203125,0.0
60.0,18.0,0.005912896000154433,50.0,595.83203125,0.0
60.0,19.0,0.004129752999688208,0.0,595.83203125,0.0
60.0,20.0,0.005568319000303745,50.0,595.8359375,0.0
60.0,21.0,0.005519859999822074,50.0,595.8359375,0.0
60.0,22.0,0.007120905000192579,0.0,595.84375,0.0
60.0,23.0,0.004452732000117976,50.0,595.84375,0.0
60.0,24.0,0.004374189999907685,0.0,595.84375,0.0
60.0,25.0,0.004336297000008926,100.0,595.84375,0.0
60.0,26.0,0.004381990999718255,0.0,595.84375,0.0
60.0,27.0,0.0071653199997854244,100.0,595.84765625,0.0
60.0,28.0,0.007638381000106165,50.0,595.8515625,0.0
60.0,29.0,0.004225509000207239,50.0,595.8515625,0.0
60.0,30.0,0.004324442999859457,0.0,595.8515625,0.0
60.0,31.0,0.005830875000356173,50.0,595.8515625,0.0
60.0,32.0,0.00730959599968628,50.0,595.8515625,0.0
60.0,33.0,0.005691160999958811,0.0,595.85546875,0.0
60.0,34.0,0.005868326999916462,50.0,595.859375,0.0
60.0,35.0,0.00447385999996186,0.0,595.859375,0.0
60.0,36.0,0.007685037999635824,50.0,595.859375,0.0
60.0,37.0,0.006060646000150882,50.0,595.859375,0.0
60.0,38.0,0.006112718999702338,50.0,595.859375,0.0
60.0,39.0,0.005850255000041216,0.0,595.859375,0.0
60.0,40.0,0.007023195999863674,50.0,595.86328125,0.0
60.0,41.0,0.007843954000236408,50.0,595.86328125,0.0
60.0,42.0,0.007221189000119921,100.0,595.8671875,0.0
60.0,43.0,0.005530792000172369,50.0,595.8671875,0.0
60.0,44.0,0.006941844000266428,0.0,595.8671875,0.0
60.0,45.0,0.006805479999911768,50.0,595.87109375,0.0
60.0,46.0,0.005579013999977178,100.0,595.91796875,0.0
60.0,47.0,0.005571103999955085,0.0,595.91796875,0.0
60.0,48.0,0.00747344699993846,50.0,595.91796875,0.0
60.0,49.0,0.004381047000151739,100.0,595.91796875,0.0
60.0,50.0,0.005523834000086936,0.0,595.921875,0.0
60.0,51.0,0.005363013000078354,100.0,595.921875,0.0
60.0,52.0,0.006200772999818582,50.0,595.92578125,0.0
60.0,53.0,0.006978571999752603,0.0,595.9296875,0.0
60.0,54.0,0.006935959000202274,100.0,595.9296875,0.0
60.0,55.0,0.004330441000092833,50.0,595.9296875,0.0
60.0,56.0,0.0059505159997570445,0.0,595.93359375,0.0
60.0,57.0,0.006920488999639929,50.0,595.93359375,0.0
60.0,58.0,0.006827785000041331,50.0,595.93359375,0.0
60.0,59.0,0.005794306000098004,50.0,595.93359375,0.0
60.0,60.0,0.005600903999948059,0.0,595.93359375,0.0
60.0,61.0,0.005494882999755646,50.0,595.9375,0.0
60.0,62.0,0.0069782549999217736,50.0,595.94140625,0.0
60.0,63.0,0.006295962999956828,0.0,595.94140625,0.0
60.0,64.0,0.007330212999931973,50.0,595.94140625,0.0
60.0,65.0,0.00434535100021094,50.0,595.94140625,0.0
60.0,66.0,0.005718428999898606,0.0,595.94140625,0.0
60.0,67.0,0.0071492619999844464,50.0,595.94140625,0.0
60.0,68.0,0.005470763999710471,50.0,595.94140625,0.0
60.0,69.0,0.004515431000072567,0.0,595.94140625,0.0
60.0,70.0,0.005615710000256513,50.0,595.9453125,0.0
60.0,71.0,0.00570453800037285,50.0,595.9453125,0.0
60.0,72.0,0.0074024939999617345,0.0,595.9453125,0.0
60.0,73.0,0.004240249999838852,50.0,595.9453125,0.0
60.0,74.0,0.007327265999720112,50.0,595.9453125,0.0
60.0,75.0,0.005497239999840531,0.0,595.9453125,0.0
60.0,76.0,0.007102030999703857,50.0,595.9453125,0.0
60.0,77.0,0.006928277000042726,50.0,595.9453125,0.0
60.0,78.0,0.009474578999743244,50.0,595.9453125,0.0
60.0,79.0,0.005207854000218504,50.0,595.9453125,0.0
60.0,80.0,0.0060536279997904785,0.0,595.94921875,0.0
60.0,81.0,0.007345745999828068,50.0,595.94921875,0.0
60.0,82.0,0.0070925489999353886,50.0,595.94921875,0.0
60.0,83.0,0.004309505000037461,0.0,595.94921875,0.0
60.0,84.0,0.007870068000102037,50.0,595.94921875,0.0
60.0,85.0,0.004405705999943166,0.0,595.94921875,0.0
60.0,86.0,0.007440632999987429,50.0,595.953125,0.0
60.0,87.0,0.004422484999849985,100.0,595.953125,0.0
60.0,88.0,0.0056913420003184,0.0,595.953125,0.0
60.0,89.0,0.004395519000354398,100.0,595.953125,0.0
60.0,90.0,0.007410975999846414,50.0,595.953125,0.0
60.0,91.0,0.0058245570003236935,0.0,595.9609375,0.0
60.0,92.0,0.006288099999892438,100.0,595.9609375,0.0
60.0,93.0,0.0046471579998979,0.0,595.9609375,0.0
60.0,94.0,0.007292594000318786,50.0,595.9609375,0.0
60.0,95.0,0.004342080000242277,100.0,595.9609375,0.0
60.0,96.0,0.007433818000208703,50.0,595.9609375,0.0
60.0,97.0,0.004533083999831433,0.0,595.9609375,0.0
60.0,98.0,0.005665023999881669,100.0,595.9609375,0.0
60.0,99.0,0.004142146000049252,0.0,595.9765625,0.0
60.0,100.0,0.005780562999916583,100.0,595.9765625,0.0
61.0,1.0,0.00450982499978636,0.0,595.9765625,0.0
61.0,2.0,0.005536960999961593,50.0,595.9765625,0.0
61.0,3.0,0.005819080000037502,100.0,595.9765625,0.0
61.0,4.0,0.005738111000027857,0.0,595.9765625,0.0
61.0,5.0,0.004308241999751772,100.0,595.9765625,0.0
61.0,6.0,0.007072905000313767,50.0,595.9765625,0.0
61.0,7.0,0.005831547000070714,0.0,595.9765625,0.0
61.0,8.0,0.007288259000233666,50.0,595.9765625,0.0
61.0,9.0,0.007051014000353462,100.0,595.9765625,0.0
61.0,10.0,0.006928913999672659,50.0,595.9765625,0.0
61.0,11.0,0.0058737760000440176,0.0,595.9765625,0.0
61.0,12.0,0.007329998999921372,50.0,595.9765625,0.0
61.0,13.0,0.004150008000124217,0.0,595.9765625,0.0
61.0,14.0,0.005905943000016123,50.0,595.9765625,0.0
61.0,15.0,0.004718923999917024,100.0,595.9765625,0.0
61.0,16.0,0.007373897999968904,0.0,595.9765625,0.0
61.0,17.0,0.004451251999853412,50.0,595.9765625,0.0
61.0,18.0,0.004700923999735096,100.0,595.9765625,0.0
61.0,19.0,0.007675050999750965,0.0,595.9765625,0.0
61.0,20.0,0.004769290000240289,50.0,595.9765625,0.0
61.0,21.0,0.007484277999992628,100.0,595.9765625,0.0
61.0,22.0,0.007858131999910256,50.0,595.9765625,0.0
61.0,23.0,0.00577818399960961,0.0,595.9765625,0.0
61.0,24.0,0.007680079000238038,50.0,595.9765625,0.0
61.0,25.0,0.004534204000265163,100.0,595.9765625,0.0
61.0,26.0,0.007810510000126669,50.0,595.9765625,0.0
61.0,27.0,0.007345594000071287,0.0,595.9765625,0.0
61.0,28.0,0.00445350200016037,50.0,595.9765625,0.0
61.0,29.0,0.00444344999959867,0.0,595.9765625,0.0
61.0,30.0,0.00589837899997292,50.0,595.9765625,0.0
61.0,31.0,0.004382221000014397,100.0,595.9765625,0.0
61.0,32.0,0.00733256600005916,0.0,595.9765625,0.0
61.0,33.0,0.00569209100012813,50.0,595.9765625,0.0
61.0,34.0,0.007738702000096964,50.0,595.9765625,0.0
61.0,35.0,0.0055750589999661315,100.0,595.9765625,0.0
61.0,36.0,0.007602106999911484,0.0,595.9765625,0.0
61.0,37.0,0.0044027520002600795,50.0,595.9765625,0.0
61.0,38.0,0.007759469000120589,100.0,595.9765625,0.0
61.0,39.0,0.007661533999907988,50.0,595.9765625,0.0
61.0,40.0,0.010490790999938326,100.0,595.9765625,0.0
61.0,41.0,0.008592529999987164,100.0,595.9765625,0.0
61.0,42.0,0.006093285000133619,100.0,595.9765625,0.0
61.0,43.0,0.005287426999984746,100.0,595.9765625,0.0
61.0,44.0,0.007730678999905649,50.0,595.9765625,0.0
61.0,45.0,0.004176962000201456,100.0,595.9765625,0.0
61.0,46.0,0.005862409000201296,0.0,595.9765625,0.0
61.0,47.0,0.004336854000030144,50.0,595.9765625,0.0
61.0,48.0,0.005694954999853508,0.0,595.9765625,0.0
61.0,49.0,0.004133104000175081,66.7,595.9765625,0.0
61.0,50.0,0.006273825999869587,100.0,595.9765625,0.0
61.0,51.0,0.004318258000239439,0.0,596.03515625,0.0
61.0,52.0,0.006024247999903309,50.0,596.03515625,0.0
61.0,53.0,0.004336372999659943,0.0,596.03515625,0.0
61.0,54.0,0.0075326330002098985,50.0,596.03515625,0.0
61.0,55.0,0.0070428859999083215,50.0,596.03515625,0.0
61.0,56.0,0.006926038000074186,50.0,596.03515625,0.0
61.0,57.0,0.004183195999758027,0.0,596.0390625,0.0
61.0,58.0,0.0075168980001762975,50.0,596.0390625,0.0
61.0,59.0,0.004790409000179352,100.0,596.0390625,0.0
61.0,60.0,0.004586197999742581,0.0,596.0390625,0.0
61.0,61.0,0.00619094200010295,100.0,596.0390625,0.0
61.0,62.0,0.005613883000023634,0.0,596.0390625,0.0
61.0,63.0,0.004484251000121731,50.0,596.0390625,0.0
61.0,64.0,0.007395724000161863,100.0,596.0390625,0.0
61.0,65.0,0.005525741999917955,0.0,596.0390625,0.0
61.0,66.0,0.0076990759998807334,50.0,596.0390625,0.0
61.0,67.0,0.004773418999775458,100.0,596.0390625,0.0
61.0,68.0,0.006983353000123316,0.0,596.04296875,0.0
61.0,69.0,0.005997710999963601,50.0,596.04296875,0.0
61.0,70.0,0.007585565000226779,50.0,596.04296875,0.0
61.0,71.0,0.007393726999907813,50.0,596.04296875,0.0
61.0,72.0,0.0042799809998541605,0.0,596.04296875,0.0
61.0,73.0,0.0055803840000407945,50.0,596.04296875,0.0
61.0,74.0,0.005812417000015557,100.0,596.04296875,0.0
61.0,75.0,0.0041600179997658415,0.0,596.04296875,0.0
61.0,76.0,0.005653875000007247,50.0,596.04296875,0.0
61.0,77.0,0.004465402000278118,0.0,596.046875,0.0
61.0,78.0,0.007316198999888002,50.0,596.05078125,0.0
61.0,79.0,0.00551562600003308,100.0,596.0546875,0.0
61.0,80.0,0.0074324790002719965,0.0,596.0546875,0.0
61.0,81.0,0.005731224000101065,50.0,596.0546875,0.0
61.0,82.0,0.0071986860002652975,50.0,596.05859375,0.0
61.0,83.0,0.0043539960001908184,0.0,596.05859375,0.0
61.0,84.0,0.005892789999961678,50.0,596.05859375,0.0
61.0,85.0,0.005686643999979424,50.0,596.05859375,0.0
61.0,86.0,0.005714660999728949,0.0,596.05859375,0.0
61.0,87.0,0.004827979000310734,100.0,596.05859375,0.0
61.0,88.0,0.0076378559997465345,50.0,596.06640625,0.0
61.0,89.0,0.004182126000159769,0.0,596.06640625,0.0
61.0,90.0,0.0071124090000012075,100.0,596.06640625,0.0
61.0,91.0,0.0060087849997216836,50.0,596.06640625,0.0
61.0,92.0,0.005601058000138437,0.0,596.06640625,0.0
61.0,93.0,0.005833315000018047,100.0,596.06640625,0.0
61.0,94.0,0.007036748999780684,50.0,596.06640625,0.0
61.0,95.0,0.00439268699983586,0.0,596.06640625,0.0
61.0,96.0,0.004403875999742013,100.0,596.06640625,0.0
61.0,97.0,0.00416354200024216,0.0,596.06640625,0.0
61.0,98.0,0.007011876999968081,100.0,596.06640625,0.0
61.0,99.0,0.007373367000127473,50.0,596.0703125,0.0
61.0,100.0,0.005659130999902118,0.0,596.0703125,0.0
62.0,1.0,0.0042012640001303225,50.0,596.0703125,0.0
62.0,2.0,0.005598539999937202,50.0,596.0703125,0.0
62.0,3.0,0.00437307000038345,0.0,596.0703125,0.0
62.0,4.0,0.0074686989996735065,50.0,596.0703125,0.0
62.0,5.0,0.0045299119997253,100.0,596.0703125,0.0
62.0,6.0,0.005956202000106714,0.0,596.0703125,0.0
62.0,7.0,0.005715728000268427,50.0,596.07421875,0.0
62.0,8.0,0.007530501000019285,50.0,596.07421875,0.0
62.0,9.0,0.005793319000076735,0.0,596.078125,0.0
62.0,10.0,0.0075595630000862,50.0,596.078125,0.0
62.0,11.0,0.00564804500027094,50.0,596.078125,0.0
62.0,12.0,0.005938909000178683,100.0,596.078125,0.0
62.0,13.0,0.00613007199990534,0.0,596.08203125,0.0
62.0,14.0,0.005620059000193578,50.0,596.08203125,0.0
62.0,15.0,0.007074682999700599,50.0,596.08203125,0.0
62.0,16.0,0.007608942999922874,100.0,596.08203125,0.0
62.0,17.0,0.00440619599976344,0.0,596.08203125,0.0
62.0,18.0,0.006926759000180027,50.0,596.3046875,0.0
62.0,19.0,0.004276013000435341,0.0,596.30859375,0.0
62.0,20.0,0.005628369000078237,50.0,596.30859375,0.0
62.0,21.0,0.004277384000033635,100.0,596.30859375,0.0
62.0,22.0,0.006839685000159079,0.0,596.30859375,0.0
62.0,23.0,0.006960390000131156,50.0,596.30859375,0.0
62.0,24.0,0.006814505999955145,50.0,596.30859375,0.0
62.0,25.0,0.005119110999658005,0.0,596.30859375,0.0
62.0,26.0,0.00634360200001538,50.0,596.30859375,0.0
62.0,27.0,0.0040910950001489255,100.0,596.30859375,0.0
62.0,28.0,0.006869609000204946,0.0,596.30859375,0.0
62.0,29.0,0.0042241860001013265,50.0,596.30859375,0.0
62.0,30.0,0.006794181999794091,100.0,596.3125,0.0
62.0,31.0,0.004291768999792112,0.0,596.3125,0.0
62.0,32.0,0.0042966559999513265,100.0,596.3125,0.0
62.0,33.0,0.004981766000128118,50.0,596.3125,0.0
62.0,34.0,0.007131168000341859,0.0,596.3125,0.0
62.0,35.0,0.004295308000109799,100.0,596.3125,0.0
62.0,36.0,0.007153746999847499,50.0,596.3125,0.0
62.0,37.0,0.004055704000165861,0.0,596.3125,0.0
62.0,38.0,0.005544481000015367,50.0,596.3125,0.0
62.0,39.0,0.004081562999999733,0.0,596.31640625,0.0
62.0,40.0,0.00694405599961101,50.0,596.31640625,0.0
62.0,41.0,0.004066222999881575,50.0,596.31640625,0.0
62.0,42.0,0.00692589299978863,0.0,596.31640625,0.0
62.0,43.0,0.004350814999725117,50.0,596.31640625,0.0
62.0,44.0,0.007365243999629456,50.0,596.3203125,0.0
62.0,45.0,0.004374690000076953,0.0,596.3203125,0.0
62.0,46.0,0.00675443299996914,50.0,596.3203125,0.0
62.0,47.0,0.005416867999883834,50.0,596.3203125,0.0
62.0,48.0,0.005840446000092925,0.0,596.3203125,0.0
62.0,49.0,0.004123014000015246,50.0,596.3203125,0.0
62.0,50.0,0.0068574379997699,0.0,596.32421875,0.0
62.0,51.0,0.0041392129996893345,100.0,596.32421875,0.0
62.0,52.0,0.006805356000313623,50.0,596.32421875,0.0
62.0,53.0,0.004048433000207297,0.0,596.32421875,0.0
62.0,54.0,0.005758927999977459,50.0,596.32421875,0.0
62.0,55.0,0.006860348000373051,50.0,596.32421875,0.0
62.0,56.0,0.005474753000271448,0.0,596.328125,0.0
62.0,57.0,0.0043930539995926665,50.0,596.328125,0.0
62.0,58.0,0.007262766000167176,50.0,596.328125,0.0
62.0,59.0,0.004307929999868065,0.0,596.328125,0.0
62.0,60.0,0.0072562589998597105,50.0,596.328125,0.0
62.0,61.0,0.005535389000215218,0.0,596.33203125,0.0
62.0,62.0,0.0057083259998762514,50.0,596.33203125,0.0
62.0,63.0,0.00424511099981828,0.0,596.33203125,0.0
62.0,64.0,0.0077190530000734725,100.0,596.33203125,0.0
62.0,65.0,0.0041176630002155434,50.0,596.33203125,0.0
62.0,66.0,0.007058592000248609,50.0,596.33203125,0.0
62.0,67.0,0.004121912000300654,0.0,596.3359375,0.0
62.0,68.0,0.005775463000190939,50.0,596.3359375,0.0
62.0,69.0,0.0040810589998727664,0.0,596.3359375,0.0
62.0,70.0,0.005430684000202746,50.0,596.3359375,0.0
62.0,71.0,0.004086575000201265,0.0,596.3359375,0.0
62.0,72.0,0.006107321999934356,50.0,596.3359375,0.0
62.0,73.0,0.004324828999870078,50.0,596.33984375,0.0
62.0,74.0,0.0054295449999699485,0.0,596.33984375,0.0
62.0,75.0,0.004163279999829683,50.0,596.33984375,0.0
62.0,76.0,0.005530215999897337,0.0,596.33984375,0.0
62.0,77.0,0.004368260999854101,50.0,596.33984375,0.0
62.0,78.0,0.007119140999748197,50.0,596.33984375,0.0
62.0,79.0,0.004172605999883672,0.0,596.33984375,0.0
62.0,80.0,0.0068299439999464084,50.0,596.34765625,0.0
62.0,81.0,0.004134279000027163,0.0,596.34765625,0.0
62.0,82.0,0.006780635000268376,50.0,596.34765625,0.0
62.0,83.0,0.004241732000082266,0.0,596.34765625,0.0
62.0,84.0,0.006890090000069904,100.0,596.34765625,0.0
62.0,85.0,0.004061326999817538,50.0,596.34765625,0.0
62.0,86.0,0.006789371000195388,0.0,596.34765625,0.0
62.0,87.0,0.004162403999998787,100.0,596.34765625,0.0
62.0,88.0,0.0041052749998016225,0.0,596.34765625,0.0
62.0,89.0,0.005798743000013928,100.0,596.34765625,0.0
62.0,90.0,0.00578187600012825,50.0,596.34765625,0.0
62.0,91.0,0.005574280000018916,0.0,596.34765625,0.0
62.0,92.0,0.006994078000388981,100.0,596.34765625,0.0
62.0,93.0,0.004179084000043076,0.0,596.34765625,0.0
62.0,94.0,0.007091830000263144,50.0,596.34765625,0.0
62.0,95.0,0.004364675000033458,100.0,596.34765625,0.0
62.0,96.0,0.005994713999825763,0.0,596.34765625,0.0
62.0,97.0,0.0056389390001641004,100.0,596.34765625,0.0
62.0,98.0,0.009847705999618483,100.0,596.34765625,0.0
62.0,99.0,0.007941849999951955,100.0,596.34765625,0.0
62.0,100.0,0.008183814999938477,100.0,596.34765625,0.0
63.0,1.0,0.004971326000031695,50.0,596.34765625,0.0
63.0,2.0,0.005752715999733482,0.0,596.34765625,0.0
63.0,3.0,0.0070807410002089455,50.0,596.34765625,0.0
63.0,4.0,0.007454987000073743,100.0,596.34765625,0.0
63.0,5.0,0.004427287999988039,0.0,596.34765625,0.0
63.0,6.0,0.007449983999777032,50.0,596.34765625,0.0
63.0,7.0,0.005675817999872379,100.0,596.34765625,0.0
63.0,8.0,0.005996103000143194,0.0,596.3515625,0.0
63.0,9.0,0.005525849000150629,50.0,596.3515625,0.0
63.0,10.0,0.005561892000059743,100.0,596.3515625,0.0
63.0,11.0,0.004378122999696643,0.0,596.3515625,0.0
63.0,12.0,0.006721104000007472,100.0,596.3515625,0.0
63.0,13.0,0.006027315999745042,50.0,596.3515625,0.0
63.0,14.0,0.005721136999909504,50.0,596.3515625,0.0
63.0,15.0,0.007281246000275132,0.0,596.3515625,0.0
63.0,16.0,0.007465246000265324,50.0,596.35546875,0.0
63.0,17.0,0.005757548000019597,50.0,596.35546875,0.0
63.0,18.0,0.007493414000236953,50.0,596.35546875,0.0
63.0,19.0,0.007137194000279123,50.0,596.35546875,0.0
63.0,20.0,0.0073373509999328235,0.0,596.35546875,0.0
63.0,21.0,0.004146369999944,50.0,596.35546875,0.0
63.0,22.0,0.007144490999962727,50.0,596.35546875,0.0
63.0,23.0,0.005778798000392271,0.0,596.35546875,0.0
63.0,24.0,0.004109237000193389,50.0,596.359375,0.0
63.0,25.0,0.004333031999976811,0.0,596.359375,0.0
63.0,26.0,0.005552316999910545,50.0,596.359375,0.0
63.0,27.0,0.004434841000147571,100.0,596.359375,0.0
63.0,28.0,0.006977530000312981,0.0,596.359375,0.0
63.0,29.0,0.004325422999954753,50.0,596.359375,0.0
63.0,30.0,0.005731638999805,100.0,596.359375,0.0
63.0,31.0,0.004107449999992241,0.0,596.359375,0.0
63.0,32.0,0.007038052000098105,50.0,596.359375,0.0
63.0,33.0,0.004443051999714953,0.0,596.36328125,0.0
63.0,34.0,0.00595675000022311,50.0,596.36328125,0.0
63.0,35.0,0.007260121999934199,50.0,596.36328125,0.0
63.0,36.0,0.005547956000100385,0.0,596.36328125,0.0
63.0,37.0,0.005941935999999259,50.0,596.36328125,0.0
63.0,38.0,0.005773611000222445,100.0,596.3671875,0.0
63.0,39.0,0.0059130309996362485,0.0,596.3671875,0.0
63.0,40.0,0.011419352999837429,100.0,596.3671875,0.0
63.0,41.0,0.007130487000267749,50.0,596.3671875,0.0
63.0,42.0,0.006980041000133497,50.0,596.3671875,0.0
63.0,43.0,0.004368903999875329,0.0,596.37109375,0.0
63.0,44.0,0.007254845999796089,50.0,596.37109375,0.0
63.0,45.0,0.006035810000412312,50.0,596.37109375,0.0
63.0,46.0,0.005486931000177719,0.0,596.37109375,0.0
63.0,47.0,0.004169828000158304,50.0,596.37109375,0.0
63.0,48.0,0.006796622999900137,50.0,596.37109375,0.0
63.0,49.0,0.004284673999791266,0.0,596.37109375,0.0
63.0,50.0,0.008217814000090584,50.0,596.37109375,0.0
63.0,51.0,0.004531870999926468,100.0,596.37109375,0.0
63.0,52.0,0.0041045719999601715,0.0,596.37109375,0.0
63.0,53.0,0.004313813000408118,100.0,596.375,0.0
63.0,54.0,0.005435046999991755,0.0,596.375,0.0
63.0,55.0,0.005459433999931207,100.0,596.375,0.0
63.0,56.0,0.006999095000082889,50.0,596.37890625,0.0
63.0,57.0,0.00408950700011701,0.0,596.37890625,0.0
63.0,58.0,0.006883415999709541,100.0,596.37890625,0.0
63.0,59.0,0.00721107600020332,50.0,596.37890625,0.0
63.0,60.0,0.006784897000216006,50.0,596.37890625,0.0
63.0,61.0,0.005614682999748766,0.0,596.37890625,0.0
63.0,62.0,0.0044097969998802,100.0,596.37890625,0.0
63.0,63.0,0.004596736000166857,0.0,596.3828125,0.0
63.0,64.0,0.0058494599998084595,100.0,596.3828125,0.0
63.0,65.0,0.005638014999931329,50.0,596.3828125,0.0
63.0,66.0,0.0074759599997378245,0.0,596.3828125,0.0
63.0,67.0,0.004323524000028556,100.0,596.3828125,0.0
63.0,68.0,0.0071738009996806795,50.0,596.3828125,0.0
63.0,69.0,0.004484612999931414,0.0,596.38671875,0.0
63.0,70.0,0.007099428999936208,100.0,596.38671875,0.0
63.0,71.0,0.004526790999989316,50.0,596.66015625,0.0
63.0,72.0,0.007168182999976125,0.0,596.66796875,0.0
63.0,73.0,0.004518200000347861,100.0,596.66796875,0.0
63.0,74.0,0.007321272999888606,50.0,596.671875,0.0
63.0,75.0,0.006589540999812016,0.0,596.9765625,0.0
63.0,76.0,0.007104926000010892,100.0,596.9765625,0.0
63.0,77.0,0.007862260999900172,50.0,596.9765625,0.0
63.0,78.0,0.008305180999741424,50.0,596.98046875,0.0
63.0,79.0,0.004852517000017542,100.0,596.98046875,0.0
63.0,80.0,0.006222975999662594,0.0,596.984375,0.0
63.0,81.0,0.007359391000136384,50.0,596.9921875,0.0
63.0,82.0,0.008138612000038847,100.0,596.9921875,0.0
63.0,83.0,0.0072581949998493656,50.0,596.9921875,0.0
63.0,84.0,0.007522816000346211,50.0,596.9921875,0.0
63.0,85.0,0.004431265000221174,0.0,596.99609375,0.0
63.0,86.0,0.005776039000011224,100.0,596.99609375,0.0
63.0,87.0,0.004701081999883172,0.0,596.99609375,0.0
63.0,88.0,0.007447829999819078,50.0,596.99609375,0.0
63.0,89.0,0.004505654000240611,100.0,597.1484375,0.0
63.0,90.0,0.005997152000418282,0.0,597.1484375,0.0
63.0,91.0,0.005975377999675402,100.0,597.15234375,0.0
63.0,92.0,0.006070606000321277,50.0,597.15625,0.0
63.0,93.0,0.006103127000187669,50.0,597.15625,0.0
63.0,94.0,0.006105216999912955,0.0,597.15625,0.0
63.0,95.0,0.00613883200003329,100.0,597.15625,0.0
63.0,96.0,0.0071825479999461095,50.0,597.16015625,0.0
63.0,97.0,0.0043407020002632635,0.0,597.16015625,0.0
63.0,98.0,0.007368423000116309,100.0,597.16015625,0.0
63.0,99.0,0.004608447000009619,50.0,597.16015625,0.0
63.0,100.0,0.007794871999976749,50.0,597.16015625,0.0
64.0,1.0,0.004376583000066603,0.0,597.16015625,0.0
64.0,2.0,0.0074880140000459505,66.7,597.1640625,0.0
64.0,3.0,0.004666251999879023,50.0,597.16796875,0.0
64.0,4.0,0.007305841999823315,0.0,597.16796875,0.0
64.0,5.0,0.006113136000294617,50.0,597.16796875,0.0
64.0,6.0,0.008018826999887096,50.0,597.16796875,0.0
64.0,7.0,0.006284431000040058,50.0,597.17578125,0.0
64.0,8.0,0.007481649999590445,0.0,597.17578125,0.0
64.0,9.0,0.005861350000031962,100.0,597.17578125,0.0
64.0,10.0,0.006061602000045241,50.0,597.17578125,0.0
64.0,11.0,0.004404515999794967,0.0,597.17578125,0.0
64.0,12.0,0.006680124000013166,50.0,597.17578125,0.0
64.0,13.0,0.004611816999840812,50.0,597.18359375,0.0
64.0,14.0,0.006241861000034987,0.0,597.18359375,0.0
64.0,15.0,0.004364205000001675,50.0,597.18359375,0.0
64.0,16.0,0.00783722599999237,50.0,597.18359375,0.0
64.0,17.0,0.007259453999722609,50.0,597.18359375,0.0
64.0,18.0,0.007355792999987898,0.0,597.1875,0.0
64.0,19.0,0.007504406999942148,50.0,597.1875,0.0
64.0,20.0,0.007753170999876602,50.0,597.1875,0.0
64.0,21.0,0.005957635999948252,50.0,597.1875,0.0
64.0,22.0,0.009546161000344,100.0,597.1875,0.0
64.0,23.0,0.005773376999968605,50.0,597.19140625,0.0
64.0,24.0,0.007738079999853653,50.0,597.1953125,0.0
64.0,25.0,0.004658384000322258,100.0,597.1953125,0.0
64.0,26.0,0.00490212300019266,50.0,597.1953125,0.0
64.0,27.0,0.0075756460000775405,0.0,597.1953125,0.0
64.0,28.0,0.007206947999748081,100.0,597.1953125,0.0
64.0,29.0,0.005754666000029829,100.0,597.1953125,0.0
64.0,30.0,0.009401976999924955,66.7,597.1953125,0.0
64.0,31.0,0.004302805999941484,0.0,597.1953125,0.0
64.0,32.0,0.006144843000129185,50.0,597.1953125,0.0
64.0,33.0,0.007181861999924877,50.0,597.1953125,0.0
64.0,34.0,0.0071467699999629986,100.0,597.1953125,0.0
64.0,35.0,0.005729910999889398,0.0,597.1953125,0.0
64.0,36.0,0.007343381999817211,50.0,597.1953125,0.0
64.0,37.0,0.0045675619999201444,100.0,597.1953125,0.0
64.0,38.0,0.004705356999693322,0.0,597.1953125,0.0
64.0,39.0,0.006200841999998374,50.0,597.1953125,0.0
64.0,40.0,0.005359113999929832,100.0,597.1953125,0.0
64.0,41.0,0.005004429000109667,0.0,597.1953125,0.0
64.0,42.0,0.007233692000227165,50.0,597.1953125,0.0
64.0,43.0,0.006057541999780369,50.0,597.1953125,0.0
64.0,44.0,0.005131986999913352,0.0,597.1953125,0.0
64.0,45.0,0.0060943459998270555,100.0,597.1953125,0.0
64.0,46.0,0.010751369999979943,100.0,597.1953125,0.0
64.0,47.0,0.006560352999713359,100.0,597.1953125,0.0
64.0,48.0,0.009685982999599219,100.0,597.1953125,0.0
64.0,49.0,0.004939503000059631,0.0,597.1953125,0.0
64.0,50.0,0.006201658000009047,100.0,597.1953125,0.0
64.0,51.0,0.005822235999858094,50.0,597.1953125,0.0
64.0,52.0,0.005770757999925991,0.0,597.1953125,0.0
64.0,53.0,0.004746851999698265,100.0,597.1953125,0.0
64.0,54.0,0.007963764000123774,50.0,597.1953125,0.0
64.0,55.0,0.007766577999973379,50.0,597.1953125,0.0
64.0,56.0,0.007249638000303094,0.0,597.1953125,0.0
64.0,57.0,0.00431319400013308,100.0,597.1953125,0.0
64.0,58.0,0.0059903020001002005,50.0,597.1953125,0.0
64.0,59.0,0.006125028000042221,0.0,597.1953125,0.0
64.0,60.0,0.006401097999969352,50.0,597.1953125,0.0
64.0,61.0,0.004441199000211782,50.0,597.1953125,0.0
64.0,62.0,0.007831044000340626,0.0,597.1953125,0.0
64.0,63.0,0.00444103100016946,100.0,597.1953125,0.0
64.0,64.0,0.005945916000200668,50.0,597.1953125,0.0
64.0,65.0,0.007436447000145563,0.0,597.1953125,0.0
64.0,66.0,0.006015939000008075,100.0,597.1953125,0.0
64.0,67.0,0.004508510000050592,50.0,597.1953125,0.0
64.0,68.0,0.006165640999824973,0.0,597.1953125,0.0
64.0,69.0,0.0044821850001426355,50.0,597.1953125,0.0
64.0,70.0,0.007540056999914668,50.0,597.1953125,0.0
64.0,71.0,0.006060890999833646,0.0,597.1953125,0.0
64.0,72.0,0.007419406999815692,50.0,597.1953125,0.0
64.0,73.0,0.004369978999875457,50.0,597.1953125,0.0
64.0,74.0,0.007493331000205217,50.0,597.1953125,0.0
64.0,75.0,0.00437156700036212,0.0,597.1953125,0.0
64.0,76.0,0.007413080000333139,50.0,597.1953125,0.0
64.0,77.0,0.004332444000283431,0.0,597.1953125,0.0
64.0,78.0,0.0075809549998666625,100.0,597.1953125,0.0
64.0,79.0,0.00450422099993375,50.0,597.1953125,0.0
64.0,80.0,0.0057997980002255645,0.0,597.19921875,0.0
64.0,81.0,0.008221343000059278,100.0,597.19921875,0.0
64.0,82.0,0.0077714899998682085,50.0,597.19921875,0.0
64.0,83.0,0.007458103999852028,50.0,597.19921875,0.0
64.0,84.0,0.004483692000121664,100.0,597.19921875,0.0
64.0,85.0,0.0060712260001309915,0.0,597.19921875,0.0
64.0,86.0,0.005822396999974444,100.0,597.203125,0.0
64.0,87.0,0.004465410000193515,50.0,597.203125,0.0
64.0,88.0,0.005826651999996102,0.0,597.203125,0.0
64.0,89.0,0.006108953000421025,100.0,597.203125,0.0
64.0,90.0,0.006031734999851324,50.0,597.203125,0.0
64.0,91.0,0.004379369999696792,0.0,597.203125,0.0
64.0,92.0,0.004476951000015106,50.0,597.203125,0.0
64.0,93.0,0.005806417999792757,100.0,597.203125,0.0
64.0,94.0,0.007800178000252345,50.0,597.203125,0.0
64.0,95.0,0.005947037999703753,50.0,597.203125,0.0
64.0,96.0,0.007511588999932428,50.0,597.203125,0.0
64.0,97.0,0.007605713999964792,100.0,597.20703125,0.0
64.0,98.0,0.007527968000431429,0.0,597.20703125,0.0
64.0,99.0,0.006172494000111328,50.0,597.2109375,0.0
64.0,100.0,0.007664083000236133,50.0,597.2109375,0.0
65.0,1.0,0.007459172999915609,50.0,597.2109375,0.0
65.0,2.0,0.007520589999785443,50.0,597.2109375,0.0
65.0,3.0,0.004557603999728599,0.0,597.2109375,0.0
65.0,4.0,0.005834933999722125,50.0,597.2109375,0.0
65.0,5.0,0.007531752999966557,50.0,597.2109375,0.0
65.0,6.0,0.006358656999964296,0.0,597.21484375,0.0
65.0,7.0,0.006171141999857355,50.0,597.21875,0.0
65.0,8.0,0.00730709699973886,50.0,597.21875,0.0
65.0,9.0,0.004347423000126582,0.0,597.21875,0.0
65.0,10.0,0.007351765999828785,50.0,597.21875,0.0
65.0,11.0,0.006117935000020225,50.0,597.21875,0.0
65.0,12.0,0.007429279999996652,50.0,597.22265625,0.0
65.0,13.0,0.005765757000062877,0.0,597.22265625,0.0
65.0,14.0,0.004354130999672634,50.0,597.22265625,0.0
65.0,15.0,0.004344990999925358,0.0,597.22265625,0.0
65.0,16.0,0.009676750999915384,66.7,597.2265625,0.0
65.0,17.0,0.007077009000113321,0.0,597.23046875,0.0
65.0,18.0,0.004375809000066511,50.0,597.234375,0.0
65.0,19.0,0.004405115999816189,0.0,597.234375,0.0
65.0,20.0,0.005870775999937905,50.0,597.234375,0.0
65.0,21.0,0.005855845999576559,50.0,597.234375,0.0
65.0,22.0,0.007364496999798575,100.0,597.234375,0.0
65.0,23.0,0.006267305999699602,0.0,597.234375,0.0
65.0,24.0,0.005700051000076201,50.0,597.23828125,0.0
65.0,25.0,0.004525449000084336,0.0,597.23828125,0.0
65.0,26.0,0.007170975999997609,50.0,597.23828125,0.0
65.0,27.0,0.0072969570001077955,50.0,597.2421875,0.0
65.0,28.0,0.007273679000263655,50.0,597.3125,0.0
65.0,29.0,0.005865008000000671,100.0,597.31640625,0.0
65.0,30.0,0.0073875559996849915,0.0,597.31640625,0.0
65.0,31.0,0.0058670270000220626,50.0,597.31640625,0.0
65.0,32.0,0.007698210999933508,50.0,597.31640625,0.0
65.0,33.0,0.005808743999750732,100.0,597.31640625,0.0
65.0,34.0,0.004570092999983899,0.0,597.32421875,0.0
65.0,35.0,0.007296127999779856,50.0,597.328125,0.0
65.0,36.0,0.007413763000386098,100.0,597.328125,0.0
65.0,37.0,0.004289502000119683,0.0,597.328125,0.0
65.0,38.0,0.007655569999769796,50.0,597.328125,0.0
65.0,39.0,0.005426564000117651,100.0,597.328125,0.0
65.0,40.0,0.004582436999953643,50.0,597.33203125,0.0
65.0,41.0,0.004367868999906932,0.0,597.33203125,0.0
65.0,42.0,0.007602552999742329,50.0,597.3359375,0.0
65.0,43.0,0.004288589000225329,0.0,597.3359375,0.0
65.0,44.0,0.0046540220000679255,50.0,597.33984375,0.0
65.0,45.0,0.00434737400019003,50.0,597.33984375,0.0
65.0,46.0,0.007408890000078827,0.0,597.33984375,0.0
65.0,47.0,0.0043870879999303725,50.0,597.34375,0.0
65.0,48.0,0.007606585000303312,50.0,597.34375,0.0
65.0,49.0,0.00583697599995503,0.0,597.34375,0.0
65.0,50.0,0.005892771000162611,50.0,597.34375,0.0
65.0,51.0,0.004312219999974332,50.0,597.34375,0.0
65.0,52.0,0.0077933120001034695,0.0,597.34765625,0.0
65.0,53.0,0.00620089599988205,50.0,597.3515625,0.0
65.0,54.0,0.007271435000347992,50.0,597.3515625,0.0
65.0,55.0,0.004491505999794754,0.0,597.3515625,0.0
65.0,56.0,0.006122247999883257,50.0,597.3515625,0.0
65.0,57.0,0.007403758000236849,50.0,597.3515625,0.0
65.0,58.0,0.0072151919998759695,50.0,597.359375,0.0
65.0,59.0,0.00581220599997323,0.0,597.359375,0.0
65.0,60.0,0.006073988000025565,50.0,597.359375,0.0
65.0,61.0,0.007283629000085057,50.0,597.359375,0.0
65.0,62.0,0.007666903999961505,50.0,597.36328125,0.0
65.0,63.0,0.005747191000409657,0.0,597.36328125,0.0
65.0,64.0,0.00623846999997113,50.0,597.36328125,0.0
65.0,65.0,0.006179174999942916,50.0,597.36328125,0.0
65.0,66.0,0.007301708000341023,50.0,597.36328125,0.0
65.0,67.0,0.005789960000129213,0.0,597.36328125,0.0
65.0,68.0,0.00760967799988066,50.0,597.3671875,0.0
65.0,69.0,0.006194646999574616,50.0,597.3671875,0.0
65.0,70.0,0.007342540999616176,66.7,597.3671875,0.0
65.0,71.0,0.004360846000054153,0.0,597.3671875,0.0
65.0,72.0,0.006270994999795221,50.0,597.3671875,0.0
65.0,73.0,0.007458090000000084,50.0,597.37109375,0.0
65.0,74.0,0.0062064589997135045,0.0,597.37109375,0.0
65.0,75.0,0.004437146999862307,50.0,597.37109375,0.0
65.0,76.0,0.007583248000173626,50.0,597.37109375,0.0
65.0,77.0,0.004670041999816021,0.0,597.37109375,0.0
65.0,78.0,0.006420747999982268,50.0,597.37109375,0.0
65.0,79.0,0.004514508999818645,0.0,597.37109375,0.0
65.0,80.0,0.004473915999824385,50.0,597.37109375,0.0
65.0,81.0,0.0045001149997006,0.0,597.375,0.0
65.0,82.0,0.004377712999939831,50.0,597.375,0.0
65.0,83.0,0.0063426370002162,50.0,597.375,0.0
65.0,84.0,0.007676150999941456,0.0,597.375,0.0
65.0,85.0,0.004556075999971654,100.0,597.375,0.0
65.0,86.0,0.005945827000232384,50.0,597.375,0.0
65.0,87.0,0.004580411999995704,0.0,597.375,0.0
65.0,88.0,0.005830334999700426,50.0,597.375,0.0
65.0,89.0,0.0066207949998897675,100.0,597.375,0.0
65.0,90.0,0.007478168000034202,50.0,597.375,0.0
65.0,91.0,0.00450038000008135,0.0,597.375,0.0
65.0,92.0,0.009114308999869536,100.0,597.375,0.0
65.0,93.0,0.006943133999811835,100.0,597.37890625,0.0
65.0,94.0,0.011756823000268923,100.0,597.37890625,0.0
65.0,95.0,0.00960080899994864,100.0,597.3828125,0.0
65.0,96.0,0.006395264999810024,0.0,597.3828125,0.0
65.0,97.0,0.008308198000122502,50.0,597.3828125,0.0
65.0,98.0,0.00828715200032093,50.0,597.3828125,0.0
65.0,99.0,0.008075681000264012,50.0,597.3828125,0.0
65.0,100.0,0.007564229000308842,100.0,597.3828125,0.0
66.0,1.0,0.004848873000355525,0.0,597.3828125,0.0
66.0,2.0,0.007674339000004693,50.0,597.3828125,0.0
66.0,3.0,0.004563158000109979,100.0,597.3828125,0.0
66.0,4.0,0.004596997000135161,0.0,597.3828125,0.0
66.0,5.0,0.004583084999921994,50.0,597.3828125,0.0
66.0,6.0,0.00781955200000084,100.0,597.3828125,0.0
66.0,7.0,0.004578657999900315,0.0,597.3828125,0.0
66.0,8.0,0.004677039999933186,50.0,597.3828125,0.0
66.0,9.0,0.004546082000160823,0.0,597.3828125,0.0
66.0,10.0,0.0075875800002904725,50.0,597.3828125,0.0
66.0,11.0,0.0064104620000762225,50.0,597.3828125,0.0
66.0,12.0,0.005859299000348983,100.0,597.3828125,0.0
66.0,13.0,0.0061915749997751846,0.0,597.3828125,0.0
66.0,14.0,0.005767250000189961,50.0,597.3828125,0.0
66.0,15.0,0.006415911000203778,100.0,597.3828125,0.0
66.0,16.0,0.006197249999786436,0.0,597.3828125,0.0
66.0,17.0,0.004378559000087989,50.0,597.3828125,0.0
66.0,18.0,0.007228150999708305,100.0,597.3828125,0.0
66.0,19.0,0.0045024320002085005,0.0,597.3828125,0.0
66.0,20.0,0.00793778499973996,50.0,597.3828125,0.0
66.0,21.0,0.004389401000025828,100.0,597.3828125,0.0
66.0,22.0,0.007859538000047905,0.0,597.3828125,0.0
66.0,23.0,0.007518014999732259,50.0,597.3828125,0.0
66.0,24.0,0.007621402000040689,50.0,597.3828125,0.0
66.0,25.0,0.004377508999823476,100.0,597.3828125,0.0
66.0,26.0,0.006040860000211978,0.0,597.3828125,0.0
66.0,27.0,0.007392662999791355,50.0,597.3828125,0.0
66.0,28.0,0.007507984000312717,66.7,597.3828125,0.0
66.0,29.0,0.004683469999690715,100.0,597.3828125,0.0
66.0,30.0,0.005802046000098926,0.0,597.3828125,0.0
66.0,31.0,0.00434729900007369,100.0,597.3828125,0.0
66.0,32.0,0.007193345999894518,50.0,597.3828125,0.0
66.0,33.0,0.005855887000052462,0.0,597.3828125,0.0
66.0,34.0,0.008542122000108066,100.0,597.3828125,0.0
66.0,35.0,0.006661635000000388,50.0,597.3828125,0.0
66.0,36.0,0.005914957000186405,50.0,597.3828125,0.0
66.0,37.0,0.006070187999739574,0.0,597.3828125,0.0
66.0,38.0,0.006783480999729363,50.0,597.3828125,0.0
66.0,39.0,0.006131233999894903,50.0,597.3828125,0.0
66.0,40.0,0.005817983000270033,100.0,597.3828125,0.0
66.0,41.0,0.0044857769998998265,0.0,597.3828125,0.0
66.0,42.0,0.007428844000060053,50.0,597.3828125,0.0
66.0,43.0,0.0043468869998832815,100.0,597.3828125,0.0
66.0,44.0,0.006082046999836166,0.0,597.3828125,0.0
66.0,45.0,0.00580089200002476,100.0,597.3828125,0.0
66.0,46.0,0.004693593999945733,50.0,597.3828125,0.0
66.0,47.0,0.004413721000219084,0.0,597.3828125,0.0
66.0,48.0,0.005984881999665959,50.0,597.3828125,0.0
66.0,49.0,0.005949079999936657,0.0,597.3828125,0.0
66.0,50.0,0.005842418000156613,100.0,597.3828125,0.0
66.0,51.0,0.004340937000051781,50.0,597.3828125,0.0
66.0,52.0,0.0059827019999829645,0.0,597.3828125,0.0
66.0,53.0,0.005787253000107739,100.0,597.3828125,0.0
66.0,54.0,0.005920012000387942,50.0,597.38671875,0.0
66.0,55.0,0.006189979999817297,0.0,597.390625,0.0
66.0,56.0,0.008589677999680134,50.0,597.390625,0.0
66.0,57.0,0.008543680000002496,100.0,597.390625,0.0
66.0,58.0,0.008038962000227912,50.0,597.390625,0.0
66.0,59.0,0.00769940600002883,100.0,597.390625,0.0
66.0,60.0,0.00821123700006865,50.0,597.390625,0.0
66.0,61.0,0.007222705999993195,50.0,597.390625,0.0
66.0,62.0,0.007468765000339772,0.0,597.390625,0.0
66.0,63.0,0.005992969000089943,100.0,597.390625,0.0
66.0,64.0,0.004855803000282322,50.0,597.390625,0.0
66.0,65.0,0.006140042999959405,0.0,597.390625,0.0
66.0,66.0,0.007824814999821683,100.0,597.390625,0.0
66.0,67.0,0.004434019000200351,50.0,597.390625,0.0
66.0,68.0,0.007297256000128982,50.0,597.390625,0.0
66.0,69.0,0.007566676999886113,0.0,597.39453125,0.0
66.0,70.0,0.004480420000163576,100.0,597.39453125,0.0
66.0,71.0,0.007569369000066217,100.0,597.39453125,0.0
66.0,72.0,0.010528428000270651,75.0,597.39453125,0.0
66.0,73.0,0.006633917999806727,0.0,597.3984375,0.0
66.0,74.0,0.005021694999868487,50.0,597.3984375,0.0
66.0,75.0,0.00605862900010834,50.0,597.3984375,0.0
66.0,76.0,0.007408929000121134,50.0,597.3984375,0.0
66.0,77.0,0.007442463999723259,0.0,597.3984375,0.0
66.0,78.0,0.007643198000096163,50.0,597.40234375,0.0
66.0,79.0,0.00469735699971352,50.0,597.40234375,0.0
66.0,80.0,0.006147250999674725,0.0,597.40234375,0.0
66.0,81.0,0.005804348999845388,50.0,597.40234375,0.0
66.0,82.0,0.007248636999975133,66.7,597.40234375,0.0
66.0,83.0,0.0059965440000269155,0.0,597.40234375,0.0
66.0,84.0,0.005909050999889587,100.0,597.40234375,0.0
66.0,85.0,0.004499835999922652,50.0,597.40234375,0.0
66.0,86.0,0.006047417999980098,0.0,597.40234375,0.0
66.0,87.0,0.004527356000380678,50.0,597.40625,0.0
66.0,88.0,0.005932371999733732,50.0,597.40625,0.0
66.0,89.0,0.00591988099995433,0.0,597.40625,0.0
66.0,90.0,0.007935604000067542,50.0,597.40625,0.0
66.0,91.0,0.005847363000157202,50.0,597.40625,0.0
66.0,92.0,0.008938385999954335,50.0,597.40625,0.0
66.0,93.0,0.00477218499963783,0.0,597.40625,0.0
66.0,94.0,0.0074791929996536055,50.0,597.40625,0.0
66.0,95.0,0.005941431000337616,100.0,597.40625,0.0
66.0,96.0,0.0059287690000928706,50.0,597.41015625,0.0
66.0,97.0,0.004824451999866142,0.0,597.41015625,0.0
66.0,98.0,0.00447330899987719,100.0,597.41015625,0.0
66.0,99.0,0.005012177000025986,0.0,597.41015625,0.0
66.0,100.0,0.004416753999976208,100.0,597.41015625,0.0
67.0,1.0,0.007560197999737284,50.0,597.41015625,0.0
67.0,2.0,0.007653162000224256,50.0,597.41015625,0.0
67.0,3.0,0.00607067900000402,0.0,597.41015625,0.0
67.0,4.0,0.00599181799998405,100.0,597.41015625,0.0
67.0,5.0,0.0047178610002447385,0.0,597.4140625,0.0
67.0,6.0,0.006044181000106619,50.0,597.4140625,0.0
67.0,7.0,0.004722682000192435,100.0,597.4140625,0.0
67.0,8.0,0.00638542700016842,0.0,597.4140625,0.0
67.0,9.0,0.006103215999701206,100.0,597.4140625,0.0
67.0,10.0,0.008255909999661526,50.0,597.4140625,0.0
67.0,11.0,0.005842348999976821,50.0,597.4140625,0.0
67.0,12.0,0.007314783000310854,0.0,597.41796875,0.0
67.0,13.0,0.0046966679997240135,100.0,597.41796875,0.0
67.0,14.0,0.006017988999701629,50.0,597.41796875,0.0
67.0,15.0,0.007588718000079098,0.0,597.421875,0.0
67.0,16.0,0.00583366599994406,50.0,597.421875,0.0
67.0,17.0,0.006193734999669687,100.0,597.421875,0.0
67.0,18.0,0.006105416000082187,50.0,597.421875,0.0
67.0,19.0,0.006487041000127647,0.0,597.421875,0.0
67.0,20.0,0.007292525000138994,100.0,597.421875,0.0
67.0,21.0,0.005912779000027513,50.0,597.421875,0.0
67.0,22.0,0.005933717000061733,0.0,597.421875,0.0
67.0,23.0,0.005224442000326235,100.0,597.421875,0.0
67.0,24.0,0.007420120999995561,50.0,597.421875,0.0
67.0,25.0,0.0045428210000864055,0.0,597.42578125,0.0
67.0,26.0,0.007355061999987811,50.0,597.42578125,0.0
67.0,27.0,0.004633831000319333,100.0,597.42578125,0.0
67.0,28.0,0.004807717999938177,0.0,597.42578125,0.0
67.0,29.0,0.004448287000286655,100.0,597.42578125,0.0
67.0,30.0,0.0075031500000477536,50.0,597.42578125,0.0
67.0,31.0,0.005817951000153698,0.0,597.42578125,0.0
67.0,32.0,0.0060146280002300045,100.0,597.42578125,0.0
67.0,33.0,0.004462419999981648,50.0,597.42578125,0.0
67.0,34.0,0.005947912000010547,0.0,597.4296875,0.0
67.0,35.0,0.004924528999708855,100.0,597.4296875,0.0
67.0,36.0,0.009102151999741181,50.0,597.4296875,0.0
67.0,37.0,0.006419650000225374,100.0,597.4296875,0.0
67.0,38.0,0.012839495000207535,100.0,597.43359375,0.0
67.0,39.0,0.008924959000069066,100.0,597.43359375,0.0
67.0,40.0,0.0064965699998538184,100.0,597.4375,0.0
67.0,41.0,0.00787635999995473,50.0,597.44140625,0.0
67.0,42.0,0.006024548999903345,50.0,597.44140625,0.0
67.0,43.0,0.004435790000115958,0.0,597.44140625,0.0
67.0,44.0,0.006256133000078989,50.0,597.4453125,0.0
67.0,45.0,0.004474300999845582,50.0,597.4453125,0.0
67.0,46.0,0.007377913999789598,0.0,597.44921875,0.0
67.0,47.0,0.005910880999635992,50.0,597.44921875,0.0
67.0,48.0,0.00803821199997401,50.0,597.453125,0.0
67.0,49.0,0.0059787069999401865,50.0,597.453125,0.0
67.0,50.0,0.006011598999975831,0.0,597.453125,0.0
67.0,51.0,0.00613190299964117,50.0,597.453125,0.0
67.0,52.0,0.007432340999912412,50.0,597.4609375,0.0
67.0,53.0,0.005842959999881714,100.0,597.4609375,0.0
67.0,54.0,0.005976028000077349,0.0,597.4609375,0.0
67.0,55.0,0.006046222999884776,50.0,597.4609375,0.0
67.0,56.0,0.005866473999958544,100.0,597.4609375,0.0
67.0,57.0,0.004745004999676894,0.0,597.46484375,0.0
67.0,58.0,0.007419910999942658,50.0,597.46484375,0.0
67.0,59.0,0.0045540689998233574,100.0,597.46484375,0.0
67.0,60.0,0.006042273999810277,0.0,597.46484375,0.0
67.0,61.0,0.0069496370001616015,50.0,597.46484375,0.0
67.0,62.0,0.006363953999880323,50.0,597.46484375,0.0
67.0,63.0,0.005872694000117917,0.0,597.46484375,0.0
67.0,64.0,0.004595674000029248,50.0,597.46484375,0.0
67.0,65.0,0.007375435000085417,50.0,597.46484375,0.0
67.0,66.0,0.005892912000035722,0.0,597.46484375,0.0
67.0,67.0,0.0045783999999002845,50.0,597.46484375,0.0
67.0,68.0,0.006467417999829195,100.0,597.46484375,0.0
67.0,69.0,0.007524329000261787,0.0,597.53125,0.0
67.0,70.0,0.007324117000280239,50.0,597.53125,0.0
67.0,71.0,0.0058291250002184825,50.0,597.53125,0.0
67.0,72.0,0.005903909000153362,100.0,597.53125,0.0
67.0,73.0,0.0047384969998347515,0.0,597.53125,0.0
67.0,74.0,0.0074647940000431845,50.0,597.53125,0.0
67.0,75.0,0.005180720000225847,100.0,597.53125,0.0
67.0,76.0,0.007470491000276525,50.0,597.53125,0.0
67.0,77.0,0.004376964000130101,0.0,597.53125,0.0
67.0,78.0,0.0046710080000593734,66.7,597.53125,0.0
67.0,79.0,0.006291211000188923,0.0,597.53125,0.0
67.0,80.0,0.0061543349997918995,100.0,597.53125,0.0
67.0,81.0,0.004386169000099471,0.0,597.53125,0.0
67.0,82.0,0.007396772999982204,50.0,597.53125,0.0
67.0,83.0,0.005932467000093311,100.0,597.53125,0.0
67.0,84.0,0.007829694000065501,50.0,597.53125,0.0
67.0,85.0,0.004403380999974615,0.0,597.53125,0.0
67.0,86.0,0.00771658599978764,50.0,597.53515625,0.0
67.0,87.0,0.006056592999811983,100.0,597.53515625,0.0
67.0,88.0,0.008054842000092322,50.0,597.53515625,0.0
67.0,89.0,0.0060202760000720446,0.0,597.53515625,0.0
67.0,90.0,0.005906702999709523,50.0,597.53515625,0.0
67.0,91.0,0.006256326999846351,100.0,597.5390625,0.0
67.0,92.0,0.006443646999741759,50.0,597.5390625,0.0
67.0,93.0,0.006013230999997177,0.0,597.5390625,0.0
67.0,94.0,0.007339205000334914,100.0,597.5390625,0.0
67.0,95.0,0.007573009000225284,50.0,597.5390625,0.0
67.0,96.0,0.0059330930002943205,50.0,597.54296875,0.0
67.0,97.0,0.005280038999899261,0.0,597.54296875,0.0
67.0,98.0,0.009898395000163873,50.0,597.54296875,0.0
67.0,99.0,0.005190100999698188,100.0,597.54296875,0.0
67.0,100.0,0.006018400999892037,50.0,597.54296875,0.0
68.0,1.0,0.007254870999986451,50.0,597.54296875,0.0
68.0,2.0,0.0112506260002192,100.0,597.546875,0.0
68.0,3.0,0.010717245000250841,100.0,597.546875,0.0
68.0,4.0,0.012885120000191819,100.0,597.546875,0.0
68.0,5.0,0.020442519999960496,100.0,597.546875,0.0
68.0,6.0,0.00825880899992626,100.0,597.546875,0.0
68.0,7.0,0.0045765810000375495,100.0,597.546875,0.0
68.0,8.0,0.006058606000351574,0.0,597.55078125,0.0
68.0,9.0,0.0060076849999859405,50.0,597.55078125,0.0
68.0,10.0,0.007457684999735648,100.0,597.55078125,0.0
68.0,11.0,0.004725975999917864,0.0,597.55078125,0.0
68.0,12.0,0.005857946000105585,50.0,597.55078125,0.0
68.0,13.0,0.006263784000111627,100.0,597.5546875,0.0
68.0,14.0,0.006228262000149698,0.0,597.5546875,0.0
68.0,15.0,0.004592049000166298,100.0,597.5546875,0.0
68.0,16.0,0.007423706999816204,50.0,597.5546875,0.0
68.0,17.0,0.0060673660000247764,50.0,597.5546875,0.0
68.0,18.0,0.00733996400003889,0.0,597.5546875,0.0
68.0,19.0,0.0044041910000487405,100.0,597.5546875,0.0
68.0,20.0,0.005992692999825522,0.0,597.5546875,0.0
68.0,21.0,0.006121627000084118,50.0,597.55859375,0.0
68.0,22.0,0.007473172999652888,50.0,597.55859375,0.0
68.0,23.0,0.00458365699978458,100.0,597.5625,0.0
68.0,24.0,0.004860891999669548,0.0,597.5625,0.0
68.0,25.0,0.004495901000154845,100.0,597.5625,0.0
68.0,26.0,0.007334639999953652,0.0,597.5625,0.0
68.0,27.0,0.004444246000275598,100.0,597.5625,0.0
68.0,28.0,0.004556112000045687,50.0,597.5625,0.0
68.0,29.0,0.006432526000025973,0.0,597.5625,0.0
68.0,30.0,0.0074688430004243855,50.0,597.5625,0.0
68.0,31.0,0.006750456999725429,100.0,597.5625,0.0
68.0,32.0,0.0076280139996924845,50.0,597.5625,0.0
68.0,33.0,0.004505056000198238,100.0,597.5625,0.0
68.0,34.0,0.005974161000267486,0.0,597.56640625,0.0
68.0,35.0,0.007467677000022377,50.0,597.5703125,0.0
68.0,36.0,0.007594989000153873,50.0,597.5703125,0.0
68.0,37.0,0.00447601299993039,0.0,597.5703125,0.0
68.0,38.0,0.010469175000253017,100.0,597.5703125,0.0
68.0,39.0,0.007912276000297425,100.0,597.5703125,0.0
68.0,40.0,0.0067150919999221514,100.0,597.5703125,0.0
68.0,41.0,0.006366997999975865,100.0,597.5703125,0.0
68.0,42.0,0.00920658299992283,66.7,597.5703125,0.0
68.0,43.0,0.008906807000130357,100.0,597.57421875,0.0
68.0,44.0,0.011805941999682545,100.0,597.57421875,0.0
68.0,45.0,0.008777694999935193,100.0,597.57421875,0.0
68.0,46.0,0.00900494699999399,100.0,597.57421875,0.0
68.0,47.0,0.008568237999952544,100.0,597.57421875,0.0
68.0,48.0,0.008798873999694479,100.0,597.57421875,0.0
68.0,49.0,0.009300191999955132,100.0,597.57421875,0.0
68.0,50.0,0.010700666000047931,100.0,597.57421875,0.0
68.0,51.0,0.005695460999959323,100.0,597.57421875,0.0
68.0,52.0,0.007675068000025931,100.0,597.57421875,0.0
68.0,53.0,0.005746823999743356,100.0,597.58203125,0.0
68.0,54.0,0.00918772600016382,100.0,597.58203125,0.0
68.0,55.0,0.007807142000274325,100.0,597.58203125,0.0
68.0,56.0,0.008706278999852657,100.0,597.58203125,0.0
68.0,57.0,0.007841838999866013,100.0,597.58203125,0.0
68.0,58.0,0.007640561999778583,100.0,597.58203125,0.0
68.0,59.0,0.005666975999702117,100.0,597.58203125,0.0
68.0,60.0,0.009748639000008552,100.0,597.58203125,0.0
68.0,61.0,0.006442096999762725,100.0,597.58203125,0.0
68.0,62.0,0.010725851000188413,100.0,597.58203125,0.0
68.0,63.0,0.006215394999799173,100.0,597.58203125,0.0
68.0,64.0,0.009671160999914719,100.0,597.58984375,0.0
68.0,65.0,0.006425157999728981,100.0,597.58984375,0.0
68.0,66.0,0.009621559000152047,100.0,597.58984375,0.0
68.0,67.0,0.007994271999905322,100.0,597.58984375,0.0
68.0,68.0,0.011373348000233818,100.0,597.58984375,0.0
68.0,69.0,0.007049993000237009,100.0,597.625,0.0
68.0,70.0,0.00810093100017184,100.0,597.62890625,0.0
68.0,71.0,0.007435924000219529,100.0,597.62890625,0.0
68.0,72.0,0.010053808000066056,100.0,597.62890625,0.0
68.0,73.0,0.00650235100010832,100.0,597.62890625,0.0
68.0,74.0,0.008725434000098176,100.0,597.62890625,0.0
68.0,75.0,0.006024741000146605,100.0,597.6328125,0.0
68.0,76.0,0.008006055999885575,100.0,597.63671875,0.0
68.0,77.0,0.01026423099983731,100.0,597.63671875,0.0
68.0,78.0,0.0077182169998195604,100.0,597.640625,0.0
68.0,79.0,0.009804409000025771,100.0,597.640625,0.0
68.0,80.0,0.009370743000090442,100.0,597.640625,0.0
68.0,81.0,0.0059297020002304635,100.0,597.64453125,0.0
68.0,82.0,0.009499342000253819,100.0,597.64453125,0.0
68.0,83.0,0.010743016999640531,100.0,597.64453125,0.0
68.0,84.0,0.008336973000041326,100.0,597.64453125,0.0
68.0,85.0,0.00641562700002396,100.0,597.6484375,0.0
68.0,86.0,0.011328800999763189,100.0,597.65234375,0.0
68.0,87.0,0.008014612999886594,100.0,597.65234375,0.0
68.0,88.0,0.009544385000026523,100.0,597.65234375,0.0
68.0,89.0,0.005843088999881729,100.0,597.65234375,0.0
68.0,90.0,0.00983483400023033,100.0,597.65234375,0.0
68.0,91.0,0.005726786000195716,100.0,597.65234375,0.0
68.0,92.0,0.009799215999919397,100.0,597.65625,0.0
68.0,93.0,0.009538337999856594,100.0,597.65625,0.0
68.0,94.0,0.008274580000033893,100.0,597.65625,0.0
68.0,95.0,0.010662912000043434,100.0,597.66015625,0.0
68.0,96.0,0.010992883999733749,100.0,597.66015625,0.0
68.0,97.0,0.007201261999853159,100.0,597.6640625,0.0
68.0,98.0,0.010146997999981977,100.0,597.6640625,0.0
68.0,99.0,0.008000912000170501,100.0,597.6640625,0.0
68.0,100.0,0.007574172000204271,100.0,597.6640625,0.0
69.0,1.0,0.009585531000084302,100.0,597.6640625,0.0
69.0,2.0,0.009696930999780307,100.0,597.66796875,0.0
69.0,3.0,0.005953139000212104,100.0,597.66796875,0.0
69.0,4.0,0.00947571999995489,100.0,597.671875,0.0
69.0,5.0,0.005943441999988863,100.0,597.67578125,0.0
69.0,6.0,0.013375108999753138,100.0,597.67578125,0.0
69.0,7.0,0.009263184000246838,100.0,597.67578125,0.0
69.0,8.0,0.01108386599980804,100.0,597.6796875,0.0
69.0,9.0,0.010837454000011348,100.0,597.6796875,0.0
69.0,10.0,0.006803965000017342,100.0,597.6796875,0.0
69.0,11.0,0.00853434600003311,100.0,597.6796875,0.0
69.0,12.0,0.007865537000270706,100.0,597.6796875,0.0
69.0,13.0,0.006270835000123043,100.0,597.6796875,0.0
69.0,14.0,0.007808654000200477,100.0,597.68359375,0.0
69.0,15.0,0.009498090999841224,100.0,597.6875,0.0
69.0,16.0,0.010229204000097525,100.0,597.75390625,0.0
69.0,17.0,0.0066392889998496685,100.0,597.75390625,0.0
69.0,18.0,0.009845107000273856,100.0,597.75390625,0.0
69.0,19.0,0.010267255999679037,100.0,597.75390625,0.0
69.0,20.0,0.009873945999970601,100.0,597.7578125,0.0
69.0,21.0,0.007611609999912616,100.0,597.7578125,0.0
69.0,22.0,0.007826397999906476,100.0,597.7578125,0.0
69.0,23.0,0.007981594999819208,100.0,597.7578125,0.0
69.0,24.0,0.009676253000179713,100.0,597.7578125,0.0
69.0,25.0,0.0057383690000278875,100.0,597.76171875,0.0
69.0,26.0,0.008944951000103174,100.0,597.765625,0.0
69.0,27.0,0.006540275000133988,100.0,597.765625,0.0
69.0,28.0,0.007835975000034523,100.0,597.765625,0.0
69.0,29.0,0.008407758999965154,100.0,597.765625,0.0
69.0,30.0,0.008445674999620678,100.0,597.765625,0.0
69.0,31.0,0.00571509600013087,100.0,597.765625,0.0
69.0,32.0,0.007914407000043866,100.0,597.765625,0.0
69.0,33.0,0.00779054599979645,100.0,597.765625,0.0
69.0,34.0,0.006263232000037533,100.0,597.765625,0.0
69.0,35.0,0.007786469999700785,66.7,597.765625,0.0
69.0,36.0,0.010542927000187774,100.0,597.765625,0.0
69.0,37.0,0.005741918000239821,100.0,597.765625,0.0
69.0,38.0,0.010135435999927722,100.0,597.765625,0.0
69.0,39.0,0.005793395999717177,100.0,597.765625,0.0
69.0,40.0,0.007600253999953566,100.0,597.765625,0.0
69.0,41.0,0.007863279000048351,100.0,597.765625,0.0
69.0,42.0,0.00950853599988477,100.0,597.765625,0.0
69.0,43.0,0.005657809000240377,100.0,597.765625,0.0
69.0,44.0,0.007865194999794767,100.0,597.765625,0.0
69.0,45.0,0.00793189700016228,100.0,597.765625,0.0
69.0,46.0,0.010100130999944668,100.0,597.765625,0.0
69.0,47.0,0.006328727999971306,100.0,597.765625,0.0
69.0,48.0,0.011256641000272793,100.0,597.765625,0.0
69.0,49.0,0.009092942999814113,100.0,597.765625,0.0
69.0,50.0,0.008382697000342887,100.0,597.765625,0.0
69.0,51.0,0.00868430599985004,100.0,597.765625,0.0
69.0,52.0,0.01076883199993972,100.0,597.765625,0.0
69.0,53.0,0.006536488999699941,100.0,597.765625,0.0
69.0,54.0,0.00833771199995681,100.0,597.765625,0.0
69.0,55.0,0.006098089999795775,100.0,597.765625,0.0
69.0,56.0,0.008108327000172721,100.0,597.765625,0.0
69.0,57.0,0.006785613000374724,100.0,597.765625,0.0
69.0,58.0,0.01019533999988198,100.0,597.765625,0.0
69.0,59.0,0.006385725000200182,100.0,597.765625,0.0
69.0,60.0,0.010349474000122427,100.0,597.765625,0.0
69.0,61.0,0.010437210000418418,100.0,597.765625,0.0
69.0,62.0,0.008921169000132068,100.0,597.765625,0.0
69.0,63.0,0.006489303999842377,100.0,597.765625,0.0
69.0,64.0,0.009713316999750532,100.0,597.765625,0.0
69.0,65.0,0.005986725999719056,100.0,597.765625,0.0
69.0,66.0,0.0077650799998991715,100.0,597.765625,0.0
69.0,67.0,0.007765128999835724,100.0,597.765625,0.0
69.0,68.0,0.009648190000007162,100.0,597.765625,0.0
69.0,69.0,0.006555426999966585,100.0,597.765625,0.0
69.0,70.0,0.01095128199995088,100.0,597.765625,0.0
69.0,71.0,0.007884677999754786,100.0,597.765625,0.0
69.0,72.0,0.010162689000026148,100.0,597.765625,0.0
69.0,73.0,0.006056844999875466,100.0,597.765625,0.0
69.0,74.0,0.01026569500027108,100.0,597.765625,0.0
69.0,75.0,0.006334262999644125,100.0,597.765625,0.0
69.0,76.0,0.00798143700012588,100.0,597.765625,0.0
69.0,77.0,0.00987806900002397,100.0,597.7734375,0.0
69.0,78.0,0.005766115999904287,100.0,597.7734375,0.0
69.0,79.0,0.009975254999972094,100.0,597.9140625,0.0
69.0,80.0,0.006268208999699709,100.0,597.9140625,0.0
69.0,81.0,0.010023417999946105,100.0,597.9140625,0.0
69.0,82.0,0.012262398000075336,100.0,597.9140625,0.0
69.0,83.0,0.008599340999808192,100.0,597.9140625,0.0
69.0,84.0,0.010336296999867045,100.0,597.9140625,0.0
69.0,85.0,0.00836655700004485,100.0,597.91796875,0.0
69.0,86.0,0.0065445240002190985,100.0,597.91796875,0.0
69.0,87.0,0.0062864360002095054,100.0,597.91796875,0.0
69.0,88.0,0.008331292000093526,100.0,597.91796875,0.0
69.0,89.0,0.007464881000032619,100.0,597.91796875,0.0
69.0,90.0,0.009717078999983642,100.0,597.91796875,0.0
69.0,91.0,0.005926340999849344,100.0,597.91796875,0.0
69.0,92.0,0.009639531000175339,100.0,597.921875,0.0
69.0,93.0,0.005799909999950614,100.0,597.921875,0.0
69.0,94.0,0.009952674000032857,100.0,597.921875,0.0
69.0,95.0,0.005724579999878188,100.0,597.92578125,0.0
69.0,96.0,0.007618812999680813,100.0,597.92578125,0.0
69.0,97.0,0.006151683999632951,100.0,597.9296875,0.0
69.0,98.0,0.010051230000044598,100.0,597.93359375,0.0
69.0,99.0,0.00566915399986101,100.0,597.93359375,0.0
69.0,100.0,0.008923372000026575,100.0,597.93359375,0.0
70.0,1.0,0.007851396999740246,100.0,597.93359375,0.0
70.0,2.0,0.008255593999820121,100.0,597.93359375,0.0
70.0,3.0,0.0059177630000704085,100.0,597.93359375,0.0
70.0,4.0,0.011613773000135552,100.0,597.9375,0.0
70.0,5.0,0.007816159999947558,100.0,597.94140625,0.0
70.0,6.0,0.008623553000234097,100.0,597.94140625,0.0
70.0,7.0,0.006670018000022537,100.0,597.94140625,0.0
70.0,8.0,0.008688593999977456,100.0,597.94140625,0.0
70.0,9.0,0.010893024999859335,100.0,597.94140625,0.0
70.0,10.0,0.011048466999909579,100.0,597.94921875,0.0
70.0,11.0,0.0064168520002567675,100.0,597.94921875,0.0
70.0,12.0,0.010951916000067285,100.0,597.94921875,0.0
70.0,13.0,0.007483510999918508,100.0,597.94921875,0.0
70.0,14.0,0.008446188000107213,100.0,597.94921875,0.0
70.0,15.0,0.008573375000196393,100.0,597.94921875,0.0
70.0,16.0,0.009892717000184348,100.0,597.95703125,0.0
70.0,17.0,0.006399510999926861,66.7,597.95703125,0.0
70.0,18.0,0.010236285999781103,100.0,597.95703125,0.0
70.0,19.0,0.00795520600013333,100.0,597.95703125,0.0
70.0,20.0,0.010688124999887805,100.0,597.95703125,0.0
70.0,21.0,0.007884815000124945,100.0,597.9609375,0.0
70.0,22.0,0.011241869000059523,100.0,597.9609375,0.0
70.0,23.0,0.0071134690001599665,100.0,597.9609375,0.0
70.0,24.0,0.009723364999899786,100.0,597.9609375,0.0
70.0,25.0,0.007884997000019212,100.0,597.9609375,0.0
70.0,26.0,0.005784363000202575,100.0,597.96484375,0.0
70.0,27.0,0.007829780999600189,100.0,597.96875,0.0
70.0,28.0,0.0076722230000996205,100.0,597.96875,0.0
70.0,29.0,0.007622709000315808,100.0,597.96875,0.0
70.0,30.0,0.007992582000042603,100.0,597.96875,0.0
70.0,31.0,0.006141679999927874,100.0,597.96875,0.0
70.0,32.0,0.00964898100028222,100.0,597.96875,0.0
70.0,33.0,0.009521514999960345,100.0,597.97265625,0.0
70.0,34.0,0.009555227999953786,100.0,597.97265625,0.0
70.0,35.0,0.005874466000022949,100.0,597.97265625,0.0
70.0,36.0,0.009195712000291678,100.0,597.9765625,0.0
70.0,37.0,0.007445141000061994,100.0,597.9765625,0.0
70.0,38.0,0.011086064000210172,100.0,597.98046875,0.0
70.0,39.0,0.0077032980002513796,100.0,597.98046875,0.0
70.0,40.0,0.009939101999862032,100.0,597.98046875,0.0
70.0,41.0,0.0057141729998875235,100.0,597.98046875,0.0
70.0,42.0,0.009677675000148156,100.0,597.98046875,0.0
70.0,43.0,0.00786594300006982,100.0,597.984375,0.0
70.0,44.0,0.008303445000365173,100.0,597.984375,0.0
70.0,45.0,0.00949245499987228,100.0,597.984375,0.0
70.0,46.0,0.009557752000091568,100.0,597.98828125,0.0
70.0,47.0,0.0061037499999656575,100.0,597.98828125,0.0
70.0,48.0,0.007659669000076974,100.0,597.98828125,0.0
70.0,49.0,0.005742521000229317,100.0,597.9921875,0.0
70.0,50.0,0.008081247999598418,100.0,597.9921875,0.0
70.0,51.0,0.00771089399995617,100.0,597.9921875,0.0
70.0,52.0,0.009539984000184631,100.0,597.9921875,0.0
70.0,53.0,0.005906239000069036,100.0,597.9921875,0.0
70.0,54.0,0.009794109000267781,100.0,597.99609375,0.0
70.0,55.0,0.011238447999858181,100.0,597.99609375,0.0
70.0,56.0,0.010698333999698662,100.0,597.99609375,0.0
70.0,57.0,0.006624372999795014,100.0,598.0,0.0
70.0,58.0,0.009707408000394935,75.0,598.0,0.0
70.0,59.0,0.006741811000210873,100.0,598.0,0.0
70.0,60.0,0.012097182999696088,100.0,598.0,0.0
70.0,61.0,0.01577195500021844,100.0,598.0,0.0
70.0,62.0,0.010957931999655557,100.0,598.0,0.0
70.0,63.0,0.01002859099980924,100.0,598.0,0.0
70.0,64.0,0.015303753999887704,100.0,598.0,0.0
70.0,65.0,0.0065767389996835846,100.0,598.0,0.0
70.0,66.0,0.010585547000118822,100.0,598.0,0.0
70.0,67.0,0.007362038999872311,100.0,598.00390625,0.0
70.0,68.0,0.010227614999621437,100.0,598.00390625,0.0
70.0,69.0,0.009527817999696708,100.0,598.00390625,0.0
70.0,70.0,0.010185132000060548,100.0,598.00390625,0.0
70.0,71.0,0.009119277000081638,100.0,598.00390625,0.0
70.0,72.0,0.00877826699979778,100.0,598.00390625,0.0
70.0,73.0,0.007361715999650187,100.0,598.00390625,0.0
70.0,74.0,0.0092939840001236,100.0,598.00390625,0.0
70.0,75.0,0.007269399000051635,100.0,598.00390625,0.0
70.0,76.0,0.008277920999717026,100.0,598.00390625,0.0
70.0,77.0,0.006326175000140211,100.0,598.00390625,0.0
70.0,78.0,0.009158257999843045,100.0,598.0078125,0.0
70.0,79.0,0.011565596999844274,100.0,598.0078125,0.0
70.0,80.0,0.009035278000283142,100.0,598.0078125,0.0
70.0,81.0,0.0069334700001491,100.0,598.0078125,0.0
70.0,82.0,0.010788977000174782,100.0,598.0078125,0.0
70.0,83.0,0.00876476899975387,100.0,598.0078125,0.0
70.0,84.0,0.010804221000398684,100.0,598.0078125,0.0
70.0,85.0,0.006448231999911513,100.0,598.0078125,0.0
70.0,86.0,0.008699813000021095,100.0,598.0078125,0.0
70.0,87.0,0.008855530999881012,100.0,598.0078125,0.0
70.0,88.0,0.010583596000287798,100.0,598.0078125,0.0
70.0,89.0,0.010611016999973799,100.0,598.01171875,0.0
70.0,90.0,0.009054642999672069,100.0,598.01171875,0.0
70.0,91.0,0.008037023000269983,100.0,598.01171875,0.0
70.0,92.0,0.010948159000236046,100.0,598.015625,0.0
70.0,93.0,0.01146512100012842,100.0,598.015625,0.0
70.0,94.0,0.013732872999753454,100.0,598.015625,0.0
70.0,95.0,0.007671623000078398,100.0,598.015625,0.0
70.0,96.0,0.010473142000137159,100.0,598.015625,0.0
70.0,97.0,0.010808161999648291,100.0,598.015625,0.0
70.0,98.0,0.011073791999933746,100.0,598.015625,0.0
70.0,99.0,0.009895040000174049,100.0,598.015625,0.0
70.0,100.0,0.011504021000291687,100.0,598.015625,0.0
71.0,1.0,0.009050758999819664,100.0,598.015625,0.0
71.0,2.0,0.010942388000330538,100.0,598.015625,0.0
71.0,3.0,0.007144442000026174,100.0,598.015625,0.0
71.0,4.0,0.008943828000155918,100.0,598.015625,0.0
71.0,5.0,0.011212219999833906,100.0,598.015625,0.0
71.0,6.0,0.011359532999904332,100.0,598.015625,0.0
71.0,7.0,0.006751602999884199,100.0,598.015625,0.0
71.0,8.0,0.008085004999884404,50.0,598.015625,0.0
71.0,9.0,0.004844130000037694,0.0,598.015625,0.0
71.0,10.0,0.007558627999969758,50.0,598.015625,0.0
71.0,11.0,0.00460675500016805,100.0,598.015625,0.0
71.0,12.0,0.0046654590000798635,0.0,598.015625,0.0
71.0,13.0,0.004653657999824645,100.0,598.015625,0.0
71.0,14.0,0.00963404599997375,100.0,598.015625,0.0
71.0,15.0,0.008747475999825838,50.0,598.015625,0.0
71.0,16.0,0.008175569000286487,50.0,598.015625,0.0
71.0,17.0,0.004548085000351421,0.0,598.015625,0.0
71.0,18.0,0.004652411999813921,100.0,598.015625,0.0
71.0,19.0,0.0049998489998870355,0.0,598.015625,0.0
71.0,20.0,0.006253286999708507,50.0,598.015625,0.0
71.0,21.0,0.007947076999698766,100.0,598.015625,0.0
71.0,22.0,0.007044698000299832,50.0,598.015625,0.0
71.0,23.0,0.005283759999656468,0.0,598.015625,0.0
71.0,24.0,0.008484233999752178,66.7,598.015625,0.0
71.0,25.0,0.008247578000009526,100.0,598.015625,0.0
71.0,26.0,0.005362617000173486,50.0,598.015625,0.0
71.0,27.0,0.0052159100000608305,50.0,598.015625,0.0
71.0,28.0,0.007224762999612722,0.0,598.015625,0.0
71.0,29.0,0.005243004000021756,50.0,598.015625,0.0
71.0,30.0,0.007188545000190061,50.0,598.015625,0.0
71.0,31.0,0.004963350000252831,0.0,598.015625,0.0
71.0,32.0,0.00835259599989513,50.0,598.015625,0.0
71.0,33.0,0.007044707000204653,50.0,598.015625,0.0
71.0,34.0,0.006547936000060872,50.0,598.015625,0.0
71.0,35.0,0.006969417999698635,50.0,598.015625,0.0
71.0,36.0,0.008874555000147666,50.0,598.015625,0.0
71.0,37.0,0.006737461000284384,0.0,598.015625,0.0
71.0,38.0,0.005171361000066099,50.0,598.015625,0.0
71.0,39.0,0.005295154000123148,50.0,598.015625,0.0
71.0,40.0,0.008285787999739114,100.0,598.015625,0.0
71.0,41.0,0.005142474999956903,0.0,598.015625,0.0
71.0,42.0,0.006869135000215465,50.0,598.015625,0.0
71.0,43.0,0.009118107000176678,50.0,598.015625,0.0
71.0,44.0,0.006929008000042813,50.0,598.015625,0.0
71.0,45.0,0.005205038999974931,0.0,598.015625,0.0
71.0,46.0,0.008226068000112718,50.0,598.015625,0.0
71.0,47.0,0.005219054999997752,50.0,598.015625,0.0
71.0,48.0,0.00860810499989384,50.0,598.015625,0.0
71.0,49.0,0.005104673999994702,0.0,598.015625,0.0
71.0,50.0,0.006723599999986618,50.0,598.015625,0.0
71.0,51.0,0.005783973999768932,50.0,598.015625,0.0
71.0,52.0,0.006697299999814277,100.0,598.01953125,0.0
71.0,53.0,0.008954658000220661,0.0,598.01953125,0.0
71.0,54.0,0.008998134000194113,50.0,598.01953125,0.0
71.0,55.0,0.008448146999853634,50.0,598.01953125,0.0
71.0,56.0,0.006884634000016376,50.0,598.01953125,0.0
71.0,57.0,0.005341657999906602,50.0,598.01953125,0.0
71.0,58.0,0.006765855000139709,0.0,598.01953125,0.0
71.0,59.0,0.006780403999982809,100.0,598.01953125,0.0
71.0,60.0,0.0068315420003273175,50.0,598.01953125,0.0
71.0,61.0,0.006687822999992932,50.0,598.01953125,0.0
71.0,62.0,0.008444347999557067,50.0,598.0234375,0.0
71.0,63.0,0.005379690000154369,0.0,598.0234375,0.0
71.0,64.0,0.008561180000015156,50.0,598.0234375,0.0
71.0,65.0,0.005013800999677187,50.0,598.0234375,0.0
71.0,66.0,0.006675170000107755,50.0,598.0234375,0.0
71.0,67.0,0.006830588999946485,0.0,598.0234375,0.0
71.0,68.0,0.008549963999939791,50.0,598.0234375,0.0
71.0,69.0,0.00746253599982083,50.0,598.02734375,0.0
71.0,70.0,0.008455797999886272,50.0,598.02734375,0.0
71.0,71.0,0.006322083999748429,50.0,598.03125,0.0
71.0,72.0,0.0077373330000227725,50.0,598.03515625,0.0
71.0,73.0,0.006327521000002889,0.0,598.03515625,0.0
71.0,74.0,0.00806532500018875,50.0,598.03515625,0.0
71.0,75.0,0.004908712999622367,50.0,598.03515625,0.0
71.0,76.0,0.008377582999855804,50.0,598.0390625,0.0
71.0,77.0,0.004696350999893184,0.0,598.0390625,0.0
71.0,78.0,0.008066782000241801,50.0,598.0390625,0.0
71.0,79.0,0.006115764999776729,50.0,598.0390625,0.0
71.0,80.0,0.006393047000074148,50.0,598.0390625,0.0
71.0,81.0,0.004524037000010139,50.0,598.0390625,0.0
71.0,82.0,0.006157071999950858,100.0,598.04296875,0.0
71.0,83.0,0.008266959999673418,50.0,598.046875,0.0
71.0,84.0,0.008550605999971594,50.0,598.046875,0.0
71.0,85.0,0.004840101999889157,0.0,598.046875,0.0
71.0,86.0,0.008167339999999967,50.0,598.046875,0.0
71.0,87.0,0.004950629999711964,100.0,598.05078125,0.0
71.0,88.0,0.006586242000139464,0.0,598.05078125,0.0
71.0,89.0,0.006641620000209514,50.0,598.08203125,0.0
71.0,90.0,0.01051445600023726,100.0,598.08203125,0.0
71.0,91.0,0.005126780999944458,0.0,598.08203125,0.0
71.0,92.0,0.0068009199999323755,50.0,598.08203125,0.0
71.0,93.0,0.006675493999864557,50.0,598.0859375,0.0
71.0,94.0,0.006585554999674059,0.0,598.0859375,0.0
71.0,95.0,0.005189006999898993,50.0,598.0859375,0.0
71.0,96.0,0.005297443000017665,50.0,598.0859375,0.0
71.0,97.0,0.007042041999739013,0.0,598.0859375,0.0
71.0,98.0,0.008290132000183803,50.0,598.0859375,0.0
71.0,99.0,0.005193426999994699,50.0,598.0859375,0.0
71.0,100.0,0.00508848300023601,0.0,598.0859375,0.0
72.0,1.0,0.0068056919999435195,100.0,598.0859375,0.0
72.0,2.0,0.008234461000029114,50.0,598.0859375,0.0
72.0,3.0,0.006725230000029114,50.0,598.08984375,0.0
72.0,4.0,0.006952559999717778,50.0,598.08984375,0.0
72.0,5.0,0.00865031800003635,50.0,598.08984375,0.0
72.0,6.0,0.008970736000264878,50.0,598.08984375,0.0
72.0,7.0,0.004890729000180727,0.0,598.08984375,0.0
72.0,8.0,0.006605635999676451,50.0,598.08984375,0.0
72.0,9.0,0.008421271000315755,50.0,598.08984375,0.0
72.0,10.0,0.008614618000137853,50.0,598.08984375,0.0
72.0,11.0,0.005059736000021076,50.0,598.08984375,0.0
72.0,12.0,0.006704076000005443,0.0,598.09375,0.0
72.0,13.0,0.007089527000061935,50.0,598.09765625,0.0
72.0,14.0,0.005265524000151345,50.0,598.09765625,0.0
72.0,15.0,0.0049838899999485875,0.0,598.09765625,0.0
72.0,16.0,0.008409793999817339,50.0,598.09765625,0.0
72.0,17.0,0.0049674239999148995,50.0,598.09765625,0.0
72.0,18.0,0.006961099999898579,50.0,598.09765625,0.0
72.0,19.0,0.005072762999589031,0.0,598.09765625,0.0
72.0,20.0,0.0067473919998519705,50.0,598.09765625,0.0
72.0,21.0,0.008815998999580188,100.0,598.1015625,0.0
72.0,22.0,0.011144694999984495,100.0,598.1015625,0.0
72.0,23.0,0.006772181000087585,100.0,598.1015625,0.0
72.0,24.0,0.006700659000216547,100.0,598.10546875,0.0
72.0,25.0,0.006324828999822785,50.0,598.10546875,0.0
72.0,26.0,0.007578348000151891,50.0,598.10546875,0.0
72.0,27.0,0.0071114069996838225,100.0,598.10546875,0.0
72.0,28.0,0.007876132000092184,50.0,598.10546875,0.0
72.0,29.0,0.004805441999906179,50.0,598.10546875,0.0
72.0,30.0,0.008232633000261558,100.0,598.10546875,0.0
72.0,31.0,0.00657715100032874,0.0,598.10546875,0.0
72.0,32.0,0.008059471000251506,50.0,598.10546875,0.0
72.0,33.0,0.004982246000054147,50.0,598.10546875,0.0
72.0,34.0,0.008545757000320009,50.0,598.17578125,0.0
72.0,35.0,0.0049212919998353755,0.0,598.17578125,0.0
72.0,36.0,0.004928282000037143,50.0,598.17578125,0.0
72.0,37.0,0.005030950000218581,100.0,598.17578125,0.0
72.0,38.0,0.006635744000050181,0.0,598.1796875,0.0
72.0,39.0,0.004955115000029764,50.0,598.1796875,0.0
72.0,40.0,0.008358894000139117,50.0,598.1796875,0.0
72.0,41.0,0.00691872900006274,100.0,598.1796875,0.0
72.0,42.0,0.006861097999717458,0.0,598.1796875,0.0
72.0,43.0,0.008257956999841554,100.0,598.1796875,0.0
72.0,44.0,0.00887802900024326,50.0,598.18359375,0.0
72.0,45.0,0.006914724000125716,50.0,598.1875,0.0
72.0,46.0,0.0065399280001656734,50.0,598.1875,0.0
72.0,47.0,0.0065426870000919735,100.0,598.1875,0.0
72.0,48.0,0.006808180000007269,0.0,598.1875,0.0
72.0,49.0,0.007134120000046096,50.0,598.1875,0.0
72.0,50.0,0.0051027109998358355,50.0,598.19140625,0.0
72.0,51.0,0.004691501000252174,0.0,598.19140625,0.0
72.0,52.0,0.008313736999753019,50.0,598.19140625,0.0
72.0,53.0,0.006960424999761017,50.0,598.19140625,0.0
72.0,54.0,0.008211792000111018,50.0,598.19140625,0.0
72.0,55.0,0.007145860000036919,100.0,598.1953125,0.0
72.0,56.0,0.008444101999884879,50.0,598.19921875,0.0
72.0,57.0,0.00498217000040313,0.0,598.19921875,0.0
72.0,58.0,0.006750880999788933,50.0,598.19921875,0.0
72.0,59.0,0.005812004999825149,100.0,598.19921875,0.0
72.0,60.0,0.006760225999641989,0.0,598.19921875,0.0
72.0,61.0,0.004885136000211787,50.0,598.19921875,0.0
72.0,62.0,0.006548424999891722,100.0,598.203125,0.0
72.0,63.0,0.006970966000153567,50.0,598.203125,0.0
72.0,64.0,0.005363724000289949,0.0,598.203125,0.0
72.0,65.0,0.0069749729996146925,50.0,598.20703125,0.0
72.0,66.0,0.008450200999959634,66.7,597.2578125,0.0
72.0,67.0,0.00693472600005407,100.0,597.640625,0.0
72.0,68.0,0.008844106999731594,50.0,597.69921875,0.0
72.0,69.0,0.005453537999983382,0.0,597.76171875,0.0
72.0,70.0,0.007190754000021116,50.0,597.76171875,0.0
72.0,71.0,0.005065425999873696,100.0,597.76171875,0.0
72.0,72.0,0.008460532999833958,50.0,597.76171875,0.0
72.0,73.0,0.005103219999909925,0.0,597.76171875,0.0
72.0,74.0,0.00867326800016599,50.0,597.98046875,0.0
72.0,75.0,0.009237584000402421,50.0,597.98046875,0.0
72.0,76.0,0.007334428999911324,50.0,597.98046875,0.0
72.0,77.0,0.004916696000236698,100.0,597.98046875,0.0
72.0,78.0,0.006498445000033826,0.0,597.98046875,0.0
72.0,79.0,0.004919796000194765,100.0,597.984375,0.0
72.0,80.0,0.006947390999812342,50.0,597.984375,0.0
72.0,81.0,0.008131978000164963,50.0,597.984375,0.0
72.0,82.0,0.008277239999642916,0.0,597.984375,0.0
72.0,83.0,0.006714955999996164,50.0,597.984375,0.0
72.0,84.0,0.008074306000253273,50.0,597.98828125,0.0
72.0,85.0,0.009101280999857408,50.0,597.98828125,0.0
72.0,86.0,0.007050908000110212,100.0,597.98828125,0.0
72.0,87.0,0.005325358999925811,50.0,597.98828125,0.0
72.0,88.0,0.0047153410000646545,0.0,597.9921875,0.0
72.0,89.0,0.005101125999772194,100.0,597.9921875,0.0
72.0,90.0,0.008219797000037943,50.0,597.9921875,0.0
72.0,91.0,0.004656892000184598,0.0,597.9921875,0.0
72.0,92.0,0.00813445900030274,50.0,597.9921875,0.0
72.0,93.0,0.004861557999902288,100.0,597.9921875,0.0
72.0,94.0,0.006686860999707278,0.0,597.9921875,0.0
72.0,95.0,0.007943756000258873,50.0,597.9921875,0.0
72.0,96.0,0.008499132999986614,50.0,597.9921875,0.0
72.0,97.0,0.004826798000067356,100.0,598.16796875,0.0
72.0,98.0,0.006312776999948255,0.0,598.16796875,0.0
72.0,99.0,0.005035411999870121,50.0,598.16796875,0.0
72.0,100.0,0.007027265999568044,100.0,598.16796875,0.0
73.0,1.0,0.0054918100004215376,50.0,598.16796875,0.0
73.0,2.0,0.00773412799981088,0.0,598.16796875,0.0
73.0,3.0,0.006157922999591392,50.0,598.16796875,0.0
73.0,4.0,0.007708282000294275,100.0,598.16796875,0.0
73.0,5.0,0.005348729000161256,50.0,598.16796875,0.0
73.0,6.0,0.008529320999969059,50.0,598.16796875,0.0
73.0,7.0,0.008052047000091989,50.0,598.16796875,0.0
73.0,8.0,0.006872745999771723,0.0,598.16796875,0.0
73.0,9.0,0.006291043999681278,100.0,598.16796875,0.0
73.0,10.0,0.007838620999791601,50.0,598.19921875,0.0
73.0,11.0,0.004808853999747953,50.0,598.19921875,0.0
73.0,12.0,0.008006275000298047,0.0,598.19921875,0.0
73.0,13.0,0.0049934339999708754,100.0,598.19921875,0.0
73.0,14.0,0.007878568999785784,50.0,598.19921875,0.0
73.0,15.0,0.004724263000298379,0.0,598.19921875,0.0
73.0,16.0,0.006310059000043111,100.0,598.19921875,0.0
73.0,17.0,0.004815622000023723,50.0,598.19921875,0.0
73.0,18.0,0.006841300999894884,0.0,598.19921875,0.0
73.0,19.0,0.004976086000169744,100.0,598.19921875,0.0
73.0,20.0,0.009617468000215013,50.0,598.19921875,0.0
73.0,21.0,0.005496158999903855,50.0,598.203125,0.0
73.0,22.0,0.006600021999929595,0.0,598.203125,0.0
73.0,23.0,0.005366845000025933,50.0,598.203125,0.0
73.0,24.0,0.00878960999989431,50.0,598.203125,0.0
73.0,25.0,0.007134960000257706,50.0,598.203125,0.0
73.0,26.0,0.006928246999905241,50.0,598.203125,0.0
73.0,27.0,0.0070108459999573824,0.0,598.203125,0.0
73.0,28.0,0.008376995999697101,50.0,598.203125,0.0
73.0,29.0,0.005145420000189915,50.0,598.203125,0.0
73.0,30.0,0.006871450000289769,50.0,598.203125,0.0
73.0,31.0,0.0053625200002898055,0.0,598.20703125,0.0
73.0,32.0,0.006819666999945184,50.0,598.20703125,0.0
73.0,33.0,0.008109113000045909,50.0,598.20703125,0.0
73.0,34.0,0.008521098000073835,50.0,598.20703125,0.0
73.0,35.0,0.0050999879999835684,100.0,598.20703125,0.0
73.0,36.0,0.008580457999869395,50.0,598.20703125,0.0
73.0,37.0,0.006704697999794007,0.0,598.20703125,0.0
73.0,38.0,0.008254041999862238,50.0,598.20703125,0.0
73.0,39.0,0.006765207000171358,50.0,598.20703125,0.0
73.0,40.0,0.006834086000253592,100.0,598.2109375,0.0
73.0,41.0,0.005169100000330218,50.0,598.21484375,0.0
73.0,42.0,0.006732886000008875,0.0,598.21484375,0.0
73.0,43.0,0.006906780000008439,50.0,598.21484375,0.0
73.0,44.0,0.005194507999931375,100.0,598.21484375,0.0
73.0,45.0,0.006707308999921224,0.0,598.21484375,0.0
73.0,46.0,0.008924663000016153,50.0,598.21484375,0.0
73.0,47.0,0.006731484000283672,50.0,598.21484375,0.0
73.0,48.0,0.008342340999661246,50.0,598.34765625,0.0
73.0,49.0,0.005501429000105418,100.0,598.34765625,0.0
73.0,50.0,0.005178903999876638,0.0,598.34765625,0.0
73.0,51.0,0.005556181999963883,100.0,598.34765625,0.0
73.0,52.0,0.006720503999986249,50.0,598.3515625,0.0
73.0,53.0,0.004928888999984338,0.0,598.3515625,0.0
73.0,54.0,0.007261588000346819,100.0,598.3515625,0.0
73.0,55.0,0.006879296000079194,100.0,598.3515625,0.0
73.0,56.0,0.011611949999860371,100.0,598.3515625,0.0
73.0,57.0,0.010309672999937902,100.0,598.3515625,0.0
73.0,58.0,0.008985049999864714,50.0,598.35546875,0.0
73.0,59.0,0.00482135099991865,50.0,598.35546875,0.0
73.0,60.0,0.006514754999898287,100.0,598.35546875,0.0
73.0,61.0,0.005199530000027153,0.0,598.35546875,0.0
73.0,62.0,0.008253188999788108,50.0,598.35546875,0.0
73.0,63.0,0.005566722999901685,50.0,598.359375,0.0
73.0,64.0,0.008872951999819634,50.0,598.359375,0.0
73.0,65.0,0.005973154000002978,0.0,598.359375,0.0
73.0,66.0,0.007517132999964815,50.0,598.359375,0.0
73.0,67.0,0.006412901000203419,50.0,598.359375,0.0
73.0,68.0,0.006429855000078533,100.0,598.359375,0.0
73.0,69.0,0.00713627400000405,0.0,598.36328125,0.0
73.0,70.0,0.007045472999834601,50.0,598.36328125,0.0
73.0,71.0,0.0094157759999689,100.0,598.36328125,0.0
73.0,72.0,0.014298103999863088,100.0,598.36328125,0.0
73.0,73.0,0.013880781000352727,66.7,598.3671875,0.0
73.0,74.0,0.008471383999676618,100.0,598.3671875,0.0
73.0,75.0,0.010324533000130032,100.0,598.37109375,0.0
73.0,76.0,0.009473519000039232,100.0,598.37109375,0.0
73.0,77.0,0.0071402449998458906,100.0,598.37109375,0.0
73.0,78.0,0.007343186000071,50.0,598.37109375,0.0
73.0,79.0,0.0072972699999809265,50.0,598.37109375,0.0
73.0,80.0,0.008767948000240722,50.0,598.375,0.0
73.0,81.0,0.005569867999838607,0.0,598.375,0.0
73.0,82.0,0.009246027000244794,50.0,598.375,0.0
73.0,83.0,0.00905599300040194,50.0,598.37890625,0.0
73.0,84.0,0.00901633800003765,50.0,598.3828125,0.0
73.0,85.0,0.008591300000261981,50.0,598.38671875,0.0
73.0,86.0,0.0050586959996508085,50.0,598.38671875,0.0
73.0,87.0,0.00658956200004468,50.0,598.38671875,0.0
73.0,88.0,0.008427237999967474,50.0,598.38671875,0.0
73.0,89.0,0.005294880999827001,0.0,598.38671875,0.0
73.0,90.0,0.008444137999958912,50.0,598.38671875,0.0
73.0,91.0,0.006575033999979496,50.0,598.390625,0.0
73.0,92.0,0.008373000000119646,50.0,598.390625,0.0
73.0,93.0,0.007281100999989576,50.0,598.39453125,0.0
73.0,94.0,0.008779732999755652,50.0,598.39453125,0.0
73.0,95.0,0.005057837000094878,0.0,598.39453125,0.0
73.0,96.0,0.006524811999952362,50.0,598.39453125,0.0
73.0,97.0,0.004665622000175063,100.0,598.3984375,0.0
73.0,98.0,0.007854420000057871,50.0,598.3984375,0.0
73.0,99.0,0.004880014000264055,0.0,598.3984375,0.0
73.0,100.0,0.007095852000020386,100.0,598.3984375,0.0
74.0,1.0,0.00840492900033496,50.0,598.3984375,0.0
74.0,2.0,0.007950454999900103,50.0,598.40234375,0.0
74.0,3.0,0.0047744329999659385,50.0,598.40234375,0.0
74.0,4.0,0.008010226999886072,0.0,598.40625,0.0
74.0,5.0,0.00797887399994579,50.0,598.40625,0.0
74.0,6.0,0.006661274999714806,50.0,598.40625,0.0
74.0,7.0,0.007043437999982416,50.0,598.41015625,0.0
74.0,8.0,0.008821848000025057,50.0,598.41015625,0.0
74.0,9.0,0.00894007299984878,50.0,598.4140625,0.0
74.0,10.0,0.00837744999989809,50.0,598.41796875,0.0
74.0,11.0,0.0071101670000643935,0.0,598.41796875,0.0
74.0,12.0,0.006499347000044509,50.0,598.421875,0.0
74.0,13.0,0.004938031999699888,50.0,598.42578125,0.0
74.0,14.0,0.006870369000353094,0.0,598.42578125,0.0
74.0,15.0,0.006956763000289357,100.0,598.42578125,0.0
74.0,16.0,0.004826926000077947,50.0,598.42578125,0.0
74.0,17.0,0.00626187200032291,50.0,598.42578125,0.0
74.0,18.0,0.004633841999748256,0.0,598.42578125,0.0
74.0,19.0,0.008655125000132102,50.0,598.4296875,0.0
74.0,20.0,0.006164383999930578,50.0,598.4296875,0.0
74.0,21.0,0.004752366000047914,0.0,598.4296875,0.0
74.0,22.0,0.008298951000142551,50.0,598.4296875,0.0
74.0,23.0,0.005136813000262919,50.0,598.4296875,0.0
74.0,24.0,0.008417790999828867,50.0,598.4375,0.0
74.0,25.0,0.006595144000129949,100.0,598.4375,0.0
74.0,26.0,0.007931009000003542,0.0,598.4375,0.0
74.0,27.0,0.004721210999832692,50.0,598.4375,0.0
74.0,28.0,0.008825623000120686,50.0,598.4375,0.0
74.0,29.0,0.004733003000183089,100.0,598.4375,0.0
74.0,30.0,0.008893970999906742,50.0,598.44140625,0.0
74.0,31.0,0.004739981000057014,0.0,598.44140625,0.0
74.0,32.0,0.008879714999693533,50.0,598.44140625,0.0
74.0,33.0,0.004876422000052116,100.0,598.44140625,0.0
74.0,34.0,0.004692106999755197,0.0,598.44140625,0.0
74.0,35.0,0.0065312960000483145,100.0,598.44140625,0.0
74.0,36.0,0.006486505999873771,50.0,598.44140625,0.0
74.0,37.0,0.006627263000154926,50.0,598.44140625,0.0
74.0,38.0,0.006562457999734761,0.0,598.44140625,0.0
74.0,39.0,0.004824223000014172,100.0,598.44140625,0.0
74.0,40.0,0.006707803999688622,50.0,598.44140625,0.0
74.0,41.0,0.004718577999938134,0.0,598.44140625,0.0
74.0,42.0,0.007982933999755915,100.0,598.44140625,0.0
74.0,43.0,0.0050155440003436524,50.0,598.44140625,0.0
74.0,44.0,0.007579819000056887,50.0,598.44140625,0.0
74.0,45.0,0.007454692999999679,100.0,598.44140625,0.0
74.0,46.0,0.0073481679996802995,0.0,598.44140625,0.0
74.0,47.0,0.005046811999818601,50.0,598.44140625,0.0
74.0,48.0,0.008459168000172212,50.0,598.44140625,0.0
74.0,49.0,0.0052211050001460535,0.0,598.44140625,0.0
74.0,50.0,0.008831920999909926,50.0,598.44140625,0.0
74.0,51.0,0.005443151000235957,50.0,595.0,0.0
74.0,52.0,0.009552748999794858,50.0,598.09375,0.0
74.0,53.0,0.004906608000055712,50.0,598.31640625,0.0
74.0,54.0,0.00869030500007284,0.0,598.31640625,0.0
74.0,55.0,0.004983451000043715,50.0,598.31640625,0.0
74.0,56.0,0.0066900169999826176,50.0,598.31640625,0.0
74.0,57.0,0.006752430999767967,50.0,598.31640625,0.0
74.0,58.0,0.007048794000183989,0.0,598.31640625,0.0
74.0,59.0,0.008578321000186406,50.0,597.45703125,0.0
74.0,60.0,0.008683666000251833,50.0,597.859375,0.0
74.0,61.0,0.004992106999907264,50.0,597.859375,0.0
74.0,62.0,0.005027618999974948,0.0,597.86328125,0.0
74.0,63.0,0.005499139999756153,50.0,597.91015625,0.0
74.0,64.0,0.00905390299976716,50.0,597.91015625,0.0
74.0,65.0,0.005286667000291345,50.0,597.91015625,0.0
74.0,66.0,0.008174517000043124,100.0,598.03515625,0.0
74.0,67.0,0.006399719999990339,0.0,598.03515625,0.0
74.0,68.0,0.00860828799977753,50.0,598.08984375,0.0
74.0,69.0,0.0067459530000633094,50.0,598.08984375,0.0
74.0,70.0,0.008108187000289035,100.0,598.08984375,0.0
74.0,71.0,0.004977793000307429,0.0,598.08984375,0.0
74.0,72.0,0.009081973000320431,50.0,598.08984375,0.0
74.0,73.0,0.006656269999893993,50.0,598.08984375,0.0
74.0,74.0,0.006673456000044098,100.0,598.08984375,0.0
74.0,75.0,0.00683383799969306,50.0,598.08984375,0.0
74.0,76.0,0.008715124999980617,50.0,598.08984375,0.0
74.0,77.0,0.008723235000161367,0.0,598.15234375,0.0
74.0,78.0,0.008565051999994466,50.0,598.15234375,0.0
74.0,79.0,0.007082365999849571,50.0,598.15234375,0.0
74.0,80.0,0.005462693000026775,100.0,598.15234375,0.0
74.0,81.0,0.005113174000143772,0.0,598.15234375,0.0
74.0,82.0,0.009004039999581437,100.0,598.15234375,0.0
74.0,83.0,0.006857821999801672,100.0,598.15234375,0.0
74.0,84.0,0.011817539999810833,100.0,598.15234375,0.0
74.0,85.0,0.008368700000119134,100.0,598.15234375,0.0
74.0,86.0,0.0074719460003507265,50.0,598.2890625,0.0
74.0,87.0,0.006766512000012881,0.0,598.2890625,0.0
74.0,88.0,0.008574096000302234,50.0,598.29296875,0.0
74.0,89.0,0.0049608839999564225,50.0,598.29296875,0.0
74.0,90.0,0.0050619100002222694,100.0,598.29296875,0.0
74.0,91.0,0.006194002000029286,0.0,598.29296875,0.0
74.0,92.0,0.006684782000320411,50.0,598.29296875,0.0
74.0,93.0,0.004881317000126728,100.0,598.29296875,0.0
74.0,94.0,0.008094342999811488,0.0,598.29296875,0.0
74.0,95.0,0.005091979000098945,33.3,598.29296875,0.0
74.0,96.0,0.01041441899997153,50.0,598.29296875,0.0
74.0,97.0,0.0074863350000669016,100.0,598.29296875,0.0
74.0,98.0,0.006201636999776383,100.0,598.29296875,0.0
74.0,99.0,0.008015060000161611,50.0,597.70703125,0.0
74.0,100.0,0.008215037999889319,0.0,597.890625,0.0
75.0,1.0,0.006640612999945006,50.0,597.890625,0.0
75.0,2.0,0.008420345000104135,50.0,598.1171875,0.0
75.0,3.0,0.005036637000102928,50.0,598.2421875,0.0
75.0,4.0,0.006473533999724168,0.0,598.2421875,0.0
75.0,5.0,0.006210177999946609,50.0,598.2421875,0.0
75.0,6.0,0.008006819999991421,50.0,598.24609375,0.0
75.0,7.0,0.005227169999670878,100.0,598.24609375,0.0
75.0,8.0,0.00821750399973098,50.0,598.25,0.0
75.0,9.0,0.00501979399996344,0.0,598.25,0.0
75.0,10.0,0.006663305000074615,50.0,598.25,0.0
75.0,11.0,0.0047835919999670296,0.0,598.25,0.0
75.0,12.0,0.006627268000102049,50.0,598.25,0.0
75.0,13.0,0.005064707000201452,50.0,598.25,0.0
75.0,14.0,0.008427309999660793,50.0,598.25,0.0
75.0,15.0,0.008369015999960538,100.0,598.25390625,0.0
75.0,16.0,0.008686594999744557,50.0,598.25390625,0.0
75.0,17.0,0.005033193999679497,0.0,598.25390625,0.0
75.0,18.0,0.00673579999966023,50.0,598.25390625,0.0
75.0,19.0,0.008005382999726862,50.0,598.2578125,0.0
75.0,20.0,0.008047254000302928,100.0,598.26171875,0.0
75.0,21.0,0.006526776000100654,50.0,598.26171875,0.0
75.0,22.0,0.006367071000113356,50.0,598.26171875,0.0
75.0,23.0,0.006250046999866754,50.0,598.26171875,0.0
75.0,24.0,0.0061419820003720815,0.0,598.265625,0.0
75.0,25.0,0.004717067000001407,50.0,598.26953125,0.0
75.0,26.0,0.006831263000094623,50.0,598.26953125,0.0
75.0,27.0,0.004779550999955973,0.0,598.26953125,0.0
75.0,28.0,0.008018030999664916,50.0,598.2734375,0.0
75.0,29.0,0.00487263399963922,50.0,598.2734375,0.0
75.0,30.0,0.004837438999857113,0.0,598.2734375,0.0
75.0,31.0,0.00673956199989334,50.0,598.27734375,0.0
75.0,32.0,0.007932477999929688,50.0,598.27734375,0.0
75.0,33.0,0.0047132539998528955,100.0,598.27734375,0.0
75.0,34.0,0.007509519999985059,50.0,598.27734375,0.0
75.0,35.0,0.006480695999925956,50.0,598.28125,0.0
75.0,36.0,0.00839106700004777,50.0,598.33203125,0.0
75.0,37.0,0.006572581000000355,0.0,598.3359375,0.0
75.0,38.0,0.006795337999847106,50.0,598.3359375,0.0
75.0,39.0,0.0049510910002936726,50.0,598.33984375,0.0
75.0,40.0,0.008142713999859552,50.0,598.33984375,0.0
75.0,41.0,0.004875904000073206,0.0,598.33984375,0.0
75.0,42.0,0.008072457000253053,50.0,598.33984375,0.0
75.0,43.0,0.0047023949996400916,50.0,598.34375,0.0
75.0,44.0,0.007033812999907241,0.0,598.34375,0.0
75.0,45.0,0.005111837999720592,50.0,598.34375,0.0
75.0,46.0,0.00848509399975228,50.0,598.34375,0.0
75.0,47.0,0.004852885000218521,0.0,598.34375,0.0
75.0,48.0,0.006279274999997142,50.0,598.34375,0.0
75.0,49.0,0.004816651000055572,50.0,598.35546875,0.0
75.0,50.0,0.008124191000206338,50.0,598.35546875,0.0
75.0,51.0,0.004623677999916254,0.0,598.35546875,0.0
75.0,52.0,0.008812572000351793,50.0,598.35546875,0.0
75.0,53.0,0.00840626399985922,50.0,598.35546875,0.0
75.0,54.0,0.00664313300012509,50.0,598.359375,0.0
75.0,55.0,0.006610625999655895,50.0,598.359375,0.0
75.0,56.0,0.008236687000135134,100.0,598.4375,0.0
75.0,57.0,0.005252374000065174,0.0,598.4375,0.0
75.0,58.0,0.0071076419999371865,50.0,598.44140625,0.0
75.0,59.0,0.0050353159999758645,100.0,598.4453125,0.0
75.0,60.0,0.007885796000209666,0.0,598.44921875,0.0
75.0,61.0,0.0065263199999208155,50.0,598.44921875,0.0
75.0,62.0,0.008254236000084347,50.0,598.44921875,0.0
75.0,63.0,0.006464837999828887,50.0,598.44921875,0.0
75.0,64.0,0.004630987999917124,0.0,598.44921875,0.0
75.0,65.0,0.004828029999771388,50.0,598.44921875,0.0
75.0,66.0,0.00889115900008619,50.0,598.44921875,0.0
75.0,67.0,0.006764034000298125,100.0,598.44921875,0.0
75.0,68.0,0.007926939000299171,50.0,598.44921875,0.0
75.0,69.0,0.005065716999979486,0.0,598.44921875,0.0
75.0,70.0,0.008654452999962814,50.0,598.453125,0.0
75.0,71.0,0.004722682000192435,100.0,598.453125,0.0
75.0,72.0,0.008260739999968791,50.0,598.6015625,0.0
75.0,73.0,0.00648938900030771,0.0,598.6015625,0.0
75.0,74.0,0.009108773000207293,50.0,598.6015625,0.0
75.0,75.0,0.006631805000324675,50.0,598.60546875,0.0
75.0,76.0,0.009075940999991872,50.0,598.60546875,0.0
75.0,77.0,0.0053458079996744345,100.0,598.60546875,0.0
75.0,78.0,0.00834376600005271,50.0,598.60546875,0.0
75.0,79.0,0.006866753999929642,0.0,598.60546875,0.0
75.0,80.0,0.007292720999885205,50.0,598.60546875,0.0
75.0,81.0,0.0068858930003443675,100.0,598.60546875,0.0
75.0,82.0,0.008944467000219447,50.0,598.60546875,0.0
75.0,83.0,0.006759473999863985,50.0,598.60546875,0.0
75.0,84.0,0.008716251000350894,50.0,598.60546875,0.0
75.0,85.0,0.005187571000078606,0.0,598.60546875,0.0
75.0,86.0,0.0073291829999106994,50.0,598.60546875,0.0
75.0,87.0,0.005361546000131057,100.0,598.60546875,0.0
75.0,88.0,0.008664836999741965,50.0,598.60546875,0.0
75.0,89.0,0.005100779000258626,0.0,598.60546875,0.0
75.0,90.0,0.006686612000066816,50.0,598.609375,0.0
75.0,91.0,0.006923694999841246,100.0,598.609375,0.0
75.0,92.0,0.006865584000024683,50.0,598.609375,0.0
75.0,93.0,0.008733127000141394,50.0,598.609375,0.0
75.0,94.0,0.007892774000083591,100.0,598.609375,0.0
75.0,95.0,0.005575316999966162,0.0,598.609375,0.0
75.0,96.0,0.007922682999833341,50.0,598.609375,0.0
75.0,97.0,0.004813272000319557,50.0,598.609375,0.0
75.0,98.0,0.0080443980000382,100.0,598.609375,0.0
75.0,99.0,0.005122480999943946,0.0,598.609375,0.0
75.0,100.0,0.008153288999892538,50.0,598.609375,0.0
76.0,1.0,0.005245791000106692,50.0,598.609375,0.0
76.0,2.0,0.00677761700035262,0.0,598.609375,0.0
76.0,3.0,0.004764264000186813,50.0,598.609375,0.0
76.0,4.0,0.006760165999821766,50.0,598.609375,0.0
76.0,5.0,0.0072033120000014605,100.0,598.609375,0.0
76.0,6.0,0.008445842000128323,50.0,598.609375,0.0
76.0,7.0,0.008340797000073508,50.0,598.609375,0.0
76.0,8.0,0.0067662579999705486,0.0,598.609375,0.0
76.0,9.0,0.00667884500035143,50.0,598.609375,0.0
76.0,10.0,0.006507290999707038,50.0,598.609375,0.0
76.0,11.0,0.009933184999681544,100.0,598.609375,0.0
76.0,12.0,0.008328388999871095,50.0,598.609375,0.0
76.0,13.0,0.004889087999799813,0.0,598.609375,0.0
76.0,14.0,0.008300071000121534,50.0,598.609375,0.0
76.0,15.0,0.00648803499962014,100.0,598.609375,0.0
76.0,16.0,0.011532165000062378,100.0,598.609375,0.0
76.0,17.0,0.007229280999581533,100.0,598.609375,0.0
76.0,18.0,0.010883268999805296,100.0,598.609375,0.0
76.0,19.0,0.005309861000114324,0.0,598.609375,0.0
76.0,20.0,0.0051782109999294335,100.0,598.609375,0.0
76.0,21.0,0.006833358000221779,50.0,598.609375,0.0
76.0,22.0,0.006585139999970124,50.0,598.609375,0.0
76.0,23.0,0.005633880000004865,0.0,598.609375,0.0
76.0,24.0,0.007968419000007998,66.7,598.609375,0.0
76.0,25.0,0.006445010999868828,50.0,598.609375,0.0
76.0,26.0,0.007266804000209959,100.0,598.62109375,0.0
76.0,27.0,0.008568967999963206,0.0,598.62109375,0.0
76.0,28.0,0.008568327999910252,50.0,598.62109375,0.0
76.0,29.0,0.006779689000268263,50.0,598.62109375,0.0
76.0,30.0,0.009267193999676238,50.0,598.62109375,0.0
76.0,31.0,0.006606599999940954,50.0,598.62109375,0.0
76.0,32.0,0.00737679499980004,100.0,598.62109375,0.0
76.0,33.0,0.005423068000254716,0.0,598.62109375,0.0
76.0,34.0,0.008850868000081391,50.0,598.62109375,0.0
76.0,35.0,0.008187439999801427,100.0,598.62109375,0.0
76.0,36.0,0.005940151999766385,0.0,598.62109375,0.0
76.0,37.0,0.005257173999780207,50.0,598.62109375,0.0
76.0,38.0,0.00690273200007141,50.0,598.62109375,0.0
76.0,39.0,0.0053579079999508394,0.0,598.62109375,0.0
76.0,40.0,0.006977746000302432,50.0,598.62109375,0.0
76.0,41.0,0.007698876000176824,100.0,598.62109375,0.0
76.0,42.0,0.008911477000310697,50.0,598.62109375,0.0
76.0,43.0,0.006390709999777755,50.0,598.62109375,0.0
76.0,44.0,0.006474646000242501,50.0,598.62109375,0.0
76.0,45.0,0.004682590999891545,0.0,598.62109375,0.0
76.0,46.0,0.008416255000156525,50.0,598.62109375,0.0
76.0,47.0,0.0051415259999885166,50.0,598.62109375,0.0
76.0,48.0,0.008280924999780837,50.0,598.6328125,0.0
76.0,49.0,0.005104724999910104,0.0,598.6328125,0.0
76.0,50.0,0.008984326999780023,50.0,598.6328125,0.0
76.0,51.0,0.00687501099992005,50.0,598.6328125,0.0
76.0,52.0,0.0049432759997216635,50.0,598.6328125,0.0
76.0,53.0,0.006309107000106451,0.0,598.6328125,0.0
76.0,54.0,0.008159540000178822,50.0,598.6328125,0.0
76.0,55.0,0.004958383000030153,50.0,598.63671875,0.0
76.0,56.0,0.004967999000200507,100.0,598.63671875,0.0
76.0,57.0,0.008819905999644106,0.0,598.63671875,0.0
76.0,58.0,0.00847044600004665,50.0,598.63671875,0.0
76.0,59.0,0.00849945799973284,50.0,598.63671875,0.0
76.0,60.0,0.006484313999862934,50.0,598.63671875,0.0
76.0,61.0,0.006932453999979771,50.0,598.63671875,0.0
76.0,62.0,0.00839517300028092,50.0,598.63671875,0.0
76.0,63.0,0.0069369409998216724,100.0,598.63671875,0.0
76.0,64.0,0.006292111000220757,0.0,598.63671875,0.0
76.0,65.0,0.006622955000239017,50.0,598.640625,0.0
76.0,66.0,0.008266551000360778,50.0,598.640625,0.0
76.0,67.0,0.004892376000043441,100.0,598.640625,0.0
76.0,68.0,0.00808184200013784,0.0,598.640625,0.0
76.0,69.0,0.004861973000060971,50.0,598.640625,0.0
76.0,70.0,0.006668653000360791,100.0,598.640625,0.0
76.0,71.0,0.006294233000062377,0.0,598.640625,0.0
76.0,72.0,0.00900521999983539,50.0,598.640625,0.0
76.0,73.0,0.004910599000140792,50.0,598.64453125,0.0
76.0,74.0,0.00848955500032389,50.0,598.64453125,0.0
76.0,75.0,0.007117557000128727,100.0,598.6484375,0.0
76.0,76.0,0.008937134000007063,50.0,598.6484375,0.0
76.0,77.0,0.006756463999863627,50.0,598.6484375,0.0
76.0,78.0,0.005065561999799684,0.0,598.6484375,0.0
76.0,79.0,0.005045672000051127,100.0,598.6484375,0.0
76.0,80.0,0.008376100000077713,50.0,598.6484375,0.0
76.0,81.0,0.006365564000134327,0.0,598.6484375,0.0
76.0,82.0,0.00642225799992957,50.0,598.6484375,0.0
76.0,83.0,0.006867389000035473,50.0,598.6484375,0.0
76.0,84.0,0.006968880999920657,100.0,598.6484375,0.0
76.0,85.0,0.0063938959997358324,0.0,598.65234375,0.0
76.0,86.0,0.0063486939998256275,50.0,598.65234375,0.0
76.0,87.0,0.00858172000016566,50.0,598.65234375,0.0
76.0,88.0,0.009455545000037091,50.0,598.65234375,0.0
76.0,89.0,0.005391877999954886,50.0,595.11328125,0.0
76.0,90.0,0.00925089400016077,50.0,598.09375,0.0
76.0,91.0,0.005393244000060804,0.0,598.296875,0.0
76.0,92.0,0.008393436999995174,50.0,598.296875,0.0
76.0,93.0,0.005264306999833934,50.0,598.296875,0.0
76.0,94.0,0.008718180999949254,50.0,598.296875,0.0
76.0,95.0,0.0070003750001887965,50.0,598.296875,0.0
76.0,96.0,0.006728343999839126,0.0,598.30078125,0.0
76.0,97.0,0.00740747800000463,50.0,598.30078125,0.0
76.0,98.0,0.00517090699986511,50.0,598.30078125,0.0
76.0,99.0,0.005417210999894451,0.0,598.30078125,0.0
76.0,100.0,0.007767197000248416,100.0,598.30078125,0.0
77.0,1.0,0.005627681000078155,50.0,598.46484375,0.0
77.0,2.0,0.005133683000167366,100.0,598.46484375,0.0
77.0,3.0,0.007173325999701774,0.0,598.46484375,0.0
77.0,4.0,0.0069492090001403994,50.0,598.46484375,0.0
77.0,5.0,0.005459814999994705,50.0,598.46484375,0.0
77.0,6.0,0.005230401999597234,0.0,598.46484375,0.0
77.0,7.0,0.007086939000146231,50.0,598.46875,0.0
77.0,8.0,0.007434590999764623,50.0,598.46875,0.0
77.0,9.0,0.009562718000324821,50.0,598.46875,0.0
77.0,10.0,0.009235537000222394,50.0,598.46875,0.0
77.0,11.0,0.009560302999943815,50.0,598.46875,0.0
77.0,12.0,0.007342632000018057,50.0,598.46875,0.0
77.0,13.0,0.005580493000252318,100.0,598.46875,0.0
77.0,14.0,0.009619578000183537,50.0,598.46875,0.0
77.0,15.0,0.007146821999867825,50.0,598.66015625,0.0
77.0,16.0,0.00905247699984102,50.0,598.6953125,0.0
77.0,17.0,0.005485790999955498,0.0,598.69921875,0.0
77.0,18.0,0.007214991000182636,50.0,598.69921875,0.0
77.0,19.0,0.005229273999702855,100.0,598.69921875,0.0
77.0,20.0,0.007132533999993029,50.0,598.69921875,0.0
77.0,21.0,0.0056324780002796615,0.0,598.69921875,0.0
77.0,22.0,0.007455023999682453,50.0,598.69921875,0.0
77.0,23.0,0.005489308000051096,100.0,598.69921875,0.0
77.0,24.0,0.009065400000054069,50.0,598.69921875,0.0
77.0,25.0,0.005625343000247085,50.0,598.69921875,0.0
77.0,26.0,0.008551413000077446,0.0,598.69921875,0.0
77.0,27.0,0.005039884999860078,100.0,598.69921875,0.0
77.0,28.0,0.00500542999998288,50.0,598.703125,0.0
77.0,29.0,0.007012347999989288,0.0,598.703125,0.0
77.0,30.0,0.006566278999798669,50.0,598.703125,0.0
77.0,31.0,0.004989666999790643,100.0,598.703125,0.0
77.0,32.0,0.0072207359999083565,50.0,598.703125,0.0
77.0,33.0,0.005052617999808717,0.0,598.703125,0.0
77.0,34.0,0.008597152000220376,100.0,598.703125,0.0
77.0,35.0,0.0052432600000429375,50.0,598.703125,0.0
77.0,36.0,0.008368487000097957,50.0,598.703125,0.0
77.0,37.0,0.005248333000054117,0.0,598.703125,0.0
77.0,38.0,0.009027885999785212,100.0,598.703125,0.0
77.0,39.0,0.009269851999761158,50.0,598.70703125,0.0
77.0,40.0,0.007417850999900111,0.0,598.70703125,0.0
77.0,41.0,0.005163665000054607,100.0,598.70703125,0.0
77.0,42.0,0.006880889000058232,50.0,598.7109375,0.0
77.0,43.0,0.006798037999942608,50.0,598.7109375,0.0
77.0,44.0,0.009099129999867728,50.0,598.7109375,0.0
77.0,45.0,0.0060228769998502685,100.0,598.7109375,0.0
77.0,46.0,0.01179222300015681,100.0,598.7109375,0.0
77.0,47.0,0.010306064000360493,100.0,598.7109375,0.0
77.0,48.0,0.008560494999983348,66.7,598.7109375,0.0
77.0,49.0,0.005987861999983579,100.0,598.71875,0.0
77.0,50.0,0.00920812999993359,50.0,598.71875,0.0
77.0,51.0,0.0063554280000062136,0.0,598.71875,0.0
77.0,52.0,0.006716871000207902,50.0,598.71875,0.0
77.0,53.0,0.006905967999955465,50.0,598.71875,0.0
77.0,54.0,0.006687482999950589,100.0,598.71875,0.0
77.0,55.0,0.00504025800000818,0.0,598.72265625,0.0
77.0,56.0,0.008264138999948045,50.0,598.72265625,0.0
77.0,57.0,0.00721648999979152,50.0,598.7265625,0.0
77.0,58.0,0.008750696999868524,50.0,598.7265625,0.0
77.0,59.0,0.0049299960001008,0.0,598.7265625,0.0
77.0,60.0,0.00814015300011306,50.0,598.734375,0.0
77.0,61.0,0.005174119999992399,50.0,598.734375,0.0
77.0,62.0,0.008588464000240492,50.0,598.734375,0.0
77.0,63.0,0.004937409999911324,0.0,598.734375,0.0
77.0,64.0,0.00833480499977668,50.0,598.734375,0.0
77.0,65.0,0.005434150000382942,50.0,598.734375,0.0
77.0,66.0,0.00851631500017902,50.0,598.73828125,0.0
77.0,67.0,0.004990525999801321,0.0,598.73828125,0.0
77.0,68.0,0.00790196499974627,50.0,598.73828125,0.0
77.0,69.0,0.005173290000129782,50.0,598.73828125,0.0
77.0,70.0,0.008171826000307192,50.0,598.73828125,0.0
77.0,71.0,0.006517460999930336,100.0,598.73828125,0.0
77.0,72.0,0.008034376000068733,0.0,598.73828125,0.0
77.0,73.0,0.004901501999938773,50.0,598.73828125,0.0
77.0,74.0,0.00828999199984537,50.0,598.73828125,0.0
77.0,75.0,0.004920964000120875,100.0,598.73828125,0.0
77.0,76.0,0.006663523000042915,0.0,598.73828125,0.0
77.0,77.0,0.006997885999680875,50.0,598.7421875,0.0
77.0,78.0,0.007337344999996276,50.0,598.7421875,0.0
77.0,79.0,0.005069408000053954,0.0,598.7421875,0.0
77.0,80.0,0.004950207000092632,50.0,598.7421875,0.0
77.0,81.0,0.005539338999824395,100.0,598.7421875,0.0
77.0,82.0,0.00811385999986669,50.0,598.7421875,0.0
77.0,83.0,0.00562207099983425,0.0,598.7421875,0.0
77.0,84.0,0.008365760999822669,50.0,598.74609375,0.0
77.0,85.0,0.004990218999864737,100.0,598.74609375,0.0
77.0,86.0,0.007888527000432077,50.0,598.74609375,0.0
77.0,87.0,0.004907522999928915,0.0,598.74609375,0.0
77.0,88.0,0.008362981000118452,50.0,598.74609375,0.0
77.0,89.0,0.005336203999831923,100.0,598.75,0.0
77.0,90.0,0.008506981999744312,50.0,598.75,0.0
77.0,91.0,0.00712787499969636,0.0,598.75,0.0
77.0,92.0,0.0066890359998978965,50.0,598.75,0.0
77.0,93.0,0.005216735999965749,100.0,598.8125,0.0
77.0,94.0,0.006900448000124015,50.0,598.8125,0.0
77.0,95.0,0.0048635039997861895,0.0,598.8125,0.0
77.0,96.0,0.006944849999854341,50.0,598.8125,0.0
77.0,97.0,0.0051439670000945625,100.0,598.8125,0.0
77.0,98.0,0.006738514000062423,0.0,598.8125,0.0
77.0,99.0,0.005147336999925756,50.0,598.8125,0.0
77.0,100.0,0.005399583999860624,100.0,598.8125,0.0
78.0,1.0,0.005168599000171525,0.0,598.8125,0.0
78.0,2.0,0.009209814999849186,50.0,598.81640625,0.0
78.0,3.0,0.005261281000002782,100.0,598.81640625,0.0
78.0,4.0,0.006634293999923102,50.0,598.81640625,0.0
78.0,5.0,0.004807703000096808,0.0,598.81640625,0.0
78.0,6.0,0.008562079000057565,50.0,598.81640625,0.0
78.0,7.0,0.005203316999995877,100.0,598.81640625,0.0
78.0,8.0,0.007166020000113349,50.0,598.8203125,0.0
78.0,9.0,0.004940323000028002,0.0,598.8203125,0.0
78.0,10.0,0.008290054999633867,50.0,598.8203125,0.0
78.0,11.0,0.005023616000016773,100.0,598.8203125,0.0
78.0,12.0,0.008276301000023523,50.0,598.8203125,0.0
78.0,13.0,0.007536305000030552,50.0,598.8203125,0.0
78.0,14.0,0.0065053500002250075,0.0,598.8203125,0.0
78.0,15.0,0.004869860000326298,100.0,598.8203125,0.0
78.0,16.0,0.009448404999602644,50.0,598.8203125,0.0
78.0,17.0,0.004998987999897508,0.0,598.82421875,0.0
78.0,18.0,0.006747385999915423,50.0,598.82421875,0.0
78.0,19.0,0.004822456000056263,100.0,598.82421875,0.0
78.0,20.0,0.008377467000173056,50.0,598.82421875,0.0
78.0,21.0,0.0052299560002211365,0.0,598.82421875,0.0
78.0,22.0,0.008459097000013571,50.0,598.82421875,0.0
78.0,23.0,0.005235007999999652,100.0,598.82421875,0.0
78.0,24.0,0.00861394300000029,50.0,598.82421875,0.0
78.0,25.0,0.005094666999866604,0.0,598.82421875,0.0
78.0,26.0,0.006448942000133684,100.0,598.82421875,0.0
78.0,27.0,0.005073068999990937,50.0,598.82421875,0.0
78.0,28.0,0.0071872440003062366,0.0,598.82421875,0.0
78.0,29.0,0.0053351950000433135,50.0,598.82421875,0.0
78.0,30.0,0.01081925800008321,100.0,598.82421875,0.0
78.0,31.0,0.005138940000051662,0.0,598.82421875,0.0
78.0,32.0,0.006398792999789293,100.0,598.82421875,0.0
78.0,33.0,0.0051082400000268535,50.0,598.82421875,0.0
78.0,34.0,0.0073901760001717776,50.0,598.82421875,0.0
78.0,35.0,0.005090570999982447,0.0,598.82421875,0.0
78.0,36.0,0.009345910000320146,50.0,598.82421875,0.0
78.0,37.0,0.005596693000370578,50.0,598.82421875,0.0
78.0,38.0,0.007529491000241251,50.0,598.82421875,0.0
78.0,39.0,0.005649845999869285,0.0,598.875,0.0
78.0,40.0,0.007623340000009193,100.0,598.875,0.0
78.0,41.0,0.0053743490002489125,50.0,598.875,0.0
78.0,42.0,0.008848642999964795,50.0,598.875,0.0
78.0,43.0,0.007626494000305684,50.0,598.87890625,0.0
78.0,44.0,0.005834084000071016,0.0,598.87890625,0.0
78.0,45.0,0.005352850999770453,100.0,598.87890625,0.0
78.0,46.0,0.007722342999841203,50.0,598.87890625,0.0
78.0,47.0,0.005906857999889326,0.0,598.8828125,0.0
78.0,48.0,0.007724362000317342,50.0,598.8828125,0.0
78.0,49.0,0.0076058949998696335,100.0,598.8828125,0.0
78.0,50.0,0.00561254399963218,50.0,598.8828125,0.0
78.0,51.0,0.0053723360001640685,0.0,598.8828125,0.0
78.0,52.0,0.00882365799998297,50.0,598.8828125,0.0
78.0,53.0,0.005263157000172214,100.0,598.8828125,0.0
78.0,54.0,0.006452826999975514,50.0,598.8828125,0.0
78.0,55.0,0.005426368999906117,0.0,598.8828125,0.0
78.0,56.0,0.007227599000088958,100.0,598.8828125,0.0
78.0,57.0,0.006651373999829957,50.0,598.8828125,0.0
78.0,58.0,0.007969157999923482,50.0,598.8828125,0.0
78.0,59.0,0.0066311010000390525,50.0,598.8828125,0.0
78.0,60.0,0.008091170000170678,50.0,598.8828125,0.0
78.0,61.0,0.005546446000153082,0.0,598.890625,0.0
78.0,62.0,0.006982206999964546,50.0,598.890625,0.0
78.0,63.0,0.004892456000106904,50.0,598.890625,0.0
78.0,64.0,0.008569666000312282,50.0,598.890625,0.0
78.0,65.0,0.007286568999916199,0.0,598.890625,0.0
78.0,66.0,0.008298641999772371,50.0,598.890625,0.0
78.0,67.0,0.004981336000128067,50.0,598.890625,0.0
78.0,68.0,0.006124396999894088,100.0,598.890625,0.0
78.0,69.0,0.00576957700013736,0.0,598.890625,0.0
78.0,70.0,0.006929436000064015,50.0,598.890625,0.0
78.0,71.0,0.005190570999729971,100.0,598.89453125,0.0
78.0,72.0,0.008386633000100119,50.0,598.8984375,0.0
78.0,73.0,0.0054138820000844134,0.0,598.8984375,0.0
78.0,74.0,0.00832710800023051,50.0,598.8984375,0.0
78.0,75.0,0.005013803000110784,100.0,598.8984375,0.0
78.0,76.0,0.006799921000038012,50.0,598.90234375,0.0
78.0,77.0,0.0049686190000102215,0.0,598.90234375,0.0
78.0,78.0,0.008249822999914613,50.0,598.90625,0.0
78.0,79.0,0.0052274809995651594,100.0,598.90625,0.0
78.0,80.0,0.008214683999995032,50.0,598.90625,0.0
78.0,81.0,0.006915869999829738,100.0,598.90625,0.0
78.0,82.0,0.007305532999907882,100.0,598.91015625,0.0
78.0,83.0,0.007603207000101975,100.0,598.91015625,0.0
78.0,84.0,0.011469336000118346,100.0,598.9140625,0.0
78.0,85.0,0.007121453999843652,50.0,598.9140625,0.0
78.0,86.0,0.008186918000319565,50.0,598.91796875,0.0
78.0,87.0,0.006797697999900265,0.0,598.91796875,0.0
78.0,88.0,0.00833996199980902,50.0,598.91796875,0.0
78.0,89.0,0.005351385999802005,100.0,598.91796875,0.0
78.0,90.0,0.007168662999902153,50.0,598.921875,0.0
78.0,91.0,0.005350896999971155,0.0,598.921875,0.0
78.0,92.0,0.005113662999974622,100.0,598.921875,0.0
78.0,93.0,0.005195172000185266,50.0,598.921875,0.0
78.0,94.0,0.00913515299998835,50.0,598.92578125,0.0
78.0,95.0,0.006785934999697929,0.0,598.92578125,0.0
78.0,96.0,0.006940749000023061,100.0,598.9296875,0.0
78.0,97.0,0.00697629699971003,50.0,598.93359375,0.0
78.0,98.0,0.006906105999860301,50.0,598.93359375,0.0
78.0,99.0,0.0051535609995880804,0.0,598.93359375,0.0
78.0,100.0,0.008683300000029703,50.0,598.93359375,0.0
79.0,1.0,0.0050437539998711145,66.7,598.93359375,0.0
79.0,2.0,0.006764748000023246,50.0,598.9375,0.0
79.0,3.0,0.005170421000002534,0.0,598.9375,0.0
79.0,4.0,0.00504190399988147,50.0,598.9375,0.0
79.0,5.0,0.008160200000020268,50.0,598.94140625,0.0
79.0,6.0,0.008667668000271078,50.0,598.94140625,0.0
79.0,7.0,0.006696368999655533,0.0,598.9453125,0.0
79.0,8.0,0.008192451000013534,100.0,598.9453125,0.0
79.0,9.0,0.008641512999929546,50.0,598.9453125,0.0
79.0,10.0,0.008105586000056064,50.0,598.9453125,0.0
79.0,11.0,0.006851739000012458,50.0,598.9453125,0.0
79.0,12.0,0.0086278769999808,50.0,598.953125,0.0
79.0,13.0,0.0066717139998218045,50.0,598.953125,0.0
79.0,14.0,0.008619048000127805,50.0,598.95703125,0.0
79.0,15.0,0.0053846190003241645,0.0,598.95703125,0.0
79.0,16.0,0.009627841000110493,50.0,598.95703125,0.0
79.0,17.0,0.005318460999660601,50.0,598.95703125,0.0
79.0,18.0,0.007031880999875284,50.0,598.9609375,0.0
79.0,19.0,0.005664820000220061,100.0,598.9609375,0.0
79.0,20.0,0.007006911999724252,0.0,598.9609375,0.0
79.0,21.0,0.007035847000224749,50.0,598.9609375,0.0
79.0,22.0,0.008718869999938761,50.0,598.9609375,0.0
79.0,23.0,0.00856361999967703,50.0,598.96484375,0.0
79.0,24.0,0.009380141000292497,50.0,598.96484375,0.0
79.0,25.0,0.005439035000108561,50.0,598.96875,0.0
79.0,26.0,0.006992530999923474,100.0,598.96875,0.0
79.0,27.0,0.005165579000276921,0.0,598.96875,0.0
79.0,28.0,0.005806171000131144,50.0,595.32421875,0.0
79.0,29.0,0.00878955500002121,50.0,598.42578125,0.0
79.0,30.0,0.00893867800004955,50.0,598.4765625,0.0
79.0,31.0,0.005681902000105765,0.0,598.4765625,0.0
79.0,32.0,0.007638019999831158,50.0,598.4765625,0.0
79.0,33.0,0.005378199999995559,100.0,598.640625,0.0
79.0,34.0,0.009135191000041232,50.0,598.73046875,0.0
79.0,35.0,0.0053722210000159976,50.0,598.734375,0.0
79.0,36.0,0.008721127999706368,50.0,598.73828125,0.0
79.0,37.0,0.004822452000098565,0.0,598.73828125,0.0
79.0,38.0,0.008170032000180072,100.0,598.73828125,0.0
79.0,39.0,0.006920027999967715,50.0,598.73828125,0.0
79.0,40.0,0.008180289999927481,50.0,598.7421875,0.0
79.0,41.0,0.00662658500004909,50.0,598.7421875,0.0
79.0,42.0,0.006907845000114321,0.0,598.7421875,0.0
79.0,43.0,0.007180282000263105,100.0,598.96484375,0.0
79.0,44.0,0.007325035999656393,50.0,598.96484375,0.0
79.0,45.0,0.006674660000044241,50.0,598.96484375,0.0
79.0,46.0,0.008636995999950159,50.0,598.96484375,0.0
79.0,47.0,0.006490980999842577,0.0,598.96484375,0.0
79.0,48.0,0.008259410999926331,50.0,598.96484375,0.0
79.0,49.0,0.006525637999857281,100.0,598.96484375,0.0
79.0,50.0,0.004840326999783429,50.0,598.96484375,0.0
79.0,51.0,0.005142331000115519,0.0,598.96484375,0.0
79.0,52.0,0.00661806100015383,50.0,598.96484375,0.0
79.0,53.0,0.0062971379998089105,50.0,598.96484375,0.0
79.0,54.0,0.008203872000194679,50.0,598.96484375,0.0
79.0,55.0,0.008247276000020065,0.0,598.96484375,0.0
79.0,56.0,0.008170421000158967,50.0,598.96484375,0.0
79.0,57.0,0.005842809000114357,100.0,598.96484375,0.0
79.0,58.0,0.008559673000036128,50.0,598.96484375,0.0
79.0,59.0,0.004909529000087787,50.0,598.96484375,0.0
79.0,60.0,0.008034763000068779,100.0,598.96484375,0.0
79.0,61.0,0.00521043099979579,0.0,598.96484375,0.0
79.0,62.0,0.008563066000078834,50.0,599.046875,0.0
79.0,63.0,0.008039927000027092,50.0,599.046875,0.0
79.0,64.0,0.0072422520001964585,50.0,599.046875,0.0
79.0,65.0,0.006783858999824588,50.0,599.046875,0.0
79.0,66.0,0.004933483000058914,0.0,599.046875,0.0
79.0,67.0,0.00507514099990658,50.0,599.046875,0.0
79.0,68.0,0.009155066999937844,50.0,599.046875,0.0
79.0,69.0,0.00710625900001105,100.0,599.046875,0.0
79.0,70.0,0.008709982000254968,50.0,599.046875,0.0
79.0,71.0,0.005294265999964409,0.0,599.046875,0.0
79.0,72.0,0.005264874000204145,50.0,599.046875,0.0
79.0,73.0,0.007434447000377986,100.0,599.046875,0.0
79.0,74.0,0.006843328999821097,0.0,599.046875,0.0
79.0,75.0,0.00854544599997098,50.0,599.046875,0.0
79.0,76.0,0.009654894000050263,66.7,599.046875,0.0
79.0,77.0,0.008440189999873837,0.0,599.046875,0.0
79.0,78.0,0.007342768999933469,100.0,599.046875,0.0
79.0,79.0,0.008565917000396439,50.0,599.046875,0.0
79.0,80.0,0.008543831999759277,50.0,599.046875,0.0
79.0,81.0,0.005252585000107501,50.0,599.046875,0.0
79.0,82.0,0.008543604999886156,50.0,599.046875,0.0
79.0,83.0,0.006694279000384995,50.0,599.046875,0.0
79.0,84.0,0.007089483000072505,0.0,599.046875,0.0
79.0,85.0,0.0054779450001660734,50.0,599.046875,0.0
79.0,86.0,0.00897661099998004,50.0,599.046875,0.0
79.0,87.0,0.00836814400008734,50.0,599.046875,0.0
79.0,88.0,0.008706986000106554,50.0,599.046875,0.0
79.0,89.0,0.006975898000291636,50.0,599.046875,0.0
79.0,90.0,0.008310636999794951,50.0,599.046875,0.0
79.0,91.0,0.006718311999975413,0.0,599.046875,0.0
79.0,92.0,0.008145901000261802,50.0,599.046875,0.0
79.0,93.0,0.006434493000142538,66.7,599.046875,0.0
79.0,94.0,0.005176764999760053,100.0,599.046875,0.0
79.0,95.0,0.005318973999692389,0.0,599.046875,0.0
79.0,96.0,0.00881317699986539,50.0,599.046875,0.0
79.0,97.0,0.004763103000186675,100.0,599.046875,0.0
79.0,98.0,0.008252224999978353,50.0,599.046875,0.0
79.0,99.0,0.006552259999807575,50.0,599.05078125,0.0
79.0,100.0,0.008392782000100851,50.0,599.0546875,0.0
80.0,1.0,0.0050334329998804606,0.0,599.0546875,0.0
80.0,2.0,0.008199400000194146,100.0,599.0546875,0.0
80.0,3.0,0.0053840319997107144,50.0,599.0546875,0.0
80.0,4.0,0.008592089000103442,50.0,599.0546875,0.0
80.0,5.0,0.0052986549999332055,0.0,599.05859375,0.0
80.0,6.0,0.01153908100013723,66.7,599.05859375,0.0
80.0,7.0,0.006447885000397946,0.0,599.05859375,0.0
80.0,8.0,0.005242113999884168,100.0,599.05859375,0.0
80.0,9.0,0.005734450000090874,50.0,599.05859375,0.0
80.0,10.0,0.009657020000304328,100.0,599.05859375,0.0
80.0,11.0,0.009482391000346979,100.0,599.0625,0.0
80.0,12.0,0.009642746000281477,100.0,599.0625,0.0
80.0,13.0,0.005194572000164044,0.0,599.0625,0.0
80.0,14.0,0.005122475999996823,100.0,599.06640625,0.0
80.0,15.0,0.0073128009998981724,50.0,599.06640625,0.0
80.0,16.0,0.008644622999781859,50.0,599.06640625,0.0
80.0,17.0,0.005517770000096789,0.0,599.0703125,0.0
80.0,18.0,0.007139327999993839,50.0,599.0703125,0.0
80.0,19.0,0.005362238999623514,100.0,599.0703125,0.0
80.0,20.0,0.008188147000055324,50.0,599.0703125,0.0
80.0,21.0,0.005323289999978442,0.0,599.0703125,0.0
80.0,22.0,0.00876379100009217,50.0,599.0703125,0.0
80.0,23.0,0.005310920000283659,100.0,599.07421875,0.0
80.0,24.0,0.008566315000280156,50.0,599.07421875,0.0
80.0,25.0,0.00804172300013306,50.0,599.07421875,0.0
80.0,26.0,0.00855073499997161,50.0,599.07421875,0.0
80.0,27.0,0.004920927000057418,0.0,599.07421875,0.0
80.0,28.0,0.008667005000006611,50.0,599.078125,0.0
80.0,29.0,0.005169553999621712,100.0,599.078125,0.0
80.0,30.0,0.008866805999787175,50.0,599.078125,0.0
80.0,31.0,0.005908860000090499,50.0,599.078125,0.0
80.0,32.0,0.009059525000338908,50.0,599.08203125,0.0
80.0,33.0,0.005094307000035769,100.0,599.08203125,0.0
80.0,34.0,0.008524911999757023,0.0,599.0859375,0.0
80.0,35.0,0.006543920999774855,50.0,599.0859375,0.0
80.0,36.0,0.008371095999791578,50.0,599.0859375,0.0
80.0,37.0,0.0055943200000001525,100.0,599.0859375,0.0
80.0,38.0,0.009072612999716512,50.0,595.453125,0.0
80.0,39.0,0.006423143000120035,0.0,598.51953125,0.0
80.0,40.0,0.008687310999903275,50.0,598.8671875,0.0
80.0,41.0,0.0073365180001019326,50.0,599.015625,0.0
80.0,42.0,0.008944273999986763,50.0,599.015625,0.0
80.0,43.0,0.007407831999898917,50.0,599.015625,0.0
80.0,44.0,0.008747577000121964,50.0,599.015625,0.0
80.0,45.0,0.007174656000188406,100.0,599.01953125,0.0
80.0,46.0,0.005564453000260983,0.0,599.01953125,0.0
80.0,47.0,0.007081553999796597,50.0,599.01953125,0.0
80.0,48.0,0.007522734999838576,50.0,599.01953125,0.0
80.0,49.0,0.00506777400005376,100.0,599.01953125,0.0
80.0,50.0,0.008668611999837594,50.0,599.0234375,0.0
80.0,51.0,0.005347639999854437,0.0,599.02734375,0.0
80.0,52.0,0.008613125000010768,50.0,599.02734375,0.0
80.0,53.0,0.005326806000084616,100.0,599.02734375,0.0
80.0,54.0,0.008762442999795894,50.0,599.02734375,0.0
80.0,55.0,0.00724029299999529,50.0,599.02734375,0.0
80.0,56.0,0.008710252000128094,50.0,599.1484375,0.0
80.0,57.0,0.0058552440000312345,0.0,599.15234375,0.0
80.0,58.0,0.008785423999597697,50.0,599.15234375,0.0
80.0,59.0,0.005520169000192254,100.0,599.15234375,0.0
80.0,60.0,0.00863590499966449,50.0,599.15234375,0.0
80.0,61.0,0.0068587809996643045,50.0,599.15625,0.0
80.0,62.0,0.008808160000171483,50.0,599.296875,0.0
80.0,63.0,0.006851934999758669,0.0,599.296875,0.0
80.0,64.0,0.008417430000008608,50.0,599.296875,0.0
80.0,65.0,0.006474588999935804,50.0,599.296875,0.0
80.0,66.0,0.009522407000076782,100.0,599.296875,0.0
80.0,67.0,0.007773087000259693,50.0,599.296875,0.0
80.0,68.0,0.007481097999971098,50.0,599.296875,0.0
80.0,69.0,0.005183777000183909,0.0,599.296875,0.0
80.0,70.0,0.005096754000078363,50.0,599.30078125,0.0
80.0,71.0,0.005051066999840259,50.0,599.30078125,0.0
80.0,72.0,0.006999619999987772,0.0,599.30078125,0.0
80.0,73.0,0.008344642000338354,50.0,599.30078125,0.0
80.0,74.0,0.00839149199964595,50.0,599.30078125,0.0
80.0,75.0,0.006947588999992149,50.0,599.30078125,0.0
80.0,76.0,0.008309086999815918,50.0,599.30078125,0.0
80.0,77.0,0.004928211999867926,0.0,599.30078125,0.0
80.0,78.0,0.008140881000144873,50.0,599.30078125,0.0
80.0,79.0,0.005305270999997447,50.0,599.30078125,0.0
80.0,80.0,0.009773261999725946,50.0,599.30078125,0.0
80.0,81.0,0.008184616999642458,50.0,599.3046875,0.0
80.0,82.0,0.008824207999623468,50.0,599.3046875,0.0
80.0,83.0,0.0050310440001339884,0.0,599.30859375,0.0
80.0,84.0,0.00526493000006667,50.0,599.30859375,0.0
80.0,85.0,0.00908632500022577,50.0,599.30859375,0.0
80.0,86.0,0.008705115000338992,50.0,599.30859375,0.0
80.0,87.0,0.006910590999723354,50.0,599.30859375,0.0
80.0,88.0,0.008705487000042922,50.0,599.30859375,0.0
80.0,89.0,0.007350296999902639,100.0,599.30859375,0.0
80.0,90.0,0.009103360999688448,50.0,599.3125,0.0
80.0,91.0,0.007616969000082463,0.0,599.3125,0.0
80.0,92.0,0.007693193000250176,50.0,599.3125,0.0
80.0,93.0,0.005625507999866386,50.0,599.3125,0.0
80.0,94.0,0.005336399000043457,0.0,599.3125,0.0
80.0,95.0,0.007202044999758073,50.0,599.31640625,0.0
80.0,96.0,0.005440966000151093,50.0,599.31640625,0.0
80.0,97.0,0.005465567000101146,100.0,599.31640625,0.0
80.0,98.0,0.008904699999675358,50.0,599.31640625,0.0
80.0,99.0,0.007102558000042336,0.0,599.31640625,0.0
80.0,100.0,0.009561183999721834,50.0,599.31640625,0.0
81.0,1.0,0.007175307000125031,50.0,599.3203125,0.0
81.0,2.0,0.007125372000245989,50.0,599.3203125,0.0
81.0,3.0,0.005338905999906274,50.0,599.3203125,0.0
81.0,4.0,0.009527229000013904,50.0,599.3203125,0.0
81.0,5.0,0.005598094000106357,0.0,599.3203125,0.0
81.0,6.0,0.009000252999612712,50.0,599.3203125,0.0
81.0,7.0,0.007095586000104959,50.0,599.3203125,0.0
81.0,8.0,0.008828038000046945,50.0,599.3203125,0.0
81.0,9.0,0.011509610999837605,66.7,599.3203125,0.0
81.0,10.0,0.010640938000051392,100.0,599.3203125,0.0
81.0,11.0,0.005470594000144047,0.0,599.32421875,0.0
81.0,12.0,0.00537190000022747,100.0,599.32421875,0.0
81.0,13.0,0.007291554999937944,50.0,599.328125,0.0
81.0,14.0,0.007287383999937447,0.0,599.328125,0.0
81.0,15.0,0.008545390999643132,66.7,599.328125,0.0
81.0,16.0,0.008266671000001224,0.0,599.33203125,0.0
81.0,17.0,0.005512724999789498,50.0,599.33203125,0.0
81.0,18.0,0.009536560000015015,50.0,599.33203125,0.0
81.0,19.0,0.005081756999970821,50.0,599.33203125,0.0
81.0,20.0,0.0081891690001612,50.0,599.33203125,0.0
81.0,21.0,0.010637877000135632,100.0,599.3359375,0.0
81.0,22.0,0.010074330999941594,66.7,599.3359375,0.0
81.0,23.0,0.005484181000156241,0.0,599.3359375,0.0
81.0,24.0,0.0069228699999257515,100.0,599.3359375,0.0
81.0,25.0,0.006988629999796103,50.0,599.3359375,0.0
81.0,26.0,0.012050928999997268,50.0,599.3359375,0.0
81.0,27.0,0.009827492000113125,50.0,599.3359375,0.0
81.0,28.0,0.008439451999947778,50.0,599.3359375,0.0
81.0,29.0,0.005144710000422492,0.0,599.3359375,0.0
81.0,30.0,0.008392419000301743,50.0,599.3359375,0.0
81.0,31.0,0.005142719000104989,50.0,599.33984375,0.0
81.0,32.0,0.005005412999707914,0.0,599.33984375,0.0
81.0,33.0,0.00850444299976516,100.0,599.33984375,0.0
81.0,34.0,0.011507581999921968,75.0,599.34375,0.0
81.0,35.0,0.007147756999984267,100.0,599.34375,0.0
81.0,36.0,0.011721719999968627,100.0,599.34375,0.0
81.0,37.0,0.007462271999884251,100.0,599.34375,0.0
81.0,38.0,0.009342226999706327,33.3,599.34375,0.0
81.0,39.0,0.0052055740002288076,100.0,599.34375,0.0
81.0,40.0,0.009098133999941638,50.0,599.34375,0.0
81.0,41.0,0.004984168999726535,0.0,599.34375,0.0
81.0,42.0,0.0067273930003466376,100.0,599.34375,0.0
81.0,43.0,0.007616628000050696,50.0,599.34375,0.0
81.0,44.0,0.010122068999862677,100.0,599.34375,0.0
81.0,45.0,0.00694432099999176,50.0,599.34375,0.0
81.0,46.0,0.007117397000001802,0.0,599.34375,0.0
81.0,47.0,0.0068502849999276805,50.0,599.34375,0.0
81.0,48.0,0.008794467999905464,50.0,599.34375,0.0
81.0,49.0,0.005257587999949465,100.0,599.34375,0.0
81.0,50.0,0.009325834999799554,50.0,599.34375,0.0
81.0,51.0,0.0052708830003211915,0.0,599.34375,0.0
81.0,52.0,0.008678862000124354,50.0,599.34375,0.0
81.0,53.0,0.007867737999731617,100.0,599.34375,0.0
81.0,54.0,0.007086908000019321,50.0,599.34375,0.0
81.0,55.0,0.007271716000104789,0.0,599.34375,0.0
81.0,56.0,0.008815734000108932,50.0,599.34375,0.0
81.0,57.0,0.005466156999773375,50.0,599.34375,0.0
81.0,58.0,0.0071226889999707055,50.0,599.34375,0.0
81.0,59.0,0.007033677999970678,50.0,599.34375,0.0
81.0,60.0,0.005920209999658255,0.0,599.34375,0.0
81.0,61.0,0.005870443000276282,50.0,599.34375,0.0
81.0,62.0,0.009252477000245563,50.0,599.34375,0.0
81.0,63.0,0.0051665660002981895,50.0,599.34375,0.0
81.0,64.0,0.0069113750000724394,0.0,599.34375,0.0
81.0,65.0,0.009552626000186137,66.7,599.34375,0.0
81.0,66.0,0.009872691000055056,100.0,599.34375,0.0
81.0,67.0,0.010234123999907752,100.0,599.34375,0.0
81.0,68.0,0.007475126000372256,50.0,599.34375,0.0
81.0,69.0,0.007308542999908241,50.0,599.34375,0.0
81.0,70.0,0.007472189000054641,50.0,599.34375,0.0
81.0,71.0,0.005600013000275794,100.0,599.34375,0.0
81.0,72.0,0.008797131999926933,50.0,599.34375,0.0
81.0,73.0,0.005083074999674864,0.0,599.34375,0.0
81.0,74.0,0.007001990999924601,50.0,599.34375,0.0
81.0,75.0,0.004891165000117326,0.0,599.34375,0.0
81.0,76.0,0.009706801999982417,66.7,599.34375,0.0
81.0,77.0,0.006997378000050958,100.0,599.34375,0.0
81.0,78.0,0.005284654000206501,50.0,599.34375,0.0
81.0,79.0,0.005120212999827345,0.0,599.34375,0.0
81.0,80.0,0.007187917000010202,100.0,599.34375,0.0
81.0,81.0,0.005289935999826412,50.0,599.34375,0.0
81.0,82.0,0.005267827999887231,0.0,599.34375,0.0
81.0,83.0,0.005032026000208134,100.0,599.34375,0.0
81.0,84.0,0.004972110999915458,50.0,599.34375,0.0
81.0,85.0,0.005552939000153856,0.0,599.34375,0.0
81.0,86.0,0.009491572000115411,50.0,599.34375,0.0
81.0,87.0,0.005754002000230685,50.0,599.34375,0.0
81.0,88.0,0.008721238999896741,50.0,599.34375,0.0
81.0,89.0,0.0089050380001936,50.0,599.34375,0.0
81.0,90.0,0.007695560999763984,50.0,599.34375,0.0
81.0,91.0,0.011030921999918064,50.0,599.34375,0.0
81.0,92.0,0.008643574999950943,100.0,599.34375,0.0
81.0,93.0,0.005476195000028383,0.0,599.34375,0.0
81.0,94.0,0.007271780999872135,50.0,599.34375,0.0
81.0,95.0,0.007272618000115472,50.0,599.34375,0.0
81.0,96.0,0.005934228000114672,100.0,599.34375,0.0
81.0,97.0,0.005479483000272012,0.0,599.34375,0.0
81.0,98.0,0.008870470999681856,50.0,599.34375,0.0
81.0,99.0,0.00621688199998971,100.0,599.34375,0.0
81.0,100.0,0.005566085000282328,0.0,599.359375,0.0
82.0,1.0,0.005344356000023254,50.0,599.359375,0.0
82.0,2.0,0.007259771000008186,100.0,599.359375,0.0
82.0,3.0,0.005206681999879947,50.0,599.359375,0.0
82.0,4.0,0.008619802000339405,0.0,599.359375,0.0
82.0,5.0,0.005918769999880169,50.0,599.359375,0.0
82.0,6.0,0.0094117210001059,50.0,599.36328125,0.0
82.0,7.0,0.007583890000205429,50.0,599.36328125,0.0
82.0,8.0,0.007121535999885964,100.0,599.3671875,0.0
82.0,9.0,0.005708808999770554,50.0,599.3671875,0.0
82.0,10.0,0.009197246999974595,50.0,599.3671875,0.0
82.0,11.0,0.00587244100006501,0.0,599.3671875,0.0
82.0,12.0,0.008894917999896279,50.0,599.3671875,0.0
82.0,13.0,0.005327543999555928,100.0,599.3671875,0.0
82.0,14.0,0.009147305999704258,50.0,599.49609375,0.0
82.0,15.0,0.005611731000044529,50.0,599.49609375,0.0
82.0,16.0,0.009665820000009262,50.0,599.49609375,0.0
82.0,17.0,0.009387974999754078,50.0,599.1875,0.0
82.0,18.0,0.0069137789996602805,100.0,599.19140625,0.0
82.0,19.0,0.005460735999804456,0.0,599.19140625,0.0
82.0,20.0,0.008965493999767205,50.0,599.19140625,0.0
82.0,21.0,0.008778386999892973,50.0,599.19140625,0.0
82.0,22.0,0.010882760000185954,100.0,599.19140625,0.0
82.0,23.0,0.007481808999727946,100.0,599.19140625,0.0
82.0,24.0,0.00857921399983752,100.0,599.19140625,0.0
82.0,25.0,0.009804185000120924,100.0,599.19140625,0.0
82.0,26.0,0.012687382999956753,100.0,599.19140625,0.0
82.0,27.0,0.0133950360000199,100.0,599.19140625,0.0
82.0,28.0,0.026803859999745328,100.0,599.19140625,0.0
82.0,29.0,0.01735345499992036,100.0,599.1953125,0.0
82.0,30.0,0.014961424999910378,100.0,599.19921875,0.0
82.0,31.0,0.009802829999898677,100.0,599.19921875,0.0
82.0,32.0,0.015165734000220255,100.0,599.19921875,0.0
82.0,33.0,0.006796127999677992,100.0,599.19921875,0.0
82.0,34.0,0.009632450000026438,100.0,599.19921875,0.0
82.0,35.0,0.006844645999990462,100.0,599.19921875,0.0
82.0,36.0,0.010160480000195093,100.0,599.19921875,0.0
82.0,37.0,0.008036900000206515,100.0,599.19921875,0.0
82.0,38.0,0.010542874000293523,100.0,599.19921875,0.0
82.0,39.0,0.013173917000131041,100.0,599.19921875,0.0
82.0,40.0,0.0096219850001944,100.0,599.19921875,0.0
82.0,41.0,0.00740149700004622,100.0,599.19921875,0.0
82.0,42.0,0.011614724000082788,100.0,599.19921875,0.0
82.0,43.0,0.007092564999766182,100.0,599.19921875,0.0
82.0,44.0,0.007442612999966514,100.0,599.19921875,0.0
82.0,45.0,0.011590458999762632,100.0,599.19921875,0.0
82.0,46.0,0.010138692000055016,100.0,599.19921875,0.0
82.0,47.0,0.010865445000035834,100.0,599.203125,0.0
82.0,48.0,0.030405445000269538,100.0,599.203125,0.0
82.0,49.0,0.01428161000012551,100.0,599.203125,0.0
82.0,50.0,0.01916021000033652,100.0,599.203125,0.0
82.0,51.0,0.013040151000041078,100.0,599.203125,0.0
82.0,52.0,0.027771417000167276,100.0,599.203125,0.0
82.0,53.0,0.0074434719999771914,100.0,599.4765625,0.0
82.0,54.0,0.00967021599990403,100.0,599.4765625,0.0
82.0,55.0,0.01279842500025552,66.7,599.48046875,0.0
82.0,56.0,0.012006784999812226,100.0,599.48046875,0.0
82.0,57.0,0.008618881000074907,100.0,599.48046875,0.0
82.0,58.0,0.01325243999963277,100.0,599.48046875,0.0
82.0,59.0,0.019108001999939006,100.0,599.484375,0.0
82.0,60.0,0.009762318000412051,100.0,599.484375,0.0
82.0,61.0,0.00971758800005773,100.0,599.484375,0.0
82.0,62.0,0.00934705200006647,100.0,599.484375,0.0
82.0,63.0,0.0070322669998859055,100.0,599.484375,0.0
82.0,64.0,0.01824664500009021,100.0,599.484375,0.0
82.0,65.0,0.014968574999784323,100.0,599.48828125,0.0
82.0,66.0,0.017955843999970966,100.0,599.48828125,0.0
82.0,67.0,0.01708516700000473,100.0,599.48828125,0.0
82.0,68.0,0.0148480720004045,100.0,599.48828125,0.0
82.0,69.0,0.009698198000023694,100.0,599.48828125,0.0
82.0,70.0,0.01319146300011198,100.0,599.4921875,0.0
82.0,71.0,0.011915468000097462,100.0,599.4921875,0.0
82.0,72.0,0.006840769000064029,100.0,599.4921875,0.0
82.0,73.0,0.00927050500013138,100.0,599.49609375,0.0
82.0,74.0,0.008686793000379112,66.7,599.49609375,0.0
82.0,75.0,0.004816868000034447,0.0,599.49609375,0.0
82.0,76.0,0.004839907000132371,100.0,599.5,0.0
82.0,77.0,0.006935090999832028,0.0,599.5,0.0
82.0,78.0,0.008011893000002601,50.0,599.5,0.0
82.0,79.0,0.006481653000264487,50.0,599.5,0.0
82.0,80.0,0.008758821999890642,50.0,599.5,0.0
82.0,81.0,0.00481179999997039,100.0,599.50390625,0.0
82.0,82.0,0.004944430999785254,0.0,599.5078125,0.0
82.0,83.0,0.006773628999781067,50.0,599.51171875,0.0
82.0,84.0,0.009146850999968592,100.0,599.51171875,0.0
82.0,85.0,0.005149336000158655,0.0,599.51171875,0.0
82.0,86.0,0.012037509000037971,100.0,599.51171875,0.0
82.0,87.0,0.007475577000150224,100.0,599.51171875,0.0
82.0,88.0,0.008175355999810563,50.0,599.515625,0.0
82.0,89.0,0.007928059000278154,100.0,599.515625,0.0
82.0,90.0,0.00786341100001664,50.0,599.515625,0.0
82.0,91.0,0.006760134000160178,100.0,599.515625,0.0
82.0,92.0,0.004930661999878794,0.0,599.515625,0.0
82.0,93.0,0.0066017789999932575,50.0,599.515625,0.0
82.0,94.0,0.00839783500032354,50.0,599.5234375,0.0
82.0,95.0,0.005139471999882517,0.0,599.5234375,0.0
82.0,96.0,0.008750566999879084,50.0,599.5234375,0.0
82.0,97.0,0.007040305999908014,50.0,599.5234375,0.0
82.0,98.0,0.00712195400001292,50.0,599.5234375,0.0
82.0,99.0,0.004964368999935687,100.0,599.5234375,0.0
82.0,100.0,0.006613604999984091,0.0,599.52734375,0.0
83.0,1.0,0.005304974000409857,50.0,599.52734375,0.0
83.0,2.0,0.008627746000001935,50.0,599.52734375,0.0
83.0,3.0,0.005077175000224088,100.0,599.52734375,0.0
83.0,4.0,0.006572184000106063,0.0,599.53125,0.0
83.0,5.0,0.004921105999983411,50.0,599.53125,0.0
83.0,6.0,0.00838508200013166,100.0,599.53515625,0.0
83.0,7.0,0.008394696999857842,50.0,599.53515625,0.0
83.0,8.0,0.0071888080001372145,50.0,599.53515625,0.0
83.0,9.0,0.0051921320000474225,0.0,599.53515625,0.0
83.0,10.0,0.006748394999704033,100.0,599.53515625,0.0
83.0,11.0,0.00860937199968248,50.0,599.5390625,0.0
83.0,12.0,0.008931250999921758,50.0,599.5390625,0.0
83.0,13.0,0.006528976000026887,50.0,599.5390625,0.0
83.0,14.0,0.006642166999881738,0.0,599.5390625,0.0
83.0,15.0,0.010369942000124865,50.0,598.81640625,0.0
83.0,16.0,0.008453426999949443,50.0,599.0703125,0.0
83.0,17.0,0.005367885999930877,50.0,599.0703125,0.0
83.0,18.0,0.008808737999970617,50.0,599.0703125,0.0
83.0,19.0,0.005238138000095205,100.0,599.07421875,0.0
83.0,20.0,0.005640232000132528,0.0,599.07421875,0.0
83.0,21.0,0.005039864999616839,100.0,599.07421875,0.0
83.0,22.0,0.008374217999971734,50.0,599.07421875,0.0
83.0,23.0,0.0054067579999355075,100.0,599.07421875,0.0
83.0,24.0,0.00907464500005517,50.0,599.203125,0.0
83.0,25.0,0.006916455999999016,50.0,599.203125,0.0
83.0,26.0,0.00745472200014774,50.0,599.203125,0.0
83.0,27.0,0.00940644299998894,100.0,599.203125,0.0
83.0,28.0,0.008385025999814388,100.0,599.2109375,0.0
83.0,29.0,0.010162681000110751,100.0,599.2109375,0.0
83.0,30.0,0.013887628999782464,100.0,599.2109375,0.0
83.0,31.0,0.012794851000307972,100.0,599.265625,0.0
83.0,32.0,0.01012210800035973,100.0,599.265625,0.0
83.0,33.0,0.00962344600020515,100.0,599.265625,0.0
83.0,34.0,0.009978533999856154,66.7,599.265625,0.0
83.0,35.0,0.006604002000131004,100.0,599.265625,0.0
83.0,36.0,0.012390175000291492,100.0,599.265625,0.0
83.0,37.0,0.0073881890002667205,100.0,599.265625,0.0
83.0,38.0,0.01193175699972926,100.0,599.265625,0.0
83.0,39.0,0.009407810000084282,100.0,599.33984375,0.0
83.0,40.0,0.010501490000024205,100.0,599.33984375,0.0
83.0,41.0,0.0063066520001484605,100.0,599.33984375,0.0
83.0,42.0,0.008720780999738054,100.0,599.33984375,0.0
83.0,43.0,0.008170246000190673,100.0,599.33984375,0.0
83.0,44.0,0.007820431000254757,100.0,599.33984375,0.0
83.0,45.0,0.00842924500011577,100.0,599.33984375,0.0
83.0,46.0,0.016956243000095128,100.0,599.33984375,0.0
83.0,47.0,0.008300766000047588,100.0,599.33984375,0.0
83.0,48.0,0.012210521999804769,100.0,599.33984375,0.0
83.0,49.0,0.00717042299993409,100.0,599.33984375,0.0
83.0,50.0,0.01056855299975723,100.0,599.33984375,0.0
83.0,51.0,0.009488233999945805,100.0,599.33984375,0.0
83.0,52.0,0.009459089999836578,100.0,599.33984375,0.0
83.0,53.0,0.00640268000006472,100.0,599.33984375,0.0
83.0,54.0,0.008426257999872178,100.0,599.33984375,0.0
83.0,55.0,0.00830059899999469,100.0,599.33984375,0.0
83.0,56.0,0.011125276000257145,100.0,599.33984375,0.0
83.0,57.0,0.006349237999984325,100.0,599.33984375,0.0
83.0,58.0,0.008734877000279084,100.0,599.33984375,0.0
83.0,59.0,0.008649255999898742,100.0,599.33984375,0.0
83.0,60.0,0.011098894000042492,75.0,599.33984375,0.0
83.0,61.0,0.011680096999953093,100.0,599.33984375,0.0
83.0,62.0,0.008421432999966783,100.0,599.33984375,0.0
83.0,63.0,0.008888990000286867,100.0,599.33984375,0.0
83.0,64.0,0.00828502300009859,100.0,599.33984375,0.0
83.0,65.0,0.006231933999970352,100.0,599.33984375,0.0
83.0,66.0,0.00832045900006051,100.0,599.33984375,0.0
83.0,67.0,0.00625713999988875,100.0,599.33984375,0.0
83.0,68.0,0.006153638999876421,100.0,599.33984375,0.0
83.0,69.0,0.006101507000039419,100.0,599.33984375,0.0
83.0,70.0,0.008947147000071709,100.0,599.33984375,0.0
83.0,71.0,0.007388823000383127,100.0,599.33984375,0.0
83.0,72.0,0.009211352999955125,100.0,599.33984375,0.0
83.0,73.0,0.010801171999901271,100.0,599.33984375,0.0
83.0,74.0,0.00636760499992306,100.0,599.33984375,0.0
83.0,75.0,0.006266190999667742,100.0,599.33984375,0.0
83.0,76.0,0.008579076999922108,100.0,599.33984375,0.0
83.0,77.0,0.006123145999936241,100.0,599.33984375,0.0
83.0,78.0,0.00864465900031064,100.0,599.33984375,0.0
83.0,79.0,0.0064801580001585535,100.0,599.33984375,0.0
83.0,80.0,0.006236168000214093,100.0,599.34375,0.0
83.0,81.0,0.006463689000156592,100.0,599.34375,0.0
83.0,82.0,0.010609453999677498,100.0,599.35546875,0.0
83.0,83.0,0.006119097999999212,100.0,599.35546875,0.0
83.0,84.0,0.01016756399985752,100.0,599.35546875,0.0
83.0,85.0,0.010272490999795991,100.0,599.359375,0.0
83.0,86.0,0.006160910000289732,100.0,599.359375,0.0
83.0,87.0,0.008604807000210712,100.0,599.359375,0.0
83.0,88.0,0.008179562999885093,100.0,599.359375,0.0
83.0,89.0,0.006246859999919252,100.0,599.359375,0.0
83.0,90.0,0.010149444000035146,100.0,599.359375,0.0
83.0,91.0,0.008201149999877089,100.0,599.3671875,0.0
83.0,92.0,0.010232312999960413,100.0,599.3671875,0.0
83.0,93.0,0.009174161999908392,100.0,599.3671875,0.0
83.0,94.0,0.01062124500003847,100.0,599.3671875,0.0
83.0,95.0,0.008325180000156251,100.0,599.3671875,0.0
83.0,96.0,0.010297196000010445,100.0,599.390625,0.0
83.0,97.0,0.0065987699999823235,100.0,599.390625,0.0
83.0,98.0,0.008419381999829056,100.0,599.390625,0.0
83.0,99.0,0.00850989299988214,100.0,599.40234375,0.0
83.0,100.0,0.00830262399995263,100.0,599.40625,0.0
84.0,1.0,0.0065743990003284125,100.0,599.41015625,0.0
84.0,2.0,0.010472892000052525,100.0,599.4140625,0.0
84.0,3.0,0.006193679000261909,100.0,599.4140625,0.0
84.0,4.0,0.008391066000058345,100.0,599.4140625,0.0
84.0,5.0,0.01049982699987595,100.0,599.4140625,0.0
84.0,6.0,0.008244141999966814,100.0,599.4140625,0.0
84.0,7.0,0.010445715000059863,100.0,599.4140625,0.0
84.0,8.0,0.00832977199979723,100.0,599.41796875,0.0
84.0,9.0,0.006217354000000341,100.0,599.41796875,0.0
84.0,10.0,0.008391377999942051,100.0,599.41796875,0.0
84.0,11.0,0.006546737000007852,100.0,599.41796875,0.0
84.0,12.0,0.010573833000307786,100.0,599.421875,0.0
84.0,13.0,0.006561200999840366,100.0,599.421875,0.0
84.0,14.0,0.01100960199983092,100.0,599.42578125,0.0
84.0,15.0,0.006586231999790471,100.0,599.42578125,0.0
84.0,16.0,0.01028639900005146,100.0,599.42578125,0.0
84.0,17.0,0.008737079999718844,100.0,599.42578125,0.0
84.0,18.0,0.007398443000056432,100.0,599.42578125,0.0
84.0,19.0,0.007463261999873794,100.0,599.4296875,0.0
84.0,20.0,0.007884637999723054,100.0,599.4296875,0.0
84.0,21.0,0.0075565990000541206,100.0,599.4296875,0.0
84.0,22.0,0.006276795000303537,100.0,599.4296875,0.0
84.0,23.0,0.008865574000083143,100.0,599.44140625,0.0
84.0,24.0,0.01037840499975573,100.0,599.6953125,0.0
84.0,25.0,0.012449994999769842,100.0,599.703125,0.0
84.0,26.0,0.009423870000318857,100.0,599.703125,0.0
84.0,27.0,0.0061036360002617585,100.0,599.703125,0.0
84.0,28.0,0.0086503749998883,100.0,599.703125,0.0
84.0,29.0,0.006515708000279119,100.0,599.703125,0.0
84.0,30.0,0.010239137000098708,100.0,599.70703125,0.0
84.0,31.0,0.006722236999848974,100.0,599.70703125,0.0
84.0,32.0,0.00849874200002887,100.0,599.7109375,0.0
84.0,33.0,0.00725718700005018,100.0,599.7109375,0.0
84.0,34.0,0.007268524000210164,100.0,599.71484375,0.0
84.0,35.0,0.007677749000322365,100.0,599.71484375,0.0
84.0,36.0,0.00917975300035323,100.0,599.71484375,0.0
84.0,37.0,0.010620400000334485,100.0,599.71484375,0.0
84.0,38.0,0.0065864420002981205,100.0,599.71875,0.0
84.0,39.0,0.006521623000026011,100.0,599.71875,0.0
84.0,40.0,0.008593302000008407,100.0,599.71875,0.0
84.0,41.0,0.006406568000329571,100.0,599.71875,0.0
84.0,42.0,0.010419186000035552,100.0,599.859375,0.0
84.0,43.0,0.006144784999833064,100.0,599.859375,0.0
84.0,44.0,0.008830672000385675,100.0,599.8671875,0.0
84.0,45.0,0.00815452799997729,100.0,599.8671875,0.0
84.0,46.0,0.006459941000230174,100.0,599.8671875,0.0
84.0,47.0,0.008504818999881536,100.0,599.8671875,0.0
84.0,48.0,0.008256790999894292,100.0,599.8671875,0.0
84.0,49.0,0.00858728000002884,100.0,599.8671875,0.0
84.0,50.0,0.006286385999828781,100.0,599.8671875,0.0
84.0,51.0,0.01052062200005821,100.0,599.87109375,0.0
84.0,52.0,0.008375188999707461,100.0,599.87109375,0.0
84.0,53.0,0.006285237000156485,100.0,599.87109375,0.0
84.0,54.0,0.006152032999580115,100.0,599.87109375,0.0
84.0,55.0,0.006218138000349427,100.0,599.87109375,0.0
84.0,56.0,0.010209590000158641,100.0,599.875,0.0
84.0,57.0,0.006606527999792888,100.0,599.875,0.0
84.0,58.0,0.008409441999901901,100.0,599.875,0.0
84.0,59.0,0.010770491999664955,100.0,599.875,0.0
84.0,60.0,0.0144768719997046,100.0,599.875,0.0
84.0,61.0,0.009867772999768931,100.0,599.875,0.0
84.0,62.0,0.011035288000130095,100.0,599.875,0.0
84.0,63.0,0.006416098000045167,100.0,599.875,0.0
84.0,64.0,0.011069275999943784,100.0,599.875,0.0
84.0,65.0,0.006949202000214427,100.0,599.875,0.0
84.0,66.0,0.011272285999893938,100.0,599.87890625,0.0
84.0,67.0,0.008481175000270014,100.0,599.87890625,0.0
84.0,68.0,0.008159348999924987,100.0,599.87890625,0.0
84.0,69.0,0.008735624000109965,100.0,599.87890625,0.0
84.0,70.0,0.012132670000028156,100.0,598.75390625,0.0
84.0,71.0,0.010373002000051201,100.0,599.13671875,0.0
84.0,72.0,0.008614313999714796,100.0,599.3828125,0.0
84.0,73.0,0.006283711000378389,100.0,599.5,0.0
84.0,74.0,0.008674949000123888,100.0,599.5,0.0
84.0,75.0,0.008196698000119795,100.0,599.5,0.0
84.0,76.0,0.010365549999733048,100.0,599.50390625,0.0
84.0,77.0,0.006787879000057728,100.0,599.50390625,0.0
84.0,78.0,0.011073896000198147,100.0,599.50390625,0.0
84.0,79.0,0.00627101500003846,100.0,599.50390625,0.0
84.0,80.0,0.010804030000144849,100.0,599.50390625,0.0
84.0,81.0,0.006355815999995684,100.0,599.50390625,0.0
84.0,82.0,0.010364244999891525,100.0,599.50390625,0.0
84.0,83.0,0.006814232000124321,100.0,599.50390625,0.0
84.0,84.0,0.01229653500013228,100.0,599.5078125,0.0
84.0,85.0,0.010037627999736287,100.0,599.5078125,0.0
84.0,86.0,0.011551419999705104,100.0,599.5078125,0.0
84.0,87.0,0.011688003000017488,100.0,599.5078125,0.0
84.0,88.0,0.010815432000072178,100.0,599.5078125,0.0
84.0,89.0,0.008898724000118818,100.0,599.5078125,0.0
84.0,90.0,0.011765754000407469,100.0,599.5078125,0.0
84.0,91.0,0.00966621599991413,100.0,599.5078125,0.0
84.0,92.0,0.010162371000205894,50.0,599.5078125,0.0
84.0,93.0,0.0068746209999517305,100.0,599.5078125,0.0
84.0,94.0,0.011886026999945898,100.0,599.5078125,0.0
84.0,95.0,0.00790022899991527,100.0,599.5078125,0.0
84.0,96.0,0.008944905000134895,100.0,599.5078125,0.0
84.0,97.0,0.007256351000251016,100.0,599.5078125,0.0
84.0,98.0,0.012597081999956572,100.0,599.5078125,0.0
84.0,99.0,0.010455103999902349,100.0,599.5078125,0.0
84.0,100.0,0.01227004800011855,100.0,599.5078125,0.0
85.0,1.0,0.007489495999834617,100.0,599.55078125,0.0
85.0,2.0,0.010526062000280945,100.0,599.55078125,0.0
85.0,3.0,0.006413448999865068,100.0,599.55078125,0.0
85.0,4.0,0.01104744699978255,100.0,599.5546875,0.0
85.0,5.0,0.01072065800008204,100.0,599.5546875,0.0
85.0,6.0,0.00855019100026766,100.0,599.5546875,0.0
85.0,7.0,0.010560558000179299,100.0,599.5546875,0.0
85.0,8.0,0.010993932000019413,100.0,599.5546875,0.0
85.0,9.0,0.0062362289995689935,100.0,599.5546875,0.0
85.0,10.0,0.0065396929999224085,100.0,599.5546875,0.0
85.0,11.0,0.010483517000011489,100.0,599.5546875,0.0
85.0,12.0,0.006213292999746045,100.0,599.5546875,0.0
85.0,13.0,0.012114012999973056,100.0,599.5546875,0.0
85.0,14.0,0.010489995000170893,75.0,599.5546875,0.0
85.0,15.0,0.007312693000130821,100.0,599.55859375,0.0
85.0,16.0,0.008796974000233604,100.0,599.55859375,0.0
85.0,17.0,0.0061613420002686325,100.0,599.55859375,0.0
85.0,18.0,0.008602878999681707,100.0,599.55859375,0.0
85.0,19.0,0.006292219999977533,100.0,599.55859375,0.0
85.0,20.0,0.010330830999919272,100.0,599.55859375,0.0
85.0,21.0,0.008739156000046933,100.0,599.61328125,0.0
85.0,22.0,0.010344981000343978,100.0,599.61328125,0.0
85.0,23.0,0.006534717999784334,100.0,599.61328125,0.0
85.0,24.0,0.01074679199973616,100.0,599.61328125,0.0
85.0,25.0,0.011223463000078482,100.0,599.61328125,0.0
85.0,26.0,0.010038450999672932,100.0,599.6171875,0.0
85.0,27.0,0.006594944999960717,100.0,599.6171875,0.0
85.0,28.0,0.008710694999990665,100.0,599.6171875,0.0
85.0,29.0,0.00872171899982277,100.0,599.6171875,0.0
85.0,30.0,0.010415802999887092,100.0,599.6171875,0.0
85.0,31.0,0.009622293000120408,100.0,599.6171875,0.0
85.0,32.0,0.012193293999644084,100.0,599.6171875,0.0
85.0,33.0,0.007894469000348181,100.0,599.6171875,0.0
85.0,34.0,0.01162402199997814,100.0,599.6171875,0.0
85.0,35.0,0.007865636999667913,100.0,599.6171875,0.0
85.0,36.0,0.006970986999931483,100.0,599.6171875,0.0
85.0,37.0,0.011130721999961679,100.0,599.6171875,0.0
85.0,38.0,0.013621095999951649,100.0,599.62109375,0.0
85.0,39.0,0.006764722999832884,100.0,599.62109375,0.0
85.0,40.0,0.009173570000257314,100.0,599.62109375,0.0
85.0,41.0,0.006890846000260353,100.0,599.62109375,0.0
85.0,42.0,0.01152649100004055,100.0,599.62109375,0.0
85.0,43.0,0.011969193999902927,100.0,599.625,0.0
85.0,44.0,0.009716649999973015,100.0,599.625,0.0
85.0,45.0,0.007646280999779265,100.0,599.625,0.0
85.0,46.0,0.011758993000057671,100.0,599.625,0.0
85.0,47.0,0.006876254999951925,100.0,599.625,0.0
85.0,48.0,0.011864178999985597,100.0,599.625,0.0
85.0,49.0,0.009389963000103307,100.0,599.625,0.0
85.0,50.0,0.007235804000174539,100.0,599.625,0.0
85.0,51.0,0.009368581999751768,100.0,599.625,0.0
85.0,52.0,0.00710563499978889,100.0,599.625,0.0
85.0,53.0,0.009491482000157703,100.0,599.62890625,0.0
85.0,54.0,0.011953029000324022,100.0,599.62890625,0.0
85.0,55.0,0.0073729740001908795,100.0,599.6328125,0.0
85.0,56.0,0.00971870500006844,100.0,599.6328125,0.0
85.0,57.0,0.009572696000304859,100.0,599.6328125,0.0
85.0,58.0,0.006788475000121252,100.0,599.6328125,0.0
85.0,59.0,0.009112408999953914,100.0,599.6328125,0.0
85.0,60.0,0.01165604700008771,100.0,599.63671875,0.0
85.0,61.0,0.009137676999671385,100.0,599.640625,0.0
85.0,62.0,0.012609693999820593,100.0,599.640625,0.0
85.0,63.0,0.01016552999999476,100.0,599.640625,0.0
85.0,64.0,0.010161036999761563,100.0,599.64453125,0.0
85.0,65.0,0.010126323999884335,100.0,599.64453125,0.0
85.0,66.0,0.012344401000063954,100.0,599.6484375,0.0
85.0,67.0,0.00922343499996714,100.0,599.6484375,0.0
85.0,68.0,0.008985971000129211,100.0,599.6484375,0.0
85.0,69.0,0.007054711999899155,100.0,599.6484375,0.0
85.0,70.0,0.009474423000028764,100.0,599.6484375,0.0
85.0,71.0,0.0069258529997568985,100.0,599.6484375,0.0
85.0,72.0,0.01177594599994336,100.0,599.6484375,0.0
85.0,73.0,0.006736513000305422,100.0,599.6484375,0.0
85.0,74.0,0.00943355099980181,100.0,599.65234375,0.0
85.0,75.0,0.00682043300002988,100.0,599.65234375,0.0
85.0,76.0,0.009389378000378201,100.0,599.65234375,0.0
85.0,77.0,0.0067900559997724486,100.0,599.65234375,0.0
85.0,78.0,0.012325162999786698,100.0,599.65625,0.0
85.0,79.0,0.00999565000029179,100.0,599.65625,0.0
85.0,80.0,0.0098114889997305,100.0,599.65625,0.0
85.0,81.0,0.012161567000021023,100.0,599.65625,0.0
85.0,82.0,0.010024235999935627,50.0,599.65625,0.0
85.0,83.0,0.006616230999952677,50.0,599.65625,0.0
85.0,84.0,0.008974429999852873,50.0,599.65625,0.0
85.0,85.0,0.006825388999914139,100.0,599.66015625,0.0
85.0,86.0,0.005354815999908169,50.0,599.66015625,0.0
85.0,87.0,0.006806621000123414,0.0,599.66015625,0.0
85.0,88.0,0.008207597999899008,50.0,599.66015625,0.0
85.0,89.0,0.005067892999704782,100.0,599.66015625,0.0
85.0,90.0,0.007018970999979501,50.0,599.66015625,0.0
85.0,91.0,0.005080153000108112,0.0,599.66015625,0.0
85.0,92.0,0.008870354999999108,50.0,599.66015625,0.0
85.0,93.0,0.005143594999935885,100.0,599.66015625,0.0
85.0,94.0,0.009104605999709747,50.0,599.66015625,0.0
85.0,95.0,0.005074370999864186,0.0,599.6640625,0.0
85.0,96.0,0.008611591000317276,50.0,599.6640625,0.0
85.0,97.0,0.005350293999981659,100.0,599.6640625,0.0
85.0,98.0,0.008748774999730813,50.0,599.6640625,0.0
85.0,99.0,0.005328608000127133,50.0,599.6640625,0.0
85.0,100.0,0.007129963999886968,0.0,599.6640625,0.0
86.0,1.0,0.0051902440000048955,100.0,599.6640625,0.0
86.0,2.0,0.009151083000233484,50.0,599.6640625,0.0
86.0,3.0,0.0049995950002994505,50.0,599.66796875,0.0
86.0,4.0,0.007060824999825854,0.0,599.66796875,0.0
86.0,5.0,0.005204621000302723,100.0,599.671875,0.0
86.0,6.0,0.008244247999755316,50.0,599.671875,0.0
86.0,7.0,0.005045325999617489,50.0,599.671875,0.0
86.0,8.0,0.00885956999991322,50.0,599.671875,0.0
86.0,9.0,0.009346797000034712,50.0,599.671875,0.0
86.0,10.0,0.004988830999991478,0.0,599.671875,0.0
86.0,11.0,0.005432049000319239,50.0,599.671875,0.0
86.0,12.0,0.008390475999931368,50.0,599.671875,0.0
86.0,13.0,0.007585636999920098,50.0,599.71875,0.0
86.0,14.0,0.008418906999850151,50.0,599.71875,0.0
86.0,15.0,0.005359989999760728,0.0,599.72265625,0.0
86.0,16.0,0.008787096000105521,50.0,599.72265625,0.0
86.0,17.0,0.0070539479997933086,50.0,599.72265625,0.0
86.0,18.0,0.00872719800008781,50.0,599.72265625,0.0
86.0,19.0,0.005030328999964695,100.0,599.72265625,0.0
86.0,20.0,0.0086396120000245,50.0,599.80078125,0.0
86.0,21.0,0.0067386149999038025,0.0,599.80078125,0.0
86.0,22.0,0.007310872999823914,50.0,599.80078125,0.0
86.0,23.0,0.007046640000226034,50.0,599.80078125,0.0
86.0,24.0,0.009077173000150651,50.0,599.80078125,0.0
86.0,25.0,0.005335425999874133,0.0,599.80078125,0.0
86.0,26.0,0.008555599999908736,50.0,599.8046875,0.0
86.0,27.0,0.00704737500018382,50.0,599.8046875,0.0
86.0,28.0,0.005106652999984362,50.0,599.8046875,0.0
86.0,29.0,0.007141844000216224,0.0,599.80859375,0.0
86.0,30.0,0.008902477999981784,50.0,599.80859375,0.0
86.0,31.0,0.005372965999868029,50.0,599.80859375,0.0
86.0,32.0,0.008115030000226398,50.0,599.80859375,0.0
86.0,33.0,0.008624123000117834,50.0,599.80859375,0.0
86.0,34.0,0.008077422000042134,100.0,599.80859375,0.0
86.0,35.0,0.007996255000307428,50.0,599.515625,0.0
86.0,36.0,0.008887640000011743,50.0,599.515625,0.0
86.0,37.0,0.005063783999958105,50.0,599.51953125,0.0
86.0,38.0,0.008334800000284304,0.0,599.51953125,0.0
86.0,39.0,0.006773552000140626,50.0,599.5625,0.0
86.0,40.0,0.008629096999811736,66.7,599.5625,0.0
86.0,41.0,0.009988753000016004,33.3,599.5625,0.0
86.0,42.0,0.008226824999837845,50.0,599.56640625,0.0
86.0,43.0,0.005004373999781819,100.0,599.56640625,0.0
86.0,44.0,0.008823706999919523,50.0,599.56640625,0.0
86.0,45.0,0.004999881999992795,0.0,599.5703125,0.0
86.0,46.0,0.009079009999823029,50.0,599.8359375,0.0
86.0,47.0,0.0068755329998566594,100.0,599.8359375,0.0
86.0,48.0,0.009059511000032217,50.0,599.8359375,0.0
86.0,49.0,0.005101096999624133,0.0,599.8359375,0.0
86.0,50.0,0.00825276199975633,50.0,599.8359375,0.0
86.0,51.0,0.00832052499981728,50.0,599.8359375,0.0
86.0,52.0,0.008861368999987462,50.0,599.8359375,0.0
86.0,53.0,0.0067615319999276835,50.0,599.8359375,0.0
86.0,54.0,0.008481777000270085,100.0,599.8359375,0.0
86.0,55.0,0.0050188449999950535,50.0,599.83984375,0.0
86.0,56.0,0.0070051719999355555,0.0,599.83984375,0.0
86.0,57.0,0.004953433999617118,100.0,599.83984375,0.0
86.0,58.0,0.007028219999938301,50.0,599.83984375,0.0
86.0,59.0,0.006603617000109807,0.0,599.83984375,0.0
86.0,60.0,0.008741960999941512,50.0,599.83984375,0.0
86.0,61.0,0.005180562000077771,50.0,599.83984375,0.0
86.0,62.0,0.006980235999890283,100.0,599.84375,0.0
86.0,63.0,0.005324974999894039,0.0,599.84375,0.0
86.0,64.0,0.008219065000048431,50.0,599.84375,0.0
86.0,65.0,0.005372405000343861,100.0,599.84375,0.0
86.0,66.0,0.008345483000084641,50.0,599.84765625,0.0
86.0,67.0,0.004984294999758276,0.0,599.84765625,0.0
86.0,68.0,0.0070558060001530976,50.0,599.84765625,0.0
86.0,69.0,0.008709990000170365,50.0,599.84765625,0.0
86.0,70.0,0.007179106999956275,100.0,599.84765625,0.0
86.0,71.0,0.008580776000144397,50.0,599.84765625,0.0
86.0,72.0,0.00872028899993893,50.0,599.84765625,0.0
86.0,73.0,0.008638532000077248,50.0,599.84765625,0.0
86.0,74.0,0.007744436000393762,50.0,599.84765625,0.0
86.0,75.0,0.008531976000085706,50.0,599.8515625,0.0
86.0,76.0,0.007293914000001678,0.0,599.99609375,0.0
86.0,77.0,0.005305148999923404,50.0,599.99609375,0.0
86.0,78.0,0.008815049000077124,100.0,599.99609375,0.0
86.0,79.0,0.0051617990002341685,50.0,599.99609375,0.0
86.0,80.0,0.00878003899970281,50.0,600.0,0.0
86.0,81.0,0.005081269000129396,0.0,600.00390625,0.0
86.0,82.0,0.00899688800018339,50.0,600.00390625,0.0
86.0,83.0,0.005015964999984135,100.0,600.00390625,0.0
86.0,84.0,0.009128466999754892,100.0,600.00390625,0.0
86.0,85.0,0.00726770499977647,100.0,600.00390625,0.0
86.0,86.0,0.012332926999988558,100.0,600.00390625,0.0
86.0,87.0,0.00916415399979087,66.7,600.00390625,0.0
86.0,88.0,0.008327912999902765,50.0,600.00390625,0.0
86.0,89.0,0.005325572999936412,0.0,600.00390625,0.0
86.0,90.0,0.008330497999850195,50.0,600.00390625,0.0
86.0,91.0,0.009114107000186777,50.0,600.00390625,0.0
86.0,92.0,0.00895426499982932,50.0,600.00390625,0.0
86.0,93.0,0.005320088000189571,100.0,600.00390625,0.0
86.0,94.0,0.008962909999809199,50.0,600.00390625,0.0
86.0,95.0,0.005060859999957756,0.0,600.00390625,0.0
86.0,96.0,0.006803644999763492,50.0,600.00390625,0.0
86.0,97.0,0.005064275999757228,100.0,600.00390625,0.0
86.0,98.0,0.009636322000005748,50.0,598.9921875,0.0
86.0,99.0,0.005178270999749657,0.0,599.38671875,0.0
86.0,100.0,0.00851580600010493,50.0,599.625,0.0
87.0,1.0,0.0049966200003837,100.0,599.625,0.0
87.0,2.0,0.00665124300030584,0.0,599.625,0.0
87.0,3.0,0.0050889839999399555,50.0,599.625,0.0
87.0,4.0,0.008973349999905622,50.0,600.01953125,0.0
87.0,5.0,0.00886660399964967,50.0,600.01953125,0.0
87.0,6.0,0.007057372999952349,100.0,600.01953125,0.0
87.0,7.0,0.006666142000085529,0.0,600.01953125,0.0
87.0,8.0,0.006665499000064301,50.0,600.01953125,0.0
87.0,9.0,0.007206647000202793,50.0,600.01953125,0.0
87.0,10.0,0.006874608000089211,100.0,596.515625,0.0
87.0,11.0,0.007852778999676957,50.0,599.921875,0.0
87.0,12.0,0.00797101600028327,0.0,599.65625,0.0
87.0,13.0,0.006761235999874771,50.0,599.65625,0.0
87.0,14.0,0.009029818999806594,50.0,600.2109375,0.0
87.0,15.0,0.005114257000059297,50.0,600.2109375,0.0
87.0,16.0,0.00789867100002084,100.0,600.2109375,0.0
87.0,17.0,0.005063320999852294,0.0,600.2109375,0.0
87.0,18.0,0.008683949999976903,50.0,600.2109375,0.0
87.0,19.0,0.00521609100042042,100.0,600.2109375,0.0
87.0,20.0,0.008586664000176825,50.0,600.2109375,0.0
87.0,21.0,0.005225112000061927,0.0,600.2109375,0.0
87.0,22.0,0.006689146999633522,50.0,600.2109375,0.0
87.0,23.0,0.005165206000128819,100.0,600.2109375,0.0
87.0,24.0,0.008300731999952404,50.0,600.2109375,0.0
87.0,25.0,0.00711254399993777,0.0,600.2109375,0.0
87.0,26.0,0.0072414010001011775,50.0,600.2109375,0.0
87.0,27.0,0.005135200000040641,100.0,600.2109375,0.0
87.0,28.0,0.006952894999812997,50.0,600.2109375,0.0
87.0,29.0,0.00906107199989492,50.0,600.21484375,0.0
87.0,30.0,0.006949459000225033,66.7,600.21484375,0.0
87.0,31.0,0.006917660999988584,0.0,600.21484375,0.0
87.0,32.0,0.005851832000189461,50.0,600.21484375,0.0
87.0,33.0,0.0052516420000756625,50.0,600.21484375,0.0
87.0,34.0,0.008946652000304312,50.0,600.21484375,0.0
87.0,35.0,0.007130523000341782,100.0,600.21484375,0.0
87.0,36.0,0.00891853600023751,50.0,600.21484375,0.0
87.0,37.0,0.012184949000129564,66.7,600.21484375,0.0
87.0,38.0,0.01195619700001771,100.0,600.21484375,0.0
87.0,39.0,0.005170894999992015,100.0,600.21484375,0.0
87.0,40.0,0.007095341000422195,50.0,600.21484375,0.0
87.0,41.0,0.005384676000176114,0.0,600.21484375,0.0
87.0,42.0,0.007153045999984897,50.0,600.21484375,0.0
87.0,43.0,0.005004136000025028,100.0,600.21484375,0.0
87.0,44.0,0.008404961999985971,50.0,600.21875,0.0
87.0,45.0,0.009229649000189966,50.0,600.21875,0.0
87.0,46.0,0.009507349000159593,0.0,599.0234375,0.0
87.0,47.0,0.00694122699997024,50.0,599.68359375,0.0
87.0,48.0,0.007058535999931337,50.0,599.68359375,0.0
87.0,49.0,0.004987065000022994,0.0,599.68359375,0.0
87.0,50.0,0.008781155999713519,50.0,599.68359375,0.0
87.0,51.0,0.005007769999792799,50.0,599.68359375,0.0
87.0,52.0,0.004986608999843156,0.0,599.76953125,0.0
87.0,53.0,0.006652518999999302,50.0,599.82421875,0.0
87.0,54.0,0.007958450999922206,50.0,599.828125,0.0
87.0,55.0,0.0072326639997299935,50.0,599.828125,0.0
87.0,56.0,0.007785107000017888,100.0,599.828125,0.0
87.0,57.0,0.005458074000216584,50.0,599.828125,0.0
87.0,58.0,0.007192768000095384,0.0,599.8828125,0.0
87.0,59.0,0.008571866999773192,50.0,599.88671875,0.0
87.0,60.0,0.008464677999654668,50.0,599.88671875,0.0
87.0,61.0,0.005530681999971421,50.0,599.88671875,0.0
87.0,62.0,0.00813899400009177,100.0,599.88671875,0.0
87.0,63.0,0.008603516999755811,50.0,599.88671875,0.0
87.0,64.0,0.007376625999768294,66.7,599.890625,0.0
87.0,65.0,0.00523330599980909,0.0,599.94921875,0.0
87.0,66.0,0.005544367999846145,50.0,599.94921875,0.0
87.0,67.0,0.008624171000064962,50.0,599.94921875,0.0
87.0,68.0,0.007581049000236817,50.0,599.94921875,0.0
87.0,69.0,0.005355077000331221,0.0,599.94921875,0.0
87.0,70.0,0.008881624999958149,50.0,599.94921875,0.0
87.0,71.0,0.006822709000061877,50.0,599.953125,0.0
87.0,72.0,0.006760789000054501,50.0,599.953125,0.0
87.0,73.0,0.006960885999887978,0.0,599.953125,0.0
87.0,74.0,0.008490730000175972,50.0,599.95703125,0.0
87.0,75.0,0.00556899399998656,100.0,599.9609375,0.0
87.0,76.0,0.008421875000294676,50.0,599.96484375,0.0
87.0,77.0,0.00496549200033769,0.0,599.96484375,0.0
87.0,78.0,0.008325299999796698,50.0,599.96484375,0.0
87.0,79.0,0.0049354380003023834,100.0,599.96484375,0.0
87.0,80.0,0.008445549000043684,50.0,599.96484375,0.0
87.0,81.0,0.006800168000154372,50.0,599.96484375,0.0
87.0,82.0,0.008280369000203791,50.0,599.96875,0.0
87.0,83.0,0.00882938099994135,50.0,600.31640625,0.0
87.0,84.0,0.0049608740000621765,0.0,600.31640625,0.0
87.0,85.0,0.005098371999793017,50.0,600.31640625,0.0
87.0,86.0,0.006638818000283209,0.0,600.31640625,0.0
87.0,87.0,0.008835451000322792,50.0,600.3203125,0.0
87.0,88.0,0.008320806000028824,50.0,600.3203125,0.0
87.0,89.0,0.006628501000250253,100.0,600.3203125,0.0
87.0,90.0,0.0052718740003001585,50.0,600.3203125,0.0
87.0,91.0,0.005302523000409565,0.0,600.3203125,0.0
87.0,92.0,0.006632402000377624,50.0,600.3203125,0.0
87.0,93.0,0.008500368000113667,50.0,600.32421875,0.0
87.0,94.0,0.005674935000115511,50.0,600.32421875,0.0
87.0,95.0,0.0057326259998262685,100.0,600.32421875,0.0
87.0,96.0,0.007500586999867664,0.0,600.32421875,0.0
87.0,97.0,0.005136863999723573,50.0,600.32421875,0.0
87.0,98.0,0.008061014000304567,50.0,599.76171875,0.0
87.0,99.0,0.007481162000203767,50.0,599.796875,0.0
87.0,100.0,0.00994808399991598,50.0,599.796875,0.0
88.0,1.0,0.0056171960000028776,0.0,599.8046875,0.0
88.0,2.0,0.006841476999852603,50.0,599.8046875,0.0
88.0,3.0,0.005259578000277543,50.0,599.8046875,0.0
88.0,4.0,0.00942651500008651,50.0,599.99609375,0.0
88.0,5.0,0.0067246739999973215,50.0,600.0,0.0
88.0,6.0,0.005264157000056002,0.0,600.0,0.0
88.0,7.0,0.005218618000071729,50.0,600.0,0.0
88.0,8.0,0.008772181000040291,50.0,600.17578125,0.0
88.0,9.0,0.016295570000238513,100.0,600.17578125,0.0
88.0,10.0,0.0063662759998805996,50.0,600.34765625,0.0
88.0,11.0,0.00766608100002486,100.0,600.3515625,0.0
88.0,12.0,0.012103460999696836,100.0,600.3515625,0.0
88.0,13.0,0.007766321999952197,100.0,600.3515625,0.0
88.0,14.0,0.0056050329999379755,0.0,600.3515625,0.0
88.0,15.0,0.007345102999806841,50.0,600.35546875,0.0
88.0,16.0,0.007189608000317094,50.0,600.35546875,0.0
88.0,17.0,0.007014218999756849,50.0,600.359375,0.0
88.0,18.0,0.006949273999907746,100.0,600.359375,0.0
88.0,19.0,0.005170425999949657,0.0,600.359375,0.0
88.0,20.0,0.008509210999818606,50.0,600.359375,0.0
88.0,21.0,0.005798176999633142,100.0,600.359375,0.0
88.0,22.0,0.008622641999863845,50.0,600.359375,0.0
88.0,23.0,0.005459289000100398,50.0,600.359375,0.0
88.0,24.0,0.005582116000368842,0.0,600.359375,0.0
88.0,25.0,0.00690195200013477,100.0,600.3671875,0.0
88.0,26.0,0.005096629000036046,50.0,600.37109375,0.0
88.0,27.0,0.005090939999718103,0.0,600.37109375,0.0
88.0,28.0,0.010039530000085506,100.0,600.37109375,0.0
88.0,29.0,0.005562844999985828,50.0,600.37109375,0.0
88.0,30.0,0.006688342999950692,50.0,600.37109375,0.0
88.0,31.0,0.005342678000033629,100.0,600.37109375,0.0
88.0,32.0,0.008452342000055069,0.0,600.37109375,0.0
88.0,33.0,0.005126158999701147,50.0,600.37109375,0.0
88.0,34.0,0.006981213000017306,50.0,600.37109375,0.0
88.0,35.0,0.006878169999708916,100.0,600.37109375,0.0
88.0,36.0,0.009833057000378176,33.3,599.41796875,0.0
88.0,37.0,0.005317895999723987,0.0,599.6875,0.0
88.0,38.0,0.009124937999786198,50.0,599.6875,0.0
88.0,39.0,0.005269119000331557,50.0,599.6875,0.0
88.0,40.0,0.005484621000050538,100.0,599.6875,0.0
88.0,41.0,0.0060390449998521945,50.0,599.6875,0.0
88.0,42.0,0.007528123000156484,50.0,599.6875,0.0
88.0,43.0,0.00687579800023741,100.0,599.82421875,0.0
88.0,44.0,0.005019031000301766,50.0,599.82421875,0.0
88.0,45.0,0.0049576460000935185,0.0,599.82421875,0.0
88.0,46.0,0.0067549720001807145,100.0,599.82421875,0.0
88.0,47.0,0.006754516000000876,50.0,599.82421875,0.0
88.0,48.0,0.007403960999909032,50.0,599.828125,0.0
88.0,49.0,0.005200231000344502,0.0,599.828125,0.0
88.0,50.0,0.00727087700033735,100.0,599.828125,0.0
88.0,51.0,0.00879381499998999,50.0,599.828125,0.0
88.0,52.0,0.00911201799999617,50.0,599.828125,0.0
88.0,53.0,0.00523055999974531,50.0,599.890625,0.0
88.0,54.0,0.007432829000208585,0.0,599.890625,0.0
88.0,55.0,0.00725218900015534,50.0,599.890625,0.0
88.0,56.0,0.008961253000052238,100.0,600.1015625,0.0
88.0,57.0,0.0052453390003393,50.0,600.1015625,0.0
88.0,58.0,0.010131719000128214,50.0,600.10546875,0.0
88.0,59.0,0.005511427999863372,50.0,600.10546875,0.0
88.0,60.0,0.00653664600031334,0.0,600.10546875,0.0
88.0,61.0,0.008645542000067508,50.0,600.10546875,0.0
88.0,62.0,0.008920839999973396,50.0,600.10546875,0.0
88.0,63.0,0.00879358099973615,50.0,600.10546875,0.0
88.0,64.0,0.009075842999664019,50.0,600.10546875,0.0
88.0,65.0,0.006728164999913133,50.0,600.10546875,0.0
88.0,66.0,0.007098127000062959,50.0,600.10546875,0.0
88.0,67.0,0.009149972999694,50.0,600.10546875,0.0
88.0,68.0,0.006711828999868885,100.0,600.10546875,0.0
88.0,69.0,0.005062352000095416,0.0,600.10546875,0.0
88.0,70.0,0.006713797999964299,50.0,600.10546875,0.0
88.0,71.0,0.006803492000017286,100.0,600.10546875,0.0
88.0,72.0,0.008357477000117797,50.0,600.10546875,0.0
88.0,73.0,0.00716624699998647,0.0,600.10546875,0.0
88.0,74.0,0.00841366900021967,50.0,600.10546875,0.0
88.0,75.0,0.005457480999666586,50.0,600.10546875,0.0
88.0,76.0,0.006735152000146627,100.0,600.10546875,0.0
88.0,77.0,0.006853748000139603,0.0,600.10546875,0.0
88.0,78.0,0.007318495999697916,50.0,600.10546875,0.0
88.0,79.0,0.005071270999906119,50.0,600.109375,0.0
88.0,80.0,0.008812917999875935,50.0,600.109375,0.0
88.0,81.0,0.005432204000044294,0.0,600.109375,0.0
88.0,82.0,0.009982502999719145,66.7,600.109375,0.0
88.0,83.0,0.007130958999823633,0.0,600.109375,0.0
88.0,84.0,0.0050697789997684595,100.0,600.109375,0.0
88.0,85.0,0.005404392999935226,50.0,600.11328125,0.0
88.0,86.0,0.008418743000220275,50.0,600.11328125,0.0
88.0,87.0,0.008644663999803015,0.0,600.11328125,0.0
88.0,88.0,0.010541797999849223,66.7,600.11328125,0.0
88.0,89.0,0.005196606000026804,0.0,600.11328125,0.0
88.0,90.0,0.007055591999687749,100.0,600.11328125,0.0
88.0,91.0,0.0050989460000891995,50.0,600.11328125,0.0
88.0,92.0,0.008266858999832039,50.0,600.11328125,0.0
88.0,93.0,0.005098079000163125,0.0,600.11328125,0.0
88.0,94.0,0.009121123999648262,50.0,600.5,0.0
88.0,95.0,0.005363996000141924,50.0,600.5,0.0
88.0,96.0,0.006726322999838885,50.0,600.5,0.0
88.0,97.0,0.0063066409998100426,100.0,599.390625,0.0
88.0,98.0,0.005203039999742032,50.0,599.7890625,0.0
88.0,99.0,0.005482785999902262,0.0,599.7890625,0.0
88.0,100.0,0.00888534100022298,50.0,599.93359375,0.0
89.0,1.0,0.006788543999846297,100.0,599.93359375,0.0
89.0,2.0,0.007234107999920525,50.0,599.93359375,0.0
89.0,3.0,0.005000468000162073,0.0,599.9765625,0.0
89.0,4.0,0.009118217999912304,50.0,599.9765625,0.0
89.0,5.0,0.0052136929998596315,100.0,599.9765625,0.0
89.0,6.0,0.008284405999802402,50.0,599.9765625,0.0
89.0,7.0,0.008762885000123788,50.0,600.44140625,0.0
89.0,8.0,0.006804569999985688,50.0,600.4453125,0.0
89.0,9.0,0.005095838999750413,0.0,600.4453125,0.0
89.0,10.0,0.006749150999894482,100.0,600.4453125,0.0
89.0,11.0,0.006916690999787534,50.0,600.4453125,0.0
89.0,12.0,0.008516511999914655,50.0,600.4453125,0.0
89.0,13.0,0.005131634999997914,0.0,600.4453125,0.0
89.0,14.0,0.00869768299980933,50.0,600.48828125,0.0
89.0,15.0,0.008737714000289998,50.0,600.48828125,0.0
89.0,16.0,0.008616175000042858,50.0,600.4921875,0.0
89.0,17.0,0.007206470000255649,100.0,600.4921875,0.0
89.0,18.0,0.008695023000200308,50.0,600.4921875,0.0
89.0,19.0,0.006957573000363482,50.0,600.49609375,0.0
89.0,20.0,0.008719170999938797,50.0,600.49609375,0.0
89.0,21.0,0.008989170999939233,50.0,600.49609375,0.0
89.0,22.0,0.007231744999899092,50.0,600.49609375,0.0
89.0,23.0,0.005132365999998001,0.0,600.49609375,0.0
89.0,24.0,0.008748370999910549,50.0,600.5,0.0
89.0,25.0,0.0068277909999778785,50.0,600.5,0.0
89.0,26.0,0.008851633000176662,50.0,600.5,0.0
89.0,27.0,0.0071914879999894765,50.0,600.5,0.0
89.0,28.0,0.008045348999985436,100.0,600.5,0.0
89.0,29.0,0.005327295999904891,0.0,600.5,0.0
89.0,30.0,0.00842310300004101,50.0,600.50390625,0.0
89.0,31.0,0.007119501000033779,50.0,600.50390625,0.0
89.0,32.0,0.008971573000053468,50.0,600.5078125,0.0
89.0,33.0,0.005196684000111418,100.0,600.5078125,0.0
89.0,34.0,0.008570512000005692,50.0,600.5078125,0.0
89.0,35.0,0.008586995999849023,0.0,600.51171875,0.0
89.0,36.0,0.008491036000123131,50.0,600.51171875,0.0
89.0,37.0,0.005235937999714224,50.0,600.51171875,0.0
89.0,38.0,0.006777453000267997,50.0,600.515625,0.0
89.0,39.0,0.00673271300001943,100.0,600.515625,0.0
89.0,40.0,0.00746704499988482,100.0,600.515625,0.0
89.0,41.0,0.0073058759999184986,100.0,600.51953125,0.0
89.0,42.0,0.011443466999935481,100.0,600.51953125,0.0
89.0,43.0,0.005346532999737974,0.0,600.51953125,0.0
89.0,44.0,0.005616923999696155,100.0,600.51953125,0.0
89.0,45.0,0.00739078900005552,50.0,600.51953125,0.0
89.0,46.0,0.008723665000161418,50.0,600.51953125,0.0
89.0,47.0,0.005439443999875948,0.0,600.51953125,0.0
89.0,48.0,0.008529840999926819,50.0,600.51953125,0.0
89.0,49.0,0.005492118999882223,100.0,600.51953125,0.0
89.0,50.0,0.00715037800000573,50.0,600.5234375,0.0
89.0,51.0,0.008416598000167141,50.0,600.5234375,0.0
89.0,52.0,0.005076594000001933,0.0,600.5234375,0.0
89.0,53.0,0.005167223999706039,100.0,600.5234375,0.0
89.0,54.0,0.005223144999945362,50.0,600.5234375,0.0
89.0,55.0,0.005257608000192704,0.0,600.5234375,0.0
89.0,56.0,0.009088375000374072,50.0,600.5234375,0.0
89.0,57.0,0.00713912099990921,50.0,600.52734375,0.0
89.0,58.0,0.007323551999888878,50.0,600.52734375,0.0
89.0,59.0,0.006758711999736988,0.0,600.52734375,0.0
89.0,60.0,0.006721892000314256,50.0,600.52734375,0.0
89.0,61.0,0.005528658999992331,100.0,600.53125,0.0
89.0,62.0,0.008536010999705468,50.0,600.53125,0.0
89.0,63.0,0.006502590000309283,0.0,599.6015625,0.0
89.0,64.0,0.007385528999748203,66.7,599.78515625,0.0
89.0,65.0,0.005402520000188815,100.0,599.78515625,0.0
89.0,66.0,0.009292236999954184,50.0,599.921875,0.0
89.0,67.0,0.006795889999921201,0.0,599.96875,0.0
89.0,68.0,0.009134642999924836,50.0,599.96875,0.0
89.0,69.0,0.005092224000236456,50.0,600.01953125,0.0
89.0,70.0,0.008387670000047365,100.0,600.01953125,0.0
89.0,71.0,0.00759843700006968,50.0,600.109375,0.0
89.0,72.0,0.005033183999785251,0.0,600.109375,0.0
89.0,73.0,0.005534845000056521,50.0,600.109375,0.0
89.0,74.0,0.008742931000142562,100.0,600.109375,0.0
89.0,75.0,0.005320281999956933,50.0,600.24609375,0.0
89.0,76.0,0.009017477000270446,50.0,600.24609375,0.0
89.0,77.0,0.007716655999956856,0.0,600.24609375,0.0
89.0,78.0,0.009133867999935319,50.0,600.25,0.0
89.0,79.0,0.007002225000178441,50.0,600.25,0.0
89.0,80.0,0.010257312999783608,100.0,600.25,0.0
89.0,81.0,0.005909107999741536,33.3,600.25,0.0
89.0,82.0,0.009307765999892581,50.0,600.25,0.0
89.0,83.0,0.005458222000015667,50.0,600.25,0.0
89.0,84.0,0.0087677859996802,100.0,600.25,0.0
89.0,85.0,0.005277893000311451,0.0,600.25,0.0
89.0,86.0,0.008926313000301889,50.0,600.25,0.0
89.0,87.0,0.005161856000086118,50.0,600.25390625,0.0
89.0,88.0,0.008784083000136889,50.0,600.25390625,0.0
89.0,89.0,0.008669457999985752,50.0,600.25390625,0.0
89.0,90.0,0.008696692999819788,50.0,600.25390625,0.0
89.0,91.0,0.008533738000096491,100.0,600.25390625,0.0
89.0,92.0,0.007018185000106314,50.0,600.25390625,0.0
89.0,93.0,0.005065414000000601,0.0,600.25390625,0.0
89.0,94.0,0.009774932000254921,50.0,600.25390625,0.0
89.0,95.0,0.005121728999711195,100.0,600.25390625,0.0
89.0,96.0,0.00851807600020038,50.0,600.3125,0.0
89.0,97.0,0.005441426999823307,50.0,600.3125,0.0
89.0,98.0,0.008724031999918225,0.0,600.31640625,0.0
89.0,99.0,0.006795007000164333,50.0,600.31640625,0.0
89.0,100.0,0.008927528000185703,50.0,600.31640625,0.0
90.0,1.0,0.005200771000090754,100.0,600.3203125,0.0
90.0,2.0,0.007645074000265595,50.0,600.32421875,0.0
90.0,3.0,0.006823402999998507,50.0,600.32421875,0.0
90.0,4.0,0.0073334660000909935,0.0,600.32421875,0.0
90.0,5.0,0.00652406900007918,100.0,600.32421875,0.0
90.0,6.0,0.00912731900007202,50.0,600.375,0.0
90.0,7.0,0.007186272000126337,50.0,600.375,0.0
90.0,8.0,0.007262158000230556,50.0,600.3828125,0.0
90.0,9.0,0.010074926000015694,100.0,600.3828125,0.0
90.0,10.0,0.011556822000329703,50.0,600.3828125,0.0
90.0,11.0,0.0076572810003199265,50.0,600.3828125,0.0
90.0,12.0,0.008603361000041332,50.0,600.3828125,0.0
90.0,13.0,0.0072634409998499905,0.0,600.38671875,0.0
90.0,14.0,0.006831915000020672,100.0,600.38671875,0.0
90.0,15.0,0.005352657999992516,50.0,600.38671875,0.0
90.0,16.0,0.005327244999989489,50.0,600.38671875,0.0
90.0,17.0,0.006969883999772719,0.0,600.38671875,0.0
90.0,18.0,0.008870984000168392,50.0,600.39453125,0.0
90.0,19.0,0.005039533999934065,50.0,600.39453125,0.0
90.0,20.0,0.009037338999860367,50.0,600.39453125,0.0
90.0,21.0,0.005091598000035447,0.0,600.39453125,0.0
90.0,22.0,0.00877209500004028,100.0,600.44921875,0.0
90.0,23.0,0.009571876999871165,33.3,600.44921875,0.0
90.0,24.0,0.008674772999711422,50.0,600.453125,0.0
90.0,25.0,0.005122572999880504,100.0,600.453125,0.0
90.0,26.0,0.009784980999938853,66.7,599.8671875,0.0
90.0,27.0,0.005493234999903507,100.0,600.140625,0.0
90.0,28.0,0.009403295000083745,33.3,600.140625,0.0
90.0,29.0,0.009149354000328458,50.0,600.14453125,0.0
90.0,30.0,0.005835555999965436,0.0,600.14453125,0.0
90.0,31.0,0.005654077000144753,50.0,600.14453125,0.0
90.0,32.0,0.008715490999747999,50.0,600.14453125,0.0
90.0,33.0,0.008522157999777846,50.0,600.14453125,0.0
90.0,34.0,0.0052724459997079975,100.0,600.14453125,0.0
90.0,35.0,0.009239454000180558,50.0,600.41796875,0.0
90.0,36.0,0.00875878599981661,50.0,600.41796875,0.0
90.0,37.0,0.008655280999846582,50.0,600.41796875,0.0
90.0,38.0,0.006970946000365075,0.0,600.41796875,0.0
90.0,39.0,0.006946400999822799,50.0,600.41796875,0.0
90.0,40.0,0.006780410000374104,50.0,600.41796875,0.0
90.0,41.0,0.005326139000317198,100.0,600.41796875,0.0
90.0,42.0,0.009215979000146035,50.0,600.421875,0.0
90.0,43.0,0.006850932999896031,0.0,600.421875,0.0
90.0,44.0,0.007348712999828422,50.0,600.421875,0.0
90.0,45.0,0.007195532999958232,50.0,600.421875,0.0
90.0,46.0,0.007304044000193244,100.0,600.421875,0.0
90.0,47.0,0.007493814000099519,50.0,600.421875,0.0
90.0,48.0,0.009142220000285306,50.0,600.421875,0.0
90.0,49.0,0.006967026999973314,0.0,600.421875,0.0
90.0,50.0,0.008624969999800669,50.0,600.421875,0.0
90.0,51.0,0.007606504000250425,50.0,600.421875,0.0
90.0,52.0,0.006970082999941951,50.0,600.421875,0.0
90.0,53.0,0.005361594000078185,100.0,600.4375,0.0
90.0,54.0,0.00934088999974847,50.0,600.4375,0.0
90.0,55.0,0.006852294999589503,0.0,600.4375,0.0
90.0,56.0,0.010261600999911025,50.0,599.390625,0.0
90.0,57.0,0.008796422999694187,50.0,600.078125,0.0
90.0,58.0,0.008706081999662274,50.0,600.078125,0.0
90.0,59.0,0.0053123570000934706,50.0,600.35546875,0.0
90.0,60.0,0.007247594999626017,100.0,600.35546875,0.0
90.0,61.0,0.0070846309999978985,0.0,600.359375,0.0
90.0,62.0,0.008924621999994997,50.0,600.36328125,0.0
90.0,63.0,0.006566964000285225,100.0,600.36328125,0.0
90.0,64.0,0.01171710400012671,100.0,600.41015625,0.0
90.0,65.0,0.007802388000072824,100.0,600.41015625,0.0
90.0,66.0,0.009866626000075485,66.7,600.41015625,0.0
90.0,67.0,0.006838517999767646,50.0,600.4140625,0.0
90.0,68.0,0.011551404999863735,100.0,600.4140625,0.0
90.0,69.0,0.0073226230001637305,50.0,600.4140625,0.0
90.0,70.0,0.00728893399991648,0.0,600.4140625,0.0
90.0,71.0,0.005082326999854558,100.0,600.4140625,0.0
90.0,72.0,0.009183446999941225,50.0,600.4140625,0.0
90.0,73.0,0.005137966999882337,50.0,600.4140625,0.0
90.0,74.0,0.00928035600009025,50.0,600.4140625,0.0
90.0,75.0,0.007389336999949592,50.0,600.703125,0.0
90.0,76.0,0.008475113999793393,0.0,600.703125,0.0
90.0,77.0,0.005441155999960756,100.0,600.70703125,0.0
90.0,78.0,0.008506025999849953,50.0,600.70703125,0.0
90.0,79.0,0.008594764999998006,50.0,600.70703125,0.0
90.0,80.0,0.009065433000159828,50.0,600.70703125,0.0
90.0,81.0,0.009204838999721687,50.0,600.70703125,0.0
90.0,82.0,0.007232810000004974,50.0,600.70703125,0.0
90.0,83.0,0.005964376000065386,0.0,600.70703125,0.0
90.0,84.0,0.008602570000221021,50.0,600.70703125,0.0
90.0,85.0,0.006529872000101022,50.0,599.5625,0.0
90.0,86.0,0.005878176999885909,50.0,600.47265625,0.0
90.0,87.0,0.005547148999994533,0.0,600.47265625,0.0
90.0,88.0,0.008904668000013771,50.0,600.4765625,0.0
90.0,89.0,0.005152417999852332,50.0,600.4765625,0.0
90.0,90.0,0.006845602000339568,50.0,600.4765625,0.0
90.0,91.0,0.006811611000102857,50.0,600.4765625,0.0
90.0,92.0,0.007128981000278145,0.0,600.4765625,0.0
90.0,93.0,0.005561432999911631,50.0,600.4765625,0.0
90.0,94.0,0.0072648959999241924,50.0,600.4765625,0.0
90.0,95.0,0.008703559999958088,100.0,600.4765625,0.0
90.0,96.0,0.00975343200025236,50.0,600.4765625,0.0
90.0,97.0,0.005590978999862273,50.0,600.48046875,0.0
90.0,98.0,0.008687629000178276,50.0,600.484375,0.0
90.0,99.0,0.005136837000009109,0.0,600.484375,0.0
90.0,100.0,0.009152712999821233,50.0,600.484375,0.0
91.0,1.0,0.005353746000309911,100.0,600.484375,0.0
91.0,2.0,0.007859358000132488,50.0,600.484375,0.0
91.0,3.0,0.007568751000235352,50.0,600.484375,0.0
91.0,4.0,0.006912151000051381,100.0,600.484375,0.0
91.0,5.0,0.005518230999769003,0.0,600.484375,0.0
91.0,6.0,0.005180063999887352,50.0,600.484375,0.0
91.0,7.0,0.006775343999834149,100.0,600.484375,0.0
91.0,8.0,0.009230949999619043,50.0,600.484375,0.0
91.0,9.0,0.005977542999971774,0.0,596.59375,0.0
91.0,10.0,0.008005163999769138,66.7,600.20703125,0.0
91.0,11.0,0.006819698000072094,50.0,600.20703125,0.0
91.0,12.0,0.010192515999733587,50.0,600.40625,0.0
91.0,13.0,0.009333530000276369,50.0,600.40625,0.0
91.0,14.0,0.006786024999655638,0.0,600.40625,0.0
91.0,15.0,0.005288311000185786,100.0,600.41015625,0.0
91.0,16.0,0.009109817000080511,50.0,600.41015625,0.0
91.0,17.0,0.0054172830000425165,50.0,600.41015625,0.0
91.0,18.0,0.009103870999751962,50.0,600.41015625,0.0
91.0,19.0,0.005402523000157089,0.0,600.4140625,0.0
91.0,20.0,0.0051610259997687535,100.0,600.4140625,0.0
91.0,21.0,0.0069430069997906685,50.0,600.4140625,0.0
91.0,22.0,0.007045087999813404,0.0,600.4296875,0.0
91.0,23.0,0.0051438819996292295,100.0,600.4296875,0.0
91.0,24.0,0.008179679000022588,50.0,600.4296875,0.0
91.0,25.0,0.005500894000306289,100.0,600.4296875,0.0
91.0,26.0,0.008733104999919306,50.0,600.4296875,0.0
91.0,27.0,0.007184090000009746,0.0,600.4296875,0.0
91.0,28.0,0.009949280000000726,50.0,600.4296875,0.0
91.0,29.0,0.006983193999985815,50.0,600.4296875,0.0
91.0,30.0,0.008562175000406569,66.7,600.4296875,0.0
91.0,31.0,0.005548138999984076,50.0,600.43359375,0.0
91.0,32.0,0.006874130000142031,0.0,600.43359375,0.0
91.0,33.0,0.00528308000002653,50.0,600.43359375,0.0
91.0,34.0,0.008088872999906016,50.0,600.43359375,0.0
91.0,35.0,0.005924955999944359,100.0,600.43359375,0.0
91.0,36.0,0.009095703000184585,50.0,600.43359375,0.0
91.0,37.0,0.005189097999846126,0.0,600.43359375,0.0
91.0,38.0,0.006844609999916429,50.0,600.43359375,0.0
91.0,39.0,0.006788457999846287,100.0,600.43359375,0.0
91.0,40.0,0.00680895099958434,50.0,600.4375,0.0
91.0,41.0,0.007003263000115112,0.0,600.4375,0.0
91.0,42.0,0.007049906999782252,50.0,600.44140625,0.0
91.0,43.0,0.005513258000064525,100.0,600.44140625,0.0
91.0,44.0,0.006835069999851839,50.0,600.44140625,0.0
91.0,45.0,0.005484067999987019,0.0,600.44140625,0.0
91.0,46.0,0.008655675999762025,50.0,600.44140625,0.0
91.0,47.0,0.005610545999843453,100.0,600.5390625,0.0
91.0,48.0,0.007314554999993561,50.0,600.5390625,0.0
91.0,49.0,0.005099000000427623,0.0,600.5390625,0.0
91.0,50.0,0.007083802999659383,50.0,596.90234375,0.0
91.0,51.0,0.006547970000156056,100.0,600.1875,0.0
91.0,52.0,0.005207629999858909,0.0,600.1875,0.0
91.0,53.0,0.008767858000283013,50.0,600.19140625,0.0
91.0,54.0,0.006874749999951746,50.0,600.19140625,0.0
91.0,55.0,0.0054605160003120545,100.0,600.19140625,0.0
91.0,56.0,0.008702923999862833,50.0,600.27734375,0.0
91.0,57.0,0.005211989000144968,0.0,600.27734375,0.0
91.0,58.0,0.009430218000034074,50.0,600.77734375,0.0
91.0,59.0,0.005123436000303627,100.0,600.77734375,0.0
91.0,60.0,0.008908583999982511,50.0,600.77734375,0.0
91.0,61.0,0.005098435000036261,0.0,600.77734375,0.0
91.0,62.0,0.00558559699993566,50.0,600.77734375,0.0
91.0,63.0,0.007565054000224336,50.0,600.77734375,0.0
91.0,64.0,0.008488585000122839,100.0,600.78125,0.0
91.0,65.0,0.009685896999599208,50.0,599.5078125,0.0
91.0,66.0,0.008894583999790484,50.0,599.9296875,0.0
91.0,67.0,0.005479321999700915,0.0,600.15234375,0.0
91.0,68.0,0.00679965200015431,50.0,600.15234375,0.0
91.0,69.0,0.008531278000191378,50.0,600.15234375,0.0
91.0,70.0,0.005313013999966643,100.0,600.34765625,0.0
91.0,71.0,0.005217740999796661,0.0,600.34765625,0.0
91.0,72.0,0.007223626000268268,50.0,600.52734375,0.0
91.0,73.0,0.007340902999658283,50.0,600.53125,0.0
91.0,74.0,0.00853320399983204,50.0,600.53125,0.0
91.0,75.0,0.007009298000411945,100.0,600.53125,0.0
91.0,76.0,0.009136757999840484,50.0,600.53125,0.0
91.0,77.0,0.00701549800032808,0.0,600.53125,0.0
91.0,78.0,0.008522417999756726,50.0,600.53125,0.0
91.0,79.0,0.008530942000106734,50.0,600.53125,0.0
91.0,80.0,0.007026040999789984,50.0,600.53125,0.0
91.0,81.0,0.008695552999597567,50.0,600.53515625,0.0
91.0,82.0,0.006865698000183329,100.0,599.80859375,0.0
91.0,83.0,0.007680877999973745,0.0,600.53125,0.0
91.0,84.0,0.007010458999957336,50.0,600.53125,0.0
91.0,85.0,0.008741802999793435,50.0,600.53515625,0.0
91.0,86.0,0.007188446999862208,50.0,600.53515625,0.0
91.0,87.0,0.005317449000358465,100.0,600.69921875,0.0
91.0,88.0,0.007154611000260047,0.0,600.69921875,0.0
91.0,89.0,0.005325937000179692,50.0,600.69921875,0.0
91.0,90.0,0.011070595000091998,100.0,600.69921875,0.0
91.0,91.0,0.0071895209998729115,100.0,600.70703125,0.0
91.0,92.0,0.01134567799999786,100.0,600.70703125,0.0
91.0,93.0,0.006079900000258931,50.0,600.70703125,0.0
91.0,94.0,0.008975266999641462,50.0,596.9296875,0.0
91.0,95.0,0.010474799999883544,50.0,600.50390625,0.0
91.0,96.0,0.005552702999921166,0.0,600.50390625,0.0
91.0,97.0,0.005496766000305797,50.0,600.50390625,0.0
91.0,98.0,0.009136286999819276,50.0,600.50390625,0.0
91.0,99.0,0.006853458000023238,50.0,600.5078125,0.0
91.0,100.0,0.009274460000142426,50.0,600.5078125,0.0
92.0,1.0,0.005188196999824868,0.0,600.51171875,0.0
92.0,2.0,0.008647544999803358,50.0,600.51171875,0.0
92.0,3.0,0.006832835999830422,50.0,600.51171875,0.0
92.0,4.0,0.0070429170000352315,50.0,600.51171875,0.0
92.0,5.0,0.0056124710004041845,50.0,600.51171875,0.0
92.0,6.0,0.008618621000096027,50.0,600.51171875,0.0
92.0,7.0,0.009701513999971212,100.0,600.51171875,0.0
92.0,8.0,0.008567984999899636,50.0,600.51171875,0.0
92.0,9.0,0.005521674000192434,0.0,600.51171875,0.0
92.0,10.0,0.008510861999639019,50.0,600.51171875,0.0
92.0,11.0,0.0052827619997515285,100.0,600.51171875,0.0
92.0,12.0,0.008568846999878588,50.0,600.515625,0.0
92.0,13.0,0.00510192100000495,0.0,600.515625,0.0
92.0,14.0,0.005527164999875822,50.0,600.515625,0.0
92.0,15.0,0.008950122999976884,50.0,599.7890625,0.0
92.0,16.0,0.007485990000077436,100.0,600.265625,0.0
92.0,17.0,0.005536093000046094,0.0,600.26953125,0.0
92.0,18.0,0.0051198599999224825,50.0,600.296875,0.0
92.0,19.0,0.006904846999987058,100.0,600.07421875,0.0
92.0,20.0,0.009607513999981165,50.0,600.07421875,0.0
92.0,21.0,0.007416624999677879,50.0,600.07421875,0.0
92.0,22.0,0.008705434999683348,50.0,600.2734375,0.0
92.0,23.0,0.005216100999859918,0.0,600.27734375,0.0
92.0,24.0,0.009112314000049082,50.0,600.77734375,0.0
92.0,25.0,0.007052945999930671,100.0,600.77734375,0.0
92.0,26.0,0.008949249000124837,50.0,600.77734375,0.0
92.0,27.0,0.0069062640000083775,50.0,600.77734375,0.0
92.0,28.0,0.008943636999902083,50.0,600.77734375,0.0
92.0,29.0,0.005289931000334036,0.0,600.77734375,0.0
92.0,30.0,0.009945698000137781,50.0,599.90234375,0.0
92.0,31.0,0.005604335000043648,50.0,600.18359375,0.0
92.0,32.0,0.009738847999869904,100.0,600.18359375,0.0
92.0,33.0,0.007453153999904316,50.0,600.37109375,0.0
92.0,34.0,0.00685320699994918,50.0,600.37109375,0.0
92.0,35.0,0.005557835000217892,100.0,600.37109375,0.0
92.0,36.0,0.008658021999963239,0.0,600.37109375,0.0
92.0,37.0,0.005167473999790673,50.0,600.37109375,0.0
92.0,38.0,0.008937763000176346,50.0,600.4296875,0.0
92.0,39.0,0.005541625000205386,50.0,600.4296875,0.0
92.0,40.0,0.007402162999824213,100.0,600.4296875,0.0
92.0,41.0,0.005153649000021687,0.0,600.4296875,0.0
92.0,42.0,0.008540916000129073,50.0,600.43359375,0.0
92.0,43.0,0.00519678400041812,50.0,600.4375,0.0
92.0,44.0,0.008687985000051412,50.0,600.44140625,0.0
92.0,45.0,0.007385732999864558,0.0,600.44140625,0.0
92.0,46.0,0.006908848999955808,50.0,600.44140625,0.0
92.0,47.0,0.005219503000262193,50.0,600.44140625,0.0
92.0,48.0,0.006791050000174437,100.0,600.44140625,0.0
92.0,49.0,0.0052979189999859955,50.0,600.44140625,0.0
92.0,50.0,0.005673339000168198,0.0,600.609375,0.0
92.0,51.0,0.006859816000087449,50.0,600.609375,0.0
92.0,52.0,0.010751257000265468,50.0,600.609375,0.0
92.0,53.0,0.0067306859996278945,100.0,600.61328125,0.0
92.0,54.0,0.010837822999747004,66.7,599.6171875,0.0
92.0,55.0,0.008957955000369111,50.0,600.3203125,0.0
92.0,56.0,0.008562918999814428,50.0,600.3203125,0.0
92.0,57.0,0.00936868200005847,50.0,600.87890625,0.0
92.0,58.0,0.007267243999649509,0.0,600.8828125,0.0
92.0,59.0,0.007365053999819793,50.0,600.8828125,0.0
92.0,60.0,0.006694219999644702,50.0,600.046875,0.0
92.0,61.0,0.005601210000349965,0.0,600.125,0.0
92.0,62.0,0.005276877000142122,50.0,600.34765625,0.0
92.0,63.0,0.005536948999633751,50.0,600.34765625,0.0
92.0,64.0,0.009557961000155046,50.0,600.57421875,0.0
92.0,65.0,0.005552125000122032,0.0,600.57421875,0.0
92.0,66.0,0.007181346000379563,50.0,600.57421875,0.0
92.0,67.0,0.005215736000081961,50.0,600.57421875,0.0
92.0,68.0,0.00745040300034816,100.0,600.57421875,0.0
92.0,69.0,0.005557662999763124,0.0,600.57421875,0.0
92.0,70.0,0.00918239300017376,50.0,600.57421875,0.0
92.0,71.0,0.005234267000105319,50.0,600.57421875,0.0
92.0,72.0,0.008933479000006628,50.0,600.57421875,0.0
92.0,73.0,0.006878250000227126,100.0,600.57421875,0.0
92.0,74.0,0.008523276999767404,50.0,600.62109375,0.0
92.0,75.0,0.006996607000019139,0.0,600.62109375,0.0
92.0,76.0,0.00923068299971419,50.0,600.625,0.0
92.0,77.0,0.0051519769999686105,50.0,600.625,0.0
92.0,78.0,0.008641743000225688,50.0,600.625,0.0
92.0,79.0,0.007454214000063075,50.0,600.625,0.0
92.0,80.0,0.007359794000421971,100.0,600.625,0.0
92.0,81.0,0.005710198000087985,0.0,600.62890625,0.0
92.0,82.0,0.009115993999785132,50.0,600.62890625,0.0
92.0,83.0,0.009463048999805324,50.0,600.62890625,0.0
92.0,84.0,0.009054624999862426,50.0,600.62890625,0.0
92.0,85.0,0.008924066999952629,50.0,600.67578125,0.0
92.0,86.0,0.009887551999781863,66.7,600.6796875,0.0
92.0,87.0,0.008910381000077905,0.0,600.6796875,0.0
92.0,88.0,0.008621895000032964,50.0,600.6796875,0.0
92.0,89.0,0.00708507199988162,50.0,600.6796875,0.0
92.0,90.0,0.0069837989999541605,50.0,600.6796875,0.0
92.0,91.0,0.007117468000160443,100.0,600.6796875,0.0
92.0,92.0,0.00886185299987119,50.0,600.6796875,0.0
92.0,93.0,0.005664033999892126,0.0,600.6796875,0.0
92.0,94.0,0.007141981000131636,50.0,600.6796875,0.0
92.0,95.0,0.005185826999877463,100.0,600.6796875,0.0
92.0,96.0,0.009310914000252524,50.0,600.6796875,0.0
92.0,97.0,0.005167216000245389,0.0,600.6796875,0.0
92.0,98.0,0.0074503199998616765,50.0,600.6796875,0.0
92.0,99.0,0.008645577000152116,50.0,600.6796875,0.0
92.0,100.0,0.006840346999979374,100.0,600.6796875,0.0
93.0,1.0,0.005276827999750822,50.0,600.6796875,0.0
93.0,2.0,0.0070532710001316445,0.0,600.6796875,0.0
93.0,3.0,0.008838454999931855,50.0,600.6796875,0.0
93.0,4.0,0.008852623000166204,66.7,600.6796875,0.0
93.0,5.0,0.008941568999944138,50.0,600.6796875,0.0
93.0,6.0,0.008530301999599033,0.0,600.6796875,0.0
93.0,7.0,0.00690203800013478,100.0,600.6953125,0.0
93.0,8.0,0.007386700000097335,50.0,600.6953125,0.0
93.0,9.0,0.0055850359999567445,50.0,600.6953125,0.0
93.0,10.0,0.005265636999865819,0.0,600.6953125,0.0
93.0,11.0,0.007310286000119959,100.0,600.6953125,0.0
93.0,12.0,0.007261200999892026,50.0,600.6953125,0.0
93.0,13.0,0.009821233000366192,50.0,600.6953125,0.0
93.0,14.0,0.011827045999780239,100.0,600.6953125,0.0
93.0,15.0,0.012224616999901627,100.0,600.6953125,0.0
93.0,16.0,0.010336377999919932,50.0,600.6953125,0.0
93.0,17.0,0.0068675030001941195,50.0,600.6953125,0.0
93.0,18.0,0.007404053999835014,100.0,600.6953125,0.0
93.0,19.0,0.0051687360000869376,50.0,600.6953125,0.0
93.0,20.0,0.009310811999966973,50.0,600.6953125,0.0
93.0,21.0,0.00867285999993328,50.0,600.6953125,0.0
93.0,22.0,0.005185881999750563,0.0,600.6953125,0.0
93.0,23.0,0.008517821000168624,50.0,600.6953125,0.0
93.0,24.0,0.0069174410000414355,100.0,600.6953125,0.0
93.0,25.0,0.005194924000079482,0.0,600.6953125,0.0
93.0,26.0,0.005378348999784066,50.0,600.69921875,0.0
93.0,27.0,0.005912769000133267,100.0,600.69921875,0.0
93.0,28.0,0.012071589000242966,66.7,600.703125,0.0
93.0,29.0,0.007384531999832689,0.0,600.703125,0.0
93.0,30.0,0.006948371999897063,100.0,600.703125,0.0
93.0,31.0,0.008605686999999307,50.0,600.703125,0.0
93.0,32.0,0.008547006999833684,50.0,600.703125,0.0
93.0,33.0,0.005675378999967506,50.0,600.703125,0.0
93.0,34.0,0.007095394999851123,50.0,600.703125,0.0
93.0,35.0,0.005397596999955567,0.0,600.703125,0.0
93.0,36.0,0.005218571000114025,50.0,600.703125,0.0
93.0,37.0,0.006879810000100406,50.0,600.703125,0.0
93.0,38.0,0.006851885999822116,0.0,600.703125,0.0
93.0,39.0,0.007050086999697669,100.0,600.703125,0.0
93.0,40.0,0.008070100000168168,50.0,600.703125,0.0
93.0,41.0,0.005231470000126137,50.0,600.703125,0.0
93.0,42.0,0.007117501999800879,0.0,600.70703125,0.0
93.0,43.0,0.005498396999882971,100.0,600.70703125,0.0
93.0,44.0,0.007140704999983427,50.0,600.73046875,0.0
93.0,45.0,0.007407134000004589,50.0,600.73046875,0.0
93.0,46.0,0.0075517779996516765,50.0,600.734375,0.0
93.0,47.0,0.005260372000066127,0.0,600.734375,0.0
93.0,48.0,0.008944249999785825,50.0,600.734375,0.0
93.0,49.0,0.00858936199983873,50.0,600.734375,0.0
93.0,50.0,0.009235480999905121,50.0,600.734375,0.0
93.0,51.0,0.006848366000212991,50.0,600.734375,0.0
93.0,52.0,0.005540473000110069,0.0,600.734375,0.0
93.0,53.0,0.005670731999998679,100.0,600.734375,0.0
93.0,54.0,0.00859974200011493,50.0,600.734375,0.0
93.0,55.0,0.0052408830001695605,50.0,600.734375,0.0
93.0,56.0,0.009247426000001724,50.0,600.734375,0.0
93.0,57.0,0.0069291350000639795,0.0,600.73828125,0.0
93.0,58.0,0.007023938999736856,100.0,600.73828125,0.0
93.0,59.0,0.008398910999858344,66.7,600.21875,0.0
93.0,60.0,0.007357944999967003,0.0,600.765625,0.0
93.0,61.0,0.005194588999984262,50.0,600.765625,0.0
93.0,62.0,0.006885443000101077,100.0,600.765625,0.0
93.0,63.0,0.005517517000043881,0.0,600.765625,0.0
93.0,64.0,0.009902519000206667,50.0,599.984375,0.0
93.0,65.0,0.009379661999901145,50.0,600.2265625,0.0
93.0,66.0,0.008845902999837563,50.0,600.44140625,0.0
93.0,67.0,0.007394328000373207,50.0,600.44140625,0.0
93.0,68.0,0.009890117999930226,50.0,600.44140625,0.0
93.0,69.0,0.005197823999878892,100.0,600.44140625,0.0
93.0,70.0,0.00940419699963968,66.7,600.93359375,0.0
93.0,71.0,0.006742217999999411,66.7,600.9375,0.0
93.0,72.0,0.010985449000145309,50.0,600.99609375,0.0
93.0,73.0,0.00550922399997944,0.0,600.99609375,0.0
93.0,74.0,0.010402034999970056,50.0,600.51953125,0.0
93.0,75.0,0.005183170000236714,50.0,600.5234375,0.0
93.0,76.0,0.0069318410000960284,50.0,600.5234375,0.0
93.0,77.0,0.007366571000147815,0.0,600.80859375,0.0
93.0,78.0,0.009272455999962403,50.0,600.80859375,0.0
93.0,79.0,0.005377802000111842,50.0,600.80859375,0.0
93.0,80.0,0.0051382539995756815,50.0,600.8125,0.0
93.0,81.0,0.005473019999953976,0.0,600.8125,0.0
93.0,82.0,0.008580337999774201,50.0,600.8125,0.0
93.0,83.0,0.009350408000045718,50.0,600.8125,0.0
93.0,84.0,0.008845897000355762,50.0,600.8125,0.0
93.0,85.0,0.005117885999879945,50.0,600.8125,0.0
93.0,86.0,0.007216435999907844,50.0,600.8203125,0.0
93.0,87.0,0.005119334000028175,0.0,600.8203125,0.0
93.0,88.0,0.007356194000294636,50.0,600.8203125,0.0
93.0,89.0,0.0051862899999832734,50.0,600.8203125,0.0
93.0,90.0,0.008589413999743556,100.0,600.8203125,0.0
93.0,91.0,0.005136211999797524,0.0,600.8203125,0.0
93.0,92.0,0.008541802000308962,50.0,600.82421875,0.0
93.0,93.0,0.00851277099991421,50.0,600.82421875,0.0
93.0,94.0,0.00515806600014912,50.0,600.82421875,0.0
93.0,95.0,0.006814293000388716,0.0,600.82421875,0.0
93.0,96.0,0.007435626000187767,50.0,600.82421875,0.0
93.0,97.0,0.006840176999958203,50.0,600.8359375,0.0
93.0,98.0,0.009435784999823227,50.0,600.8359375,0.0
93.0,99.0,0.005923354000060499,50.0,597.12890625,0.0
93.0,100.0,0.009807023000121262,50.0,600.77734375,0.0
94.0,1.0,0.007351499999913358,50.0,600.77734375,0.0
94.0,2.0,0.008765129000039451,100.0,600.78125,0.0
94.0,3.0,0.007112997000149335,0.0,600.78125,0.0
94.0,4.0,0.007337260999975115,50.0,600.78125,0.0
94.0,5.0,0.005378065000058996,50.0,600.78125,0.0
94.0,6.0,0.009722950000195851,50.0,599.91015625,0.0
94.0,7.0,0.005318846000136546,0.0,600.3984375,0.0
94.0,8.0,0.00876548999985971,50.0,600.40234375,0.0
94.0,9.0,0.00862588500012862,50.0,600.7578125,0.0
94.0,10.0,0.007219257000087964,50.0,600.7578125,0.0
94.0,11.0,0.005115360000218061,50.0,600.7578125,0.0
94.0,12.0,0.009406664999914938,50.0,600.7578125,0.0
94.0,13.0,0.00696051000022635,100.0,600.7578125,0.0
94.0,14.0,0.007573574000161898,0.0,600.76171875,0.0
94.0,15.0,0.0069788229998266615,50.0,600.76171875,0.0
94.0,16.0,0.008558857999560132,50.0,600.76171875,0.0
94.0,17.0,0.006967858000280103,50.0,600.76171875,0.0
94.0,18.0,0.00736921199995777,50.0,600.76171875,0.0
94.0,19.0,0.005126093999933801,0.0,600.765625,0.0
94.0,20.0,0.00894827800038911,50.0,600.765625,0.0
94.0,21.0,0.005255476000002091,50.0,600.765625,0.0
94.0,22.0,0.008734987000025285,50.0,600.87890625,0.0
94.0,23.0,0.005572093999944627,100.0,600.87890625,0.0
94.0,24.0,0.006966232000195305,0.0,600.87890625,0.0
94.0,25.0,0.00527038599966545,50.0,600.8828125,0.0
94.0,26.0,0.00847120599974005,100.0,600.8828125,0.0
94.0,27.0,0.005212842000219098,50.0,600.8828125,0.0
94.0,28.0,0.006967868000174349,0.0,600.8828125,0.0
94.0,29.0,0.007216916999823297,50.0,600.8828125,0.0
94.0,30.0,0.005166421000012633,100.0,600.8828125,0.0
94.0,31.0,0.0076186259998394235,50.0,600.88671875,0.0
94.0,32.0,0.008910885000204871,66.7,600.88671875,0.0
94.0,33.0,0.005690579999736656,0.0,600.88671875,0.0
94.0,34.0,0.008631723999769747,50.0,600.88671875,0.0
94.0,35.0,0.005326798999703897,100.0,600.88671875,0.0
94.0,36.0,0.009791205000055925,50.0,600.88671875,0.0
94.0,37.0,0.0053202630001578655,50.0,600.88671875,0.0
94.0,38.0,0.006926518999989639,0.0,600.88671875,0.0
94.0,39.0,0.0065847500000018044,100.0,600.88671875,0.0
94.0,40.0,0.009533303999887721,100.0,601.0078125,0.0
94.0,41.0,0.009811093999815057,100.0,601.01171875,0.0
94.0,42.0,0.008808429000055185,100.0,601.01171875,0.0
94.0,43.0,0.005277758000374888,50.0,601.01171875,0.0
94.0,44.0,0.009421065999958955,50.0,601.01171875,0.0
94.0,45.0,0.007326395999825763,50.0,601.01171875,0.0
94.0,46.0,0.0072660400001041126,0.0,601.01171875,0.0
94.0,47.0,0.008646113999930094,100.0,601.01171875,0.0
94.0,48.0,0.007378053000138607,50.0,601.01171875,0.0
94.0,49.0,0.005992860999867844,50.0,601.01171875,0.0
94.0,50.0,0.007180878000326629,50.0,601.01171875,0.0
94.0,51.0,0.005567970000356581,0.0,601.01171875,0.0
94.0,52.0,0.008713959999568033,50.0,601.01171875,0.0
94.0,53.0,0.005165178999959608,50.0,601.01171875,0.0
94.0,54.0,0.008638465000331053,50.0,601.01171875,0.0
94.0,55.0,0.00524276500027554,100.0,601.01171875,0.0
94.0,56.0,0.009258695999960764,50.0,601.01171875,0.0
94.0,57.0,0.007069405000038387,0.0,601.01171875,0.0
94.0,58.0,0.00516702200002328,50.0,601.01171875,0.0
94.0,59.0,0.005362526000226353,100.0,601.01171875,0.0
94.0,60.0,0.00518955300003654,0.0,601.01171875,0.0
94.0,61.0,0.006434850999994524,50.0,600.0546875,0.0
94.0,62.0,0.00902549900001759,50.0,600.55859375,0.0
94.0,63.0,0.005800047999855451,100.0,600.55859375,0.0
94.0,64.0,0.009019134000027407,50.0,600.55859375,0.0
94.0,65.0,0.00540649200002008,0.0,600.55859375,0.0
94.0,66.0,0.006997598999987531,50.0,600.55859375,0.0
94.0,67.0,0.005724092000036762,50.0,600.8203125,0.0
94.0,68.0,0.007089056000040728,0.0,600.82421875,0.0
94.0,69.0,0.009408210999936273,50.0,600.82421875,0.0
94.0,70.0,0.008768714000325417,50.0,600.82421875,0.0
94.0,71.0,0.005425646999810851,100.0,600.82421875,0.0
94.0,72.0,0.007234130000142613,50.0,600.82421875,0.0
94.0,73.0,0.006932482000138407,50.0,600.82421875,0.0
94.0,74.0,0.009292471999742702,50.0,600.82421875,0.0
94.0,75.0,0.007094022999808658,50.0,600.82421875,0.0
94.0,76.0,0.007025027000054251,100.0,600.82421875,0.0
94.0,77.0,0.005149533999883715,50.0,600.82421875,0.0
94.0,78.0,0.007459935000042606,50.0,600.82421875,0.0
94.0,79.0,0.0057679809997353,0.0,600.828125,0.0
94.0,80.0,0.008810901999822818,50.0,600.828125,0.0
94.0,81.0,0.00701204000006328,50.0,600.828125,0.0
94.0,82.0,0.008916619000046921,50.0,600.828125,0.0
94.0,83.0,0.005149207999693317,50.0,600.828125,0.0
94.0,84.0,0.009070033000170952,50.0,600.828125,0.0
94.0,85.0,0.005137442999966879,0.0,600.828125,0.0
94.0,86.0,0.008727495000130148,50.0,600.828125,0.0
94.0,87.0,0.005447623999771167,50.0,600.828125,0.0
94.0,88.0,0.010514432000036322,50.0,600.37109375,0.0
94.0,89.0,0.0055031159999998636,50.0,600.59375,0.0
94.0,90.0,0.005264550999982021,0.0,600.59375,0.0
94.0,91.0,0.007755832999919221,50.0,600.73046875,0.0
94.0,92.0,0.008994908000204305,50.0,600.73046875,0.0
94.0,93.0,0.005768945999989228,100.0,600.73046875,0.0
94.0,94.0,0.008288829999855807,33.3,600.73046875,0.0
94.0,95.0,0.007101160000274831,0.0,600.73046875,0.0
94.0,96.0,0.006479562999629707,50.0,600.80078125,0.0
94.0,97.0,0.008798044000286609,50.0,600.80078125,0.0
94.0,98.0,0.00869933600006334,50.0,600.80078125,0.0
94.0,99.0,0.005237199000021064,50.0,600.8046875,0.0
94.0,100.0,0.00963310499992076,50.0,601.171875,0.0
95.0,1.0,0.009383763000187173,50.0,601.171875,0.0
95.0,2.0,0.008544067000002542,50.0,601.171875,0.0
95.0,3.0,0.009028973000113183,100.0,601.171875,0.0
95.0,4.0,0.010619381000196881,33.3,600.70703125,0.0
95.0,5.0,0.005464037999900029,0.0,600.70703125,0.0
95.0,6.0,0.008773738999934722,50.0,600.7109375,0.0
95.0,7.0,0.0068643559998236015,50.0,600.7109375,0.0
95.0,8.0,0.009526612000172463,66.7,600.7109375,0.0
95.0,9.0,0.00896357400006309,50.0,600.71484375,0.0
95.0,10.0,0.008691949999956705,50.0,600.72265625,0.0
95.0,11.0,0.007244834999710292,50.0,600.8203125,0.0
95.0,12.0,0.0092701860003217,50.0,600.8203125,0.0
95.0,13.0,0.005568470000071102,0.0,600.8203125,0.0
95.0,14.0,0.008980773000075715,50.0,600.8203125,0.0
95.0,15.0,0.006644551999670512,50.0,600.19140625,0.0
95.0,16.0,0.00778326499994364,50.0,600.90234375,0.0
95.0,17.0,0.005461417000333313,50.0,600.90234375,0.0
95.0,18.0,0.007201361999705114,0.0,600.90234375,0.0
95.0,19.0,0.009328485999958502,50.0,600.90625,0.0
95.0,20.0,0.00874891600005867,50.0,600.91015625,0.0
95.0,21.0,0.007433073000356671,50.0,600.91015625,0.0
95.0,22.0,0.009289079000154743,50.0,600.91015625,0.0
95.0,23.0,0.005593001999841363,50.0,600.91015625,0.0
95.0,24.0,0.007229484000163211,50.0,600.91015625,0.0
95.0,25.0,0.007320872000036616,0.0,600.91015625,0.0
95.0,26.0,0.01087375700035409,50.0,600.421875,0.0
95.0,27.0,0.00708909400009361,0.0,600.55078125,0.0
95.0,28.0,0.009788877999653778,50.0,600.5546875,0.0
95.0,29.0,0.005313138000019535,50.0,600.71484375,0.0
95.0,30.0,0.007132967999950779,50.0,600.71484375,0.0
95.0,31.0,0.005355107000013959,0.0,600.796875,0.0
95.0,32.0,0.009646495999731997,50.0,600.80078125,0.0
95.0,33.0,0.007092670000020007,100.0,600.80078125,0.0
95.0,34.0,0.008021880000342207,50.0,600.80078125,0.0
95.0,35.0,0.006926923999799328,50.0,600.4375,0.0
95.0,36.0,0.009018611000101373,50.0,600.56640625,0.0
95.0,37.0,0.007110763000127918,100.0,600.5703125,0.0
95.0,38.0,0.008836102999794093,50.0,600.69140625,0.0
95.0,39.0,0.005428146000213019,50.0,600.6953125,0.0
95.0,40.0,0.0069477030001507956,0.0,600.734375,0.0
95.0,41.0,0.005305237999891688,100.0,600.734375,0.0
95.0,42.0,0.007767150000290712,50.0,601.45703125,0.0
95.0,43.0,0.0056786200002534315,0.0,601.4609375,0.0
95.0,44.0,0.0076036629998270655,50.0,601.46484375,0.0
95.0,45.0,0.0071669959997962,50.0,601.46484375,0.0
95.0,46.0,0.009454430000005232,50.0,601.46484375,0.0
95.0,47.0,0.008949376000146003,50.0,601.46484375,0.0
95.0,48.0,0.00520416400013346,100.0,601.46484375,0.0
95.0,49.0,0.006971912999688357,0.0,601.47265625,0.0
95.0,50.0,0.007400967999728891,50.0,601.47265625,0.0
95.0,51.0,0.0067436999997880775,50.0,599.97265625,0.0
95.0,52.0,0.005861684000137757,100.0,600.7578125,0.0
95.0,53.0,0.007184272999893437,0.0,600.7578125,0.0
95.0,54.0,0.006838670999968599,50.0,600.7578125,0.0
95.0,55.0,0.007019452999884379,50.0,600.8125,0.0
95.0,56.0,0.009374950000164972,50.0,600.828125,0.0
95.0,57.0,0.00567836400023225,100.0,601.125,0.0
95.0,58.0,0.007217018000119424,50.0,601.125,0.0
95.0,59.0,0.005264885000087816,0.0,601.125,0.0
95.0,60.0,0.00909450300014214,50.0,601.12890625,0.0
95.0,61.0,0.0053970359999766515,100.0,601.1328125,0.0
95.0,62.0,0.006898782999996911,50.0,601.1328125,0.0
95.0,63.0,0.005865620999884413,50.0,601.1328125,0.0
95.0,64.0,0.009702475999802118,100.0,601.1328125,0.0
95.0,65.0,0.010245619000215811,100.0,601.1328125,0.0
95.0,66.0,0.01111442100000204,100.0,601.13671875,0.0
95.0,67.0,0.009222767999744974,50.0,601.13671875,0.0
95.0,68.0,0.008607717999893794,50.0,601.13671875,0.0
95.0,69.0,0.005899230000068201,100.0,601.13671875,0.0
95.0,70.0,0.007652655000129016,50.0,601.140625,0.0
95.0,71.0,0.005209535000176402,50.0,601.140625,0.0
95.0,72.0,0.005174122999960673,0.0,601.140625,0.0
95.0,73.0,0.005703950000224722,50.0,601.140625,0.0
95.0,74.0,0.006965731000036612,50.0,601.140625,0.0
95.0,75.0,0.005605862999800593,0.0,601.140625,0.0
95.0,76.0,0.005273690999729297,50.0,601.140625,0.0
95.0,77.0,0.005558548999943014,0.0,601.140625,0.0
95.0,78.0,0.00924090199987404,50.0,601.21484375,0.0
95.0,79.0,0.005251409999800671,100.0,601.21484375,0.0
95.0,80.0,0.006940054999631684,50.0,601.21484375,0.0
95.0,81.0,0.007621964000009029,50.0,597.5234375,0.0
95.0,82.0,0.008308928999667842,50.0,601.234375,0.0
95.0,83.0,0.006604536999930133,0.0,600.65234375,0.0
95.0,84.0,0.009827169999880425,100.0,600.65234375,0.0
95.0,85.0,0.007229739000194968,50.0,600.51171875,0.0
95.0,86.0,0.007042013000045699,50.0,600.734375,0.0
95.0,87.0,0.005653786000038963,100.0,600.734375,0.0
95.0,88.0,0.010533900000154972,33.3,600.5703125,0.0
95.0,89.0,0.005617066000013438,0.0,600.5703125,0.0
95.0,90.0,0.009599048999916704,66.7,601.2265625,0.0
95.0,91.0,0.005282504000206245,0.0,601.23046875,0.0
95.0,92.0,0.00867252499983806,50.0,601.23046875,0.0
95.0,93.0,0.007144130999677145,50.0,601.23046875,0.0
95.0,94.0,0.007553644999916287,100.0,601.23046875,0.0
95.0,95.0,0.005259316999854491,0.0,601.23046875,0.0
95.0,96.0,0.0077658780001002015,50.0,601.23046875,0.0
95.0,97.0,0.005317396000009467,50.0,601.23046875,0.0
95.0,98.0,0.008728093000172521,100.0,601.3828125,0.0
95.0,99.0,0.009165900999960286,50.0,601.3828125,0.0
95.0,100.0,0.006873545999951602,50.0,601.3828125,0.0
96.0,1.0,0.005213367999658658,0.0,601.38671875,0.0
96.0,2.0,0.005700931000319542,50.0,601.38671875,0.0
96.0,3.0,0.007707908000156749,100.0,597.9609375,0.0
96.0,4.0,0.010192031000315183,50.0,600.53125,0.0
96.0,5.0,0.007026307000160159,50.0,600.6640625,0.0
96.0,6.0,0.008846072000324057,50.0,601.1015625,0.0
96.0,7.0,0.005150692999905004,50.0,601.1015625,0.0
96.0,8.0,0.007516640999710944,50.0,601.10546875,0.0
96.0,9.0,0.006972260999646096,100.0,601.10546875,0.0
96.0,10.0,0.008896013000139646,0.0,601.10546875,0.0
96.0,11.0,0.0062994589998197625,50.0,601.23046875,0.0
96.0,12.0,0.007910416999948211,50.0,601.23046875,0.0
96.0,13.0,0.005434789999981149,100.0,601.23046875,0.0
96.0,14.0,0.008542300000044634,50.0,601.23046875,0.0
96.0,15.0,0.010940997000034258,50.0,601.23046875,0.0
96.0,16.0,0.009294873999806441,50.0,601.23046875,0.0
96.0,17.0,0.005399424000188446,50.0,601.23046875,0.0
96.0,18.0,0.00868932200000927,50.0,601.23046875,0.0
96.0,19.0,0.005470805999721051,0.0,601.23046875,0.0
96.0,20.0,0.0073201820000576845,100.0,601.23046875,0.0
96.0,21.0,0.00946323600010146,50.0,601.23046875,0.0
96.0,22.0,0.009256903999812494,50.0,601.234375,0.0
96.0,23.0,0.005370466999920609,50.0,601.234375,0.0
96.0,24.0,0.0072296710000046005,50.0,601.234375,0.0
96.0,25.0,0.005356414999823755,0.0,601.234375,0.0
96.0,26.0,0.009477333000177168,50.0,601.234375,0.0
96.0,27.0,0.0069323430002441455,50.0,601.234375,0.0
96.0,28.0,0.00935281700003543,50.0,601.234375,0.0
96.0,29.0,0.005175035999855027,50.0,601.234375,0.0
96.0,30.0,0.0072360970002591785,0.0,600.5546875,0.0
96.0,31.0,0.005311614000220288,100.0,600.765625,0.0
96.0,32.0,0.008611533000021154,50.0,600.765625,0.0
96.0,33.0,0.0053688790003434406,100.0,600.79296875,0.0
96.0,34.0,0.007944283000142605,50.0,600.91796875,0.0
96.0,35.0,0.00870931000008568,50.0,600.91796875,0.0
96.0,36.0,0.009574457999860897,50.0,600.91796875,0.0
96.0,37.0,0.005456503000004886,0.0,600.91796875,0.0
96.0,38.0,0.009478128999944602,50.0,600.91796875,0.0
96.0,39.0,0.0075760560002891,50.0,601.27734375,0.0
96.0,40.0,0.007418952999614703,50.0,601.27734375,0.0
96.0,41.0,0.006453840999711247,100.0,600.5078125,0.0
96.0,42.0,0.007628492000094411,50.0,600.86328125,0.0
96.0,43.0,0.005248102000223298,0.0,600.8671875,0.0
96.0,44.0,0.007464323000021977,50.0,600.8671875,0.0
96.0,45.0,0.005397508000442031,100.0,601.3046875,0.0
96.0,46.0,0.008788199999798962,50.0,601.3046875,0.0
96.0,47.0,0.0075221279998913815,50.0,601.3046875,0.0
96.0,48.0,0.006981725000059669,0.0,601.3046875,0.0
96.0,49.0,0.005501178000031359,100.0,601.3046875,0.0
96.0,50.0,0.0056084550001287425,50.0,601.3046875,0.0
96.0,51.0,0.005540341999676457,0.0,601.3046875,0.0
96.0,52.0,0.007340298000144685,50.0,601.3046875,0.0
96.0,53.0,0.005183177999697364,100.0,601.3046875,0.0
96.0,54.0,0.008072960999925272,50.0,600.515625,0.0
96.0,55.0,0.005643293000048288,0.0,600.578125,0.0
96.0,56.0,0.007057314000121551,100.0,600.7890625,0.0
96.0,57.0,0.0052328040001157206,50.0,600.921875,0.0
96.0,58.0,0.007168471000113641,50.0,600.921875,0.0
96.0,59.0,0.009356782999930147,50.0,600.921875,0.0
96.0,60.0,0.0071341149996442255,50.0,600.921875,0.0
96.0,61.0,0.005427579999832233,100.0,600.921875,0.0
96.0,62.0,0.0092943650001871,50.0,601.14453125,0.0
96.0,63.0,0.006365834999996878,0.0,600.30078125,0.0
96.0,64.0,0.009515123999790376,66.7,600.875,0.0
96.0,65.0,0.00875129999985802,0.0,600.875,0.0
96.0,66.0,0.00878318400009448,50.0,600.875,0.0
96.0,67.0,0.005596589000106178,50.0,600.87890625,0.0
96.0,68.0,0.0069833659999858355,100.0,600.87890625,0.0
96.0,69.0,0.0054817790000925015,50.0,600.87890625,0.0
96.0,70.0,0.007564000999991549,0.0,601.171875,0.0
96.0,71.0,0.008799750999969547,50.0,601.171875,0.0
96.0,72.0,0.008770094999817957,50.0,601.171875,0.0
96.0,73.0,0.005305265000060899,100.0,601.171875,0.0
96.0,74.0,0.009149464000074659,50.0,601.171875,0.0
96.0,75.0,0.007211840999843844,50.0,601.171875,0.0
96.0,76.0,0.00851040199995623,50.0,601.171875,0.0
96.0,77.0,0.005297071000313736,0.0,601.171875,0.0
96.0,78.0,0.008608499999809283,50.0,601.171875,0.0
96.0,79.0,0.007489077999707661,50.0,601.171875,0.0
96.0,80.0,0.007506778999868402,50.0,601.171875,0.0
96.0,81.0,0.006962507000025653,50.0,601.171875,0.0
96.0,82.0,0.006985940000049595,0.0,601.171875,0.0
96.0,83.0,0.0074638820001382555,50.0,601.171875,0.0
96.0,84.0,0.00692685200010601,50.0,601.171875,0.0
96.0,85.0,0.0052086329997109715,100.0,601.171875,0.0
96.0,86.0,0.008692089999840391,50.0,601.17578125,0.0
96.0,87.0,0.005679278000116028,0.0,601.26953125,0.0
96.0,88.0,0.009281891000227915,50.0,601.26953125,0.0
96.0,89.0,0.005254169999716396,50.0,601.26953125,0.0
96.0,90.0,0.0100688069996977,100.0,601.26953125,0.0
96.0,91.0,0.007322012999793515,100.0,601.26953125,0.0
96.0,92.0,0.014324560999739333,100.0,600.3125,0.0
96.0,93.0,0.009202457999890612,50.0,600.83984375,0.0
96.0,94.0,0.008770974999606551,50.0,600.83984375,0.0
96.0,95.0,0.00742210900034479,50.0,601.0390625,0.0
96.0,96.0,0.007562039999811532,100.0,601.0390625,0.0
96.0,97.0,0.005244261999905575,50.0,601.0390625,0.0
96.0,98.0,0.00724500199976319,0.0,601.0390625,0.0
96.0,99.0,0.005938383000284375,50.0,601.296875,0.0
96.0,100.0,0.009241190000011557,50.0,601.296875,0.0
97.0,1.0,0.005394598000293627,100.0,601.296875,0.0
97.0,2.0,0.009301726000103372,50.0,601.296875,0.0
97.0,3.0,0.005589070000041829,0.0,601.296875,0.0
97.0,4.0,0.0057235260001107235,50.0,601.296875,0.0
97.0,5.0,0.007745482000245829,100.0,601.31640625,0.0
97.0,6.0,0.007138564999877417,50.0,601.31640625,0.0
97.0,7.0,0.007252425999922707,50.0,601.31640625,0.0
97.0,8.0,0.009187866000047507,50.0,601.31640625,0.0
97.0,9.0,0.0056971539997903164,0.0,601.31640625,0.0
97.0,10.0,0.007869775000017398,100.0,597.38671875,0.0
97.0,11.0,0.006624503999773879,66.7,601.14453125,0.0
97.0,12.0,0.008763400000134425,50.0,601.14453125,0.0
97.0,13.0,0.005240245000095456,0.0,601.14453125,0.0
97.0,14.0,0.009390517000156251,50.0,601.14453125,0.0
97.0,15.0,0.009020941000017046,50.0,601.18359375,0.0
97.0,16.0,0.009388897000008,50.0,601.18359375,0.0
97.0,17.0,0.005459876000259101,100.0,601.18359375,0.0
97.0,18.0,0.009414875999937067,50.0,601.18359375,0.0
97.0,19.0,0.005336322999937693,50.0,601.18359375,0.0
97.0,20.0,0.00935015699997166,50.0,601.18359375,0.0
97.0,21.0,0.005355625999982294,0.0,601.18359375,0.0
97.0,22.0,0.009348732000034943,50.0,601.18359375,0.0
97.0,23.0,0.009138548000009905,50.0,601.1875,0.0
97.0,24.0,0.009783190000234754,50.0,601.1875,0.0
97.0,25.0,0.005544677000216325,100.0,601.1875,0.0
97.0,26.0,0.0076674030001413485,50.0,601.1875,0.0
97.0,27.0,0.007013149000158592,50.0,601.19140625,0.0
97.0,28.0,0.00764677400002256,50.0,601.19140625,0.0
97.0,29.0,0.006538902999636775,0.0,601.19140625,0.0
97.0,30.0,0.00873763300023711,50.0,601.1953125,0.0
97.0,31.0,0.005437604999769974,50.0,601.1953125,0.0
97.0,32.0,0.010358448000260978,50.0,601.1953125,0.0
97.0,33.0,0.007284867000180384,100.0,601.1953125,0.0
97.0,34.0,0.012727931999961584,50.0,600.33984375,0.0
97.0,35.0,0.006590153999695758,33.3,600.7734375,0.0
97.0,36.0,0.008869803999914438,100.0,600.7734375,0.0
97.0,37.0,0.00938122600018687,50.0,601.078125,0.0
97.0,38.0,0.009253302000161057,50.0,601.16796875,0.0
97.0,39.0,0.007271903999935603,100.0,601.16796875,0.0
97.0,40.0,0.007945097999709105,50.0,601.171875,0.0
97.0,41.0,0.005344375999811746,0.0,601.171875,0.0
97.0,42.0,0.007534320000104344,50.0,601.171875,0.0
97.0,43.0,0.005201290000059089,100.0,601.171875,0.0
97.0,44.0,0.009054711999851861,50.0,601.171875,0.0
97.0,45.0,0.008642721999876812,50.0,601.171875,0.0
97.0,46.0,0.00940795899987279,50.0,601.171875,0.0
97.0,47.0,0.005449846999908914,0.0,601.2109375,0.0
97.0,48.0,0.009554267999646981,50.0,601.2109375,0.0
97.0,49.0,0.005637541999931273,100.0,601.2109375,0.0
97.0,50.0,0.007463844000085373,50.0,601.21484375,0.0
97.0,51.0,0.006912528999691858,50.0,601.21484375,0.0
97.0,52.0,0.009391054999923654,50.0,601.21875,0.0
97.0,53.0,0.0092274130001897,50.0,601.47265625,0.0
97.0,54.0,0.007525552000060998,0.0,601.47265625,0.0
97.0,55.0,0.005180721999749949,50.0,601.47265625,0.0
97.0,56.0,0.008655361999899469,100.0,601.47265625,0.0
97.0,57.0,0.007206197999948927,50.0,601.4765625,0.0
97.0,58.0,0.008840021999731107,0.0,601.4765625,0.0
97.0,59.0,0.00872101200002362,50.0,601.48046875,0.0
97.0,60.0,0.010918884000147955,66.7,600.9609375,0.0
97.0,61.0,0.006937873999959265,0.0,600.96484375,0.0
97.0,62.0,0.00994023900011598,50.0,600.97265625,0.0
97.0,63.0,0.005378833999657218,50.0,600.97265625,0.0
97.0,64.0,0.009249106999959622,50.0,600.97265625,0.0
97.0,65.0,0.007824320000054286,50.0,600.97265625,0.0
97.0,66.0,0.008793285000137985,50.0,600.97265625,0.0
97.0,67.0,0.005368977999751223,0.0,600.9765625,0.0
97.0,68.0,0.00910657899976286,50.0,600.9765625,0.0
97.0,69.0,0.005486737999945035,50.0,600.98046875,0.0
97.0,70.0,0.009266096999908768,50.0,601.25390625,0.0
97.0,71.0,0.007562112999949022,50.0,601.25390625,0.0
97.0,72.0,0.008708853999905841,50.0,601.25390625,0.0
97.0,73.0,0.005616080999971018,100.0,601.2578125,0.0
97.0,74.0,0.007539831000030972,0.0,601.26171875,0.0
97.0,75.0,0.005286385000090377,50.0,601.26171875,0.0
97.0,76.0,0.009318270000221673,50.0,601.26171875,0.0
97.0,77.0,0.005306194999775471,100.0,601.26171875,0.0
97.0,78.0,0.007056887000089773,0.0,601.26171875,0.0
97.0,79.0,0.0055376990003424,50.0,601.265625,0.0
97.0,80.0,0.008820991999982652,50.0,601.265625,0.0
97.0,81.0,0.005274181999993743,100.0,601.26953125,0.0
97.0,82.0,0.0058766020001712604,0.0,601.296875,0.0
97.0,83.0,0.005604804999620683,50.0,601.296875,0.0
97.0,84.0,0.010037758000180474,50.0,601.296875,0.0
97.0,85.0,0.007622647999596666,50.0,601.30078125,0.0
97.0,86.0,0.00786470000002737,100.0,601.30078125,0.0
97.0,87.0,0.007806334000179049,50.0,601.3046875,0.0
97.0,88.0,0.008888399000170466,0.0,601.3046875,0.0
97.0,89.0,0.0076988209998489765,50.0,601.3046875,0.0
97.0,90.0,0.005233178999787924,50.0,601.30859375,0.0
97.0,91.0,0.008993205000024318,50.0,601.30859375,0.0
97.0,92.0,0.008742316999814648,50.0,601.30859375,0.0
97.0,93.0,0.005600135999884515,100.0,601.30859375,0.0
97.0,94.0,0.009330412000053911,50.0,601.30859375,0.0
97.0,95.0,0.005619667000246409,0.0,601.30859375,0.0
97.0,96.0,0.008759241999996448,50.0,601.3125,0.0
97.0,97.0,0.014155920000121114,100.0,601.3125,0.0
97.0,98.0,0.012442039000234217,100.0,601.46875,0.0
97.0,99.0,0.007381400000213034,100.0,601.46875,0.0
97.0,100.0,0.007406638000247767,100.0,601.46875,0.0
98.0,1.0,0.007260732999839092,100.0,601.46875,0.0
98.0,2.0,0.010668524999800866,100.0,601.47265625,0.0
98.0,3.0,0.0074789090003832825,100.0,601.47265625,0.0
98.0,4.0,0.01317358599999352,66.7,601.47265625,0.0
98.0,5.0,0.012400418000197533,100.0,601.47265625,0.0
98.0,6.0,0.013922787000410608,100.0,601.47265625,0.0
98.0,7.0,0.011901101000148628,100.0,601.4765625,0.0
98.0,8.0,0.016364969999813184,100.0,601.4765625,0.0
98.0,9.0,0.007565434999833087,100.0,601.4765625,0.0
98.0,10.0,0.013625585000227147,100.0,601.4765625,0.0
98.0,11.0,0.007277925999915169,100.0,601.4765625,0.0
98.0,12.0,0.011109849000149552,100.0,601.4765625,0.0
98.0,13.0,0.007057205999899452,100.0,601.48046875,0.0
98.0,14.0,0.009881005999886838,100.0,601.48046875,0.0
98.0,15.0,0.009996418000355334,100.0,601.48046875,0.0
98.0,16.0,0.006709173999752238,100.0,601.48046875,0.0
98.0,17.0,0.006731463000051008,100.0,601.48046875,0.0
98.0,18.0,0.009733843999583769,100.0,601.48046875,0.0
98.0,19.0,0.007586807999814482,100.0,601.48046875,0.0
98.0,20.0,0.007342640999922878,100.0,601.48046875,0.0
98.0,21.0,0.007029147000139346,100.0,601.48046875,0.0
98.0,22.0,0.009419295000043348,100.0,601.48046875,0.0
98.0,23.0,0.0067314080001779075,100.0,601.48046875,0.0
98.0,24.0,0.006953324000278371,100.0,601.48046875,0.0
98.0,25.0,0.009324069999820495,100.0,601.48046875,0.0
98.0,26.0,0.013275493000037386,100.0,601.05078125,0.0
98.0,27.0,0.013578001000041695,100.0,601.05078125,0.0
98.0,28.0,0.009506550999958563,100.0,601.05078125,0.0
98.0,29.0,0.012481133999699523,100.0,601.05078125,0.0
98.0,30.0,0.011341061000166519,100.0,601.05078125,0.0
98.0,31.0,0.006758467000054225,100.0,601.05078125,0.0
98.0,32.0,0.009384340999986307,100.0,601.0546875,0.0
98.0,33.0,0.007090065999818762,100.0,601.0546875,0.0
98.0,34.0,0.01122338100003617,100.0,601.0546875,0.0
98.0,35.0,0.006872360999750526,100.0,601.0546875,0.0
98.0,36.0,0.0066374450002513186,100.0,601.0546875,0.0
98.0,37.0,0.007099887999629573,100.0,601.203125,0.0
98.0,38.0,0.0116776499999105,100.0,601.203125,0.0
98.0,39.0,0.011793136000051163,100.0,601.30078125,0.0
98.0,40.0,0.013784019000013359,100.0,601.30078125,0.0
98.0,41.0,0.007695169000271562,100.0,601.30078125,0.0
98.0,42.0,0.01158104700016338,100.0,601.30078125,0.0
98.0,43.0,0.00916389700023501,100.0,601.30078125,0.0
98.0,44.0,0.009162752000065666,100.0,601.30078125,0.0
98.0,45.0,0.006667109999852983,100.0,601.30078125,0.0
98.0,46.0,0.007042683999770816,100.0,601.30078125,0.0
98.0,47.0,0.008877286000370077,100.0,601.30078125,0.0
98.0,48.0,0.00901523399988946,100.0,601.30078125,0.0
98.0,49.0,0.011480288000257133,100.0,601.30078125,0.0
98.0,50.0,0.01175122199992984,100.0,601.30078125,0.0
98.0,51.0,0.006651931999840599,100.0,601.30078125,0.0
98.0,52.0,0.011461282000254869,100.0,601.30078125,0.0
98.0,53.0,0.011506638999890129,100.0,601.3359375,0.0
98.0,54.0,0.009526871999696596,100.0,601.3359375,0.0
98.0,55.0,0.006650517000252876,100.0,601.3359375,0.0
98.0,56.0,0.008901004000108514,100.0,601.3359375,0.0
98.0,57.0,0.006668515000001207,100.0,601.3359375,0.0
98.0,58.0,0.013564712000061263,100.0,600.76953125,0.0
98.0,59.0,0.011235949999900186,100.0,601.06640625,0.0
98.0,60.0,0.009315058000083809,100.0,601.06640625,0.0
98.0,61.0,0.00663292499984891,100.0,601.06640625,0.0
98.0,62.0,0.01114272599988908,100.0,601.06640625,0.0
98.0,63.0,0.007316583000374521,100.0,601.3125,0.0
98.0,64.0,0.011902285999894957,100.0,601.3125,0.0
98.0,65.0,0.008960627000305976,100.0,601.3125,0.0
98.0,66.0,0.008883345999947778,100.0,601.3125,0.0
98.0,67.0,0.00692330599986235,100.0,601.3125,0.0
98.0,68.0,0.007137416000205121,100.0,601.3125,0.0
98.0,69.0,0.008883185999820853,100.0,601.3125,0.0
98.0,70.0,0.011214735000066867,100.0,601.3125,0.0
98.0,71.0,0.006852929000160657,100.0,601.3125,0.0
98.0,72.0,0.011311914000089018,100.0,601.3125,0.0
98.0,73.0,0.011748793000151636,100.0,601.3125,0.0
98.0,74.0,0.007076476999827719,100.0,601.3125,0.0
98.0,75.0,0.008912084000257892,100.0,601.31640625,0.0
98.0,76.0,0.011470088000351097,100.0,601.328125,0.0
98.0,77.0,0.0066732020000017656,100.0,601.33203125,0.0
98.0,78.0,0.0067586380000648205,100.0,601.33203125,0.0
98.0,79.0,0.009470765000060055,100.0,601.33203125,0.0
98.0,80.0,0.013801509000131773,100.0,601.33203125,0.0
98.0,81.0,0.00666390499964109,50.0,601.33203125,0.0
98.0,82.0,0.01298082199991768,100.0,601.3359375,0.0
98.0,83.0,0.011476313999992271,100.0,601.5390625,0.0
98.0,84.0,0.008894113000224024,100.0,601.54296875,0.0
98.0,85.0,0.006713854999816249,100.0,601.54296875,0.0
98.0,86.0,0.008987136000087048,100.0,601.54296875,0.0
98.0,87.0,0.011003646000062872,100.0,600.80078125,0.0
98.0,88.0,0.009584270000232209,100.0,601.50390625,0.0
98.0,89.0,0.009154423999916617,100.0,601.50390625,0.0
98.0,90.0,0.00884350500018627,100.0,601.50390625,0.0
98.0,91.0,0.012714211999991676,100.0,600.50390625,0.0
98.0,92.0,0.012168532000032428,100.0,601.3828125,0.0
98.0,93.0,0.00924650000024485,100.0,601.3828125,0.0
98.0,94.0,0.008896157999970455,100.0,601.3828125,0.0
98.0,95.0,0.006642924000061612,100.0,601.3828125,0.0
98.0,96.0,0.011018552999757958,100.0,601.3828125,0.0
98.0,97.0,0.009370190000026923,100.0,601.3828125,0.0
98.0,98.0,0.00894841900026222,100.0,601.38671875,0.0
98.0,99.0,0.007013675999587576,100.0,601.38671875,0.0
98.0,100.0,0.0110742729998492,100.0,601.38671875,0.0
99.0,1.0,0.0070375770001191995,100.0,601.390625,0.0
99.0,2.0,0.011771935000069789,100.0,601.39453125,0.0
99.0,3.0,0.006906720999722893,100.0,601.39453125,0.0
99.0,4.0,0.011235295000005863,100.0,601.3984375,0.0
99.0,5.0,0.008957904999988386,100.0,601.3984375,0.0
99.0,6.0,0.009180185999866808,100.0,601.3984375,0.0
99.0,7.0,0.007036762000097951,100.0,601.3984375,0.0
99.0,8.0,0.015700110999659955,100.0,601.3984375,0.0
99.0,9.0,0.013186622999910469,100.0,601.40234375,0.0
99.0,10.0,0.0067801360000885325,100.0,601.40234375,0.0
99.0,11.0,0.009562828000071022,100.0,601.734375,0.0
99.0,12.0,0.01137151900002209,100.0,601.734375,0.0
99.0,13.0,0.012840000000323926,100.0,601.734375,0.0
99.0,14.0,0.012255020999873523,100.0,601.734375,0.0
99.0,15.0,0.008573468000122375,100.0,601.73828125,0.0
99.0,16.0,0.011461474000043381,100.0,601.73828125,0.0
99.0,17.0,0.006741043999682006,100.0,601.7421875,0.0
99.0,18.0,0.011805785999968066,100.0,601.7421875,0.0
99.0,19.0,0.011979013000200212,100.0,601.7421875,0.0
99.0,20.0,0.01278626199973587,100.0,601.74609375,0.0
99.0,21.0,0.006625219999932597,100.0,601.74609375,0.0
99.0,22.0,0.011953382999763562,100.0,601.74609375,0.0
99.0,23.0,0.006830254000306013,100.0,601.74609375,0.0
99.0,24.0,0.012871774999894114,100.0,600.5546875,0.0
99.0,25.0,0.006937055999969743,100.0,601.0078125,0.0
99.0,26.0,0.01115135600002759,100.0,601.01171875,0.0
99.0,27.0,0.01155590000007578,100.0,601.3203125,0.0
99.0,28.0,0.009442114999728801,100.0,601.3203125,0.0
99.0,29.0,0.011061750999942888,100.0,601.3203125,0.0
99.0,30.0,0.011866089000250213,100.0,601.3203125,0.0
99.0,31.0,0.009472656000070856,100.0,601.32421875,0.0
99.0,32.0,0.011055611999836401,100.0,601.32421875,0.0
99.0,33.0,0.007735282999874471,100.0,601.57421875,0.0
99.0,34.0,0.014207814000201324,100.0,600.67578125,0.0
99.0,35.0,0.009498849000010523,100.0,601.125,0.0
99.0,36.0,0.011900695999884192,100.0,600.87890625,0.0
99.0,37.0,0.007918876000076125,100.0,601.1875,0.0
99.0,38.0,0.014172715999848151,100.0,601.1875,0.0
99.0,39.0,0.01001868999992439,100.0,601.484375,0.0
99.0,40.0,0.013156608000372216,100.0,601.484375,0.0
99.0,41.0,0.01225444499959849,100.0,601.484375,0.0
99.0,42.0,0.012723171999823535,100.0,601.48828125,0.0
99.0,43.0,0.010141431000192824,100.0,601.48828125,0.0
99.0,44.0,0.01221125599977313,100.0,601.48828125,0.0
99.0,45.0,0.0097106809998877,100.0,601.48828125,0.0
99.0,46.0,0.013027639000029012,100.0,601.48828125,0.0
99.0,47.0,0.00934111300011864,100.0,601.4921875,0.0
99.0,48.0,0.009832725999785907,100.0,601.4921875,0.0
99.0,49.0,0.007893298999988474,100.0,601.4921875,0.0
99.0,50.0,0.010511607999887929,100.0,601.4921875,0.0
99.0,51.0,0.007858100000248669,100.0,601.4921875,0.0
99.0,52.0,0.012175302000287047,100.0,601.4921875,0.0
99.0,53.0,0.00674090900020019,100.0,601.49609375,0.0
99.0,54.0,0.011721243000010872,100.0,601.49609375,0.0
99.0,55.0,0.011134597999898688,100.0,601.49609375,0.0
99.0,56.0,0.009559397999964858,100.0,601.49609375,0.0
99.0,57.0,0.006864702999791916,100.0,601.49609375,0.0
99.0,58.0,0.009520991000044887,100.0,601.5,0.0
99.0,59.0,0.006657467999957589,100.0,601.5,0.0
99.0,60.0,0.013770557000043482,100.0,600.9140625,0.0
99.0,61.0,0.006904839000071661,100.0,601.21484375,0.0
99.0,62.0,0.00939390400026241,100.0,601.21484375,0.0
99.0,63.0,0.009656661000008171,100.0,601.265625,0.0
99.0,64.0,0.010013976999744045,100.0,601.265625,0.0
99.0,65.0,0.006729400000040187,75.0,601.265625,0.0
99.0,66.0,0.009846252999977878,100.0,601.265625,0.0
99.0,67.0,0.006707751000249118,100.0,601.3203125,0.0
99.0,68.0,0.01170967500002007,100.0,601.32421875,0.0
99.0,69.0,0.006734656999924482,100.0,601.32421875,0.0
99.0,70.0,0.01195707599981688,100.0,601.32421875,0.0
99.0,71.0,0.00680851899960544,100.0,601.32421875,0.0
99.0,72.0,0.007030068999938521,100.0,601.32421875,0.0
99.0,73.0,0.0066231220002919144,100.0,601.32421875,0.0
99.0,74.0,0.011082334000093397,100.0,601.32421875,0.0
99.0,75.0,0.007053138999708608,100.0,601.32421875,0.0
99.0,76.0,0.011244049000197265,100.0,601.32421875,0.0
99.0,77.0,0.0070388280000770465,100.0,601.32421875,0.0
99.0,78.0,0.006903781999881176,100.0,601.32421875,0.0
99.0,79.0,0.0068349729999681585,100.0,601.328125,0.0
99.0,80.0,0.00883186199962438,100.0,601.328125,0.0
99.0,81.0,0.009369305000291206,100.0,601.328125,0.0
99.0,82.0,0.0074751990000549995,100.0,601.328125,0.0
99.0,83.0,0.010172877000059088,100.0,601.5390625,0.0
99.0,84.0,0.007986300000084157,100.0,601.5390625,0.0
99.0,85.0,0.007127349999791477,100.0,601.5390625,0.0
99.0,86.0,0.010353482000027725,100.0,601.54296875,0.0
99.0,87.0,0.013398434999999154,100.0,601.54296875,0.0
99.0,88.0,0.01030244200001107,100.0,601.54296875,0.0
99.0,89.0,0.012358939000023383,100.0,601.54296875,0.0
99.0,90.0,0.012544758999865735,100.0,600.94140625,0.0
99.0,91.0,0.007526443999722687,100.0,601.19921875,0.0
99.0,92.0,0.013381706000018312,100.0,601.19921875,0.0
99.0,93.0,0.0070924799997555965,50.0,601.5,0.0
99.0,94.0,0.010455163999722572,100.0,601.5,0.0
99.0,95.0,0.010252689000026294,100.0,601.5,0.0
99.0,96.0,0.011980368999957136,100.0,601.5,0.0
99.0,97.0,0.007529823999902874,100.0,601.5,0.0
99.0,98.0,0.010097989000314556,100.0,601.5,0.0
99.0,99.0,0.0074706969999169814,100.0,601.5,0.0
99.0,100.0,0.01479143100004876,100.0,601.5,0.0
100.0,1.0,0.012537355000404204,100.0,601.5,0.0
100.0,2.0,0.013380286000028718,100.0,601.5,0.0
100.0,3.0,0.012490556999637192,100.0,601.5,0.0
100.0,4.0,0.011006282999915129,100.0,601.50390625,0.0
100.0,5.0,0.008780125999692245,100.0,601.50390625,0.0
100.0,6.0,0.00971780800000488,100.0,601.50390625,0.0
100.0,7.0,0.013925808999829314,100.0,601.50390625,0.0
100.0,8.0,0.014028942000095412,100.0,601.50390625,0.0
100.0,9.0,0.007684929999868473,100.0,601.515625,0.0
100.0,10.0,0.008118676000322012,100.0,601.51953125,0.0
100.0,11.0,0.00772641499997917,100.0,601.51953125,0.0
100.0,12.0,0.013027299999976094,100.0,601.51953125,0.0
100.0,13.0,0.009962465000171505,100.0,601.51953125,0.0
100.0,14.0,0.014566557000307512,100.0,600.9609375,0.0
100.0,15.0,0.0073861779997059784,100.0,601.21875,0.0
100.0,16.0,0.012514122000084171,100.0,601.22265625,0.0
100.0,17.0,0.007686780000312865,100.0,601.47265625,0.0
100.0,18.0,0.007910245000402938,100.0,601.47265625,0.0
100.0,19.0,0.008330883999860816,100.0,601.47265625,0.0
100.0,20.0,0.010149688000183232,100.0,601.47265625,0.0
100.0,21.0,0.00951482499976919,100.0,601.47265625,0.0
100.0,22.0,0.011182691999692906,100.0,601.47265625,0.0
100.0,23.0,0.009275671999603219,100.0,601.47265625,0.0
100.0,24.0,0.011534783999650244,100.0,601.47265625,0.0
100.0,25.0,0.010722588000135147,100.0,601.58203125,0.0
100.0,26.0,0.01067445399985445,100.0,601.58203125,0.0
100.0,27.0,0.007714330999988306,100.0,601.58203125,0.0
100.0,28.0,0.014576792000298155,100.0,601.5859375,0.0
100.0,29.0,0.007447985999988305,100.0,601.5859375,0.0
100.0,30.0,0.009832244999870454,50.0,601.5859375,0.0
100.0,31.0,0.006730700999924011,50.0,601.5859375,0.0
100.0,32.0,0.007365638000010222,100.0,601.5859375,0.0
100.0,33.0,0.0054346659999282565,0.0,601.5859375,0.0
100.0,34.0,0.008010327999727451,50.0,597.37109375,0.0
100.0,35.0,0.008498419000261492,50.0,601.140625,0.0
100.0,36.0,0.009692742999959592,50.0,601.2890625,0.0
100.0,37.0,0.0053745680002066365,50.0,601.2890625,0.0
100.0,38.0,0.007065924000016821,100.0,601.2890625,0.0
100.0,39.0,0.005428102000223589,0.0,601.39453125,0.0
100.0,40.0,0.009478043999934016,50.0,601.3984375,0.0
100.0,41.0,0.007222159000320971,50.0,601.3984375,0.0
100.0,42.0,0.008860542000093119,50.0,601.3984375,0.0
100.0,43.0,0.00720491599986417,50.0,601.55078125,0.0
100.0,44.0,0.009549604000312684,50.0,601.6015625,0.0
100.0,45.0,0.0053478159998121555,100.0,601.6875,0.0
100.0,46.0,0.007076025000060326,0.0,601.6875,0.0
100.0,47.0,0.009269863000099576,50.0,601.6875,0.0
100.0,48.0,0.005482526999912807,50.0,601.6875,0.0
100.0,49.0,0.00800869300019258,100.0,601.69140625,0.0
100.0,50.0,0.007244205999995756,50.0,601.69140625,0.0
100.0,51.0,0.005769229000179621,0.0,601.69140625,0.0
100.0,52.0,0.0072716200002105325,50.0,601.69140625,0.0
100.0,53.0,0.008370815000034781,50.0,601.00390625,0.0
100.0,54.0,0.007470577999811212,100.0,601.30859375,0.0
100.0,55.0,0.005506137999873317,0.0,601.30859375,0.0
100.0,56.0,0.007248177000292344,50.0,601.61328125,0.0
100.0,57.0,0.005504625999947166,50.0,601.61328125,0.0
100.0,58.0,0.008868784000242158,50.0,601.61328125,0.0
100.0,59.0,0.005295652999848244,100.0,601.61328125,0.0
100.0,60.0,0.007707091999691329,0.0,601.61328125,0.0
100.0,61.0,0.008339103999787767,50.0,600.96875,0.0
100.0,62.0,0.010102981000272848,100.0,601.2734375,0.0
100.0,63.0,0.009801501999845641,100.0,601.2734375,0.0
100.0,64.0,0.009693067999705818,100.0,601.2734375,0.0
100.0,65.0,0.007921042000361922,100.0,601.2734375,0.0
100.0,66.0,0.00775623200024711,100.0,601.578125,0.0
100.0,67.0,0.0104372539999531,100.0,601.578125,0.0
100.0,68.0,0.012287739999919722,100.0,601.578125,0.0
100.0,69.0,0.01067666199969608,100.0,601.58203125,0.0
100.0,70.0,0.011951439999847935,100.0,601.5859375,0.0
100.0,71.0,0.012092582999684964,100.0,597.70703125,0.0
100.0,72.0,0.01226715199982209,100.0,598.1640625,0.0
100.0,73.0,0.01550544700012324,100.0,601.30078125,0.0
100.0,74.0,0.013272525000047608,100.0,601.33203125,0.0
100.0,75.0,0.0074440039998080465,100.0,601.33203125,0.0
100.0,76.0,0.011243897999975161,100.0,601.33203125,0.0
100.0,77.0,0.01130668699988746,100.0,601.33203125,0.0
100.0,78.0,0.023006023000107234,100.0,601.33203125,0.0
100.0,79.0,0.00814162300002863,100.0,601.59765625,0.0
100.0,80.0,0.014141835000373248,100.0,601.59765625,0.0
100.0,81.0,0.010191709000082483,100.0,601.6015625,0.0
100.0,82.0,0.00861080899994704,100.0,601.6015625,0.0
100.0,83.0,0.0077216720001160866,100.0,601.6015625,0.0
100.0,84.0,0.01110719300004348,100.0,601.6015625,0.0
100.0,85.0,0.016618137000023125,100.0,601.6015625,0.0
100.0,86.0,0.02426046100026724,100.0,601.6015625,0.0
100.0,87.0,0.012495226999817532,100.0,601.6015625,0.0
100.0,88.0,0.015238228000271192,100.0,601.6015625,0.0
100.0,89.0,0.01662907699983407,80.0,601.6015625,0.0
100.0,90.0,0.023259091999989323,100.0,601.6484375,0.0
100.0,91.0,0.007809958000052575,100.0,601.6484375,0.0
100.0,92.0,0.02161690599996291,100.0,601.65234375,0.0
100.0,93.0,0.007830495999769482,100.0,601.65234375,0.0
100.0,94.0,0.013816890000271087,100.0,601.65625,0.0
100.0,95.0,0.02340269999967859,100.0,601.65625,0.0
100.0,96.0,0.026647132000107376,100.0,601.65625,0.0
100.0,97.0,0.02986884399979317,100.0,601.65625,0.0
100.0,98.0,0.013240869000128441,100.0,601.66015625,0.0
100.0,99.0,0.007975387999977102,100.0,601.66015625,0.0
100.0,100.0,0.012824533999719279,100.0,601.66015625,0.0
